path_length,avg_fanout,delay,n_AND,n_NAND,n_NOT,n_OR,n_NOR,start,end,path,circuit
7,1.7142857142857142,9,0,3,1,1,0,LINE1,STATO_REG_2_,LINE1 -> U37 -> U49 -> U50 -> U60 -> U45 -> STATO_REG_2_,b01
6,2.1666666666666665,8,0,4,0,0,0,LINE1,STATO_REG_2_,LINE1 -> U47 -> U53 -> U59 -> U45 -> STATO_REG_2_,b01
7,1.7142857142857142,9,0,3,1,1,0,LINE1,STATO_REG_1_,LINE1 -> U37 -> U49 -> U61 -> U57 -> U36 -> STATO_REG_1_,b01
6,1.6666666666666667,8,0,3,0,1,0,LINE1,STATO_REG_1_,LINE1 -> U37 -> U62 -> U57 -> U36 -> STATO_REG_1_,b01
6,2.1666666666666665,8,0,4,0,0,0,LINE1,STATO_REG_1_,LINE1 -> U47 -> U54 -> U56 -> U36 -> STATO_REG_1_,b01
5,2.4,6,0,3,0,0,0,LINE1,STATO_REG_1_,LINE1 -> U47 -> U55 -> U36 -> STATO_REG_1_,b01
5,1.8,6,0,2,0,1,0,LINE1,STATO_REG_0_,LINE1 -> U37 -> U66 -> U35 -> STATO_REG_0_,b01
7,2.142857142857143,9,0,4,1,0,0,LINE1,STATO_REG_0_,LINE1 -> U47 -> U51 -> U64 -> U65 -> U35 -> STATO_REG_0_,b01
6,2.3333333333333335,7,0,3,1,0,0,LINE1,STATO_REG_0_,LINE1 -> U47 -> U51 -> U68 -> U35 -> STATO_REG_0_,b01
6,2.1666666666666665,8,0,4,0,0,0,LINE1,STATO_REG_0_,LINE1 -> U47 -> U63 -> U65 -> U35 -> STATO_REG_0_,b01
5,2.4,6,0,3,0,0,0,LINE1,STATO_REG_0_,LINE1 -> U47 -> U67 -> U35 -> STATO_REG_0_,b01
8,1.375,10,0,4,2,0,0,LINE1,OUTP_REG,LINE1 -> U41 -> U70 -> U46 -> U71 -> U72 -> U44 -> OUTP_REG,b01
7,1.4285714285714286,9,0,4,1,0,0,LINE1,OUTP_REG,LINE1 -> U41 -> U70 -> U46 -> U73 -> U44 -> OUTP_REG,b01
7,1.4285714285714286,9,0,4,1,0,0,LINE1,OUTP_REG,LINE1 -> U69 -> U46 -> U71 -> U72 -> U44 -> OUTP_REG,b01
6,1.5,8,0,4,0,0,0,LINE1,OUTP_REG,LINE1 -> U69 -> U46 -> U73 -> U44 -> OUTP_REG,b01
7,1.7142857142857142,9,0,3,1,1,0,LINE2,STATO_REG_2_,LINE2 -> U37 -> U49 -> U50 -> U60 -> U45 -> STATO_REG_2_,b01
6,2.1666666666666665,8,0,4,0,0,0,LINE2,STATO_REG_2_,LINE2 -> U47 -> U53 -> U59 -> U45 -> STATO_REG_2_,b01
7,1.7142857142857142,9,0,3,1,1,0,LINE2,STATO_REG_1_,LINE2 -> U37 -> U49 -> U61 -> U57 -> U36 -> STATO_REG_1_,b01
6,1.6666666666666667,8,0,3,0,1,0,LINE2,STATO_REG_1_,LINE2 -> U37 -> U62 -> U57 -> U36 -> STATO_REG_1_,b01
6,2.1666666666666665,8,0,4,0,0,0,LINE2,STATO_REG_1_,LINE2 -> U47 -> U54 -> U56 -> U36 -> STATO_REG_1_,b01
5,2.4,6,0,3,0,0,0,LINE2,STATO_REG_1_,LINE2 -> U47 -> U55 -> U36 -> STATO_REG_1_,b01
5,1.8,6,0,2,0,1,0,LINE2,STATO_REG_0_,LINE2 -> U37 -> U66 -> U35 -> STATO_REG_0_,b01
7,2.142857142857143,9,0,4,1,0,0,LINE2,STATO_REG_0_,LINE2 -> U47 -> U51 -> U64 -> U65 -> U35 -> STATO_REG_0_,b01
6,2.3333333333333335,7,0,3,1,0,0,LINE2,STATO_REG_0_,LINE2 -> U47 -> U51 -> U68 -> U35 -> STATO_REG_0_,b01
6,2.1666666666666665,8,0,4,0,0,0,LINE2,STATO_REG_0_,LINE2 -> U47 -> U63 -> U65 -> U35 -> STATO_REG_0_,b01
5,2.4,6,0,3,0,0,0,LINE2,STATO_REG_0_,LINE2 -> U47 -> U67 -> U35 -> STATO_REG_0_,b01
8,1.375,10,0,4,2,0,0,LINE2,OUTP_REG,LINE2 -> U40 -> U69 -> U46 -> U71 -> U72 -> U44 -> OUTP_REG,b01
7,1.4285714285714286,9,0,4,1,0,0,LINE2,OUTP_REG,LINE2 -> U40 -> U69 -> U46 -> U73 -> U44 -> OUTP_REG,b01
7,1.4285714285714286,9,0,4,1,0,0,LINE2,OUTP_REG,LINE2 -> U70 -> U46 -> U71 -> U72 -> U44 -> OUTP_REG,b01
6,1.5,8,0,4,0,0,0,LINE2,OUTP_REG,LINE2 -> U70 -> U46 -> U73 -> U44 -> OUTP_REG,b01
4,2.75,3,1,0,1,0,0,DFF_Q_STATO_REG_2_,OVERFLW_REG,DFF_Q_STATO_REG_2_ -> U38 -> U34 -> OVERFLW_REG,b01
5,2.2,5,0,2,1,0,0,DFF_Q_STATO_REG_2_,STATO_REG_2_,DFF_Q_STATO_REG_2_ -> U38 -> U59 -> U45 -> STATO_REG_2_,b01
4,2.0,4,0,2,0,0,0,DFF_Q_STATO_REG_2_,STATO_REG_2_,DFF_Q_STATO_REG_2_ -> U60 -> U45 -> STATO_REG_2_,b01
5,1.8,6,0,3,0,0,0,DFF_Q_STATO_REG_2_,STATO_REG_1_,DFF_Q_STATO_REG_2_ -> U54 -> U56 -> U36 -> STATO_REG_1_,b01
4,2.0,4,0,2,0,0,0,DFF_Q_STATO_REG_2_,STATO_REG_1_,DFF_Q_STATO_REG_2_ -> U57 -> U36 -> STATO_REG_1_,b01
6,2.1666666666666665,7,1,2,1,0,0,DFF_Q_STATO_REG_2_,STATO_REG_0_,DFF_Q_STATO_REG_2_ -> U38 -> U34 -> U67 -> U35 -> STATO_REG_0_,b01
5,2.2,5,0,2,1,0,0,DFF_Q_STATO_REG_2_,STATO_REG_0_,DFF_Q_STATO_REG_2_ -> U38 -> U65 -> U35 -> STATO_REG_0_,b01
4,2.0,4,0,2,0,0,0,DFF_Q_STATO_REG_2_,STATO_REG_0_,DFF_Q_STATO_REG_2_ -> U66 -> U35 -> STATO_REG_0_,b01
6,1.8333333333333333,7,0,3,1,0,0,DFF_Q_STATO_REG_2_,OUTP_REG,DFF_Q_STATO_REG_2_ -> U48 -> U58 -> U72 -> U44 -> OUTP_REG,b01
5,2.0,6,0,3,0,0,0,DFF_Q_STATO_REG_2_,OUTP_REG,DFF_Q_STATO_REG_2_ -> U48 -> U73 -> U44 -> OUTP_REG,b01
3,2.0,2,1,0,0,0,0,DFF_Q_STATO_REG_1_,OVERFLW_REG,DFF_Q_STATO_REG_1_ -> U34 -> OVERFLW_REG,b01
5,1.8,5,0,2,1,0,0,DFF_Q_STATO_REG_1_,STATO_REG_2_,DFF_Q_STATO_REG_1_ -> U39 -> U60 -> U45 -> STATO_REG_2_,b01
6,1.8333333333333333,8,0,4,0,0,0,DFF_Q_STATO_REG_1_,STATO_REG_2_,DFF_Q_STATO_REG_1_ -> U43 -> U53 -> U59 -> U45 -> STATO_REG_2_,b01
5,1.8,5,0,2,1,0,0,DFF_Q_STATO_REG_1_,STATO_REG_1_,DFF_Q_STATO_REG_1_ -> U39 -> U55 -> U36 -> STATO_REG_1_,b01
6,2.0,7,0,3,1,0,0,DFF_Q_STATO_REG_1_,STATO_REG_1_,DFF_Q_STATO_REG_1_ -> U43 -> U52 -> U56 -> U36 -> STATO_REG_1_,b01
5,1.4,6,0,3,0,0,0,DFF_Q_STATO_REG_1_,STATO_REG_1_,DFF_Q_STATO_REG_1_ -> U61 -> U57 -> U36 -> STATO_REG_1_,b01
5,1.6,6,1,2,0,0,0,DFF_Q_STATO_REG_1_,STATO_REG_0_,DFF_Q_STATO_REG_1_ -> U34 -> U67 -> U35 -> STATO_REG_0_,b01
5,1.8,5,0,2,1,0,0,DFF_Q_STATO_REG_1_,STATO_REG_0_,DFF_Q_STATO_REG_1_ -> U39 -> U65 -> U35 -> STATO_REG_0_,b01
6,2.0,7,0,3,1,0,0,DFF_Q_STATO_REG_1_,STATO_REG_0_,DFF_Q_STATO_REG_1_ -> U43 -> U52 -> U68 -> U35 -> STATO_REG_0_,b01
5,2.0,6,0,3,0,0,0,DFF_Q_STATO_REG_1_,STATO_REG_0_,DFF_Q_STATO_REG_1_ -> U43 -> U66 -> U35 -> STATO_REG_0_,b01
7,1.8571428571428572,9,0,4,1,0,0,DFF_Q_STATO_REG_1_,OUTP_REG,DFF_Q_STATO_REG_1_ -> U43 -> U48 -> U58 -> U72 -> U44 -> OUTP_REG,b01
6,2.0,8,0,4,0,0,0,DFF_Q_STATO_REG_1_,OUTP_REG,DFF_Q_STATO_REG_1_ -> U43 -> U48 -> U73 -> U44 -> OUTP_REG,b01
3,2.0,2,1,0,0,0,0,DFF_Q_STATO_REG_0_,OVERFLW_REG,DFF_Q_STATO_REG_0_ -> U34 -> OVERFLW_REG,b01
7,2.142857142857143,9,0,4,1,0,0,DFF_Q_STATO_REG_0_,STATO_REG_2_,DFF_Q_STATO_REG_0_ -> U42 -> U43 -> U53 -> U59 -> U45 -> STATO_REG_2_,b01
6,1.8333333333333333,7,0,3,1,0,0,DFF_Q_STATO_REG_0_,STATO_REG_2_,DFF_Q_STATO_REG_0_ -> U42 -> U50 -> U60 -> U45 -> STATO_REG_2_,b01
7,2.2857142857142856,8,0,3,2,0,0,DFF_Q_STATO_REG_0_,STATO_REG_1_,DFF_Q_STATO_REG_0_ -> U42 -> U43 -> U52 -> U56 -> U36 -> STATO_REG_1_,b01
6,1.8333333333333333,7,0,3,1,0,0,DFF_Q_STATO_REG_0_,STATO_REG_1_,DFF_Q_STATO_REG_0_ -> U42 -> U62 -> U57 -> U36 -> STATO_REG_1_,b01
4,1.5,4,0,2,0,0,0,DFF_Q_STATO_REG_0_,STATO_REG_1_,DFF_Q_STATO_REG_0_ -> U55 -> U36 -> STATO_REG_1_,b01
5,1.6,6,1,2,0,0,0,DFF_Q_STATO_REG_0_,STATO_REG_0_,DFF_Q_STATO_REG_0_ -> U34 -> U67 -> U35 -> STATO_REG_0_,b01
7,2.2857142857142856,8,0,3,2,0,0,DFF_Q_STATO_REG_0_,STATO_REG_0_,DFF_Q_STATO_REG_0_ -> U42 -> U43 -> U52 -> U68 -> U35 -> STATO_REG_0_,b01
6,2.3333333333333335,7,0,3,1,0,0,DFF_Q_STATO_REG_0_,STATO_REG_0_,DFF_Q_STATO_REG_0_ -> U42 -> U43 -> U66 -> U35 -> STATO_REG_0_,b01
6,1.8333333333333333,7,0,3,1,0,0,DFF_Q_STATO_REG_0_,STATO_REG_0_,DFF_Q_STATO_REG_0_ -> U42 -> U64 -> U65 -> U35 -> STATO_REG_0_,b01
5,1.4,6,0,3,0,0,0,DFF_Q_STATO_REG_0_,STATO_REG_0_,DFF_Q_STATO_REG_0_ -> U63 -> U65 -> U35 -> STATO_REG_0_,b01
8,2.125,10,0,4,2,0,0,DFF_Q_STATO_REG_0_,OUTP_REG,DFF_Q_STATO_REG_0_ -> U42 -> U43 -> U48 -> U58 -> U72 -> U44 -> OUTP_REG,b01
7,2.2857142857142856,9,0,4,1,0,0,DFF_Q_STATO_REG_0_,OUTP_REG,DFF_Q_STATO_REG_0_ -> U42 -> U43 -> U48 -> U73 -> U44 -> OUTP_REG,b01
7,1.5714285714285714,9,0,4,1,0,0,LINEA,STATO_REG_2_,LINEA -> U36 -> U50 -> U39 -> U42 -> U33 -> STATO_REG_2_,b02
5,1.8,6,0,2,0,1,0,LINEA,STATO_REG_2_,LINEA -> U40 -> U41 -> U33 -> STATO_REG_2_,b02
6,1.6666666666666667,8,0,4,0,0,0,LINEA,STATO_REG_2_,LINEA -> U49 -> U39 -> U42 -> U33 -> STATO_REG_2_,b02
6,1.6666666666666667,8,0,3,0,1,0,LINEA,STATO_REG_1_,LINEA -> U43 -> U44 -> U51 -> U38 -> STATO_REG_1_,b02
6,1.6666666666666667,8,0,4,0,0,0,LINEA,STATO_REG_0_,LINEA -> U45 -> U46 -> U48 -> U32 -> STATO_REG_0_,b02
4,2.0,4,0,1,0,1,0,LINEA,STATO_REG_0_,LINEA -> U47 -> U32 -> STATO_REG_0_,b02
3,2.0,2,1,0,0,0,0,DFF_Q_STATO_REG_2_,U_REG,DFF_Q_STATO_REG_2_ -> U31 -> U_REG,b02
7,1.8571428571428572,9,0,4,1,0,0,DFF_Q_STATO_REG_2_,STATO_REG_2_,DFF_Q_STATO_REG_2_ -> U34 -> U49 -> U39 -> U42 -> U33 -> STATO_REG_2_,b02
5,1.6,6,0,2,0,1,0,DFF_Q_STATO_REG_2_,STATO_REG_2_,DFF_Q_STATO_REG_2_ -> U40 -> U41 -> U33 -> STATO_REG_2_,b02
6,1.5,8,0,4,0,0,0,DFF_Q_STATO_REG_2_,STATO_REG_2_,DFF_Q_STATO_REG_2_ -> U50 -> U39 -> U42 -> U33 -> STATO_REG_2_,b02
6,2.0,7,0,3,1,0,0,DFF_Q_STATO_REG_2_,STATO_REG_1_,DFF_Q_STATO_REG_2_ -> U34 -> U44 -> U51 -> U38 -> STATO_REG_1_,b02
5,2.2,5,0,2,1,0,0,DFF_Q_STATO_REG_2_,STATO_REG_1_,DFF_Q_STATO_REG_2_ -> U34 -> U52 -> U38 -> STATO_REG_1_,b02
7,1.8571428571428572,9,0,4,1,0,0,DFF_Q_STATO_REG_2_,STATO_REG_0_,DFF_Q_STATO_REG_2_ -> U34 -> U45 -> U46 -> U48 -> U32 -> STATO_REG_0_,b02
4,1.75,4,0,1,0,1,0,DFF_Q_STATO_REG_2_,STATO_REG_0_,DFF_Q_STATO_REG_2_ -> U47 -> U32 -> STATO_REG_0_,b02
4,1.75,3,1,0,1,0,0,DFF_Q_STATO_REG_1_,U_REG,DFF_Q_STATO_REG_1_ -> U37 -> U31 -> U_REG,b02
4,1.5,4,0,2,0,0,0,DFF_Q_STATO_REG_1_,STATO_REG_2_,DFF_Q_STATO_REG_1_ -> U42 -> U33 -> STATO_REG_2_,b02
6,1.3333333333333333,8,0,3,0,1,0,DFF_Q_STATO_REG_1_,STATO_REG_1_,DFF_Q_STATO_REG_1_ -> U43 -> U44 -> U51 -> U38 -> STATO_REG_1_,b02
4,1.5,4,0,2,0,0,0,DFF_Q_STATO_REG_1_,STATO_REG_1_,DFF_Q_STATO_REG_1_ -> U52 -> U38 -> STATO_REG_1_,b02
5,1.6,5,0,2,1,0,0,DFF_Q_STATO_REG_1_,STATO_REG_0_,DFF_Q_STATO_REG_1_ -> U37 -> U48 -> U32 -> STATO_REG_0_,b02
4,2.25,3,1,0,1,0,0,DFF_Q_STATO_REG_0_,U_REG,DFF_Q_STATO_REG_0_ -> U35 -> U31 -> U_REG,b02
6,1.8333333333333333,7,0,3,1,0,0,DFF_Q_STATO_REG_0_,STATO_REG_2_,DFF_Q_STATO_REG_0_ -> U35 -> U39 -> U42 -> U33 -> STATO_REG_2_,b02
4,1.75,4,0,2,0,0,0,DFF_Q_STATO_REG_0_,STATO_REG_2_,DFF_Q_STATO_REG_0_ -> U41 -> U33 -> STATO_REG_2_,b02
5,2.0,5,0,2,1,0,0,DFF_Q_STATO_REG_0_,STATO_REG_1_,DFF_Q_STATO_REG_0_ -> U35 -> U52 -> U38 -> STATO_REG_1_,b02
4,1.75,4,0,2,0,0,0,DFF_Q_STATO_REG_0_,STATO_REG_1_,DFF_Q_STATO_REG_0_ -> U51 -> U38 -> STATO_REG_1_,b02
5,1.6,6,0,3,0,0,0,DFF_Q_STATO_REG_0_,STATO_REG_0_,DFF_Q_STATO_REG_0_ -> U46 -> U48 -> U32 -> STATO_REG_0_,b02
4,1.75,4,0,1,0,1,0,DFF_Q_STATO_REG_0_,STATO_REG_0_,DFF_Q_STATO_REG_0_ -> U47 -> U32 -> STATO_REG_0_,b02
4,0.75,4,0,2,0,0,0,REQUEST1,RU1_REG,REQUEST1 -> U292 -> U204 -> RU1_REG,b03
4,0.75,4,0,2,0,0,0,REQUEST2,RU2_REG,REQUEST2 -> U321 -> U242 -> RU2_REG,b03
4,0.75,4,0,2,0,0,0,REQUEST3,RU3_REG,REQUEST3 -> U311 -> U237 -> RU3_REG,b03
4,0.75,4,0,2,0,0,0,REQUEST4,RU4_REG,REQUEST4 -> U315 -> U239 -> RU4_REG,b03
3,9.0,1,0,0,1,0,0,DFF_Q_STATO_REG_0_,STATO_REG_0_,DFF_Q_STATO_REG_0_ -> U203 -> STATO_REG_0_,b03
9,4.0,13,1,5,1,0,0,DFF_Q_STATO_REG_0_,CODA0_REG_2_,DFF_Q_STATO_REG_0_ -> U222 -> U247 -> U254 -> U223 -> U201 -> U258 -> U217 -> CODA0_REG_2_,b03
9,3.6666666666666665,13,1,5,1,0,0,DFF_Q_STATO_REG_0_,CODA0_REG_2_,DFF_Q_STATO_REG_0_ -> U222 -> U247 -> U254 -> U223 -> U202 -> U259 -> U217 -> CODA0_REG_2_,b03
9,4.0,12,0,5,2,0,0,DFF_Q_STATO_REG_0_,CODA0_REG_2_,DFF_Q_STATO_REG_0_ -> U222 -> U247 -> U254 -> U223 -> U255 -> U260 -> U217 -> CODA0_REG_2_,b03
7,4.571428571428571,10,1,4,0,0,0,DFF_Q_STATO_REG_0_,CODA0_REG_2_,DFF_Q_STATO_REG_0_ -> U253 -> U223 -> U201 -> U258 -> U217 -> CODA0_REG_2_,b03
7,4.142857142857143,10,1,4,0,0,0,DFF_Q_STATO_REG_0_,CODA0_REG_2_,DFF_Q_STATO_REG_0_ -> U253 -> U223 -> U202 -> U259 -> U217 -> CODA0_REG_2_,b03
7,4.571428571428571,9,0,4,1,0,0,DFF_Q_STATO_REG_0_,CODA0_REG_2_,DFF_Q_STATO_REG_0_ -> U253 -> U223 -> U255 -> U260 -> U217 -> CODA0_REG_2_,b03
9,4.0,13,1,5,1,0,0,DFF_Q_STATO_REG_0_,CODA0_REG_1_,DFF_Q_STATO_REG_0_ -> U222 -> U247 -> U254 -> U223 -> U201 -> U261 -> U216 -> CODA0_REG_1_,b03
9,3.6666666666666665,13,1,5,1,0,0,DFF_Q_STATO_REG_0_,CODA0_REG_1_,DFF_Q_STATO_REG_0_ -> U222 -> U247 -> U254 -> U223 -> U202 -> U262 -> U216 -> CODA0_REG_1_,b03
9,4.0,12,0,5,2,0,0,DFF_Q_STATO_REG_0_,CODA0_REG_1_,DFF_Q_STATO_REG_0_ -> U222 -> U247 -> U254 -> U223 -> U255 -> U263 -> U216 -> CODA0_REG_1_,b03
7,4.571428571428571,10,1,4,0,0,0,DFF_Q_STATO_REG_0_,CODA0_REG_1_,DFF_Q_STATO_REG_0_ -> U253 -> U223 -> U201 -> U261 -> U216 -> CODA0_REG_1_,b03
7,4.142857142857143,10,1,4,0,0,0,DFF_Q_STATO_REG_0_,CODA0_REG_1_,DFF_Q_STATO_REG_0_ -> U253 -> U223 -> U202 -> U262 -> U216 -> CODA0_REG_1_,b03
7,4.571428571428571,9,0,4,1,0,0,DFF_Q_STATO_REG_0_,CODA0_REG_1_,DFF_Q_STATO_REG_0_ -> U253 -> U223 -> U255 -> U263 -> U216 -> CODA0_REG_1_,b03
9,4.0,13,1,5,1,0,0,DFF_Q_STATO_REG_0_,CODA0_REG_0_,DFF_Q_STATO_REG_0_ -> U222 -> U247 -> U254 -> U223 -> U201 -> U264 -> U215 -> CODA0_REG_0_,b03
9,3.6666666666666665,13,1,5,1,0,0,DFF_Q_STATO_REG_0_,CODA0_REG_0_,DFF_Q_STATO_REG_0_ -> U222 -> U247 -> U254 -> U223 -> U202 -> U265 -> U215 -> CODA0_REG_0_,b03
9,4.0,12,0,5,2,0,0,DFF_Q_STATO_REG_0_,CODA0_REG_0_,DFF_Q_STATO_REG_0_ -> U222 -> U247 -> U254 -> U223 -> U255 -> U266 -> U215 -> CODA0_REG_0_,b03
7,4.571428571428571,10,1,4,0,0,0,DFF_Q_STATO_REG_0_,CODA0_REG_0_,DFF_Q_STATO_REG_0_ -> U253 -> U223 -> U201 -> U264 -> U215 -> CODA0_REG_0_,b03
7,4.142857142857143,10,1,4,0,0,0,DFF_Q_STATO_REG_0_,CODA0_REG_0_,DFF_Q_STATO_REG_0_ -> U253 -> U223 -> U202 -> U265 -> U215 -> CODA0_REG_0_,b03
7,4.571428571428571,9,0,4,1,0,0,DFF_Q_STATO_REG_0_,CODA0_REG_0_,DFF_Q_STATO_REG_0_ -> U253 -> U223 -> U255 -> U266 -> U215 -> CODA0_REG_0_,b03
9,4.0,13,1,5,1,0,0,DFF_Q_STATO_REG_0_,CODA1_REG_2_,DFF_Q_STATO_REG_0_ -> U222 -> U247 -> U254 -> U223 -> U201 -> U268 -> U214 -> CODA1_REG_2_,b03
9,3.6666666666666665,13,1,5,1,0,0,DFF_Q_STATO_REG_0_,CODA1_REG_2_,DFF_Q_STATO_REG_0_ -> U222 -> U247 -> U254 -> U223 -> U202 -> U267 -> U214 -> CODA1_REG_2_,b03
9,4.0,12,0,5,2,0,0,DFF_Q_STATO_REG_0_,CODA1_REG_2_,DFF_Q_STATO_REG_0_ -> U222 -> U247 -> U254 -> U223 -> U255 -> U269 -> U214 -> CODA1_REG_2_,b03
7,4.571428571428571,10,1,4,0,0,0,DFF_Q_STATO_REG_0_,CODA1_REG_2_,DFF_Q_STATO_REG_0_ -> U253 -> U223 -> U201 -> U268 -> U214 -> CODA1_REG_2_,b03
7,4.142857142857143,10,1,4,0,0,0,DFF_Q_STATO_REG_0_,CODA1_REG_2_,DFF_Q_STATO_REG_0_ -> U253 -> U223 -> U202 -> U267 -> U214 -> CODA1_REG_2_,b03
7,4.571428571428571,9,0,4,1,0,0,DFF_Q_STATO_REG_0_,CODA1_REG_2_,DFF_Q_STATO_REG_0_ -> U253 -> U223 -> U255 -> U269 -> U214 -> CODA1_REG_2_,b03
9,4.0,13,1,5,1,0,0,DFF_Q_STATO_REG_0_,CODA1_REG_1_,DFF_Q_STATO_REG_0_ -> U222 -> U247 -> U254 -> U223 -> U201 -> U271 -> U213 -> CODA1_REG_1_,b03
9,3.6666666666666665,13,1,5,1,0,0,DFF_Q_STATO_REG_0_,CODA1_REG_1_,DFF_Q_STATO_REG_0_ -> U222 -> U247 -> U254 -> U223 -> U202 -> U270 -> U213 -> CODA1_REG_1_,b03
9,4.0,12,0,5,2,0,0,DFF_Q_STATO_REG_0_,CODA1_REG_1_,DFF_Q_STATO_REG_0_ -> U222 -> U247 -> U254 -> U223 -> U255 -> U272 -> U213 -> CODA1_REG_1_,b03
7,4.571428571428571,10,1,4,0,0,0,DFF_Q_STATO_REG_0_,CODA1_REG_1_,DFF_Q_STATO_REG_0_ -> U253 -> U223 -> U201 -> U271 -> U213 -> CODA1_REG_1_,b03
7,4.142857142857143,10,1,4,0,0,0,DFF_Q_STATO_REG_0_,CODA1_REG_1_,DFF_Q_STATO_REG_0_ -> U253 -> U223 -> U202 -> U270 -> U213 -> CODA1_REG_1_,b03
7,4.571428571428571,9,0,4,1,0,0,DFF_Q_STATO_REG_0_,CODA1_REG_1_,DFF_Q_STATO_REG_0_ -> U253 -> U223 -> U255 -> U272 -> U213 -> CODA1_REG_1_,b03
9,4.0,13,1,5,1,0,0,DFF_Q_STATO_REG_0_,CODA1_REG_0_,DFF_Q_STATO_REG_0_ -> U222 -> U247 -> U254 -> U223 -> U201 -> U274 -> U212 -> CODA1_REG_0_,b03
9,3.6666666666666665,13,1,5,1,0,0,DFF_Q_STATO_REG_0_,CODA1_REG_0_,DFF_Q_STATO_REG_0_ -> U222 -> U247 -> U254 -> U223 -> U202 -> U273 -> U212 -> CODA1_REG_0_,b03
9,4.0,12,0,5,2,0,0,DFF_Q_STATO_REG_0_,CODA1_REG_0_,DFF_Q_STATO_REG_0_ -> U222 -> U247 -> U254 -> U223 -> U255 -> U275 -> U212 -> CODA1_REG_0_,b03
7,4.571428571428571,10,1,4,0,0,0,DFF_Q_STATO_REG_0_,CODA1_REG_0_,DFF_Q_STATO_REG_0_ -> U253 -> U223 -> U201 -> U274 -> U212 -> CODA1_REG_0_,b03
7,4.142857142857143,10,1,4,0,0,0,DFF_Q_STATO_REG_0_,CODA1_REG_0_,DFF_Q_STATO_REG_0_ -> U253 -> U223 -> U202 -> U273 -> U212 -> CODA1_REG_0_,b03
7,4.571428571428571,9,0,4,1,0,0,DFF_Q_STATO_REG_0_,CODA1_REG_0_,DFF_Q_STATO_REG_0_ -> U253 -> U223 -> U255 -> U275 -> U212 -> CODA1_REG_0_,b03
9,4.0,13,1,5,1,0,0,DFF_Q_STATO_REG_0_,CODA2_REG_2_,DFF_Q_STATO_REG_0_ -> U222 -> U247 -> U254 -> U223 -> U201 -> U277 -> U211 -> CODA2_REG_2_,b03
9,3.6666666666666665,13,1,5,1,0,0,DFF_Q_STATO_REG_0_,CODA2_REG_2_,DFF_Q_STATO_REG_0_ -> U222 -> U247 -> U254 -> U223 -> U202 -> U276 -> U211 -> CODA2_REG_2_,b03
9,4.0,12,0,5,2,0,0,DFF_Q_STATO_REG_0_,CODA2_REG_2_,DFF_Q_STATO_REG_0_ -> U222 -> U247 -> U254 -> U223 -> U255 -> U278 -> U211 -> CODA2_REG_2_,b03
7,4.571428571428571,10,1,4,0,0,0,DFF_Q_STATO_REG_0_,CODA2_REG_2_,DFF_Q_STATO_REG_0_ -> U253 -> U223 -> U201 -> U277 -> U211 -> CODA2_REG_2_,b03
7,4.142857142857143,10,1,4,0,0,0,DFF_Q_STATO_REG_0_,CODA2_REG_2_,DFF_Q_STATO_REG_0_ -> U253 -> U223 -> U202 -> U276 -> U211 -> CODA2_REG_2_,b03
7,4.571428571428571,9,0,4,1,0,0,DFF_Q_STATO_REG_0_,CODA2_REG_2_,DFF_Q_STATO_REG_0_ -> U253 -> U223 -> U255 -> U278 -> U211 -> CODA2_REG_2_,b03
9,4.0,13,1,5,1,0,0,DFF_Q_STATO_REG_0_,CODA2_REG_1_,DFF_Q_STATO_REG_0_ -> U222 -> U247 -> U254 -> U223 -> U201 -> U280 -> U210 -> CODA2_REG_1_,b03
9,3.6666666666666665,13,1,5,1,0,0,DFF_Q_STATO_REG_0_,CODA2_REG_1_,DFF_Q_STATO_REG_0_ -> U222 -> U247 -> U254 -> U223 -> U202 -> U279 -> U210 -> CODA2_REG_1_,b03
9,4.0,12,0,5,2,0,0,DFF_Q_STATO_REG_0_,CODA2_REG_1_,DFF_Q_STATO_REG_0_ -> U222 -> U247 -> U254 -> U223 -> U255 -> U281 -> U210 -> CODA2_REG_1_,b03
7,4.571428571428571,10,1,4,0,0,0,DFF_Q_STATO_REG_0_,CODA2_REG_1_,DFF_Q_STATO_REG_0_ -> U253 -> U223 -> U201 -> U280 -> U210 -> CODA2_REG_1_,b03
7,4.142857142857143,10,1,4,0,0,0,DFF_Q_STATO_REG_0_,CODA2_REG_1_,DFF_Q_STATO_REG_0_ -> U253 -> U223 -> U202 -> U279 -> U210 -> CODA2_REG_1_,b03
7,4.571428571428571,9,0,4,1,0,0,DFF_Q_STATO_REG_0_,CODA2_REG_1_,DFF_Q_STATO_REG_0_ -> U253 -> U223 -> U255 -> U281 -> U210 -> CODA2_REG_1_,b03
9,4.0,13,1,5,1,0,0,DFF_Q_STATO_REG_0_,CODA2_REG_0_,DFF_Q_STATO_REG_0_ -> U222 -> U247 -> U254 -> U223 -> U201 -> U283 -> U209 -> CODA2_REG_0_,b03
9,3.6666666666666665,13,1,5,1,0,0,DFF_Q_STATO_REG_0_,CODA2_REG_0_,DFF_Q_STATO_REG_0_ -> U222 -> U247 -> U254 -> U223 -> U202 -> U282 -> U209 -> CODA2_REG_0_,b03
9,4.0,12,0,5,2,0,0,DFF_Q_STATO_REG_0_,CODA2_REG_0_,DFF_Q_STATO_REG_0_ -> U222 -> U247 -> U254 -> U223 -> U255 -> U284 -> U209 -> CODA2_REG_0_,b03
7,4.571428571428571,10,1,4,0,0,0,DFF_Q_STATO_REG_0_,CODA2_REG_0_,DFF_Q_STATO_REG_0_ -> U253 -> U223 -> U201 -> U283 -> U209 -> CODA2_REG_0_,b03
7,4.142857142857143,10,1,4,0,0,0,DFF_Q_STATO_REG_0_,CODA2_REG_0_,DFF_Q_STATO_REG_0_ -> U253 -> U223 -> U202 -> U282 -> U209 -> CODA2_REG_0_,b03
7,4.571428571428571,9,0,4,1,0,0,DFF_Q_STATO_REG_0_,CODA2_REG_0_,DFF_Q_STATO_REG_0_ -> U253 -> U223 -> U255 -> U284 -> U209 -> CODA2_REG_0_,b03
9,4.0,13,1,5,1,0,0,DFF_Q_STATO_REG_0_,CODA3_REG_2_,DFF_Q_STATO_REG_0_ -> U222 -> U247 -> U254 -> U223 -> U201 -> U285 -> U208 -> CODA3_REG_2_,b03
9,4.0,12,0,5,2,0,0,DFF_Q_STATO_REG_0_,CODA3_REG_2_,DFF_Q_STATO_REG_0_ -> U222 -> U247 -> U254 -> U223 -> U255 -> U286 -> U208 -> CODA3_REG_2_,b03
7,4.571428571428571,10,1,4,0,0,0,DFF_Q_STATO_REG_0_,CODA3_REG_2_,DFF_Q_STATO_REG_0_ -> U253 -> U223 -> U201 -> U285 -> U208 -> CODA3_REG_2_,b03
7,4.571428571428571,9,0,4,1,0,0,DFF_Q_STATO_REG_0_,CODA3_REG_2_,DFF_Q_STATO_REG_0_ -> U253 -> U223 -> U255 -> U286 -> U208 -> CODA3_REG_2_,b03
9,4.0,13,1,5,1,0,0,DFF_Q_STATO_REG_0_,CODA3_REG_1_,DFF_Q_STATO_REG_0_ -> U222 -> U247 -> U254 -> U223 -> U201 -> U287 -> U207 -> CODA3_REG_1_,b03
9,4.0,12,0,5,2,0,0,DFF_Q_STATO_REG_0_,CODA3_REG_1_,DFF_Q_STATO_REG_0_ -> U222 -> U247 -> U254 -> U223 -> U255 -> U288 -> U207 -> CODA3_REG_1_,b03
7,4.571428571428571,10,1,4,0,0,0,DFF_Q_STATO_REG_0_,CODA3_REG_1_,DFF_Q_STATO_REG_0_ -> U253 -> U223 -> U201 -> U287 -> U207 -> CODA3_REG_1_,b03
7,4.571428571428571,9,0,4,1,0,0,DFF_Q_STATO_REG_0_,CODA3_REG_1_,DFF_Q_STATO_REG_0_ -> U253 -> U223 -> U255 -> U288 -> U207 -> CODA3_REG_1_,b03
9,4.0,13,1,5,1,0,0,DFF_Q_STATO_REG_0_,CODA3_REG_0_,DFF_Q_STATO_REG_0_ -> U222 -> U247 -> U254 -> U223 -> U201 -> U289 -> U206 -> CODA3_REG_0_,b03
9,4.0,12,0,5,2,0,0,DFF_Q_STATO_REG_0_,CODA3_REG_0_,DFF_Q_STATO_REG_0_ -> U222 -> U247 -> U254 -> U223 -> U255 -> U290 -> U206 -> CODA3_REG_0_,b03
7,4.571428571428571,10,1,4,0,0,0,DFF_Q_STATO_REG_0_,CODA3_REG_0_,DFF_Q_STATO_REG_0_ -> U253 -> U223 -> U201 -> U289 -> U206 -> CODA3_REG_0_,b03
7,4.571428571428571,9,0,4,1,0,0,DFF_Q_STATO_REG_0_,CODA3_REG_0_,DFF_Q_STATO_REG_0_ -> U253 -> U223 -> U255 -> U290 -> U206 -> CODA3_REG_0_,b03
5,5.8,5,0,2,1,0,0,DFF_Q_STATO_REG_0_,GRANT_O_REG_3_,DFF_Q_STATO_REG_0_ -> U203 -> U303 -> U233 -> GRANT_O_REG_3_,b03
4,4.0,4,0,2,0,0,0,DFF_Q_STATO_REG_0_,GRANT_O_REG_3_,DFF_Q_STATO_REG_0_ -> U304 -> U233 -> GRANT_O_REG_3_,b03
5,5.8,5,0,2,1,0,0,DFF_Q_STATO_REG_0_,GRANT_O_REG_2_,DFF_Q_STATO_REG_0_ -> U203 -> U305 -> U234 -> GRANT_O_REG_2_,b03
4,4.0,4,0,2,0,0,0,DFF_Q_STATO_REG_0_,GRANT_O_REG_2_,DFF_Q_STATO_REG_0_ -> U306 -> U234 -> GRANT_O_REG_2_,b03
5,5.8,5,0,2,1,0,0,DFF_Q_STATO_REG_0_,GRANT_O_REG_1_,DFF_Q_STATO_REG_0_ -> U203 -> U307 -> U235 -> GRANT_O_REG_1_,b03
4,4.0,4,0,2,0,0,0,DFF_Q_STATO_REG_0_,GRANT_O_REG_1_,DFF_Q_STATO_REG_0_ -> U308 -> U235 -> GRANT_O_REG_1_,b03
5,5.8,5,0,2,1,0,0,DFF_Q_STATO_REG_0_,GRANT_O_REG_0_,DFF_Q_STATO_REG_0_ -> U203 -> U309 -> U236 -> GRANT_O_REG_0_,b03
4,4.0,4,0,2,0,0,0,DFF_Q_STATO_REG_0_,GRANT_O_REG_0_,DFF_Q_STATO_REG_0_ -> U310 -> U236 -> GRANT_O_REG_0_,b03
5,5.8,5,0,2,1,0,0,DFF_Q_STATO_REG_0_,RU3_REG,DFF_Q_STATO_REG_0_ -> U203 -> U311 -> U237 -> RU3_REG,b03
4,4.0,4,0,2,0,0,0,DFF_Q_STATO_REG_0_,RU3_REG,DFF_Q_STATO_REG_0_ -> U312 -> U237 -> RU3_REG,b03
5,5.8,5,0,2,1,0,0,DFF_Q_STATO_REG_0_,FU1_REG,DFF_Q_STATO_REG_0_ -> U203 -> U291 -> U205 -> FU1_REG,b03
4,4.5,4,0,2,0,0,0,DFF_Q_STATO_REG_0_,FU1_REG,DFF_Q_STATO_REG_0_ -> U222 -> U205 -> FU1_REG,b03
5,5.8,5,0,2,1,0,0,DFF_Q_STATO_REG_0_,FU3_REG,DFF_Q_STATO_REG_0_ -> U203 -> U313 -> U238 -> FU3_REG,b03
4,4.0,4,0,2,0,0,0,DFF_Q_STATO_REG_0_,FU3_REG,DFF_Q_STATO_REG_0_ -> U314 -> U238 -> FU3_REG,b03
5,5.8,5,0,2,1,0,0,DFF_Q_STATO_REG_0_,RU1_REG,DFF_Q_STATO_REG_0_ -> U203 -> U292 -> U204 -> RU1_REG,b03
4,4.5,4,0,2,0,0,0,DFF_Q_STATO_REG_0_,RU1_REG,DFF_Q_STATO_REG_0_ -> U222 -> U204 -> RU1_REG,b03
5,5.8,5,0,2,1,0,0,DFF_Q_STATO_REG_0_,RU4_REG,DFF_Q_STATO_REG_0_ -> U203 -> U315 -> U239 -> RU4_REG,b03
4,4.0,4,0,2,0,0,0,DFF_Q_STATO_REG_0_,RU4_REG,DFF_Q_STATO_REG_0_ -> U316 -> U239 -> RU4_REG,b03
5,5.8,5,0,2,1,0,0,DFF_Q_STATO_REG_0_,FU2_REG,DFF_Q_STATO_REG_0_ -> U203 -> U317 -> U240 -> FU2_REG,b03
4,4.0,4,0,2,0,0,0,DFF_Q_STATO_REG_0_,FU2_REG,DFF_Q_STATO_REG_0_ -> U318 -> U240 -> FU2_REG,b03
5,5.8,5,0,2,1,0,0,DFF_Q_STATO_REG_0_,FU4_REG,DFF_Q_STATO_REG_0_ -> U203 -> U319 -> U241 -> FU4_REG,b03
4,4.0,4,0,2,0,0,0,DFF_Q_STATO_REG_0_,FU4_REG,DFF_Q_STATO_REG_0_ -> U320 -> U241 -> FU4_REG,b03
5,5.8,5,0,2,1,0,0,DFF_Q_STATO_REG_0_,RU2_REG,DFF_Q_STATO_REG_0_ -> U203 -> U321 -> U242 -> RU2_REG,b03
4,4.0,4,0,2,0,0,0,DFF_Q_STATO_REG_0_,RU2_REG,DFF_Q_STATO_REG_0_ -> U322 -> U242 -> RU2_REG,b03
2,7.0,0,0,0,0,0,0,DFF_Q_STATO_REG_0_,STATO_REG_1_,DFF_Q_STATO_REG_0_ -> STATO_REG_1_,b03
4,1.75,4,0,2,0,0,0,DFF_Q_CODA0_REG_2_,CODA0_REG_2_,DFF_Q_CODA0_REG_2_ -> U260 -> U217 -> CODA0_REG_2_,b03
4,1.75,4,0,2,0,0,0,DFF_Q_CODA0_REG_2_,CODA1_REG_2_,DFF_Q_CODA0_REG_2_ -> U268 -> U214 -> CODA1_REG_2_,b03
4,1.75,4,0,2,0,0,0,DFF_Q_CODA0_REG_2_,GRANT_REG_3_,DFF_Q_CODA0_REG_2_ -> U296 -> U229 -> GRANT_REG_3_,b03
5,1.8,5,0,2,1,0,0,DFF_Q_CODA0_REG_2_,GRANT_REG_2_,DFF_Q_CODA0_REG_2_ -> U224 -> U298 -> U230 -> GRANT_REG_2_,b03
5,1.8,5,0,2,1,0,0,DFF_Q_CODA0_REG_2_,GRANT_REG_1_,DFF_Q_CODA0_REG_2_ -> U224 -> U300 -> U231 -> GRANT_REG_1_,b03
4,1.75,4,0,2,0,0,0,DFF_Q_CODA0_REG_2_,GRANT_REG_0_,DFF_Q_CODA0_REG_2_ -> U302 -> U232 -> GRANT_REG_0_,b03
4,1.75,4,0,2,0,0,0,DFF_Q_CODA0_REG_1_,CODA0_REG_1_,DFF_Q_CODA0_REG_1_ -> U263 -> U216 -> CODA0_REG_1_,b03
4,1.75,4,0,2,0,0,0,DFF_Q_CODA0_REG_1_,CODA1_REG_1_,DFF_Q_CODA0_REG_1_ -> U271 -> U213 -> CODA1_REG_1_,b03
5,1.8,5,0,2,1,0,0,DFF_Q_CODA0_REG_1_,GRANT_REG_3_,DFF_Q_CODA0_REG_1_ -> U225 -> U296 -> U229 -> GRANT_REG_3_,b03
4,1.75,4,0,2,0,0,0,DFF_Q_CODA0_REG_1_,GRANT_REG_2_,DFF_Q_CODA0_REG_1_ -> U298 -> U230 -> GRANT_REG_2_,b03
5,1.8,5,0,2,1,0,0,DFF_Q_CODA0_REG_1_,GRANT_REG_1_,DFF_Q_CODA0_REG_1_ -> U225 -> U300 -> U231 -> GRANT_REG_1_,b03
4,1.75,4,0,2,0,0,0,DFF_Q_CODA0_REG_1_,GRANT_REG_0_,DFF_Q_CODA0_REG_1_ -> U302 -> U232 -> GRANT_REG_0_,b03
4,1.75,4,0,2,0,0,0,DFF_Q_CODA0_REG_0_,CODA0_REG_0_,DFF_Q_CODA0_REG_0_ -> U266 -> U215 -> CODA0_REG_0_,b03
4,1.75,4,0,2,0,0,0,DFF_Q_CODA0_REG_0_,CODA1_REG_0_,DFF_Q_CODA0_REG_0_ -> U274 -> U212 -> CODA1_REG_0_,b03
5,1.8,5,0,2,1,0,0,DFF_Q_CODA0_REG_0_,GRANT_REG_3_,DFF_Q_CODA0_REG_0_ -> U226 -> U296 -> U229 -> GRANT_REG_3_,b03
5,1.8,5,0,2,1,0,0,DFF_Q_CODA0_REG_0_,GRANT_REG_2_,DFF_Q_CODA0_REG_0_ -> U226 -> U298 -> U230 -> GRANT_REG_2_,b03
4,1.75,4,0,2,0,0,0,DFF_Q_CODA0_REG_0_,GRANT_REG_1_,DFF_Q_CODA0_REG_0_ -> U300 -> U231 -> GRANT_REG_1_,b03
4,1.75,4,0,2,0,0,0,DFF_Q_CODA0_REG_0_,GRANT_REG_0_,DFF_Q_CODA0_REG_0_ -> U302 -> U232 -> GRANT_REG_0_,b03
4,1.25,4,0,2,0,0,0,DFF_Q_CODA1_REG_2_,CODA0_REG_2_,DFF_Q_CODA1_REG_2_ -> U259 -> U217 -> CODA0_REG_2_,b03
4,1.25,4,0,2,0,0,0,DFF_Q_CODA1_REG_2_,CODA1_REG_2_,DFF_Q_CODA1_REG_2_ -> U269 -> U214 -> CODA1_REG_2_,b03
4,1.25,4,0,2,0,0,0,DFF_Q_CODA1_REG_2_,CODA2_REG_2_,DFF_Q_CODA1_REG_2_ -> U277 -> U211 -> CODA2_REG_2_,b03
4,1.25,4,0,2,0,0,0,DFF_Q_CODA1_REG_1_,CODA0_REG_1_,DFF_Q_CODA1_REG_1_ -> U262 -> U216 -> CODA0_REG_1_,b03
4,1.25,4,0,2,0,0,0,DFF_Q_CODA1_REG_1_,CODA1_REG_1_,DFF_Q_CODA1_REG_1_ -> U272 -> U213 -> CODA1_REG_1_,b03
4,1.25,4,0,2,0,0,0,DFF_Q_CODA1_REG_1_,CODA2_REG_1_,DFF_Q_CODA1_REG_1_ -> U280 -> U210 -> CODA2_REG_1_,b03
4,1.25,4,0,2,0,0,0,DFF_Q_CODA1_REG_0_,CODA0_REG_0_,DFF_Q_CODA1_REG_0_ -> U265 -> U215 -> CODA0_REG_0_,b03
4,1.25,4,0,2,0,0,0,DFF_Q_CODA1_REG_0_,CODA1_REG_0_,DFF_Q_CODA1_REG_0_ -> U275 -> U212 -> CODA1_REG_0_,b03
4,1.25,4,0,2,0,0,0,DFF_Q_CODA1_REG_0_,CODA2_REG_0_,DFF_Q_CODA1_REG_0_ -> U283 -> U209 -> CODA2_REG_0_,b03
4,1.25,4,0,2,0,0,0,DFF_Q_CODA2_REG_2_,CODA1_REG_2_,DFF_Q_CODA2_REG_2_ -> U267 -> U214 -> CODA1_REG_2_,b03
4,1.25,4,0,2,0,0,0,DFF_Q_CODA2_REG_2_,CODA2_REG_2_,DFF_Q_CODA2_REG_2_ -> U278 -> U211 -> CODA2_REG_2_,b03
4,1.25,4,0,2,0,0,0,DFF_Q_CODA2_REG_2_,CODA3_REG_2_,DFF_Q_CODA2_REG_2_ -> U285 -> U208 -> CODA3_REG_2_,b03
4,1.25,4,0,2,0,0,0,DFF_Q_CODA2_REG_1_,CODA1_REG_1_,DFF_Q_CODA2_REG_1_ -> U270 -> U213 -> CODA1_REG_1_,b03
4,1.25,4,0,2,0,0,0,DFF_Q_CODA2_REG_1_,CODA2_REG_1_,DFF_Q_CODA2_REG_1_ -> U281 -> U210 -> CODA2_REG_1_,b03
4,1.25,4,0,2,0,0,0,DFF_Q_CODA2_REG_1_,CODA3_REG_1_,DFF_Q_CODA2_REG_1_ -> U287 -> U207 -> CODA3_REG_1_,b03
4,1.25,4,0,2,0,0,0,DFF_Q_CODA2_REG_0_,CODA1_REG_0_,DFF_Q_CODA2_REG_0_ -> U273 -> U212 -> CODA1_REG_0_,b03
4,1.25,4,0,2,0,0,0,DFF_Q_CODA2_REG_0_,CODA2_REG_0_,DFF_Q_CODA2_REG_0_ -> U284 -> U209 -> CODA2_REG_0_,b03
4,1.25,4,0,2,0,0,0,DFF_Q_CODA2_REG_0_,CODA3_REG_0_,DFF_Q_CODA2_REG_0_ -> U289 -> U206 -> CODA3_REG_0_,b03
4,1.0,4,0,2,0,0,0,DFF_Q_CODA3_REG_2_,CODA2_REG_2_,DFF_Q_CODA3_REG_2_ -> U276 -> U211 -> CODA2_REG_2_,b03
4,1.0,4,0,2,0,0,0,DFF_Q_CODA3_REG_2_,CODA3_REG_2_,DFF_Q_CODA3_REG_2_ -> U286 -> U208 -> CODA3_REG_2_,b03
4,1.0,4,0,2,0,0,0,DFF_Q_CODA3_REG_1_,CODA2_REG_1_,DFF_Q_CODA3_REG_1_ -> U279 -> U210 -> CODA2_REG_1_,b03
4,1.0,4,0,2,0,0,0,DFF_Q_CODA3_REG_1_,CODA3_REG_1_,DFF_Q_CODA3_REG_1_ -> U288 -> U207 -> CODA3_REG_1_,b03
4,1.0,4,0,2,0,0,0,DFF_Q_CODA3_REG_0_,CODA2_REG_0_,DFF_Q_CODA3_REG_0_ -> U282 -> U209 -> CODA2_REG_0_,b03
4,1.0,4,0,2,0,0,0,DFF_Q_CODA3_REG_0_,CODA3_REG_0_,DFF_Q_CODA3_REG_0_ -> U290 -> U206 -> CODA3_REG_0_,b03
4,1.0,4,0,2,0,0,0,DFF_Q_GRANT_REG_3_,GRANT_REG_3_,DFF_Q_GRANT_REG_3_ -> U295 -> U229 -> GRANT_REG_3_,b03
4,1.0,4,0,2,0,0,0,DFF_Q_GRANT_REG_3_,GRANT_O_REG_3_,DFF_Q_GRANT_REG_3_ -> U304 -> U233 -> GRANT_O_REG_3_,b03
4,1.0,4,0,2,0,0,0,DFF_Q_GRANT_REG_2_,GRANT_REG_2_,DFF_Q_GRANT_REG_2_ -> U297 -> U230 -> GRANT_REG_2_,b03
4,1.0,4,0,2,0,0,0,DFF_Q_GRANT_REG_2_,GRANT_O_REG_2_,DFF_Q_GRANT_REG_2_ -> U306 -> U234 -> GRANT_O_REG_2_,b03
4,1.0,4,0,2,0,0,0,DFF_Q_GRANT_REG_1_,GRANT_REG_1_,DFF_Q_GRANT_REG_1_ -> U299 -> U231 -> GRANT_REG_1_,b03
4,1.0,4,0,2,0,0,0,DFF_Q_GRANT_REG_1_,GRANT_O_REG_1_,DFF_Q_GRANT_REG_1_ -> U308 -> U235 -> GRANT_O_REG_1_,b03
4,1.0,4,0,2,0,0,0,DFF_Q_GRANT_REG_0_,GRANT_REG_0_,DFF_Q_GRANT_REG_0_ -> U301 -> U232 -> GRANT_REG_0_,b03
4,1.0,4,0,2,0,0,0,DFF_Q_GRANT_REG_0_,GRANT_O_REG_0_,DFF_Q_GRANT_REG_0_ -> U310 -> U236 -> GRANT_O_REG_0_,b03
4,0.75,4,0,2,0,0,0,DFF_Q_GRANT_O_REG_3_,GRANT_O_REG_3_,DFF_Q_GRANT_O_REG_3_ -> U303 -> U233 -> GRANT_O_REG_3_,b03
4,0.75,4,0,2,0,0,0,DFF_Q_GRANT_O_REG_2_,GRANT_O_REG_2_,DFF_Q_GRANT_O_REG_2_ -> U305 -> U234 -> GRANT_O_REG_2_,b03
4,0.75,4,0,2,0,0,0,DFF_Q_GRANT_O_REG_1_,GRANT_O_REG_1_,DFF_Q_GRANT_O_REG_1_ -> U307 -> U235 -> GRANT_O_REG_1_,b03
4,0.75,4,0,2,0,0,0,DFF_Q_GRANT_O_REG_0_,GRANT_O_REG_0_,DFF_Q_GRANT_O_REG_0_ -> U309 -> U236 -> GRANT_O_REG_0_,b03
10,2.6,15,1,6,1,0,0,DFF_Q_RU3_REG,CODA0_REG_2_,DFF_Q_RU3_REG -> U219 -> U294 -> U252 -> U253 -> U223 -> U201 -> U258 -> U217 -> CODA0_REG_2_,b03
10,2.3,15,1,6,1,0,0,DFF_Q_RU3_REG,CODA0_REG_2_,DFF_Q_RU3_REG -> U219 -> U294 -> U252 -> U253 -> U223 -> U202 -> U259 -> U217 -> CODA0_REG_2_,b03
10,2.6,14,0,6,2,0,0,DFF_Q_RU3_REG,CODA0_REG_2_,DFF_Q_RU3_REG -> U219 -> U294 -> U252 -> U253 -> U223 -> U255 -> U260 -> U217 -> CODA0_REG_2_,b03
11,2.5454545454545454,17,1,7,1,0,0,DFF_Q_RU3_REG,CODA0_REG_2_,DFF_Q_RU3_REG -> U220 -> U250 -> U251 -> U252 -> U253 -> U223 -> U201 -> U258 -> U217 -> CODA0_REG_2_,b03
11,2.272727272727273,17,1,7,1,0,0,DFF_Q_RU3_REG,CODA0_REG_2_,DFF_Q_RU3_REG -> U220 -> U250 -> U251 -> U252 -> U253 -> U223 -> U202 -> U259 -> U217 -> CODA0_REG_2_,b03
11,2.5454545454545454,16,0,7,2,0,0,DFF_Q_RU3_REG,CODA0_REG_2_,DFF_Q_RU3_REG -> U220 -> U250 -> U251 -> U252 -> U253 -> U223 -> U255 -> U260 -> U217 -> CODA0_REG_2_,b03
6,1.5,8,0,3,0,1,0,DFF_Q_RU3_REG,CODA0_REG_2_,DFF_Q_RU3_REG -> U256 -> U257 -> U258 -> U217 -> CODA0_REG_2_,b03
10,2.6,15,1,6,1,0,0,DFF_Q_RU3_REG,CODA0_REG_1_,DFF_Q_RU3_REG -> U219 -> U294 -> U252 -> U253 -> U223 -> U201 -> U261 -> U216 -> CODA0_REG_1_,b03
10,2.3,15,1,6,1,0,0,DFF_Q_RU3_REG,CODA0_REG_1_,DFF_Q_RU3_REG -> U219 -> U294 -> U252 -> U253 -> U223 -> U202 -> U262 -> U216 -> CODA0_REG_1_,b03
10,2.6,14,0,6,2,0,0,DFF_Q_RU3_REG,CODA0_REG_1_,DFF_Q_RU3_REG -> U219 -> U294 -> U252 -> U253 -> U223 -> U255 -> U263 -> U216 -> CODA0_REG_1_,b03
11,2.5454545454545454,17,1,7,1,0,0,DFF_Q_RU3_REG,CODA0_REG_1_,DFF_Q_RU3_REG -> U220 -> U250 -> U251 -> U252 -> U253 -> U223 -> U201 -> U261 -> U216 -> CODA0_REG_1_,b03
11,2.272727272727273,17,1,7,1,0,0,DFF_Q_RU3_REG,CODA0_REG_1_,DFF_Q_RU3_REG -> U220 -> U250 -> U251 -> U252 -> U253 -> U223 -> U202 -> U262 -> U216 -> CODA0_REG_1_,b03
11,2.5454545454545454,16,0,7,2,0,0,DFF_Q_RU3_REG,CODA0_REG_1_,DFF_Q_RU3_REG -> U220 -> U250 -> U251 -> U252 -> U253 -> U223 -> U255 -> U263 -> U216 -> CODA0_REG_1_,b03
5,1.8,6,0,3,0,0,0,DFF_Q_RU3_REG,CODA0_REG_1_,DFF_Q_RU3_REG -> U220 -> U261 -> U216 -> CODA0_REG_1_,b03
10,2.6,15,1,6,1,0,0,DFF_Q_RU3_REG,CODA0_REG_0_,DFF_Q_RU3_REG -> U219 -> U294 -> U252 -> U253 -> U223 -> U201 -> U264 -> U215 -> CODA0_REG_0_,b03
10,2.3,15,1,6,1,0,0,DFF_Q_RU3_REG,CODA0_REG_0_,DFF_Q_RU3_REG -> U219 -> U294 -> U252 -> U253 -> U223 -> U202 -> U265 -> U215 -> CODA0_REG_0_,b03
10,2.6,14,0,6,2,0,0,DFF_Q_RU3_REG,CODA0_REG_0_,DFF_Q_RU3_REG -> U219 -> U294 -> U252 -> U253 -> U223 -> U255 -> U266 -> U215 -> CODA0_REG_0_,b03
11,2.5454545454545454,17,1,7,1,0,0,DFF_Q_RU3_REG,CODA0_REG_0_,DFF_Q_RU3_REG -> U220 -> U250 -> U251 -> U252 -> U253 -> U223 -> U201 -> U264 -> U215 -> CODA0_REG_0_,b03
11,2.272727272727273,17,1,7,1,0,0,DFF_Q_RU3_REG,CODA0_REG_0_,DFF_Q_RU3_REG -> U220 -> U250 -> U251 -> U252 -> U253 -> U223 -> U202 -> U265 -> U215 -> CODA0_REG_0_,b03
11,2.5454545454545454,16,0,7,2,0,0,DFF_Q_RU3_REG,CODA0_REG_0_,DFF_Q_RU3_REG -> U220 -> U250 -> U251 -> U252 -> U253 -> U223 -> U255 -> U266 -> U215 -> CODA0_REG_0_,b03
10,2.6,15,1,6,1,0,0,DFF_Q_RU3_REG,CODA1_REG_2_,DFF_Q_RU3_REG -> U219 -> U294 -> U252 -> U253 -> U223 -> U201 -> U268 -> U214 -> CODA1_REG_2_,b03
10,2.3,15,1,6,1,0,0,DFF_Q_RU3_REG,CODA1_REG_2_,DFF_Q_RU3_REG -> U219 -> U294 -> U252 -> U253 -> U223 -> U202 -> U267 -> U214 -> CODA1_REG_2_,b03
10,2.6,14,0,6,2,0,0,DFF_Q_RU3_REG,CODA1_REG_2_,DFF_Q_RU3_REG -> U219 -> U294 -> U252 -> U253 -> U223 -> U255 -> U269 -> U214 -> CODA1_REG_2_,b03
11,2.5454545454545454,17,1,7,1,0,0,DFF_Q_RU3_REG,CODA1_REG_2_,DFF_Q_RU3_REG -> U220 -> U250 -> U251 -> U252 -> U253 -> U223 -> U201 -> U268 -> U214 -> CODA1_REG_2_,b03
11,2.272727272727273,17,1,7,1,0,0,DFF_Q_RU3_REG,CODA1_REG_2_,DFF_Q_RU3_REG -> U220 -> U250 -> U251 -> U252 -> U253 -> U223 -> U202 -> U267 -> U214 -> CODA1_REG_2_,b03
11,2.5454545454545454,16,0,7,2,0,0,DFF_Q_RU3_REG,CODA1_REG_2_,DFF_Q_RU3_REG -> U220 -> U250 -> U251 -> U252 -> U253 -> U223 -> U255 -> U269 -> U214 -> CODA1_REG_2_,b03
10,2.6,15,1,6,1,0,0,DFF_Q_RU3_REG,CODA1_REG_1_,DFF_Q_RU3_REG -> U219 -> U294 -> U252 -> U253 -> U223 -> U201 -> U271 -> U213 -> CODA1_REG_1_,b03
10,2.3,15,1,6,1,0,0,DFF_Q_RU3_REG,CODA1_REG_1_,DFF_Q_RU3_REG -> U219 -> U294 -> U252 -> U253 -> U223 -> U202 -> U270 -> U213 -> CODA1_REG_1_,b03
10,2.6,14,0,6,2,0,0,DFF_Q_RU3_REG,CODA1_REG_1_,DFF_Q_RU3_REG -> U219 -> U294 -> U252 -> U253 -> U223 -> U255 -> U272 -> U213 -> CODA1_REG_1_,b03
11,2.5454545454545454,17,1,7,1,0,0,DFF_Q_RU3_REG,CODA1_REG_1_,DFF_Q_RU3_REG -> U220 -> U250 -> U251 -> U252 -> U253 -> U223 -> U201 -> U271 -> U213 -> CODA1_REG_1_,b03
11,2.272727272727273,17,1,7,1,0,0,DFF_Q_RU3_REG,CODA1_REG_1_,DFF_Q_RU3_REG -> U220 -> U250 -> U251 -> U252 -> U253 -> U223 -> U202 -> U270 -> U213 -> CODA1_REG_1_,b03
11,2.5454545454545454,16,0,7,2,0,0,DFF_Q_RU3_REG,CODA1_REG_1_,DFF_Q_RU3_REG -> U220 -> U250 -> U251 -> U252 -> U253 -> U223 -> U255 -> U272 -> U213 -> CODA1_REG_1_,b03
10,2.6,15,1,6,1,0,0,DFF_Q_RU3_REG,CODA1_REG_0_,DFF_Q_RU3_REG -> U219 -> U294 -> U252 -> U253 -> U223 -> U201 -> U274 -> U212 -> CODA1_REG_0_,b03
10,2.3,15,1,6,1,0,0,DFF_Q_RU3_REG,CODA1_REG_0_,DFF_Q_RU3_REG -> U219 -> U294 -> U252 -> U253 -> U223 -> U202 -> U273 -> U212 -> CODA1_REG_0_,b03
10,2.6,14,0,6,2,0,0,DFF_Q_RU3_REG,CODA1_REG_0_,DFF_Q_RU3_REG -> U219 -> U294 -> U252 -> U253 -> U223 -> U255 -> U275 -> U212 -> CODA1_REG_0_,b03
11,2.5454545454545454,17,1,7,1,0,0,DFF_Q_RU3_REG,CODA1_REG_0_,DFF_Q_RU3_REG -> U220 -> U250 -> U251 -> U252 -> U253 -> U223 -> U201 -> U274 -> U212 -> CODA1_REG_0_,b03
11,2.272727272727273,17,1,7,1,0,0,DFF_Q_RU3_REG,CODA1_REG_0_,DFF_Q_RU3_REG -> U220 -> U250 -> U251 -> U252 -> U253 -> U223 -> U202 -> U273 -> U212 -> CODA1_REG_0_,b03
11,2.5454545454545454,16,0,7,2,0,0,DFF_Q_RU3_REG,CODA1_REG_0_,DFF_Q_RU3_REG -> U220 -> U250 -> U251 -> U252 -> U253 -> U223 -> U255 -> U275 -> U212 -> CODA1_REG_0_,b03
10,2.6,15,1,6,1,0,0,DFF_Q_RU3_REG,CODA2_REG_2_,DFF_Q_RU3_REG -> U219 -> U294 -> U252 -> U253 -> U223 -> U201 -> U277 -> U211 -> CODA2_REG_2_,b03
10,2.3,15,1,6,1,0,0,DFF_Q_RU3_REG,CODA2_REG_2_,DFF_Q_RU3_REG -> U219 -> U294 -> U252 -> U253 -> U223 -> U202 -> U276 -> U211 -> CODA2_REG_2_,b03
10,2.6,14,0,6,2,0,0,DFF_Q_RU3_REG,CODA2_REG_2_,DFF_Q_RU3_REG -> U219 -> U294 -> U252 -> U253 -> U223 -> U255 -> U278 -> U211 -> CODA2_REG_2_,b03
11,2.5454545454545454,17,1,7,1,0,0,DFF_Q_RU3_REG,CODA2_REG_2_,DFF_Q_RU3_REG -> U220 -> U250 -> U251 -> U252 -> U253 -> U223 -> U201 -> U277 -> U211 -> CODA2_REG_2_,b03
11,2.272727272727273,17,1,7,1,0,0,DFF_Q_RU3_REG,CODA2_REG_2_,DFF_Q_RU3_REG -> U220 -> U250 -> U251 -> U252 -> U253 -> U223 -> U202 -> U276 -> U211 -> CODA2_REG_2_,b03
11,2.5454545454545454,16,0,7,2,0,0,DFF_Q_RU3_REG,CODA2_REG_2_,DFF_Q_RU3_REG -> U220 -> U250 -> U251 -> U252 -> U253 -> U223 -> U255 -> U278 -> U211 -> CODA2_REG_2_,b03
10,2.6,15,1,6,1,0,0,DFF_Q_RU3_REG,CODA2_REG_1_,DFF_Q_RU3_REG -> U219 -> U294 -> U252 -> U253 -> U223 -> U201 -> U280 -> U210 -> CODA2_REG_1_,b03
10,2.3,15,1,6,1,0,0,DFF_Q_RU3_REG,CODA2_REG_1_,DFF_Q_RU3_REG -> U219 -> U294 -> U252 -> U253 -> U223 -> U202 -> U279 -> U210 -> CODA2_REG_1_,b03
10,2.6,14,0,6,2,0,0,DFF_Q_RU3_REG,CODA2_REG_1_,DFF_Q_RU3_REG -> U219 -> U294 -> U252 -> U253 -> U223 -> U255 -> U281 -> U210 -> CODA2_REG_1_,b03
11,2.5454545454545454,17,1,7,1,0,0,DFF_Q_RU3_REG,CODA2_REG_1_,DFF_Q_RU3_REG -> U220 -> U250 -> U251 -> U252 -> U253 -> U223 -> U201 -> U280 -> U210 -> CODA2_REG_1_,b03
11,2.272727272727273,17,1,7,1,0,0,DFF_Q_RU3_REG,CODA2_REG_1_,DFF_Q_RU3_REG -> U220 -> U250 -> U251 -> U252 -> U253 -> U223 -> U202 -> U279 -> U210 -> CODA2_REG_1_,b03
11,2.5454545454545454,16,0,7,2,0,0,DFF_Q_RU3_REG,CODA2_REG_1_,DFF_Q_RU3_REG -> U220 -> U250 -> U251 -> U252 -> U253 -> U223 -> U255 -> U281 -> U210 -> CODA2_REG_1_,b03
10,2.6,15,1,6,1,0,0,DFF_Q_RU3_REG,CODA2_REG_0_,DFF_Q_RU3_REG -> U219 -> U294 -> U252 -> U253 -> U223 -> U201 -> U283 -> U209 -> CODA2_REG_0_,b03
10,2.3,15,1,6,1,0,0,DFF_Q_RU3_REG,CODA2_REG_0_,DFF_Q_RU3_REG -> U219 -> U294 -> U252 -> U253 -> U223 -> U202 -> U282 -> U209 -> CODA2_REG_0_,b03
10,2.6,14,0,6,2,0,0,DFF_Q_RU3_REG,CODA2_REG_0_,DFF_Q_RU3_REG -> U219 -> U294 -> U252 -> U253 -> U223 -> U255 -> U284 -> U209 -> CODA2_REG_0_,b03
11,2.5454545454545454,17,1,7,1,0,0,DFF_Q_RU3_REG,CODA2_REG_0_,DFF_Q_RU3_REG -> U220 -> U250 -> U251 -> U252 -> U253 -> U223 -> U201 -> U283 -> U209 -> CODA2_REG_0_,b03
11,2.272727272727273,17,1,7,1,0,0,DFF_Q_RU3_REG,CODA2_REG_0_,DFF_Q_RU3_REG -> U220 -> U250 -> U251 -> U252 -> U253 -> U223 -> U202 -> U282 -> U209 -> CODA2_REG_0_,b03
11,2.5454545454545454,16,0,7,2,0,0,DFF_Q_RU3_REG,CODA2_REG_0_,DFF_Q_RU3_REG -> U220 -> U250 -> U251 -> U252 -> U253 -> U223 -> U255 -> U284 -> U209 -> CODA2_REG_0_,b03
10,2.6,15,1,6,1,0,0,DFF_Q_RU3_REG,CODA3_REG_2_,DFF_Q_RU3_REG -> U219 -> U294 -> U252 -> U253 -> U223 -> U201 -> U285 -> U208 -> CODA3_REG_2_,b03
10,2.6,14,0,6,2,0,0,DFF_Q_RU3_REG,CODA3_REG_2_,DFF_Q_RU3_REG -> U219 -> U294 -> U252 -> U253 -> U223 -> U255 -> U286 -> U208 -> CODA3_REG_2_,b03
11,2.5454545454545454,17,1,7,1,0,0,DFF_Q_RU3_REG,CODA3_REG_2_,DFF_Q_RU3_REG -> U220 -> U250 -> U251 -> U252 -> U253 -> U223 -> U201 -> U285 -> U208 -> CODA3_REG_2_,b03
11,2.5454545454545454,16,0,7,2,0,0,DFF_Q_RU3_REG,CODA3_REG_2_,DFF_Q_RU3_REG -> U220 -> U250 -> U251 -> U252 -> U253 -> U223 -> U255 -> U286 -> U208 -> CODA3_REG_2_,b03
10,2.6,15,1,6,1,0,0,DFF_Q_RU3_REG,CODA3_REG_1_,DFF_Q_RU3_REG -> U219 -> U294 -> U252 -> U253 -> U223 -> U201 -> U287 -> U207 -> CODA3_REG_1_,b03
10,2.6,14,0,6,2,0,0,DFF_Q_RU3_REG,CODA3_REG_1_,DFF_Q_RU3_REG -> U219 -> U294 -> U252 -> U253 -> U223 -> U255 -> U288 -> U207 -> CODA3_REG_1_,b03
11,2.5454545454545454,17,1,7,1,0,0,DFF_Q_RU3_REG,CODA3_REG_1_,DFF_Q_RU3_REG -> U220 -> U250 -> U251 -> U252 -> U253 -> U223 -> U201 -> U287 -> U207 -> CODA3_REG_1_,b03
11,2.5454545454545454,16,0,7,2,0,0,DFF_Q_RU3_REG,CODA3_REG_1_,DFF_Q_RU3_REG -> U220 -> U250 -> U251 -> U252 -> U253 -> U223 -> U255 -> U288 -> U207 -> CODA3_REG_1_,b03
10,2.6,15,1,6,1,0,0,DFF_Q_RU3_REG,CODA3_REG_0_,DFF_Q_RU3_REG -> U219 -> U294 -> U252 -> U253 -> U223 -> U201 -> U289 -> U206 -> CODA3_REG_0_,b03
10,2.6,14,0,6,2,0,0,DFF_Q_RU3_REG,CODA3_REG_0_,DFF_Q_RU3_REG -> U219 -> U294 -> U252 -> U253 -> U223 -> U255 -> U290 -> U206 -> CODA3_REG_0_,b03
11,2.5454545454545454,17,1,7,1,0,0,DFF_Q_RU3_REG,CODA3_REG_0_,DFF_Q_RU3_REG -> U220 -> U250 -> U251 -> U252 -> U253 -> U223 -> U201 -> U289 -> U206 -> CODA3_REG_0_,b03
11,2.5454545454545454,16,0,7,2,0,0,DFF_Q_RU3_REG,CODA3_REG_0_,DFF_Q_RU3_REG -> U220 -> U250 -> U251 -> U252 -> U253 -> U223 -> U255 -> U290 -> U206 -> CODA3_REG_0_,b03
4,1.75,4,0,2,0,0,0,DFF_Q_RU3_REG,RU3_REG,DFF_Q_RU3_REG -> U312 -> U237 -> RU3_REG,b03
4,1.75,4,0,2,0,0,0,DFF_Q_RU3_REG,FU3_REG,DFF_Q_RU3_REG -> U314 -> U238 -> FU3_REG,b03
8,2.75,11,1,4,1,0,0,DFF_Q_FU1_REG,CODA0_REG_2_,DFF_Q_FU1_REG -> U227 -> U254 -> U223 -> U201 -> U258 -> U217 -> CODA0_REG_2_,b03
8,2.375,11,1,4,1,0,0,DFF_Q_FU1_REG,CODA0_REG_2_,DFF_Q_FU1_REG -> U227 -> U254 -> U223 -> U202 -> U259 -> U217 -> CODA0_REG_2_,b03
8,2.75,10,0,4,2,0,0,DFF_Q_FU1_REG,CODA0_REG_2_,DFF_Q_FU1_REG -> U227 -> U254 -> U223 -> U255 -> U260 -> U217 -> CODA0_REG_2_,b03
8,3.375,12,1,4,0,1,0,DFF_Q_FU1_REG,CODA0_REG_2_,DFF_Q_FU1_REG -> U248 -> U244 -> U223 -> U201 -> U258 -> U217 -> CODA0_REG_2_,b03
8,3.0,12,1,4,0,1,0,DFF_Q_FU1_REG,CODA0_REG_2_,DFF_Q_FU1_REG -> U248 -> U244 -> U223 -> U202 -> U259 -> U217 -> CODA0_REG_2_,b03
8,3.375,11,0,4,1,1,0,DFF_Q_FU1_REG,CODA0_REG_2_,DFF_Q_FU1_REG -> U248 -> U244 -> U223 -> U255 -> U260 -> U217 -> CODA0_REG_2_,b03
8,2.75,11,1,4,1,0,0,DFF_Q_FU1_REG,CODA0_REG_1_,DFF_Q_FU1_REG -> U227 -> U254 -> U223 -> U201 -> U261 -> U216 -> CODA0_REG_1_,b03
8,2.375,11,1,4,1,0,0,DFF_Q_FU1_REG,CODA0_REG_1_,DFF_Q_FU1_REG -> U227 -> U254 -> U223 -> U202 -> U262 -> U216 -> CODA0_REG_1_,b03
8,2.75,10,0,4,2,0,0,DFF_Q_FU1_REG,CODA0_REG_1_,DFF_Q_FU1_REG -> U227 -> U254 -> U223 -> U255 -> U263 -> U216 -> CODA0_REG_1_,b03
8,3.375,12,1,4,0,1,0,DFF_Q_FU1_REG,CODA0_REG_1_,DFF_Q_FU1_REG -> U248 -> U244 -> U223 -> U201 -> U261 -> U216 -> CODA0_REG_1_,b03
8,3.0,12,1,4,0,1,0,DFF_Q_FU1_REG,CODA0_REG_1_,DFF_Q_FU1_REG -> U248 -> U244 -> U223 -> U202 -> U262 -> U216 -> CODA0_REG_1_,b03
8,3.375,11,0,4,1,1,0,DFF_Q_FU1_REG,CODA0_REG_1_,DFF_Q_FU1_REG -> U248 -> U244 -> U223 -> U255 -> U263 -> U216 -> CODA0_REG_1_,b03
8,2.75,11,1,4,1,0,0,DFF_Q_FU1_REG,CODA0_REG_0_,DFF_Q_FU1_REG -> U227 -> U254 -> U223 -> U201 -> U264 -> U215 -> CODA0_REG_0_,b03
8,2.375,11,1,4,1,0,0,DFF_Q_FU1_REG,CODA0_REG_0_,DFF_Q_FU1_REG -> U227 -> U254 -> U223 -> U202 -> U265 -> U215 -> CODA0_REG_0_,b03
8,2.75,10,0,4,2,0,0,DFF_Q_FU1_REG,CODA0_REG_0_,DFF_Q_FU1_REG -> U227 -> U254 -> U223 -> U255 -> U266 -> U215 -> CODA0_REG_0_,b03
8,3.375,12,1,4,0,1,0,DFF_Q_FU1_REG,CODA0_REG_0_,DFF_Q_FU1_REG -> U248 -> U244 -> U223 -> U201 -> U264 -> U215 -> CODA0_REG_0_,b03
8,3.0,12,1,4,0,1,0,DFF_Q_FU1_REG,CODA0_REG_0_,DFF_Q_FU1_REG -> U248 -> U244 -> U223 -> U202 -> U265 -> U215 -> CODA0_REG_0_,b03
8,3.375,11,0,4,1,1,0,DFF_Q_FU1_REG,CODA0_REG_0_,DFF_Q_FU1_REG -> U248 -> U244 -> U223 -> U255 -> U266 -> U215 -> CODA0_REG_0_,b03
8,2.75,11,1,4,1,0,0,DFF_Q_FU1_REG,CODA1_REG_2_,DFF_Q_FU1_REG -> U227 -> U254 -> U223 -> U201 -> U268 -> U214 -> CODA1_REG_2_,b03
8,2.375,11,1,4,1,0,0,DFF_Q_FU1_REG,CODA1_REG_2_,DFF_Q_FU1_REG -> U227 -> U254 -> U223 -> U202 -> U267 -> U214 -> CODA1_REG_2_,b03
8,2.75,10,0,4,2,0,0,DFF_Q_FU1_REG,CODA1_REG_2_,DFF_Q_FU1_REG -> U227 -> U254 -> U223 -> U255 -> U269 -> U214 -> CODA1_REG_2_,b03
8,3.375,12,1,4,0,1,0,DFF_Q_FU1_REG,CODA1_REG_2_,DFF_Q_FU1_REG -> U248 -> U244 -> U223 -> U201 -> U268 -> U214 -> CODA1_REG_2_,b03
8,3.0,12,1,4,0,1,0,DFF_Q_FU1_REG,CODA1_REG_2_,DFF_Q_FU1_REG -> U248 -> U244 -> U223 -> U202 -> U267 -> U214 -> CODA1_REG_2_,b03
8,3.375,11,0,4,1,1,0,DFF_Q_FU1_REG,CODA1_REG_2_,DFF_Q_FU1_REG -> U248 -> U244 -> U223 -> U255 -> U269 -> U214 -> CODA1_REG_2_,b03
8,2.75,11,1,4,1,0,0,DFF_Q_FU1_REG,CODA1_REG_1_,DFF_Q_FU1_REG -> U227 -> U254 -> U223 -> U201 -> U271 -> U213 -> CODA1_REG_1_,b03
8,2.375,11,1,4,1,0,0,DFF_Q_FU1_REG,CODA1_REG_1_,DFF_Q_FU1_REG -> U227 -> U254 -> U223 -> U202 -> U270 -> U213 -> CODA1_REG_1_,b03
8,2.75,10,0,4,2,0,0,DFF_Q_FU1_REG,CODA1_REG_1_,DFF_Q_FU1_REG -> U227 -> U254 -> U223 -> U255 -> U272 -> U213 -> CODA1_REG_1_,b03
8,3.375,12,1,4,0,1,0,DFF_Q_FU1_REG,CODA1_REG_1_,DFF_Q_FU1_REG -> U248 -> U244 -> U223 -> U201 -> U271 -> U213 -> CODA1_REG_1_,b03
8,3.0,12,1,4,0,1,0,DFF_Q_FU1_REG,CODA1_REG_1_,DFF_Q_FU1_REG -> U248 -> U244 -> U223 -> U202 -> U270 -> U213 -> CODA1_REG_1_,b03
8,3.375,11,0,4,1,1,0,DFF_Q_FU1_REG,CODA1_REG_1_,DFF_Q_FU1_REG -> U248 -> U244 -> U223 -> U255 -> U272 -> U213 -> CODA1_REG_1_,b03
8,2.75,11,1,4,1,0,0,DFF_Q_FU1_REG,CODA1_REG_0_,DFF_Q_FU1_REG -> U227 -> U254 -> U223 -> U201 -> U274 -> U212 -> CODA1_REG_0_,b03
8,2.375,11,1,4,1,0,0,DFF_Q_FU1_REG,CODA1_REG_0_,DFF_Q_FU1_REG -> U227 -> U254 -> U223 -> U202 -> U273 -> U212 -> CODA1_REG_0_,b03
8,2.75,10,0,4,2,0,0,DFF_Q_FU1_REG,CODA1_REG_0_,DFF_Q_FU1_REG -> U227 -> U254 -> U223 -> U255 -> U275 -> U212 -> CODA1_REG_0_,b03
8,3.375,12,1,4,0,1,0,DFF_Q_FU1_REG,CODA1_REG_0_,DFF_Q_FU1_REG -> U248 -> U244 -> U223 -> U201 -> U274 -> U212 -> CODA1_REG_0_,b03
8,3.0,12,1,4,0,1,0,DFF_Q_FU1_REG,CODA1_REG_0_,DFF_Q_FU1_REG -> U248 -> U244 -> U223 -> U202 -> U273 -> U212 -> CODA1_REG_0_,b03
8,3.375,11,0,4,1,1,0,DFF_Q_FU1_REG,CODA1_REG_0_,DFF_Q_FU1_REG -> U248 -> U244 -> U223 -> U255 -> U275 -> U212 -> CODA1_REG_0_,b03
8,2.75,11,1,4,1,0,0,DFF_Q_FU1_REG,CODA2_REG_2_,DFF_Q_FU1_REG -> U227 -> U254 -> U223 -> U201 -> U277 -> U211 -> CODA2_REG_2_,b03
8,2.375,11,1,4,1,0,0,DFF_Q_FU1_REG,CODA2_REG_2_,DFF_Q_FU1_REG -> U227 -> U254 -> U223 -> U202 -> U276 -> U211 -> CODA2_REG_2_,b03
8,2.75,10,0,4,2,0,0,DFF_Q_FU1_REG,CODA2_REG_2_,DFF_Q_FU1_REG -> U227 -> U254 -> U223 -> U255 -> U278 -> U211 -> CODA2_REG_2_,b03
8,3.375,12,1,4,0,1,0,DFF_Q_FU1_REG,CODA2_REG_2_,DFF_Q_FU1_REG -> U248 -> U244 -> U223 -> U201 -> U277 -> U211 -> CODA2_REG_2_,b03
8,3.0,12,1,4,0,1,0,DFF_Q_FU1_REG,CODA2_REG_2_,DFF_Q_FU1_REG -> U248 -> U244 -> U223 -> U202 -> U276 -> U211 -> CODA2_REG_2_,b03
8,3.375,11,0,4,1,1,0,DFF_Q_FU1_REG,CODA2_REG_2_,DFF_Q_FU1_REG -> U248 -> U244 -> U223 -> U255 -> U278 -> U211 -> CODA2_REG_2_,b03
8,2.75,11,1,4,1,0,0,DFF_Q_FU1_REG,CODA2_REG_1_,DFF_Q_FU1_REG -> U227 -> U254 -> U223 -> U201 -> U280 -> U210 -> CODA2_REG_1_,b03
8,2.375,11,1,4,1,0,0,DFF_Q_FU1_REG,CODA2_REG_1_,DFF_Q_FU1_REG -> U227 -> U254 -> U223 -> U202 -> U279 -> U210 -> CODA2_REG_1_,b03
8,2.75,10,0,4,2,0,0,DFF_Q_FU1_REG,CODA2_REG_1_,DFF_Q_FU1_REG -> U227 -> U254 -> U223 -> U255 -> U281 -> U210 -> CODA2_REG_1_,b03
8,3.375,12,1,4,0,1,0,DFF_Q_FU1_REG,CODA2_REG_1_,DFF_Q_FU1_REG -> U248 -> U244 -> U223 -> U201 -> U280 -> U210 -> CODA2_REG_1_,b03
8,3.0,12,1,4,0,1,0,DFF_Q_FU1_REG,CODA2_REG_1_,DFF_Q_FU1_REG -> U248 -> U244 -> U223 -> U202 -> U279 -> U210 -> CODA2_REG_1_,b03
8,3.375,11,0,4,1,1,0,DFF_Q_FU1_REG,CODA2_REG_1_,DFF_Q_FU1_REG -> U248 -> U244 -> U223 -> U255 -> U281 -> U210 -> CODA2_REG_1_,b03
8,2.75,11,1,4,1,0,0,DFF_Q_FU1_REG,CODA2_REG_0_,DFF_Q_FU1_REG -> U227 -> U254 -> U223 -> U201 -> U283 -> U209 -> CODA2_REG_0_,b03
8,2.375,11,1,4,1,0,0,DFF_Q_FU1_REG,CODA2_REG_0_,DFF_Q_FU1_REG -> U227 -> U254 -> U223 -> U202 -> U282 -> U209 -> CODA2_REG_0_,b03
8,2.75,10,0,4,2,0,0,DFF_Q_FU1_REG,CODA2_REG_0_,DFF_Q_FU1_REG -> U227 -> U254 -> U223 -> U255 -> U284 -> U209 -> CODA2_REG_0_,b03
8,3.375,12,1,4,0,1,0,DFF_Q_FU1_REG,CODA2_REG_0_,DFF_Q_FU1_REG -> U248 -> U244 -> U223 -> U201 -> U283 -> U209 -> CODA2_REG_0_,b03
8,3.0,12,1,4,0,1,0,DFF_Q_FU1_REG,CODA2_REG_0_,DFF_Q_FU1_REG -> U248 -> U244 -> U223 -> U202 -> U282 -> U209 -> CODA2_REG_0_,b03
8,3.375,11,0,4,1,1,0,DFF_Q_FU1_REG,CODA2_REG_0_,DFF_Q_FU1_REG -> U248 -> U244 -> U223 -> U255 -> U284 -> U209 -> CODA2_REG_0_,b03
8,2.75,11,1,4,1,0,0,DFF_Q_FU1_REG,CODA3_REG_2_,DFF_Q_FU1_REG -> U227 -> U254 -> U223 -> U201 -> U285 -> U208 -> CODA3_REG_2_,b03
8,2.75,10,0,4,2,0,0,DFF_Q_FU1_REG,CODA3_REG_2_,DFF_Q_FU1_REG -> U227 -> U254 -> U223 -> U255 -> U286 -> U208 -> CODA3_REG_2_,b03
8,3.375,12,1,4,0,1,0,DFF_Q_FU1_REG,CODA3_REG_2_,DFF_Q_FU1_REG -> U248 -> U244 -> U223 -> U201 -> U285 -> U208 -> CODA3_REG_2_,b03
8,3.375,11,0,4,1,1,0,DFF_Q_FU1_REG,CODA3_REG_2_,DFF_Q_FU1_REG -> U248 -> U244 -> U223 -> U255 -> U286 -> U208 -> CODA3_REG_2_,b03
8,2.75,11,1,4,1,0,0,DFF_Q_FU1_REG,CODA3_REG_1_,DFF_Q_FU1_REG -> U227 -> U254 -> U223 -> U201 -> U287 -> U207 -> CODA3_REG_1_,b03
8,2.75,10,0,4,2,0,0,DFF_Q_FU1_REG,CODA3_REG_1_,DFF_Q_FU1_REG -> U227 -> U254 -> U223 -> U255 -> U288 -> U207 -> CODA3_REG_1_,b03
8,3.375,12,1,4,0,1,0,DFF_Q_FU1_REG,CODA3_REG_1_,DFF_Q_FU1_REG -> U248 -> U244 -> U223 -> U201 -> U287 -> U207 -> CODA3_REG_1_,b03
8,3.375,11,0,4,1,1,0,DFF_Q_FU1_REG,CODA3_REG_1_,DFF_Q_FU1_REG -> U248 -> U244 -> U223 -> U255 -> U288 -> U207 -> CODA3_REG_1_,b03
8,2.75,11,1,4,1,0,0,DFF_Q_FU1_REG,CODA3_REG_0_,DFF_Q_FU1_REG -> U227 -> U254 -> U223 -> U201 -> U289 -> U206 -> CODA3_REG_0_,b03
8,2.75,10,0,4,2,0,0,DFF_Q_FU1_REG,CODA3_REG_0_,DFF_Q_FU1_REG -> U227 -> U254 -> U223 -> U255 -> U290 -> U206 -> CODA3_REG_0_,b03
8,3.375,12,1,4,0,1,0,DFF_Q_FU1_REG,CODA3_REG_0_,DFF_Q_FU1_REG -> U248 -> U244 -> U223 -> U201 -> U289 -> U206 -> CODA3_REG_0_,b03
8,3.375,11,0,4,1,1,0,DFF_Q_FU1_REG,CODA3_REG_0_,DFF_Q_FU1_REG -> U248 -> U244 -> U223 -> U255 -> U290 -> U206 -> CODA3_REG_0_,b03
7,2.2857142857142856,9,0,3,1,1,0,DFF_Q_FU1_REG,GRANT_REG_3_,DFF_Q_FU1_REG -> U248 -> U244 -> U249 -> U296 -> U229 -> GRANT_REG_3_,b03
6,2.0,8,0,3,0,1,0,DFF_Q_FU1_REG,GRANT_REG_3_,DFF_Q_FU1_REG -> U248 -> U244 -> U295 -> U229 -> GRANT_REG_3_,b03
7,2.2857142857142856,9,0,3,1,1,0,DFF_Q_FU1_REG,GRANT_REG_2_,DFF_Q_FU1_REG -> U248 -> U244 -> U249 -> U298 -> U230 -> GRANT_REG_2_,b03
6,2.0,8,0,3,0,1,0,DFF_Q_FU1_REG,GRANT_REG_2_,DFF_Q_FU1_REG -> U248 -> U244 -> U297 -> U230 -> GRANT_REG_2_,b03
7,2.2857142857142856,9,0,3,1,1,0,DFF_Q_FU1_REG,GRANT_REG_1_,DFF_Q_FU1_REG -> U248 -> U244 -> U249 -> U300 -> U231 -> GRANT_REG_1_,b03
6,2.0,8,0,3,0,1,0,DFF_Q_FU1_REG,GRANT_REG_1_,DFF_Q_FU1_REG -> U248 -> U244 -> U299 -> U231 -> GRANT_REG_1_,b03
7,2.2857142857142856,9,0,3,1,1,0,DFF_Q_FU1_REG,GRANT_REG_0_,DFF_Q_FU1_REG -> U248 -> U244 -> U249 -> U302 -> U232 -> GRANT_REG_0_,b03
6,2.0,8,0,3,0,1,0,DFF_Q_FU1_REG,GRANT_REG_0_,DFF_Q_FU1_REG -> U248 -> U244 -> U301 -> U232 -> GRANT_REG_0_,b03
4,1.25,4,0,2,0,0,0,DFF_Q_FU1_REG,FU1_REG,DFF_Q_FU1_REG -> U291 -> U205 -> FU1_REG,b03
10,2.4,15,1,6,1,0,0,DFF_Q_FU3_REG,CODA0_REG_2_,DFF_Q_FU3_REG -> U245 -> U251 -> U252 -> U253 -> U223 -> U201 -> U258 -> U217 -> CODA0_REG_2_,b03
10,2.1,15,1,6,1,0,0,DFF_Q_FU3_REG,CODA0_REG_2_,DFF_Q_FU3_REG -> U245 -> U251 -> U252 -> U253 -> U223 -> U202 -> U259 -> U217 -> CODA0_REG_2_,b03
10,2.4,14,0,6,2,0,0,DFF_Q_FU3_REG,CODA0_REG_2_,DFF_Q_FU3_REG -> U245 -> U251 -> U252 -> U253 -> U223 -> U255 -> U260 -> U217 -> CODA0_REG_2_,b03
8,3.375,12,1,4,0,1,0,DFF_Q_FU3_REG,CODA0_REG_2_,DFF_Q_FU3_REG -> U248 -> U244 -> U223 -> U201 -> U258 -> U217 -> CODA0_REG_2_,b03
8,3.0,12,1,4,0,1,0,DFF_Q_FU3_REG,CODA0_REG_2_,DFF_Q_FU3_REG -> U248 -> U244 -> U223 -> U202 -> U259 -> U217 -> CODA0_REG_2_,b03
8,3.375,11,0,4,1,1,0,DFF_Q_FU3_REG,CODA0_REG_2_,DFF_Q_FU3_REG -> U248 -> U244 -> U223 -> U255 -> U260 -> U217 -> CODA0_REG_2_,b03
10,2.4,15,1,6,1,0,0,DFF_Q_FU3_REG,CODA0_REG_1_,DFF_Q_FU3_REG -> U245 -> U251 -> U252 -> U253 -> U223 -> U201 -> U261 -> U216 -> CODA0_REG_1_,b03
10,2.1,15,1,6,1,0,0,DFF_Q_FU3_REG,CODA0_REG_1_,DFF_Q_FU3_REG -> U245 -> U251 -> U252 -> U253 -> U223 -> U202 -> U262 -> U216 -> CODA0_REG_1_,b03
10,2.4,14,0,6,2,0,0,DFF_Q_FU3_REG,CODA0_REG_1_,DFF_Q_FU3_REG -> U245 -> U251 -> U252 -> U253 -> U223 -> U255 -> U263 -> U216 -> CODA0_REG_1_,b03
8,3.375,12,1,4,0,1,0,DFF_Q_FU3_REG,CODA0_REG_1_,DFF_Q_FU3_REG -> U248 -> U244 -> U223 -> U201 -> U261 -> U216 -> CODA0_REG_1_,b03
8,3.0,12,1,4,0,1,0,DFF_Q_FU3_REG,CODA0_REG_1_,DFF_Q_FU3_REG -> U248 -> U244 -> U223 -> U202 -> U262 -> U216 -> CODA0_REG_1_,b03
8,3.375,11,0,4,1,1,0,DFF_Q_FU3_REG,CODA0_REG_1_,DFF_Q_FU3_REG -> U248 -> U244 -> U223 -> U255 -> U263 -> U216 -> CODA0_REG_1_,b03
10,2.4,15,1,6,1,0,0,DFF_Q_FU3_REG,CODA0_REG_0_,DFF_Q_FU3_REG -> U245 -> U251 -> U252 -> U253 -> U223 -> U201 -> U264 -> U215 -> CODA0_REG_0_,b03
10,2.1,15,1,6,1,0,0,DFF_Q_FU3_REG,CODA0_REG_0_,DFF_Q_FU3_REG -> U245 -> U251 -> U252 -> U253 -> U223 -> U202 -> U265 -> U215 -> CODA0_REG_0_,b03
10,2.4,14,0,6,2,0,0,DFF_Q_FU3_REG,CODA0_REG_0_,DFF_Q_FU3_REG -> U245 -> U251 -> U252 -> U253 -> U223 -> U255 -> U266 -> U215 -> CODA0_REG_0_,b03
8,3.375,12,1,4,0,1,0,DFF_Q_FU3_REG,CODA0_REG_0_,DFF_Q_FU3_REG -> U248 -> U244 -> U223 -> U201 -> U264 -> U215 -> CODA0_REG_0_,b03
8,3.0,12,1,4,0,1,0,DFF_Q_FU3_REG,CODA0_REG_0_,DFF_Q_FU3_REG -> U248 -> U244 -> U223 -> U202 -> U265 -> U215 -> CODA0_REG_0_,b03
8,3.375,11,0,4,1,1,0,DFF_Q_FU3_REG,CODA0_REG_0_,DFF_Q_FU3_REG -> U248 -> U244 -> U223 -> U255 -> U266 -> U215 -> CODA0_REG_0_,b03
10,2.4,15,1,6,1,0,0,DFF_Q_FU3_REG,CODA1_REG_2_,DFF_Q_FU3_REG -> U245 -> U251 -> U252 -> U253 -> U223 -> U201 -> U268 -> U214 -> CODA1_REG_2_,b03
10,2.1,15,1,6,1,0,0,DFF_Q_FU3_REG,CODA1_REG_2_,DFF_Q_FU3_REG -> U245 -> U251 -> U252 -> U253 -> U223 -> U202 -> U267 -> U214 -> CODA1_REG_2_,b03
10,2.4,14,0,6,2,0,0,DFF_Q_FU3_REG,CODA1_REG_2_,DFF_Q_FU3_REG -> U245 -> U251 -> U252 -> U253 -> U223 -> U255 -> U269 -> U214 -> CODA1_REG_2_,b03
8,3.375,12,1,4,0,1,0,DFF_Q_FU3_REG,CODA1_REG_2_,DFF_Q_FU3_REG -> U248 -> U244 -> U223 -> U201 -> U268 -> U214 -> CODA1_REG_2_,b03
8,3.0,12,1,4,0,1,0,DFF_Q_FU3_REG,CODA1_REG_2_,DFF_Q_FU3_REG -> U248 -> U244 -> U223 -> U202 -> U267 -> U214 -> CODA1_REG_2_,b03
8,3.375,11,0,4,1,1,0,DFF_Q_FU3_REG,CODA1_REG_2_,DFF_Q_FU3_REG -> U248 -> U244 -> U223 -> U255 -> U269 -> U214 -> CODA1_REG_2_,b03
10,2.4,15,1,6,1,0,0,DFF_Q_FU3_REG,CODA1_REG_1_,DFF_Q_FU3_REG -> U245 -> U251 -> U252 -> U253 -> U223 -> U201 -> U271 -> U213 -> CODA1_REG_1_,b03
10,2.1,15,1,6,1,0,0,DFF_Q_FU3_REG,CODA1_REG_1_,DFF_Q_FU3_REG -> U245 -> U251 -> U252 -> U253 -> U223 -> U202 -> U270 -> U213 -> CODA1_REG_1_,b03
10,2.4,14,0,6,2,0,0,DFF_Q_FU3_REG,CODA1_REG_1_,DFF_Q_FU3_REG -> U245 -> U251 -> U252 -> U253 -> U223 -> U255 -> U272 -> U213 -> CODA1_REG_1_,b03
8,3.375,12,1,4,0,1,0,DFF_Q_FU3_REG,CODA1_REG_1_,DFF_Q_FU3_REG -> U248 -> U244 -> U223 -> U201 -> U271 -> U213 -> CODA1_REG_1_,b03
8,3.0,12,1,4,0,1,0,DFF_Q_FU3_REG,CODA1_REG_1_,DFF_Q_FU3_REG -> U248 -> U244 -> U223 -> U202 -> U270 -> U213 -> CODA1_REG_1_,b03
8,3.375,11,0,4,1,1,0,DFF_Q_FU3_REG,CODA1_REG_1_,DFF_Q_FU3_REG -> U248 -> U244 -> U223 -> U255 -> U272 -> U213 -> CODA1_REG_1_,b03
10,2.4,15,1,6,1,0,0,DFF_Q_FU3_REG,CODA1_REG_0_,DFF_Q_FU3_REG -> U245 -> U251 -> U252 -> U253 -> U223 -> U201 -> U274 -> U212 -> CODA1_REG_0_,b03
10,2.1,15,1,6,1,0,0,DFF_Q_FU3_REG,CODA1_REG_0_,DFF_Q_FU3_REG -> U245 -> U251 -> U252 -> U253 -> U223 -> U202 -> U273 -> U212 -> CODA1_REG_0_,b03
10,2.4,14,0,6,2,0,0,DFF_Q_FU3_REG,CODA1_REG_0_,DFF_Q_FU3_REG -> U245 -> U251 -> U252 -> U253 -> U223 -> U255 -> U275 -> U212 -> CODA1_REG_0_,b03
8,3.375,12,1,4,0,1,0,DFF_Q_FU3_REG,CODA1_REG_0_,DFF_Q_FU3_REG -> U248 -> U244 -> U223 -> U201 -> U274 -> U212 -> CODA1_REG_0_,b03
8,3.0,12,1,4,0,1,0,DFF_Q_FU3_REG,CODA1_REG_0_,DFF_Q_FU3_REG -> U248 -> U244 -> U223 -> U202 -> U273 -> U212 -> CODA1_REG_0_,b03
8,3.375,11,0,4,1,1,0,DFF_Q_FU3_REG,CODA1_REG_0_,DFF_Q_FU3_REG -> U248 -> U244 -> U223 -> U255 -> U275 -> U212 -> CODA1_REG_0_,b03
10,2.4,15,1,6,1,0,0,DFF_Q_FU3_REG,CODA2_REG_2_,DFF_Q_FU3_REG -> U245 -> U251 -> U252 -> U253 -> U223 -> U201 -> U277 -> U211 -> CODA2_REG_2_,b03
10,2.1,15,1,6,1,0,0,DFF_Q_FU3_REG,CODA2_REG_2_,DFF_Q_FU3_REG -> U245 -> U251 -> U252 -> U253 -> U223 -> U202 -> U276 -> U211 -> CODA2_REG_2_,b03
10,2.4,14,0,6,2,0,0,DFF_Q_FU3_REG,CODA2_REG_2_,DFF_Q_FU3_REG -> U245 -> U251 -> U252 -> U253 -> U223 -> U255 -> U278 -> U211 -> CODA2_REG_2_,b03
8,3.375,12,1,4,0,1,0,DFF_Q_FU3_REG,CODA2_REG_2_,DFF_Q_FU3_REG -> U248 -> U244 -> U223 -> U201 -> U277 -> U211 -> CODA2_REG_2_,b03
8,3.0,12,1,4,0,1,0,DFF_Q_FU3_REG,CODA2_REG_2_,DFF_Q_FU3_REG -> U248 -> U244 -> U223 -> U202 -> U276 -> U211 -> CODA2_REG_2_,b03
8,3.375,11,0,4,1,1,0,DFF_Q_FU3_REG,CODA2_REG_2_,DFF_Q_FU3_REG -> U248 -> U244 -> U223 -> U255 -> U278 -> U211 -> CODA2_REG_2_,b03
10,2.4,15,1,6,1,0,0,DFF_Q_FU3_REG,CODA2_REG_1_,DFF_Q_FU3_REG -> U245 -> U251 -> U252 -> U253 -> U223 -> U201 -> U280 -> U210 -> CODA2_REG_1_,b03
10,2.1,15,1,6,1,0,0,DFF_Q_FU3_REG,CODA2_REG_1_,DFF_Q_FU3_REG -> U245 -> U251 -> U252 -> U253 -> U223 -> U202 -> U279 -> U210 -> CODA2_REG_1_,b03
10,2.4,14,0,6,2,0,0,DFF_Q_FU3_REG,CODA2_REG_1_,DFF_Q_FU3_REG -> U245 -> U251 -> U252 -> U253 -> U223 -> U255 -> U281 -> U210 -> CODA2_REG_1_,b03
8,3.375,12,1,4,0,1,0,DFF_Q_FU3_REG,CODA2_REG_1_,DFF_Q_FU3_REG -> U248 -> U244 -> U223 -> U201 -> U280 -> U210 -> CODA2_REG_1_,b03
8,3.0,12,1,4,0,1,0,DFF_Q_FU3_REG,CODA2_REG_1_,DFF_Q_FU3_REG -> U248 -> U244 -> U223 -> U202 -> U279 -> U210 -> CODA2_REG_1_,b03
8,3.375,11,0,4,1,1,0,DFF_Q_FU3_REG,CODA2_REG_1_,DFF_Q_FU3_REG -> U248 -> U244 -> U223 -> U255 -> U281 -> U210 -> CODA2_REG_1_,b03
10,2.4,15,1,6,1,0,0,DFF_Q_FU3_REG,CODA2_REG_0_,DFF_Q_FU3_REG -> U245 -> U251 -> U252 -> U253 -> U223 -> U201 -> U283 -> U209 -> CODA2_REG_0_,b03
10,2.1,15,1,6,1,0,0,DFF_Q_FU3_REG,CODA2_REG_0_,DFF_Q_FU3_REG -> U245 -> U251 -> U252 -> U253 -> U223 -> U202 -> U282 -> U209 -> CODA2_REG_0_,b03
10,2.4,14,0,6,2,0,0,DFF_Q_FU3_REG,CODA2_REG_0_,DFF_Q_FU3_REG -> U245 -> U251 -> U252 -> U253 -> U223 -> U255 -> U284 -> U209 -> CODA2_REG_0_,b03
8,3.375,12,1,4,0,1,0,DFF_Q_FU3_REG,CODA2_REG_0_,DFF_Q_FU3_REG -> U248 -> U244 -> U223 -> U201 -> U283 -> U209 -> CODA2_REG_0_,b03
8,3.0,12,1,4,0,1,0,DFF_Q_FU3_REG,CODA2_REG_0_,DFF_Q_FU3_REG -> U248 -> U244 -> U223 -> U202 -> U282 -> U209 -> CODA2_REG_0_,b03
8,3.375,11,0,4,1,1,0,DFF_Q_FU3_REG,CODA2_REG_0_,DFF_Q_FU3_REG -> U248 -> U244 -> U223 -> U255 -> U284 -> U209 -> CODA2_REG_0_,b03
10,2.4,15,1,6,1,0,0,DFF_Q_FU3_REG,CODA3_REG_2_,DFF_Q_FU3_REG -> U245 -> U251 -> U252 -> U253 -> U223 -> U201 -> U285 -> U208 -> CODA3_REG_2_,b03
10,2.4,14,0,6,2,0,0,DFF_Q_FU3_REG,CODA3_REG_2_,DFF_Q_FU3_REG -> U245 -> U251 -> U252 -> U253 -> U223 -> U255 -> U286 -> U208 -> CODA3_REG_2_,b03
8,3.375,12,1,4,0,1,0,DFF_Q_FU3_REG,CODA3_REG_2_,DFF_Q_FU3_REG -> U248 -> U244 -> U223 -> U201 -> U285 -> U208 -> CODA3_REG_2_,b03
8,3.375,11,0,4,1,1,0,DFF_Q_FU3_REG,CODA3_REG_2_,DFF_Q_FU3_REG -> U248 -> U244 -> U223 -> U255 -> U286 -> U208 -> CODA3_REG_2_,b03
10,2.4,15,1,6,1,0,0,DFF_Q_FU3_REG,CODA3_REG_1_,DFF_Q_FU3_REG -> U245 -> U251 -> U252 -> U253 -> U223 -> U201 -> U287 -> U207 -> CODA3_REG_1_,b03
10,2.4,14,0,6,2,0,0,DFF_Q_FU3_REG,CODA3_REG_1_,DFF_Q_FU3_REG -> U245 -> U251 -> U252 -> U253 -> U223 -> U255 -> U288 -> U207 -> CODA3_REG_1_,b03
8,3.375,12,1,4,0,1,0,DFF_Q_FU3_REG,CODA3_REG_1_,DFF_Q_FU3_REG -> U248 -> U244 -> U223 -> U201 -> U287 -> U207 -> CODA3_REG_1_,b03
8,3.375,11,0,4,1,1,0,DFF_Q_FU3_REG,CODA3_REG_1_,DFF_Q_FU3_REG -> U248 -> U244 -> U223 -> U255 -> U288 -> U207 -> CODA3_REG_1_,b03
10,2.4,15,1,6,1,0,0,DFF_Q_FU3_REG,CODA3_REG_0_,DFF_Q_FU3_REG -> U245 -> U251 -> U252 -> U253 -> U223 -> U201 -> U289 -> U206 -> CODA3_REG_0_,b03
10,2.4,14,0,6,2,0,0,DFF_Q_FU3_REG,CODA3_REG_0_,DFF_Q_FU3_REG -> U245 -> U251 -> U252 -> U253 -> U223 -> U255 -> U290 -> U206 -> CODA3_REG_0_,b03
8,3.375,12,1,4,0,1,0,DFF_Q_FU3_REG,CODA3_REG_0_,DFF_Q_FU3_REG -> U248 -> U244 -> U223 -> U201 -> U289 -> U206 -> CODA3_REG_0_,b03
8,3.375,11,0,4,1,1,0,DFF_Q_FU3_REG,CODA3_REG_0_,DFF_Q_FU3_REG -> U248 -> U244 -> U223 -> U255 -> U290 -> U206 -> CODA3_REG_0_,b03
7,2.2857142857142856,9,0,3,1,1,0,DFF_Q_FU3_REG,GRANT_REG_3_,DFF_Q_FU3_REG -> U248 -> U244 -> U249 -> U296 -> U229 -> GRANT_REG_3_,b03
6,2.0,8,0,3,0,1,0,DFF_Q_FU3_REG,GRANT_REG_3_,DFF_Q_FU3_REG -> U248 -> U244 -> U295 -> U229 -> GRANT_REG_3_,b03
7,2.2857142857142856,9,0,3,1,1,0,DFF_Q_FU3_REG,GRANT_REG_2_,DFF_Q_FU3_REG -> U248 -> U244 -> U249 -> U298 -> U230 -> GRANT_REG_2_,b03
6,2.0,8,0,3,0,1,0,DFF_Q_FU3_REG,GRANT_REG_2_,DFF_Q_FU3_REG -> U248 -> U244 -> U297 -> U230 -> GRANT_REG_2_,b03
7,2.2857142857142856,9,0,3,1,1,0,DFF_Q_FU3_REG,GRANT_REG_1_,DFF_Q_FU3_REG -> U248 -> U244 -> U249 -> U300 -> U231 -> GRANT_REG_1_,b03
6,2.0,8,0,3,0,1,0,DFF_Q_FU3_REG,GRANT_REG_1_,DFF_Q_FU3_REG -> U248 -> U244 -> U299 -> U231 -> GRANT_REG_1_,b03
7,2.2857142857142856,9,0,3,1,1,0,DFF_Q_FU3_REG,GRANT_REG_0_,DFF_Q_FU3_REG -> U248 -> U244 -> U249 -> U302 -> U232 -> GRANT_REG_0_,b03
6,2.0,8,0,3,0,1,0,DFF_Q_FU3_REG,GRANT_REG_0_,DFF_Q_FU3_REG -> U248 -> U244 -> U301 -> U232 -> GRANT_REG_0_,b03
4,1.25,4,0,2,0,0,0,DFF_Q_FU3_REG,FU3_REG,DFF_Q_FU3_REG -> U313 -> U238 -> FU3_REG,b03
8,3.0,11,1,4,1,0,0,DFF_Q_RU1_REG,CODA0_REG_2_,DFF_Q_RU1_REG -> U221 -> U253 -> U223 -> U201 -> U258 -> U217 -> CODA0_REG_2_,b03
8,2.625,11,1,4,1,0,0,DFF_Q_RU1_REG,CODA0_REG_2_,DFF_Q_RU1_REG -> U221 -> U253 -> U223 -> U202 -> U259 -> U217 -> CODA0_REG_2_,b03
8,3.0,10,0,4,2,0,0,DFF_Q_RU1_REG,CODA0_REG_2_,DFF_Q_RU1_REG -> U221 -> U253 -> U223 -> U255 -> U260 -> U217 -> CODA0_REG_2_,b03
6,1.5,7,0,3,1,0,0,DFF_Q_RU1_REG,CODA0_REG_2_,DFF_Q_RU1_REG -> U221 -> U257 -> U258 -> U217 -> CODA0_REG_2_,b03
9,2.6666666666666665,13,1,5,1,0,0,DFF_Q_RU1_REG,CODA0_REG_2_,DFF_Q_RU1_REG -> U222 -> U247 -> U254 -> U223 -> U201 -> U258 -> U217 -> CODA0_REG_2_,b03
9,2.3333333333333335,13,1,5,1,0,0,DFF_Q_RU1_REG,CODA0_REG_2_,DFF_Q_RU1_REG -> U222 -> U247 -> U254 -> U223 -> U202 -> U259 -> U217 -> CODA0_REG_2_,b03
9,2.6666666666666665,12,0,5,2,0,0,DFF_Q_RU1_REG,CODA0_REG_2_,DFF_Q_RU1_REG -> U222 -> U247 -> U254 -> U223 -> U255 -> U260 -> U217 -> CODA0_REG_2_,b03
8,3.0,11,1,4,1,0,0,DFF_Q_RU1_REG,CODA0_REG_1_,DFF_Q_RU1_REG -> U221 -> U253 -> U223 -> U201 -> U261 -> U216 -> CODA0_REG_1_,b03
8,2.625,11,1,4,1,0,0,DFF_Q_RU1_REG,CODA0_REG_1_,DFF_Q_RU1_REG -> U221 -> U253 -> U223 -> U202 -> U262 -> U216 -> CODA0_REG_1_,b03
8,3.0,10,0,4,2,0,0,DFF_Q_RU1_REG,CODA0_REG_1_,DFF_Q_RU1_REG -> U221 -> U253 -> U223 -> U255 -> U263 -> U216 -> CODA0_REG_1_,b03
5,1.6,5,0,2,1,0,0,DFF_Q_RU1_REG,CODA0_REG_1_,DFF_Q_RU1_REG -> U221 -> U261 -> U216 -> CODA0_REG_1_,b03
9,2.6666666666666665,13,1,5,1,0,0,DFF_Q_RU1_REG,CODA0_REG_1_,DFF_Q_RU1_REG -> U222 -> U247 -> U254 -> U223 -> U201 -> U261 -> U216 -> CODA0_REG_1_,b03
9,2.3333333333333335,13,1,5,1,0,0,DFF_Q_RU1_REG,CODA0_REG_1_,DFF_Q_RU1_REG -> U222 -> U247 -> U254 -> U223 -> U202 -> U262 -> U216 -> CODA0_REG_1_,b03
9,2.6666666666666665,12,0,5,2,0,0,DFF_Q_RU1_REG,CODA0_REG_1_,DFF_Q_RU1_REG -> U222 -> U247 -> U254 -> U223 -> U255 -> U263 -> U216 -> CODA0_REG_1_,b03
8,3.0,11,1,4,1,0,0,DFF_Q_RU1_REG,CODA0_REG_0_,DFF_Q_RU1_REG -> U221 -> U253 -> U223 -> U201 -> U264 -> U215 -> CODA0_REG_0_,b03
8,2.625,11,1,4,1,0,0,DFF_Q_RU1_REG,CODA0_REG_0_,DFF_Q_RU1_REG -> U221 -> U253 -> U223 -> U202 -> U265 -> U215 -> CODA0_REG_0_,b03
8,3.0,10,0,4,2,0,0,DFF_Q_RU1_REG,CODA0_REG_0_,DFF_Q_RU1_REG -> U221 -> U253 -> U223 -> U255 -> U266 -> U215 -> CODA0_REG_0_,b03
5,1.6,5,0,2,1,0,0,DFF_Q_RU1_REG,CODA0_REG_0_,DFF_Q_RU1_REG -> U221 -> U264 -> U215 -> CODA0_REG_0_,b03
9,2.6666666666666665,13,1,5,1,0,0,DFF_Q_RU1_REG,CODA0_REG_0_,DFF_Q_RU1_REG -> U222 -> U247 -> U254 -> U223 -> U201 -> U264 -> U215 -> CODA0_REG_0_,b03
9,2.3333333333333335,13,1,5,1,0,0,DFF_Q_RU1_REG,CODA0_REG_0_,DFF_Q_RU1_REG -> U222 -> U247 -> U254 -> U223 -> U202 -> U265 -> U215 -> CODA0_REG_0_,b03
9,2.6666666666666665,12,0,5,2,0,0,DFF_Q_RU1_REG,CODA0_REG_0_,DFF_Q_RU1_REG -> U222 -> U247 -> U254 -> U223 -> U255 -> U266 -> U215 -> CODA0_REG_0_,b03
8,3.0,11,1,4,1,0,0,DFF_Q_RU1_REG,CODA1_REG_2_,DFF_Q_RU1_REG -> U221 -> U253 -> U223 -> U201 -> U268 -> U214 -> CODA1_REG_2_,b03
8,2.625,11,1,4,1,0,0,DFF_Q_RU1_REG,CODA1_REG_2_,DFF_Q_RU1_REG -> U221 -> U253 -> U223 -> U202 -> U267 -> U214 -> CODA1_REG_2_,b03
8,3.0,10,0,4,2,0,0,DFF_Q_RU1_REG,CODA1_REG_2_,DFF_Q_RU1_REG -> U221 -> U253 -> U223 -> U255 -> U269 -> U214 -> CODA1_REG_2_,b03
9,2.6666666666666665,13,1,5,1,0,0,DFF_Q_RU1_REG,CODA1_REG_2_,DFF_Q_RU1_REG -> U222 -> U247 -> U254 -> U223 -> U201 -> U268 -> U214 -> CODA1_REG_2_,b03
9,2.3333333333333335,13,1,5,1,0,0,DFF_Q_RU1_REG,CODA1_REG_2_,DFF_Q_RU1_REG -> U222 -> U247 -> U254 -> U223 -> U202 -> U267 -> U214 -> CODA1_REG_2_,b03
9,2.6666666666666665,12,0,5,2,0,0,DFF_Q_RU1_REG,CODA1_REG_2_,DFF_Q_RU1_REG -> U222 -> U247 -> U254 -> U223 -> U255 -> U269 -> U214 -> CODA1_REG_2_,b03
8,3.0,11,1,4,1,0,0,DFF_Q_RU1_REG,CODA1_REG_1_,DFF_Q_RU1_REG -> U221 -> U253 -> U223 -> U201 -> U271 -> U213 -> CODA1_REG_1_,b03
8,2.625,11,1,4,1,0,0,DFF_Q_RU1_REG,CODA1_REG_1_,DFF_Q_RU1_REG -> U221 -> U253 -> U223 -> U202 -> U270 -> U213 -> CODA1_REG_1_,b03
8,3.0,10,0,4,2,0,0,DFF_Q_RU1_REG,CODA1_REG_1_,DFF_Q_RU1_REG -> U221 -> U253 -> U223 -> U255 -> U272 -> U213 -> CODA1_REG_1_,b03
9,2.6666666666666665,13,1,5,1,0,0,DFF_Q_RU1_REG,CODA1_REG_1_,DFF_Q_RU1_REG -> U222 -> U247 -> U254 -> U223 -> U201 -> U271 -> U213 -> CODA1_REG_1_,b03
9,2.3333333333333335,13,1,5,1,0,0,DFF_Q_RU1_REG,CODA1_REG_1_,DFF_Q_RU1_REG -> U222 -> U247 -> U254 -> U223 -> U202 -> U270 -> U213 -> CODA1_REG_1_,b03
9,2.6666666666666665,12,0,5,2,0,0,DFF_Q_RU1_REG,CODA1_REG_1_,DFF_Q_RU1_REG -> U222 -> U247 -> U254 -> U223 -> U255 -> U272 -> U213 -> CODA1_REG_1_,b03
8,3.0,11,1,4,1,0,0,DFF_Q_RU1_REG,CODA1_REG_0_,DFF_Q_RU1_REG -> U221 -> U253 -> U223 -> U201 -> U274 -> U212 -> CODA1_REG_0_,b03
8,2.625,11,1,4,1,0,0,DFF_Q_RU1_REG,CODA1_REG_0_,DFF_Q_RU1_REG -> U221 -> U253 -> U223 -> U202 -> U273 -> U212 -> CODA1_REG_0_,b03
8,3.0,10,0,4,2,0,0,DFF_Q_RU1_REG,CODA1_REG_0_,DFF_Q_RU1_REG -> U221 -> U253 -> U223 -> U255 -> U275 -> U212 -> CODA1_REG_0_,b03
9,2.6666666666666665,13,1,5,1,0,0,DFF_Q_RU1_REG,CODA1_REG_0_,DFF_Q_RU1_REG -> U222 -> U247 -> U254 -> U223 -> U201 -> U274 -> U212 -> CODA1_REG_0_,b03
9,2.3333333333333335,13,1,5,1,0,0,DFF_Q_RU1_REG,CODA1_REG_0_,DFF_Q_RU1_REG -> U222 -> U247 -> U254 -> U223 -> U202 -> U273 -> U212 -> CODA1_REG_0_,b03
9,2.6666666666666665,12,0,5,2,0,0,DFF_Q_RU1_REG,CODA1_REG_0_,DFF_Q_RU1_REG -> U222 -> U247 -> U254 -> U223 -> U255 -> U275 -> U212 -> CODA1_REG_0_,b03
8,3.0,11,1,4,1,0,0,DFF_Q_RU1_REG,CODA2_REG_2_,DFF_Q_RU1_REG -> U221 -> U253 -> U223 -> U201 -> U277 -> U211 -> CODA2_REG_2_,b03
8,2.625,11,1,4,1,0,0,DFF_Q_RU1_REG,CODA2_REG_2_,DFF_Q_RU1_REG -> U221 -> U253 -> U223 -> U202 -> U276 -> U211 -> CODA2_REG_2_,b03
8,3.0,10,0,4,2,0,0,DFF_Q_RU1_REG,CODA2_REG_2_,DFF_Q_RU1_REG -> U221 -> U253 -> U223 -> U255 -> U278 -> U211 -> CODA2_REG_2_,b03
9,2.6666666666666665,13,1,5,1,0,0,DFF_Q_RU1_REG,CODA2_REG_2_,DFF_Q_RU1_REG -> U222 -> U247 -> U254 -> U223 -> U201 -> U277 -> U211 -> CODA2_REG_2_,b03
9,2.3333333333333335,13,1,5,1,0,0,DFF_Q_RU1_REG,CODA2_REG_2_,DFF_Q_RU1_REG -> U222 -> U247 -> U254 -> U223 -> U202 -> U276 -> U211 -> CODA2_REG_2_,b03
9,2.6666666666666665,12,0,5,2,0,0,DFF_Q_RU1_REG,CODA2_REG_2_,DFF_Q_RU1_REG -> U222 -> U247 -> U254 -> U223 -> U255 -> U278 -> U211 -> CODA2_REG_2_,b03
8,3.0,11,1,4,1,0,0,DFF_Q_RU1_REG,CODA2_REG_1_,DFF_Q_RU1_REG -> U221 -> U253 -> U223 -> U201 -> U280 -> U210 -> CODA2_REG_1_,b03
8,2.625,11,1,4,1,0,0,DFF_Q_RU1_REG,CODA2_REG_1_,DFF_Q_RU1_REG -> U221 -> U253 -> U223 -> U202 -> U279 -> U210 -> CODA2_REG_1_,b03
8,3.0,10,0,4,2,0,0,DFF_Q_RU1_REG,CODA2_REG_1_,DFF_Q_RU1_REG -> U221 -> U253 -> U223 -> U255 -> U281 -> U210 -> CODA2_REG_1_,b03
9,2.6666666666666665,13,1,5,1,0,0,DFF_Q_RU1_REG,CODA2_REG_1_,DFF_Q_RU1_REG -> U222 -> U247 -> U254 -> U223 -> U201 -> U280 -> U210 -> CODA2_REG_1_,b03
9,2.3333333333333335,13,1,5,1,0,0,DFF_Q_RU1_REG,CODA2_REG_1_,DFF_Q_RU1_REG -> U222 -> U247 -> U254 -> U223 -> U202 -> U279 -> U210 -> CODA2_REG_1_,b03
9,2.6666666666666665,12,0,5,2,0,0,DFF_Q_RU1_REG,CODA2_REG_1_,DFF_Q_RU1_REG -> U222 -> U247 -> U254 -> U223 -> U255 -> U281 -> U210 -> CODA2_REG_1_,b03
8,3.0,11,1,4,1,0,0,DFF_Q_RU1_REG,CODA2_REG_0_,DFF_Q_RU1_REG -> U221 -> U253 -> U223 -> U201 -> U283 -> U209 -> CODA2_REG_0_,b03
8,2.625,11,1,4,1,0,0,DFF_Q_RU1_REG,CODA2_REG_0_,DFF_Q_RU1_REG -> U221 -> U253 -> U223 -> U202 -> U282 -> U209 -> CODA2_REG_0_,b03
8,3.0,10,0,4,2,0,0,DFF_Q_RU1_REG,CODA2_REG_0_,DFF_Q_RU1_REG -> U221 -> U253 -> U223 -> U255 -> U284 -> U209 -> CODA2_REG_0_,b03
9,2.6666666666666665,13,1,5,1,0,0,DFF_Q_RU1_REG,CODA2_REG_0_,DFF_Q_RU1_REG -> U222 -> U247 -> U254 -> U223 -> U201 -> U283 -> U209 -> CODA2_REG_0_,b03
9,2.3333333333333335,13,1,5,1,0,0,DFF_Q_RU1_REG,CODA2_REG_0_,DFF_Q_RU1_REG -> U222 -> U247 -> U254 -> U223 -> U202 -> U282 -> U209 -> CODA2_REG_0_,b03
9,2.6666666666666665,12,0,5,2,0,0,DFF_Q_RU1_REG,CODA2_REG_0_,DFF_Q_RU1_REG -> U222 -> U247 -> U254 -> U223 -> U255 -> U284 -> U209 -> CODA2_REG_0_,b03
8,3.0,11,1,4,1,0,0,DFF_Q_RU1_REG,CODA3_REG_2_,DFF_Q_RU1_REG -> U221 -> U253 -> U223 -> U201 -> U285 -> U208 -> CODA3_REG_2_,b03
8,3.0,10,0,4,2,0,0,DFF_Q_RU1_REG,CODA3_REG_2_,DFF_Q_RU1_REG -> U221 -> U253 -> U223 -> U255 -> U286 -> U208 -> CODA3_REG_2_,b03
9,2.6666666666666665,13,1,5,1,0,0,DFF_Q_RU1_REG,CODA3_REG_2_,DFF_Q_RU1_REG -> U222 -> U247 -> U254 -> U223 -> U201 -> U285 -> U208 -> CODA3_REG_2_,b03
9,2.6666666666666665,12,0,5,2,0,0,DFF_Q_RU1_REG,CODA3_REG_2_,DFF_Q_RU1_REG -> U222 -> U247 -> U254 -> U223 -> U255 -> U286 -> U208 -> CODA3_REG_2_,b03
8,3.0,11,1,4,1,0,0,DFF_Q_RU1_REG,CODA3_REG_1_,DFF_Q_RU1_REG -> U221 -> U253 -> U223 -> U201 -> U287 -> U207 -> CODA3_REG_1_,b03
8,3.0,10,0,4,2,0,0,DFF_Q_RU1_REG,CODA3_REG_1_,DFF_Q_RU1_REG -> U221 -> U253 -> U223 -> U255 -> U288 -> U207 -> CODA3_REG_1_,b03
9,2.6666666666666665,13,1,5,1,0,0,DFF_Q_RU1_REG,CODA3_REG_1_,DFF_Q_RU1_REG -> U222 -> U247 -> U254 -> U223 -> U201 -> U287 -> U207 -> CODA3_REG_1_,b03
9,2.6666666666666665,12,0,5,2,0,0,DFF_Q_RU1_REG,CODA3_REG_1_,DFF_Q_RU1_REG -> U222 -> U247 -> U254 -> U223 -> U255 -> U288 -> U207 -> CODA3_REG_1_,b03
8,3.0,11,1,4,1,0,0,DFF_Q_RU1_REG,CODA3_REG_0_,DFF_Q_RU1_REG -> U221 -> U253 -> U223 -> U201 -> U289 -> U206 -> CODA3_REG_0_,b03
8,3.0,10,0,4,2,0,0,DFF_Q_RU1_REG,CODA3_REG_0_,DFF_Q_RU1_REG -> U221 -> U253 -> U223 -> U255 -> U290 -> U206 -> CODA3_REG_0_,b03
9,2.6666666666666665,13,1,5,1,0,0,DFF_Q_RU1_REG,CODA3_REG_0_,DFF_Q_RU1_REG -> U222 -> U247 -> U254 -> U223 -> U201 -> U289 -> U206 -> CODA3_REG_0_,b03
9,2.6666666666666665,12,0,5,2,0,0,DFF_Q_RU1_REG,CODA3_REG_0_,DFF_Q_RU1_REG -> U222 -> U247 -> U254 -> U223 -> U255 -> U290 -> U206 -> CODA3_REG_0_,b03
4,1.5,4,0,2,0,0,0,DFF_Q_RU1_REG,FU1_REG,DFF_Q_RU1_REG -> U222 -> U205 -> FU1_REG,b03
4,1.5,4,0,2,0,0,0,DFF_Q_RU1_REG,RU1_REG,DFF_Q_RU1_REG -> U222 -> U204 -> RU1_REG,b03
9,2.5555555555555554,14,1,6,0,0,0,DFF_Q_RU4_REG,CODA0_REG_2_,DFF_Q_RU4_REG -> U294 -> U252 -> U253 -> U223 -> U201 -> U258 -> U217 -> CODA0_REG_2_,b03
9,2.2222222222222223,14,1,6,0,0,0,DFF_Q_RU4_REG,CODA0_REG_2_,DFF_Q_RU4_REG -> U294 -> U252 -> U253 -> U223 -> U202 -> U259 -> U217 -> CODA0_REG_2_,b03
9,2.5555555555555554,13,0,6,1,0,0,DFF_Q_RU4_REG,CODA0_REG_2_,DFF_Q_RU4_REG -> U294 -> U252 -> U253 -> U223 -> U255 -> U260 -> U217 -> CODA0_REG_2_,b03
9,2.5555555555555554,14,1,6,0,0,0,DFF_Q_RU4_REG,CODA0_REG_1_,DFF_Q_RU4_REG -> U294 -> U252 -> U253 -> U223 -> U201 -> U261 -> U216 -> CODA0_REG_1_,b03
9,2.2222222222222223,14,1,6,0,0,0,DFF_Q_RU4_REG,CODA0_REG_1_,DFF_Q_RU4_REG -> U294 -> U252 -> U253 -> U223 -> U202 -> U262 -> U216 -> CODA0_REG_1_,b03
9,2.5555555555555554,13,0,6,1,0,0,DFF_Q_RU4_REG,CODA0_REG_1_,DFF_Q_RU4_REG -> U294 -> U252 -> U253 -> U223 -> U255 -> U263 -> U216 -> CODA0_REG_1_,b03
9,2.5555555555555554,14,1,6,0,0,0,DFF_Q_RU4_REG,CODA0_REG_0_,DFF_Q_RU4_REG -> U294 -> U252 -> U253 -> U223 -> U201 -> U264 -> U215 -> CODA0_REG_0_,b03
9,2.2222222222222223,14,1,6,0,0,0,DFF_Q_RU4_REG,CODA0_REG_0_,DFF_Q_RU4_REG -> U294 -> U252 -> U253 -> U223 -> U202 -> U265 -> U215 -> CODA0_REG_0_,b03
9,2.5555555555555554,13,0,6,1,0,0,DFF_Q_RU4_REG,CODA0_REG_0_,DFF_Q_RU4_REG -> U294 -> U252 -> U253 -> U223 -> U255 -> U266 -> U215 -> CODA0_REG_0_,b03
9,2.5555555555555554,14,1,6,0,0,0,DFF_Q_RU4_REG,CODA1_REG_2_,DFF_Q_RU4_REG -> U294 -> U252 -> U253 -> U223 -> U201 -> U268 -> U214 -> CODA1_REG_2_,b03
9,2.2222222222222223,14,1,6,0,0,0,DFF_Q_RU4_REG,CODA1_REG_2_,DFF_Q_RU4_REG -> U294 -> U252 -> U253 -> U223 -> U202 -> U267 -> U214 -> CODA1_REG_2_,b03
9,2.5555555555555554,13,0,6,1,0,0,DFF_Q_RU4_REG,CODA1_REG_2_,DFF_Q_RU4_REG -> U294 -> U252 -> U253 -> U223 -> U255 -> U269 -> U214 -> CODA1_REG_2_,b03
9,2.5555555555555554,14,1,6,0,0,0,DFF_Q_RU4_REG,CODA1_REG_1_,DFF_Q_RU4_REG -> U294 -> U252 -> U253 -> U223 -> U201 -> U271 -> U213 -> CODA1_REG_1_,b03
9,2.2222222222222223,14,1,6,0,0,0,DFF_Q_RU4_REG,CODA1_REG_1_,DFF_Q_RU4_REG -> U294 -> U252 -> U253 -> U223 -> U202 -> U270 -> U213 -> CODA1_REG_1_,b03
9,2.5555555555555554,13,0,6,1,0,0,DFF_Q_RU4_REG,CODA1_REG_1_,DFF_Q_RU4_REG -> U294 -> U252 -> U253 -> U223 -> U255 -> U272 -> U213 -> CODA1_REG_1_,b03
9,2.5555555555555554,14,1,6,0,0,0,DFF_Q_RU4_REG,CODA1_REG_0_,DFF_Q_RU4_REG -> U294 -> U252 -> U253 -> U223 -> U201 -> U274 -> U212 -> CODA1_REG_0_,b03
9,2.2222222222222223,14,1,6,0,0,0,DFF_Q_RU4_REG,CODA1_REG_0_,DFF_Q_RU4_REG -> U294 -> U252 -> U253 -> U223 -> U202 -> U273 -> U212 -> CODA1_REG_0_,b03
9,2.5555555555555554,13,0,6,1,0,0,DFF_Q_RU4_REG,CODA1_REG_0_,DFF_Q_RU4_REG -> U294 -> U252 -> U253 -> U223 -> U255 -> U275 -> U212 -> CODA1_REG_0_,b03
9,2.5555555555555554,14,1,6,0,0,0,DFF_Q_RU4_REG,CODA2_REG_2_,DFF_Q_RU4_REG -> U294 -> U252 -> U253 -> U223 -> U201 -> U277 -> U211 -> CODA2_REG_2_,b03
9,2.2222222222222223,14,1,6,0,0,0,DFF_Q_RU4_REG,CODA2_REG_2_,DFF_Q_RU4_REG -> U294 -> U252 -> U253 -> U223 -> U202 -> U276 -> U211 -> CODA2_REG_2_,b03
9,2.5555555555555554,13,0,6,1,0,0,DFF_Q_RU4_REG,CODA2_REG_2_,DFF_Q_RU4_REG -> U294 -> U252 -> U253 -> U223 -> U255 -> U278 -> U211 -> CODA2_REG_2_,b03
9,2.5555555555555554,14,1,6,0,0,0,DFF_Q_RU4_REG,CODA2_REG_1_,DFF_Q_RU4_REG -> U294 -> U252 -> U253 -> U223 -> U201 -> U280 -> U210 -> CODA2_REG_1_,b03
9,2.2222222222222223,14,1,6,0,0,0,DFF_Q_RU4_REG,CODA2_REG_1_,DFF_Q_RU4_REG -> U294 -> U252 -> U253 -> U223 -> U202 -> U279 -> U210 -> CODA2_REG_1_,b03
9,2.5555555555555554,13,0,6,1,0,0,DFF_Q_RU4_REG,CODA2_REG_1_,DFF_Q_RU4_REG -> U294 -> U252 -> U253 -> U223 -> U255 -> U281 -> U210 -> CODA2_REG_1_,b03
9,2.5555555555555554,14,1,6,0,0,0,DFF_Q_RU4_REG,CODA2_REG_0_,DFF_Q_RU4_REG -> U294 -> U252 -> U253 -> U223 -> U201 -> U283 -> U209 -> CODA2_REG_0_,b03
9,2.2222222222222223,14,1,6,0,0,0,DFF_Q_RU4_REG,CODA2_REG_0_,DFF_Q_RU4_REG -> U294 -> U252 -> U253 -> U223 -> U202 -> U282 -> U209 -> CODA2_REG_0_,b03
9,2.5555555555555554,13,0,6,1,0,0,DFF_Q_RU4_REG,CODA2_REG_0_,DFF_Q_RU4_REG -> U294 -> U252 -> U253 -> U223 -> U255 -> U284 -> U209 -> CODA2_REG_0_,b03
9,2.5555555555555554,14,1,6,0,0,0,DFF_Q_RU4_REG,CODA3_REG_2_,DFF_Q_RU4_REG -> U294 -> U252 -> U253 -> U223 -> U201 -> U285 -> U208 -> CODA3_REG_2_,b03
9,2.5555555555555554,13,0,6,1,0,0,DFF_Q_RU4_REG,CODA3_REG_2_,DFF_Q_RU4_REG -> U294 -> U252 -> U253 -> U223 -> U255 -> U286 -> U208 -> CODA3_REG_2_,b03
9,2.5555555555555554,14,1,6,0,0,0,DFF_Q_RU4_REG,CODA3_REG_1_,DFF_Q_RU4_REG -> U294 -> U252 -> U253 -> U223 -> U201 -> U287 -> U207 -> CODA3_REG_1_,b03
9,2.5555555555555554,13,0,6,1,0,0,DFF_Q_RU4_REG,CODA3_REG_1_,DFF_Q_RU4_REG -> U294 -> U252 -> U253 -> U223 -> U255 -> U288 -> U207 -> CODA3_REG_1_,b03
9,2.5555555555555554,14,1,6,0,0,0,DFF_Q_RU4_REG,CODA3_REG_0_,DFF_Q_RU4_REG -> U294 -> U252 -> U253 -> U223 -> U201 -> U289 -> U206 -> CODA3_REG_0_,b03
9,2.5555555555555554,13,0,6,1,0,0,DFF_Q_RU4_REG,CODA3_REG_0_,DFF_Q_RU4_REG -> U294 -> U252 -> U253 -> U223 -> U255 -> U290 -> U206 -> CODA3_REG_0_,b03
4,1.25,4,0,2,0,0,0,DFF_Q_RU4_REG,RU4_REG,DFF_Q_RU4_REG -> U316 -> U239 -> RU4_REG,b03
4,1.25,4,0,2,0,0,0,DFF_Q_RU4_REG,FU4_REG,DFF_Q_RU4_REG -> U320 -> U241 -> FU4_REG,b03
10,2.4,15,1,6,1,0,0,DFF_Q_FU2_REG,CODA0_REG_2_,DFF_Q_FU2_REG -> U228 -> U293 -> U252 -> U253 -> U223 -> U201 -> U258 -> U217 -> CODA0_REG_2_,b03
10,2.1,15,1,6,1,0,0,DFF_Q_FU2_REG,CODA0_REG_2_,DFF_Q_FU2_REG -> U228 -> U293 -> U252 -> U253 -> U223 -> U202 -> U259 -> U217 -> CODA0_REG_2_,b03
10,2.4,14,0,6,2,0,0,DFF_Q_FU2_REG,CODA0_REG_2_,DFF_Q_FU2_REG -> U228 -> U293 -> U252 -> U253 -> U223 -> U255 -> U260 -> U217 -> CODA0_REG_2_,b03
8,3.375,12,1,4,0,1,0,DFF_Q_FU2_REG,CODA0_REG_2_,DFF_Q_FU2_REG -> U248 -> U244 -> U223 -> U201 -> U258 -> U217 -> CODA0_REG_2_,b03
8,3.0,12,1,4,0,1,0,DFF_Q_FU2_REG,CODA0_REG_2_,DFF_Q_FU2_REG -> U248 -> U244 -> U223 -> U202 -> U259 -> U217 -> CODA0_REG_2_,b03
8,3.375,11,0,4,1,1,0,DFF_Q_FU2_REG,CODA0_REG_2_,DFF_Q_FU2_REG -> U248 -> U244 -> U223 -> U255 -> U260 -> U217 -> CODA0_REG_2_,b03
10,2.4,15,1,6,1,0,0,DFF_Q_FU2_REG,CODA0_REG_1_,DFF_Q_FU2_REG -> U228 -> U293 -> U252 -> U253 -> U223 -> U201 -> U261 -> U216 -> CODA0_REG_1_,b03
10,2.1,15,1,6,1,0,0,DFF_Q_FU2_REG,CODA0_REG_1_,DFF_Q_FU2_REG -> U228 -> U293 -> U252 -> U253 -> U223 -> U202 -> U262 -> U216 -> CODA0_REG_1_,b03
10,2.4,14,0,6,2,0,0,DFF_Q_FU2_REG,CODA0_REG_1_,DFF_Q_FU2_REG -> U228 -> U293 -> U252 -> U253 -> U223 -> U255 -> U263 -> U216 -> CODA0_REG_1_,b03
8,3.375,12,1,4,0,1,0,DFF_Q_FU2_REG,CODA0_REG_1_,DFF_Q_FU2_REG -> U248 -> U244 -> U223 -> U201 -> U261 -> U216 -> CODA0_REG_1_,b03
8,3.0,12,1,4,0,1,0,DFF_Q_FU2_REG,CODA0_REG_1_,DFF_Q_FU2_REG -> U248 -> U244 -> U223 -> U202 -> U262 -> U216 -> CODA0_REG_1_,b03
8,3.375,11,0,4,1,1,0,DFF_Q_FU2_REG,CODA0_REG_1_,DFF_Q_FU2_REG -> U248 -> U244 -> U223 -> U255 -> U263 -> U216 -> CODA0_REG_1_,b03
10,2.4,15,1,6,1,0,0,DFF_Q_FU2_REG,CODA0_REG_0_,DFF_Q_FU2_REG -> U228 -> U293 -> U252 -> U253 -> U223 -> U201 -> U264 -> U215 -> CODA0_REG_0_,b03
10,2.1,15,1,6,1,0,0,DFF_Q_FU2_REG,CODA0_REG_0_,DFF_Q_FU2_REG -> U228 -> U293 -> U252 -> U253 -> U223 -> U202 -> U265 -> U215 -> CODA0_REG_0_,b03
10,2.4,14,0,6,2,0,0,DFF_Q_FU2_REG,CODA0_REG_0_,DFF_Q_FU2_REG -> U228 -> U293 -> U252 -> U253 -> U223 -> U255 -> U266 -> U215 -> CODA0_REG_0_,b03
8,3.375,12,1,4,0,1,0,DFF_Q_FU2_REG,CODA0_REG_0_,DFF_Q_FU2_REG -> U248 -> U244 -> U223 -> U201 -> U264 -> U215 -> CODA0_REG_0_,b03
8,3.0,12,1,4,0,1,0,DFF_Q_FU2_REG,CODA0_REG_0_,DFF_Q_FU2_REG -> U248 -> U244 -> U223 -> U202 -> U265 -> U215 -> CODA0_REG_0_,b03
8,3.375,11,0,4,1,1,0,DFF_Q_FU2_REG,CODA0_REG_0_,DFF_Q_FU2_REG -> U248 -> U244 -> U223 -> U255 -> U266 -> U215 -> CODA0_REG_0_,b03
10,2.4,15,1,6,1,0,0,DFF_Q_FU2_REG,CODA1_REG_2_,DFF_Q_FU2_REG -> U228 -> U293 -> U252 -> U253 -> U223 -> U201 -> U268 -> U214 -> CODA1_REG_2_,b03
10,2.1,15,1,6,1,0,0,DFF_Q_FU2_REG,CODA1_REG_2_,DFF_Q_FU2_REG -> U228 -> U293 -> U252 -> U253 -> U223 -> U202 -> U267 -> U214 -> CODA1_REG_2_,b03
10,2.4,14,0,6,2,0,0,DFF_Q_FU2_REG,CODA1_REG_2_,DFF_Q_FU2_REG -> U228 -> U293 -> U252 -> U253 -> U223 -> U255 -> U269 -> U214 -> CODA1_REG_2_,b03
8,3.375,12,1,4,0,1,0,DFF_Q_FU2_REG,CODA1_REG_2_,DFF_Q_FU2_REG -> U248 -> U244 -> U223 -> U201 -> U268 -> U214 -> CODA1_REG_2_,b03
8,3.0,12,1,4,0,1,0,DFF_Q_FU2_REG,CODA1_REG_2_,DFF_Q_FU2_REG -> U248 -> U244 -> U223 -> U202 -> U267 -> U214 -> CODA1_REG_2_,b03
8,3.375,11,0,4,1,1,0,DFF_Q_FU2_REG,CODA1_REG_2_,DFF_Q_FU2_REG -> U248 -> U244 -> U223 -> U255 -> U269 -> U214 -> CODA1_REG_2_,b03
10,2.4,15,1,6,1,0,0,DFF_Q_FU2_REG,CODA1_REG_1_,DFF_Q_FU2_REG -> U228 -> U293 -> U252 -> U253 -> U223 -> U201 -> U271 -> U213 -> CODA1_REG_1_,b03
10,2.1,15,1,6,1,0,0,DFF_Q_FU2_REG,CODA1_REG_1_,DFF_Q_FU2_REG -> U228 -> U293 -> U252 -> U253 -> U223 -> U202 -> U270 -> U213 -> CODA1_REG_1_,b03
10,2.4,14,0,6,2,0,0,DFF_Q_FU2_REG,CODA1_REG_1_,DFF_Q_FU2_REG -> U228 -> U293 -> U252 -> U253 -> U223 -> U255 -> U272 -> U213 -> CODA1_REG_1_,b03
8,3.375,12,1,4,0,1,0,DFF_Q_FU2_REG,CODA1_REG_1_,DFF_Q_FU2_REG -> U248 -> U244 -> U223 -> U201 -> U271 -> U213 -> CODA1_REG_1_,b03
8,3.0,12,1,4,0,1,0,DFF_Q_FU2_REG,CODA1_REG_1_,DFF_Q_FU2_REG -> U248 -> U244 -> U223 -> U202 -> U270 -> U213 -> CODA1_REG_1_,b03
8,3.375,11,0,4,1,1,0,DFF_Q_FU2_REG,CODA1_REG_1_,DFF_Q_FU2_REG -> U248 -> U244 -> U223 -> U255 -> U272 -> U213 -> CODA1_REG_1_,b03
10,2.4,15,1,6,1,0,0,DFF_Q_FU2_REG,CODA1_REG_0_,DFF_Q_FU2_REG -> U228 -> U293 -> U252 -> U253 -> U223 -> U201 -> U274 -> U212 -> CODA1_REG_0_,b03
10,2.1,15,1,6,1,0,0,DFF_Q_FU2_REG,CODA1_REG_0_,DFF_Q_FU2_REG -> U228 -> U293 -> U252 -> U253 -> U223 -> U202 -> U273 -> U212 -> CODA1_REG_0_,b03
10,2.4,14,0,6,2,0,0,DFF_Q_FU2_REG,CODA1_REG_0_,DFF_Q_FU2_REG -> U228 -> U293 -> U252 -> U253 -> U223 -> U255 -> U275 -> U212 -> CODA1_REG_0_,b03
8,3.375,12,1,4,0,1,0,DFF_Q_FU2_REG,CODA1_REG_0_,DFF_Q_FU2_REG -> U248 -> U244 -> U223 -> U201 -> U274 -> U212 -> CODA1_REG_0_,b03
8,3.0,12,1,4,0,1,0,DFF_Q_FU2_REG,CODA1_REG_0_,DFF_Q_FU2_REG -> U248 -> U244 -> U223 -> U202 -> U273 -> U212 -> CODA1_REG_0_,b03
8,3.375,11,0,4,1,1,0,DFF_Q_FU2_REG,CODA1_REG_0_,DFF_Q_FU2_REG -> U248 -> U244 -> U223 -> U255 -> U275 -> U212 -> CODA1_REG_0_,b03
10,2.4,15,1,6,1,0,0,DFF_Q_FU2_REG,CODA2_REG_2_,DFF_Q_FU2_REG -> U228 -> U293 -> U252 -> U253 -> U223 -> U201 -> U277 -> U211 -> CODA2_REG_2_,b03
10,2.1,15,1,6,1,0,0,DFF_Q_FU2_REG,CODA2_REG_2_,DFF_Q_FU2_REG -> U228 -> U293 -> U252 -> U253 -> U223 -> U202 -> U276 -> U211 -> CODA2_REG_2_,b03
10,2.4,14,0,6,2,0,0,DFF_Q_FU2_REG,CODA2_REG_2_,DFF_Q_FU2_REG -> U228 -> U293 -> U252 -> U253 -> U223 -> U255 -> U278 -> U211 -> CODA2_REG_2_,b03
8,3.375,12,1,4,0,1,0,DFF_Q_FU2_REG,CODA2_REG_2_,DFF_Q_FU2_REG -> U248 -> U244 -> U223 -> U201 -> U277 -> U211 -> CODA2_REG_2_,b03
8,3.0,12,1,4,0,1,0,DFF_Q_FU2_REG,CODA2_REG_2_,DFF_Q_FU2_REG -> U248 -> U244 -> U223 -> U202 -> U276 -> U211 -> CODA2_REG_2_,b03
8,3.375,11,0,4,1,1,0,DFF_Q_FU2_REG,CODA2_REG_2_,DFF_Q_FU2_REG -> U248 -> U244 -> U223 -> U255 -> U278 -> U211 -> CODA2_REG_2_,b03
10,2.4,15,1,6,1,0,0,DFF_Q_FU2_REG,CODA2_REG_1_,DFF_Q_FU2_REG -> U228 -> U293 -> U252 -> U253 -> U223 -> U201 -> U280 -> U210 -> CODA2_REG_1_,b03
10,2.1,15,1,6,1,0,0,DFF_Q_FU2_REG,CODA2_REG_1_,DFF_Q_FU2_REG -> U228 -> U293 -> U252 -> U253 -> U223 -> U202 -> U279 -> U210 -> CODA2_REG_1_,b03
10,2.4,14,0,6,2,0,0,DFF_Q_FU2_REG,CODA2_REG_1_,DFF_Q_FU2_REG -> U228 -> U293 -> U252 -> U253 -> U223 -> U255 -> U281 -> U210 -> CODA2_REG_1_,b03
8,3.375,12,1,4,0,1,0,DFF_Q_FU2_REG,CODA2_REG_1_,DFF_Q_FU2_REG -> U248 -> U244 -> U223 -> U201 -> U280 -> U210 -> CODA2_REG_1_,b03
8,3.0,12,1,4,0,1,0,DFF_Q_FU2_REG,CODA2_REG_1_,DFF_Q_FU2_REG -> U248 -> U244 -> U223 -> U202 -> U279 -> U210 -> CODA2_REG_1_,b03
8,3.375,11,0,4,1,1,0,DFF_Q_FU2_REG,CODA2_REG_1_,DFF_Q_FU2_REG -> U248 -> U244 -> U223 -> U255 -> U281 -> U210 -> CODA2_REG_1_,b03
10,2.4,15,1,6,1,0,0,DFF_Q_FU2_REG,CODA2_REG_0_,DFF_Q_FU2_REG -> U228 -> U293 -> U252 -> U253 -> U223 -> U201 -> U283 -> U209 -> CODA2_REG_0_,b03
10,2.1,15,1,6,1,0,0,DFF_Q_FU2_REG,CODA2_REG_0_,DFF_Q_FU2_REG -> U228 -> U293 -> U252 -> U253 -> U223 -> U202 -> U282 -> U209 -> CODA2_REG_0_,b03
10,2.4,14,0,6,2,0,0,DFF_Q_FU2_REG,CODA2_REG_0_,DFF_Q_FU2_REG -> U228 -> U293 -> U252 -> U253 -> U223 -> U255 -> U284 -> U209 -> CODA2_REG_0_,b03
8,3.375,12,1,4,0,1,0,DFF_Q_FU2_REG,CODA2_REG_0_,DFF_Q_FU2_REG -> U248 -> U244 -> U223 -> U201 -> U283 -> U209 -> CODA2_REG_0_,b03
8,3.0,12,1,4,0,1,0,DFF_Q_FU2_REG,CODA2_REG_0_,DFF_Q_FU2_REG -> U248 -> U244 -> U223 -> U202 -> U282 -> U209 -> CODA2_REG_0_,b03
8,3.375,11,0,4,1,1,0,DFF_Q_FU2_REG,CODA2_REG_0_,DFF_Q_FU2_REG -> U248 -> U244 -> U223 -> U255 -> U284 -> U209 -> CODA2_REG_0_,b03
10,2.4,15,1,6,1,0,0,DFF_Q_FU2_REG,CODA3_REG_2_,DFF_Q_FU2_REG -> U228 -> U293 -> U252 -> U253 -> U223 -> U201 -> U285 -> U208 -> CODA3_REG_2_,b03
10,2.4,14,0,6,2,0,0,DFF_Q_FU2_REG,CODA3_REG_2_,DFF_Q_FU2_REG -> U228 -> U293 -> U252 -> U253 -> U223 -> U255 -> U286 -> U208 -> CODA3_REG_2_,b03
8,3.375,12,1,4,0,1,0,DFF_Q_FU2_REG,CODA3_REG_2_,DFF_Q_FU2_REG -> U248 -> U244 -> U223 -> U201 -> U285 -> U208 -> CODA3_REG_2_,b03
8,3.375,11,0,4,1,1,0,DFF_Q_FU2_REG,CODA3_REG_2_,DFF_Q_FU2_REG -> U248 -> U244 -> U223 -> U255 -> U286 -> U208 -> CODA3_REG_2_,b03
10,2.4,15,1,6,1,0,0,DFF_Q_FU2_REG,CODA3_REG_1_,DFF_Q_FU2_REG -> U228 -> U293 -> U252 -> U253 -> U223 -> U201 -> U287 -> U207 -> CODA3_REG_1_,b03
10,2.4,14,0,6,2,0,0,DFF_Q_FU2_REG,CODA3_REG_1_,DFF_Q_FU2_REG -> U228 -> U293 -> U252 -> U253 -> U223 -> U255 -> U288 -> U207 -> CODA3_REG_1_,b03
8,3.375,12,1,4,0,1,0,DFF_Q_FU2_REG,CODA3_REG_1_,DFF_Q_FU2_REG -> U248 -> U244 -> U223 -> U201 -> U287 -> U207 -> CODA3_REG_1_,b03
8,3.375,11,0,4,1,1,0,DFF_Q_FU2_REG,CODA3_REG_1_,DFF_Q_FU2_REG -> U248 -> U244 -> U223 -> U255 -> U288 -> U207 -> CODA3_REG_1_,b03
10,2.4,15,1,6,1,0,0,DFF_Q_FU2_REG,CODA3_REG_0_,DFF_Q_FU2_REG -> U228 -> U293 -> U252 -> U253 -> U223 -> U201 -> U289 -> U206 -> CODA3_REG_0_,b03
10,2.4,14,0,6,2,0,0,DFF_Q_FU2_REG,CODA3_REG_0_,DFF_Q_FU2_REG -> U228 -> U293 -> U252 -> U253 -> U223 -> U255 -> U290 -> U206 -> CODA3_REG_0_,b03
8,3.375,12,1,4,0,1,0,DFF_Q_FU2_REG,CODA3_REG_0_,DFF_Q_FU2_REG -> U248 -> U244 -> U223 -> U201 -> U289 -> U206 -> CODA3_REG_0_,b03
8,3.375,11,0,4,1,1,0,DFF_Q_FU2_REG,CODA3_REG_0_,DFF_Q_FU2_REG -> U248 -> U244 -> U223 -> U255 -> U290 -> U206 -> CODA3_REG_0_,b03
7,2.2857142857142856,9,0,3,1,1,0,DFF_Q_FU2_REG,GRANT_REG_3_,DFF_Q_FU2_REG -> U248 -> U244 -> U249 -> U296 -> U229 -> GRANT_REG_3_,b03
6,2.0,8,0,3,0,1,0,DFF_Q_FU2_REG,GRANT_REG_3_,DFF_Q_FU2_REG -> U248 -> U244 -> U295 -> U229 -> GRANT_REG_3_,b03
7,2.2857142857142856,9,0,3,1,1,0,DFF_Q_FU2_REG,GRANT_REG_2_,DFF_Q_FU2_REG -> U248 -> U244 -> U249 -> U298 -> U230 -> GRANT_REG_2_,b03
6,2.0,8,0,3,0,1,0,DFF_Q_FU2_REG,GRANT_REG_2_,DFF_Q_FU2_REG -> U248 -> U244 -> U297 -> U230 -> GRANT_REG_2_,b03
7,2.2857142857142856,9,0,3,1,1,0,DFF_Q_FU2_REG,GRANT_REG_1_,DFF_Q_FU2_REG -> U248 -> U244 -> U249 -> U300 -> U231 -> GRANT_REG_1_,b03
6,2.0,8,0,3,0,1,0,DFF_Q_FU2_REG,GRANT_REG_1_,DFF_Q_FU2_REG -> U248 -> U244 -> U299 -> U231 -> GRANT_REG_1_,b03
7,2.2857142857142856,9,0,3,1,1,0,DFF_Q_FU2_REG,GRANT_REG_0_,DFF_Q_FU2_REG -> U248 -> U244 -> U249 -> U302 -> U232 -> GRANT_REG_0_,b03
6,2.0,8,0,3,0,1,0,DFF_Q_FU2_REG,GRANT_REG_0_,DFF_Q_FU2_REG -> U248 -> U244 -> U301 -> U232 -> GRANT_REG_0_,b03
4,1.25,4,0,2,0,0,0,DFF_Q_FU2_REG,FU2_REG,DFF_Q_FU2_REG -> U317 -> U240 -> FU2_REG,b03
10,2.4,15,1,6,1,0,0,DFF_Q_FU4_REG,CODA0_REG_2_,DFF_Q_FU4_REG -> U246 -> U294 -> U252 -> U253 -> U223 -> U201 -> U258 -> U217 -> CODA0_REG_2_,b03
10,2.1,15,1,6,1,0,0,DFF_Q_FU4_REG,CODA0_REG_2_,DFF_Q_FU4_REG -> U246 -> U294 -> U252 -> U253 -> U223 -> U202 -> U259 -> U217 -> CODA0_REG_2_,b03
10,2.4,14,0,6,2,0,0,DFF_Q_FU4_REG,CODA0_REG_2_,DFF_Q_FU4_REG -> U246 -> U294 -> U252 -> U253 -> U223 -> U255 -> U260 -> U217 -> CODA0_REG_2_,b03
8,3.375,12,1,4,0,1,0,DFF_Q_FU4_REG,CODA0_REG_2_,DFF_Q_FU4_REG -> U248 -> U244 -> U223 -> U201 -> U258 -> U217 -> CODA0_REG_2_,b03
8,3.0,12,1,4,0,1,0,DFF_Q_FU4_REG,CODA0_REG_2_,DFF_Q_FU4_REG -> U248 -> U244 -> U223 -> U202 -> U259 -> U217 -> CODA0_REG_2_,b03
8,3.375,11,0,4,1,1,0,DFF_Q_FU4_REG,CODA0_REG_2_,DFF_Q_FU4_REG -> U248 -> U244 -> U223 -> U255 -> U260 -> U217 -> CODA0_REG_2_,b03
10,2.4,15,1,6,1,0,0,DFF_Q_FU4_REG,CODA0_REG_1_,DFF_Q_FU4_REG -> U246 -> U294 -> U252 -> U253 -> U223 -> U201 -> U261 -> U216 -> CODA0_REG_1_,b03
10,2.1,15,1,6,1,0,0,DFF_Q_FU4_REG,CODA0_REG_1_,DFF_Q_FU4_REG -> U246 -> U294 -> U252 -> U253 -> U223 -> U202 -> U262 -> U216 -> CODA0_REG_1_,b03
10,2.4,14,0,6,2,0,0,DFF_Q_FU4_REG,CODA0_REG_1_,DFF_Q_FU4_REG -> U246 -> U294 -> U252 -> U253 -> U223 -> U255 -> U263 -> U216 -> CODA0_REG_1_,b03
8,3.375,12,1,4,0,1,0,DFF_Q_FU4_REG,CODA0_REG_1_,DFF_Q_FU4_REG -> U248 -> U244 -> U223 -> U201 -> U261 -> U216 -> CODA0_REG_1_,b03
8,3.0,12,1,4,0,1,0,DFF_Q_FU4_REG,CODA0_REG_1_,DFF_Q_FU4_REG -> U248 -> U244 -> U223 -> U202 -> U262 -> U216 -> CODA0_REG_1_,b03
8,3.375,11,0,4,1,1,0,DFF_Q_FU4_REG,CODA0_REG_1_,DFF_Q_FU4_REG -> U248 -> U244 -> U223 -> U255 -> U263 -> U216 -> CODA0_REG_1_,b03
10,2.4,15,1,6,1,0,0,DFF_Q_FU4_REG,CODA0_REG_0_,DFF_Q_FU4_REG -> U246 -> U294 -> U252 -> U253 -> U223 -> U201 -> U264 -> U215 -> CODA0_REG_0_,b03
10,2.1,15,1,6,1,0,0,DFF_Q_FU4_REG,CODA0_REG_0_,DFF_Q_FU4_REG -> U246 -> U294 -> U252 -> U253 -> U223 -> U202 -> U265 -> U215 -> CODA0_REG_0_,b03
10,2.4,14,0,6,2,0,0,DFF_Q_FU4_REG,CODA0_REG_0_,DFF_Q_FU4_REG -> U246 -> U294 -> U252 -> U253 -> U223 -> U255 -> U266 -> U215 -> CODA0_REG_0_,b03
8,3.375,12,1,4,0,1,0,DFF_Q_FU4_REG,CODA0_REG_0_,DFF_Q_FU4_REG -> U248 -> U244 -> U223 -> U201 -> U264 -> U215 -> CODA0_REG_0_,b03
8,3.0,12,1,4,0,1,0,DFF_Q_FU4_REG,CODA0_REG_0_,DFF_Q_FU4_REG -> U248 -> U244 -> U223 -> U202 -> U265 -> U215 -> CODA0_REG_0_,b03
8,3.375,11,0,4,1,1,0,DFF_Q_FU4_REG,CODA0_REG_0_,DFF_Q_FU4_REG -> U248 -> U244 -> U223 -> U255 -> U266 -> U215 -> CODA0_REG_0_,b03
10,2.4,15,1,6,1,0,0,DFF_Q_FU4_REG,CODA1_REG_2_,DFF_Q_FU4_REG -> U246 -> U294 -> U252 -> U253 -> U223 -> U201 -> U268 -> U214 -> CODA1_REG_2_,b03
10,2.1,15,1,6,1,0,0,DFF_Q_FU4_REG,CODA1_REG_2_,DFF_Q_FU4_REG -> U246 -> U294 -> U252 -> U253 -> U223 -> U202 -> U267 -> U214 -> CODA1_REG_2_,b03
10,2.4,14,0,6,2,0,0,DFF_Q_FU4_REG,CODA1_REG_2_,DFF_Q_FU4_REG -> U246 -> U294 -> U252 -> U253 -> U223 -> U255 -> U269 -> U214 -> CODA1_REG_2_,b03
8,3.375,12,1,4,0,1,0,DFF_Q_FU4_REG,CODA1_REG_2_,DFF_Q_FU4_REG -> U248 -> U244 -> U223 -> U201 -> U268 -> U214 -> CODA1_REG_2_,b03
8,3.0,12,1,4,0,1,0,DFF_Q_FU4_REG,CODA1_REG_2_,DFF_Q_FU4_REG -> U248 -> U244 -> U223 -> U202 -> U267 -> U214 -> CODA1_REG_2_,b03
8,3.375,11,0,4,1,1,0,DFF_Q_FU4_REG,CODA1_REG_2_,DFF_Q_FU4_REG -> U248 -> U244 -> U223 -> U255 -> U269 -> U214 -> CODA1_REG_2_,b03
10,2.4,15,1,6,1,0,0,DFF_Q_FU4_REG,CODA1_REG_1_,DFF_Q_FU4_REG -> U246 -> U294 -> U252 -> U253 -> U223 -> U201 -> U271 -> U213 -> CODA1_REG_1_,b03
10,2.1,15,1,6,1,0,0,DFF_Q_FU4_REG,CODA1_REG_1_,DFF_Q_FU4_REG -> U246 -> U294 -> U252 -> U253 -> U223 -> U202 -> U270 -> U213 -> CODA1_REG_1_,b03
10,2.4,14,0,6,2,0,0,DFF_Q_FU4_REG,CODA1_REG_1_,DFF_Q_FU4_REG -> U246 -> U294 -> U252 -> U253 -> U223 -> U255 -> U272 -> U213 -> CODA1_REG_1_,b03
8,3.375,12,1,4,0,1,0,DFF_Q_FU4_REG,CODA1_REG_1_,DFF_Q_FU4_REG -> U248 -> U244 -> U223 -> U201 -> U271 -> U213 -> CODA1_REG_1_,b03
8,3.0,12,1,4,0,1,0,DFF_Q_FU4_REG,CODA1_REG_1_,DFF_Q_FU4_REG -> U248 -> U244 -> U223 -> U202 -> U270 -> U213 -> CODA1_REG_1_,b03
8,3.375,11,0,4,1,1,0,DFF_Q_FU4_REG,CODA1_REG_1_,DFF_Q_FU4_REG -> U248 -> U244 -> U223 -> U255 -> U272 -> U213 -> CODA1_REG_1_,b03
10,2.4,15,1,6,1,0,0,DFF_Q_FU4_REG,CODA1_REG_0_,DFF_Q_FU4_REG -> U246 -> U294 -> U252 -> U253 -> U223 -> U201 -> U274 -> U212 -> CODA1_REG_0_,b03
10,2.1,15,1,6,1,0,0,DFF_Q_FU4_REG,CODA1_REG_0_,DFF_Q_FU4_REG -> U246 -> U294 -> U252 -> U253 -> U223 -> U202 -> U273 -> U212 -> CODA1_REG_0_,b03
10,2.4,14,0,6,2,0,0,DFF_Q_FU4_REG,CODA1_REG_0_,DFF_Q_FU4_REG -> U246 -> U294 -> U252 -> U253 -> U223 -> U255 -> U275 -> U212 -> CODA1_REG_0_,b03
8,3.375,12,1,4,0,1,0,DFF_Q_FU4_REG,CODA1_REG_0_,DFF_Q_FU4_REG -> U248 -> U244 -> U223 -> U201 -> U274 -> U212 -> CODA1_REG_0_,b03
8,3.0,12,1,4,0,1,0,DFF_Q_FU4_REG,CODA1_REG_0_,DFF_Q_FU4_REG -> U248 -> U244 -> U223 -> U202 -> U273 -> U212 -> CODA1_REG_0_,b03
8,3.375,11,0,4,1,1,0,DFF_Q_FU4_REG,CODA1_REG_0_,DFF_Q_FU4_REG -> U248 -> U244 -> U223 -> U255 -> U275 -> U212 -> CODA1_REG_0_,b03
10,2.4,15,1,6,1,0,0,DFF_Q_FU4_REG,CODA2_REG_2_,DFF_Q_FU4_REG -> U246 -> U294 -> U252 -> U253 -> U223 -> U201 -> U277 -> U211 -> CODA2_REG_2_,b03
10,2.1,15,1,6,1,0,0,DFF_Q_FU4_REG,CODA2_REG_2_,DFF_Q_FU4_REG -> U246 -> U294 -> U252 -> U253 -> U223 -> U202 -> U276 -> U211 -> CODA2_REG_2_,b03
10,2.4,14,0,6,2,0,0,DFF_Q_FU4_REG,CODA2_REG_2_,DFF_Q_FU4_REG -> U246 -> U294 -> U252 -> U253 -> U223 -> U255 -> U278 -> U211 -> CODA2_REG_2_,b03
8,3.375,12,1,4,0,1,0,DFF_Q_FU4_REG,CODA2_REG_2_,DFF_Q_FU4_REG -> U248 -> U244 -> U223 -> U201 -> U277 -> U211 -> CODA2_REG_2_,b03
8,3.0,12,1,4,0,1,0,DFF_Q_FU4_REG,CODA2_REG_2_,DFF_Q_FU4_REG -> U248 -> U244 -> U223 -> U202 -> U276 -> U211 -> CODA2_REG_2_,b03
8,3.375,11,0,4,1,1,0,DFF_Q_FU4_REG,CODA2_REG_2_,DFF_Q_FU4_REG -> U248 -> U244 -> U223 -> U255 -> U278 -> U211 -> CODA2_REG_2_,b03
10,2.4,15,1,6,1,0,0,DFF_Q_FU4_REG,CODA2_REG_1_,DFF_Q_FU4_REG -> U246 -> U294 -> U252 -> U253 -> U223 -> U201 -> U280 -> U210 -> CODA2_REG_1_,b03
10,2.1,15,1,6,1,0,0,DFF_Q_FU4_REG,CODA2_REG_1_,DFF_Q_FU4_REG -> U246 -> U294 -> U252 -> U253 -> U223 -> U202 -> U279 -> U210 -> CODA2_REG_1_,b03
10,2.4,14,0,6,2,0,0,DFF_Q_FU4_REG,CODA2_REG_1_,DFF_Q_FU4_REG -> U246 -> U294 -> U252 -> U253 -> U223 -> U255 -> U281 -> U210 -> CODA2_REG_1_,b03
8,3.375,12,1,4,0,1,0,DFF_Q_FU4_REG,CODA2_REG_1_,DFF_Q_FU4_REG -> U248 -> U244 -> U223 -> U201 -> U280 -> U210 -> CODA2_REG_1_,b03
8,3.0,12,1,4,0,1,0,DFF_Q_FU4_REG,CODA2_REG_1_,DFF_Q_FU4_REG -> U248 -> U244 -> U223 -> U202 -> U279 -> U210 -> CODA2_REG_1_,b03
8,3.375,11,0,4,1,1,0,DFF_Q_FU4_REG,CODA2_REG_1_,DFF_Q_FU4_REG -> U248 -> U244 -> U223 -> U255 -> U281 -> U210 -> CODA2_REG_1_,b03
10,2.4,15,1,6,1,0,0,DFF_Q_FU4_REG,CODA2_REG_0_,DFF_Q_FU4_REG -> U246 -> U294 -> U252 -> U253 -> U223 -> U201 -> U283 -> U209 -> CODA2_REG_0_,b03
10,2.1,15,1,6,1,0,0,DFF_Q_FU4_REG,CODA2_REG_0_,DFF_Q_FU4_REG -> U246 -> U294 -> U252 -> U253 -> U223 -> U202 -> U282 -> U209 -> CODA2_REG_0_,b03
10,2.4,14,0,6,2,0,0,DFF_Q_FU4_REG,CODA2_REG_0_,DFF_Q_FU4_REG -> U246 -> U294 -> U252 -> U253 -> U223 -> U255 -> U284 -> U209 -> CODA2_REG_0_,b03
8,3.375,12,1,4,0,1,0,DFF_Q_FU4_REG,CODA2_REG_0_,DFF_Q_FU4_REG -> U248 -> U244 -> U223 -> U201 -> U283 -> U209 -> CODA2_REG_0_,b03
8,3.0,12,1,4,0,1,0,DFF_Q_FU4_REG,CODA2_REG_0_,DFF_Q_FU4_REG -> U248 -> U244 -> U223 -> U202 -> U282 -> U209 -> CODA2_REG_0_,b03
8,3.375,11,0,4,1,1,0,DFF_Q_FU4_REG,CODA2_REG_0_,DFF_Q_FU4_REG -> U248 -> U244 -> U223 -> U255 -> U284 -> U209 -> CODA2_REG_0_,b03
10,2.4,15,1,6,1,0,0,DFF_Q_FU4_REG,CODA3_REG_2_,DFF_Q_FU4_REG -> U246 -> U294 -> U252 -> U253 -> U223 -> U201 -> U285 -> U208 -> CODA3_REG_2_,b03
10,2.4,14,0,6,2,0,0,DFF_Q_FU4_REG,CODA3_REG_2_,DFF_Q_FU4_REG -> U246 -> U294 -> U252 -> U253 -> U223 -> U255 -> U286 -> U208 -> CODA3_REG_2_,b03
8,3.375,12,1,4,0,1,0,DFF_Q_FU4_REG,CODA3_REG_2_,DFF_Q_FU4_REG -> U248 -> U244 -> U223 -> U201 -> U285 -> U208 -> CODA3_REG_2_,b03
8,3.375,11,0,4,1,1,0,DFF_Q_FU4_REG,CODA3_REG_2_,DFF_Q_FU4_REG -> U248 -> U244 -> U223 -> U255 -> U286 -> U208 -> CODA3_REG_2_,b03
10,2.4,15,1,6,1,0,0,DFF_Q_FU4_REG,CODA3_REG_1_,DFF_Q_FU4_REG -> U246 -> U294 -> U252 -> U253 -> U223 -> U201 -> U287 -> U207 -> CODA3_REG_1_,b03
10,2.4,14,0,6,2,0,0,DFF_Q_FU4_REG,CODA3_REG_1_,DFF_Q_FU4_REG -> U246 -> U294 -> U252 -> U253 -> U223 -> U255 -> U288 -> U207 -> CODA3_REG_1_,b03
8,3.375,12,1,4,0,1,0,DFF_Q_FU4_REG,CODA3_REG_1_,DFF_Q_FU4_REG -> U248 -> U244 -> U223 -> U201 -> U287 -> U207 -> CODA3_REG_1_,b03
8,3.375,11,0,4,1,1,0,DFF_Q_FU4_REG,CODA3_REG_1_,DFF_Q_FU4_REG -> U248 -> U244 -> U223 -> U255 -> U288 -> U207 -> CODA3_REG_1_,b03
10,2.4,15,1,6,1,0,0,DFF_Q_FU4_REG,CODA3_REG_0_,DFF_Q_FU4_REG -> U246 -> U294 -> U252 -> U253 -> U223 -> U201 -> U289 -> U206 -> CODA3_REG_0_,b03
10,2.4,14,0,6,2,0,0,DFF_Q_FU4_REG,CODA3_REG_0_,DFF_Q_FU4_REG -> U246 -> U294 -> U252 -> U253 -> U223 -> U255 -> U290 -> U206 -> CODA3_REG_0_,b03
8,3.375,12,1,4,0,1,0,DFF_Q_FU4_REG,CODA3_REG_0_,DFF_Q_FU4_REG -> U248 -> U244 -> U223 -> U201 -> U289 -> U206 -> CODA3_REG_0_,b03
8,3.375,11,0,4,1,1,0,DFF_Q_FU4_REG,CODA3_REG_0_,DFF_Q_FU4_REG -> U248 -> U244 -> U223 -> U255 -> U290 -> U206 -> CODA3_REG_0_,b03
7,2.2857142857142856,9,0,3,1,1,0,DFF_Q_FU4_REG,GRANT_REG_3_,DFF_Q_FU4_REG -> U248 -> U244 -> U249 -> U296 -> U229 -> GRANT_REG_3_,b03
6,2.0,8,0,3,0,1,0,DFF_Q_FU4_REG,GRANT_REG_3_,DFF_Q_FU4_REG -> U248 -> U244 -> U295 -> U229 -> GRANT_REG_3_,b03
7,2.2857142857142856,9,0,3,1,1,0,DFF_Q_FU4_REG,GRANT_REG_2_,DFF_Q_FU4_REG -> U248 -> U244 -> U249 -> U298 -> U230 -> GRANT_REG_2_,b03
6,2.0,8,0,3,0,1,0,DFF_Q_FU4_REG,GRANT_REG_2_,DFF_Q_FU4_REG -> U248 -> U244 -> U297 -> U230 -> GRANT_REG_2_,b03
7,2.2857142857142856,9,0,3,1,1,0,DFF_Q_FU4_REG,GRANT_REG_1_,DFF_Q_FU4_REG -> U248 -> U244 -> U249 -> U300 -> U231 -> GRANT_REG_1_,b03
6,2.0,8,0,3,0,1,0,DFF_Q_FU4_REG,GRANT_REG_1_,DFF_Q_FU4_REG -> U248 -> U244 -> U299 -> U231 -> GRANT_REG_1_,b03
7,2.2857142857142856,9,0,3,1,1,0,DFF_Q_FU4_REG,GRANT_REG_0_,DFF_Q_FU4_REG -> U248 -> U244 -> U249 -> U302 -> U232 -> GRANT_REG_0_,b03
6,2.0,8,0,3,0,1,0,DFF_Q_FU4_REG,GRANT_REG_0_,DFF_Q_FU4_REG -> U248 -> U244 -> U301 -> U232 -> GRANT_REG_0_,b03
4,1.25,4,0,2,0,0,0,DFF_Q_FU4_REG,FU4_REG,DFF_Q_FU4_REG -> U319 -> U241 -> FU4_REG,b03
12,2.5833333333333335,18,1,7,2,0,0,DFF_Q_RU2_REG,CODA0_REG_2_,DFF_Q_RU2_REG -> U243 -> U220 -> U250 -> U251 -> U252 -> U253 -> U223 -> U201 -> U258 -> U217 -> CODA0_REG_2_,b03
12,2.3333333333333335,18,1,7,2,0,0,DFF_Q_RU2_REG,CODA0_REG_2_,DFF_Q_RU2_REG -> U243 -> U220 -> U250 -> U251 -> U252 -> U253 -> U223 -> U202 -> U259 -> U217 -> CODA0_REG_2_,b03
12,2.5833333333333335,17,0,7,3,0,0,DFF_Q_RU2_REG,CODA0_REG_2_,DFF_Q_RU2_REG -> U243 -> U220 -> U250 -> U251 -> U252 -> U253 -> U223 -> U255 -> U260 -> U217 -> CODA0_REG_2_,b03
10,2.8,15,1,6,1,0,0,DFF_Q_RU2_REG,CODA0_REG_2_,DFF_Q_RU2_REG -> U243 -> U294 -> U252 -> U253 -> U223 -> U201 -> U258 -> U217 -> CODA0_REG_2_,b03
10,2.5,15,1,6,1,0,0,DFF_Q_RU2_REG,CODA0_REG_2_,DFF_Q_RU2_REG -> U243 -> U294 -> U252 -> U253 -> U223 -> U202 -> U259 -> U217 -> CODA0_REG_2_,b03
10,2.8,14,0,6,2,0,0,DFF_Q_RU2_REG,CODA0_REG_2_,DFF_Q_RU2_REG -> U243 -> U294 -> U252 -> U253 -> U223 -> U255 -> U260 -> U217 -> CODA0_REG_2_,b03
6,1.5,8,0,3,0,1,0,DFF_Q_RU2_REG,CODA0_REG_2_,DFF_Q_RU2_REG -> U256 -> U257 -> U258 -> U217 -> CODA0_REG_2_,b03
9,2.7777777777777777,14,1,6,0,0,0,DFF_Q_RU2_REG,CODA0_REG_2_,DFF_Q_RU2_REG -> U293 -> U252 -> U253 -> U223 -> U201 -> U258 -> U217 -> CODA0_REG_2_,b03
9,2.4444444444444446,14,1,6,0,0,0,DFF_Q_RU2_REG,CODA0_REG_2_,DFF_Q_RU2_REG -> U293 -> U252 -> U253 -> U223 -> U202 -> U259 -> U217 -> CODA0_REG_2_,b03
9,2.7777777777777777,13,0,6,1,0,0,DFF_Q_RU2_REG,CODA0_REG_2_,DFF_Q_RU2_REG -> U293 -> U252 -> U253 -> U223 -> U255 -> U260 -> U217 -> CODA0_REG_2_,b03
12,2.5833333333333335,18,1,7,2,0,0,DFF_Q_RU2_REG,CODA0_REG_1_,DFF_Q_RU2_REG -> U243 -> U220 -> U250 -> U251 -> U252 -> U253 -> U223 -> U201 -> U261 -> U216 -> CODA0_REG_1_,b03
12,2.3333333333333335,18,1,7,2,0,0,DFF_Q_RU2_REG,CODA0_REG_1_,DFF_Q_RU2_REG -> U243 -> U220 -> U250 -> U251 -> U252 -> U253 -> U223 -> U202 -> U262 -> U216 -> CODA0_REG_1_,b03
12,2.5833333333333335,17,0,7,3,0,0,DFF_Q_RU2_REG,CODA0_REG_1_,DFF_Q_RU2_REG -> U243 -> U220 -> U250 -> U251 -> U252 -> U253 -> U223 -> U255 -> U263 -> U216 -> CODA0_REG_1_,b03
6,2.0,7,0,3,1,0,0,DFF_Q_RU2_REG,CODA0_REG_1_,DFF_Q_RU2_REG -> U243 -> U220 -> U261 -> U216 -> CODA0_REG_1_,b03
10,2.8,15,1,6,1,0,0,DFF_Q_RU2_REG,CODA0_REG_1_,DFF_Q_RU2_REG -> U243 -> U294 -> U252 -> U253 -> U223 -> U201 -> U261 -> U216 -> CODA0_REG_1_,b03
10,2.5,15,1,6,1,0,0,DFF_Q_RU2_REG,CODA0_REG_1_,DFF_Q_RU2_REG -> U243 -> U294 -> U252 -> U253 -> U223 -> U202 -> U262 -> U216 -> CODA0_REG_1_,b03
10,2.8,14,0,6,2,0,0,DFF_Q_RU2_REG,CODA0_REG_1_,DFF_Q_RU2_REG -> U243 -> U294 -> U252 -> U253 -> U223 -> U255 -> U263 -> U216 -> CODA0_REG_1_,b03
9,2.7777777777777777,14,1,6,0,0,0,DFF_Q_RU2_REG,CODA0_REG_1_,DFF_Q_RU2_REG -> U293 -> U252 -> U253 -> U223 -> U201 -> U261 -> U216 -> CODA0_REG_1_,b03
9,2.4444444444444446,14,1,6,0,0,0,DFF_Q_RU2_REG,CODA0_REG_1_,DFF_Q_RU2_REG -> U293 -> U252 -> U253 -> U223 -> U202 -> U262 -> U216 -> CODA0_REG_1_,b03
9,2.7777777777777777,13,0,6,1,0,0,DFF_Q_RU2_REG,CODA0_REG_1_,DFF_Q_RU2_REG -> U293 -> U252 -> U253 -> U223 -> U255 -> U263 -> U216 -> CODA0_REG_1_,b03
12,2.5833333333333335,18,1,7,2,0,0,DFF_Q_RU2_REG,CODA0_REG_0_,DFF_Q_RU2_REG -> U243 -> U220 -> U250 -> U251 -> U252 -> U253 -> U223 -> U201 -> U264 -> U215 -> CODA0_REG_0_,b03
12,2.3333333333333335,18,1,7,2,0,0,DFF_Q_RU2_REG,CODA0_REG_0_,DFF_Q_RU2_REG -> U243 -> U220 -> U250 -> U251 -> U252 -> U253 -> U223 -> U202 -> U265 -> U215 -> CODA0_REG_0_,b03
12,2.5833333333333335,17,0,7,3,0,0,DFF_Q_RU2_REG,CODA0_REG_0_,DFF_Q_RU2_REG -> U243 -> U220 -> U250 -> U251 -> U252 -> U253 -> U223 -> U255 -> U266 -> U215 -> CODA0_REG_0_,b03
5,2.0,5,0,2,1,0,0,DFF_Q_RU2_REG,CODA0_REG_0_,DFF_Q_RU2_REG -> U243 -> U264 -> U215 -> CODA0_REG_0_,b03
10,2.8,15,1,6,1,0,0,DFF_Q_RU2_REG,CODA0_REG_0_,DFF_Q_RU2_REG -> U243 -> U294 -> U252 -> U253 -> U223 -> U201 -> U264 -> U215 -> CODA0_REG_0_,b03
10,2.5,15,1,6,1,0,0,DFF_Q_RU2_REG,CODA0_REG_0_,DFF_Q_RU2_REG -> U243 -> U294 -> U252 -> U253 -> U223 -> U202 -> U265 -> U215 -> CODA0_REG_0_,b03
10,2.8,14,0,6,2,0,0,DFF_Q_RU2_REG,CODA0_REG_0_,DFF_Q_RU2_REG -> U243 -> U294 -> U252 -> U253 -> U223 -> U255 -> U266 -> U215 -> CODA0_REG_0_,b03
9,2.7777777777777777,14,1,6,0,0,0,DFF_Q_RU2_REG,CODA0_REG_0_,DFF_Q_RU2_REG -> U293 -> U252 -> U253 -> U223 -> U201 -> U264 -> U215 -> CODA0_REG_0_,b03
9,2.4444444444444446,14,1,6,0,0,0,DFF_Q_RU2_REG,CODA0_REG_0_,DFF_Q_RU2_REG -> U293 -> U252 -> U253 -> U223 -> U202 -> U265 -> U215 -> CODA0_REG_0_,b03
9,2.7777777777777777,13,0,6,1,0,0,DFF_Q_RU2_REG,CODA0_REG_0_,DFF_Q_RU2_REG -> U293 -> U252 -> U253 -> U223 -> U255 -> U266 -> U215 -> CODA0_REG_0_,b03
12,2.5833333333333335,18,1,7,2,0,0,DFF_Q_RU2_REG,CODA1_REG_2_,DFF_Q_RU2_REG -> U243 -> U220 -> U250 -> U251 -> U252 -> U253 -> U223 -> U201 -> U268 -> U214 -> CODA1_REG_2_,b03
12,2.3333333333333335,18,1,7,2,0,0,DFF_Q_RU2_REG,CODA1_REG_2_,DFF_Q_RU2_REG -> U243 -> U220 -> U250 -> U251 -> U252 -> U253 -> U223 -> U202 -> U267 -> U214 -> CODA1_REG_2_,b03
12,2.5833333333333335,17,0,7,3,0,0,DFF_Q_RU2_REG,CODA1_REG_2_,DFF_Q_RU2_REG -> U243 -> U220 -> U250 -> U251 -> U252 -> U253 -> U223 -> U255 -> U269 -> U214 -> CODA1_REG_2_,b03
10,2.8,15,1,6,1,0,0,DFF_Q_RU2_REG,CODA1_REG_2_,DFF_Q_RU2_REG -> U243 -> U294 -> U252 -> U253 -> U223 -> U201 -> U268 -> U214 -> CODA1_REG_2_,b03
10,2.5,15,1,6,1,0,0,DFF_Q_RU2_REG,CODA1_REG_2_,DFF_Q_RU2_REG -> U243 -> U294 -> U252 -> U253 -> U223 -> U202 -> U267 -> U214 -> CODA1_REG_2_,b03
10,2.8,14,0,6,2,0,0,DFF_Q_RU2_REG,CODA1_REG_2_,DFF_Q_RU2_REG -> U243 -> U294 -> U252 -> U253 -> U223 -> U255 -> U269 -> U214 -> CODA1_REG_2_,b03
9,2.7777777777777777,14,1,6,0,0,0,DFF_Q_RU2_REG,CODA1_REG_2_,DFF_Q_RU2_REG -> U293 -> U252 -> U253 -> U223 -> U201 -> U268 -> U214 -> CODA1_REG_2_,b03
9,2.4444444444444446,14,1,6,0,0,0,DFF_Q_RU2_REG,CODA1_REG_2_,DFF_Q_RU2_REG -> U293 -> U252 -> U253 -> U223 -> U202 -> U267 -> U214 -> CODA1_REG_2_,b03
9,2.7777777777777777,13,0,6,1,0,0,DFF_Q_RU2_REG,CODA1_REG_2_,DFF_Q_RU2_REG -> U293 -> U252 -> U253 -> U223 -> U255 -> U269 -> U214 -> CODA1_REG_2_,b03
12,2.5833333333333335,18,1,7,2,0,0,DFF_Q_RU2_REG,CODA1_REG_1_,DFF_Q_RU2_REG -> U243 -> U220 -> U250 -> U251 -> U252 -> U253 -> U223 -> U201 -> U271 -> U213 -> CODA1_REG_1_,b03
12,2.3333333333333335,18,1,7,2,0,0,DFF_Q_RU2_REG,CODA1_REG_1_,DFF_Q_RU2_REG -> U243 -> U220 -> U250 -> U251 -> U252 -> U253 -> U223 -> U202 -> U270 -> U213 -> CODA1_REG_1_,b03
12,2.5833333333333335,17,0,7,3,0,0,DFF_Q_RU2_REG,CODA1_REG_1_,DFF_Q_RU2_REG -> U243 -> U220 -> U250 -> U251 -> U252 -> U253 -> U223 -> U255 -> U272 -> U213 -> CODA1_REG_1_,b03
10,2.8,15,1,6,1,0,0,DFF_Q_RU2_REG,CODA1_REG_1_,DFF_Q_RU2_REG -> U243 -> U294 -> U252 -> U253 -> U223 -> U201 -> U271 -> U213 -> CODA1_REG_1_,b03
10,2.5,15,1,6,1,0,0,DFF_Q_RU2_REG,CODA1_REG_1_,DFF_Q_RU2_REG -> U243 -> U294 -> U252 -> U253 -> U223 -> U202 -> U270 -> U213 -> CODA1_REG_1_,b03
10,2.8,14,0,6,2,0,0,DFF_Q_RU2_REG,CODA1_REG_1_,DFF_Q_RU2_REG -> U243 -> U294 -> U252 -> U253 -> U223 -> U255 -> U272 -> U213 -> CODA1_REG_1_,b03
9,2.7777777777777777,14,1,6,0,0,0,DFF_Q_RU2_REG,CODA1_REG_1_,DFF_Q_RU2_REG -> U293 -> U252 -> U253 -> U223 -> U201 -> U271 -> U213 -> CODA1_REG_1_,b03
9,2.4444444444444446,14,1,6,0,0,0,DFF_Q_RU2_REG,CODA1_REG_1_,DFF_Q_RU2_REG -> U293 -> U252 -> U253 -> U223 -> U202 -> U270 -> U213 -> CODA1_REG_1_,b03
9,2.7777777777777777,13,0,6,1,0,0,DFF_Q_RU2_REG,CODA1_REG_1_,DFF_Q_RU2_REG -> U293 -> U252 -> U253 -> U223 -> U255 -> U272 -> U213 -> CODA1_REG_1_,b03
12,2.5833333333333335,18,1,7,2,0,0,DFF_Q_RU2_REG,CODA1_REG_0_,DFF_Q_RU2_REG -> U243 -> U220 -> U250 -> U251 -> U252 -> U253 -> U223 -> U201 -> U274 -> U212 -> CODA1_REG_0_,b03
12,2.3333333333333335,18,1,7,2,0,0,DFF_Q_RU2_REG,CODA1_REG_0_,DFF_Q_RU2_REG -> U243 -> U220 -> U250 -> U251 -> U252 -> U253 -> U223 -> U202 -> U273 -> U212 -> CODA1_REG_0_,b03
12,2.5833333333333335,17,0,7,3,0,0,DFF_Q_RU2_REG,CODA1_REG_0_,DFF_Q_RU2_REG -> U243 -> U220 -> U250 -> U251 -> U252 -> U253 -> U223 -> U255 -> U275 -> U212 -> CODA1_REG_0_,b03
10,2.8,15,1,6,1,0,0,DFF_Q_RU2_REG,CODA1_REG_0_,DFF_Q_RU2_REG -> U243 -> U294 -> U252 -> U253 -> U223 -> U201 -> U274 -> U212 -> CODA1_REG_0_,b03
10,2.5,15,1,6,1,0,0,DFF_Q_RU2_REG,CODA1_REG_0_,DFF_Q_RU2_REG -> U243 -> U294 -> U252 -> U253 -> U223 -> U202 -> U273 -> U212 -> CODA1_REG_0_,b03
10,2.8,14,0,6,2,0,0,DFF_Q_RU2_REG,CODA1_REG_0_,DFF_Q_RU2_REG -> U243 -> U294 -> U252 -> U253 -> U223 -> U255 -> U275 -> U212 -> CODA1_REG_0_,b03
9,2.7777777777777777,14,1,6,0,0,0,DFF_Q_RU2_REG,CODA1_REG_0_,DFF_Q_RU2_REG -> U293 -> U252 -> U253 -> U223 -> U201 -> U274 -> U212 -> CODA1_REG_0_,b03
9,2.4444444444444446,14,1,6,0,0,0,DFF_Q_RU2_REG,CODA1_REG_0_,DFF_Q_RU2_REG -> U293 -> U252 -> U253 -> U223 -> U202 -> U273 -> U212 -> CODA1_REG_0_,b03
9,2.7777777777777777,13,0,6,1,0,0,DFF_Q_RU2_REG,CODA1_REG_0_,DFF_Q_RU2_REG -> U293 -> U252 -> U253 -> U223 -> U255 -> U275 -> U212 -> CODA1_REG_0_,b03
12,2.5833333333333335,18,1,7,2,0,0,DFF_Q_RU2_REG,CODA2_REG_2_,DFF_Q_RU2_REG -> U243 -> U220 -> U250 -> U251 -> U252 -> U253 -> U223 -> U201 -> U277 -> U211 -> CODA2_REG_2_,b03
12,2.3333333333333335,18,1,7,2,0,0,DFF_Q_RU2_REG,CODA2_REG_2_,DFF_Q_RU2_REG -> U243 -> U220 -> U250 -> U251 -> U252 -> U253 -> U223 -> U202 -> U276 -> U211 -> CODA2_REG_2_,b03
12,2.5833333333333335,17,0,7,3,0,0,DFF_Q_RU2_REG,CODA2_REG_2_,DFF_Q_RU2_REG -> U243 -> U220 -> U250 -> U251 -> U252 -> U253 -> U223 -> U255 -> U278 -> U211 -> CODA2_REG_2_,b03
10,2.8,15,1,6,1,0,0,DFF_Q_RU2_REG,CODA2_REG_2_,DFF_Q_RU2_REG -> U243 -> U294 -> U252 -> U253 -> U223 -> U201 -> U277 -> U211 -> CODA2_REG_2_,b03
10,2.5,15,1,6,1,0,0,DFF_Q_RU2_REG,CODA2_REG_2_,DFF_Q_RU2_REG -> U243 -> U294 -> U252 -> U253 -> U223 -> U202 -> U276 -> U211 -> CODA2_REG_2_,b03
10,2.8,14,0,6,2,0,0,DFF_Q_RU2_REG,CODA2_REG_2_,DFF_Q_RU2_REG -> U243 -> U294 -> U252 -> U253 -> U223 -> U255 -> U278 -> U211 -> CODA2_REG_2_,b03
9,2.7777777777777777,14,1,6,0,0,0,DFF_Q_RU2_REG,CODA2_REG_2_,DFF_Q_RU2_REG -> U293 -> U252 -> U253 -> U223 -> U201 -> U277 -> U211 -> CODA2_REG_2_,b03
9,2.4444444444444446,14,1,6,0,0,0,DFF_Q_RU2_REG,CODA2_REG_2_,DFF_Q_RU2_REG -> U293 -> U252 -> U253 -> U223 -> U202 -> U276 -> U211 -> CODA2_REG_2_,b03
9,2.7777777777777777,13,0,6,1,0,0,DFF_Q_RU2_REG,CODA2_REG_2_,DFF_Q_RU2_REG -> U293 -> U252 -> U253 -> U223 -> U255 -> U278 -> U211 -> CODA2_REG_2_,b03
12,2.5833333333333335,18,1,7,2,0,0,DFF_Q_RU2_REG,CODA2_REG_1_,DFF_Q_RU2_REG -> U243 -> U220 -> U250 -> U251 -> U252 -> U253 -> U223 -> U201 -> U280 -> U210 -> CODA2_REG_1_,b03
12,2.3333333333333335,18,1,7,2,0,0,DFF_Q_RU2_REG,CODA2_REG_1_,DFF_Q_RU2_REG -> U243 -> U220 -> U250 -> U251 -> U252 -> U253 -> U223 -> U202 -> U279 -> U210 -> CODA2_REG_1_,b03
12,2.5833333333333335,17,0,7,3,0,0,DFF_Q_RU2_REG,CODA2_REG_1_,DFF_Q_RU2_REG -> U243 -> U220 -> U250 -> U251 -> U252 -> U253 -> U223 -> U255 -> U281 -> U210 -> CODA2_REG_1_,b03
10,2.8,15,1,6,1,0,0,DFF_Q_RU2_REG,CODA2_REG_1_,DFF_Q_RU2_REG -> U243 -> U294 -> U252 -> U253 -> U223 -> U201 -> U280 -> U210 -> CODA2_REG_1_,b03
10,2.5,15,1,6,1,0,0,DFF_Q_RU2_REG,CODA2_REG_1_,DFF_Q_RU2_REG -> U243 -> U294 -> U252 -> U253 -> U223 -> U202 -> U279 -> U210 -> CODA2_REG_1_,b03
10,2.8,14,0,6,2,0,0,DFF_Q_RU2_REG,CODA2_REG_1_,DFF_Q_RU2_REG -> U243 -> U294 -> U252 -> U253 -> U223 -> U255 -> U281 -> U210 -> CODA2_REG_1_,b03
9,2.7777777777777777,14,1,6,0,0,0,DFF_Q_RU2_REG,CODA2_REG_1_,DFF_Q_RU2_REG -> U293 -> U252 -> U253 -> U223 -> U201 -> U280 -> U210 -> CODA2_REG_1_,b03
9,2.4444444444444446,14,1,6,0,0,0,DFF_Q_RU2_REG,CODA2_REG_1_,DFF_Q_RU2_REG -> U293 -> U252 -> U253 -> U223 -> U202 -> U279 -> U210 -> CODA2_REG_1_,b03
9,2.7777777777777777,13,0,6,1,0,0,DFF_Q_RU2_REG,CODA2_REG_1_,DFF_Q_RU2_REG -> U293 -> U252 -> U253 -> U223 -> U255 -> U281 -> U210 -> CODA2_REG_1_,b03
12,2.5833333333333335,18,1,7,2,0,0,DFF_Q_RU2_REG,CODA2_REG_0_,DFF_Q_RU2_REG -> U243 -> U220 -> U250 -> U251 -> U252 -> U253 -> U223 -> U201 -> U283 -> U209 -> CODA2_REG_0_,b03
12,2.3333333333333335,18,1,7,2,0,0,DFF_Q_RU2_REG,CODA2_REG_0_,DFF_Q_RU2_REG -> U243 -> U220 -> U250 -> U251 -> U252 -> U253 -> U223 -> U202 -> U282 -> U209 -> CODA2_REG_0_,b03
12,2.5833333333333335,17,0,7,3,0,0,DFF_Q_RU2_REG,CODA2_REG_0_,DFF_Q_RU2_REG -> U243 -> U220 -> U250 -> U251 -> U252 -> U253 -> U223 -> U255 -> U284 -> U209 -> CODA2_REG_0_,b03
10,2.8,15,1,6,1,0,0,DFF_Q_RU2_REG,CODA2_REG_0_,DFF_Q_RU2_REG -> U243 -> U294 -> U252 -> U253 -> U223 -> U201 -> U283 -> U209 -> CODA2_REG_0_,b03
10,2.5,15,1,6,1,0,0,DFF_Q_RU2_REG,CODA2_REG_0_,DFF_Q_RU2_REG -> U243 -> U294 -> U252 -> U253 -> U223 -> U202 -> U282 -> U209 -> CODA2_REG_0_,b03
10,2.8,14,0,6,2,0,0,DFF_Q_RU2_REG,CODA2_REG_0_,DFF_Q_RU2_REG -> U243 -> U294 -> U252 -> U253 -> U223 -> U255 -> U284 -> U209 -> CODA2_REG_0_,b03
9,2.7777777777777777,14,1,6,0,0,0,DFF_Q_RU2_REG,CODA2_REG_0_,DFF_Q_RU2_REG -> U293 -> U252 -> U253 -> U223 -> U201 -> U283 -> U209 -> CODA2_REG_0_,b03
9,2.4444444444444446,14,1,6,0,0,0,DFF_Q_RU2_REG,CODA2_REG_0_,DFF_Q_RU2_REG -> U293 -> U252 -> U253 -> U223 -> U202 -> U282 -> U209 -> CODA2_REG_0_,b03
9,2.7777777777777777,13,0,6,1,0,0,DFF_Q_RU2_REG,CODA2_REG_0_,DFF_Q_RU2_REG -> U293 -> U252 -> U253 -> U223 -> U255 -> U284 -> U209 -> CODA2_REG_0_,b03
12,2.5833333333333335,18,1,7,2,0,0,DFF_Q_RU2_REG,CODA3_REG_2_,DFF_Q_RU2_REG -> U243 -> U220 -> U250 -> U251 -> U252 -> U253 -> U223 -> U201 -> U285 -> U208 -> CODA3_REG_2_,b03
12,2.5833333333333335,17,0,7,3,0,0,DFF_Q_RU2_REG,CODA3_REG_2_,DFF_Q_RU2_REG -> U243 -> U220 -> U250 -> U251 -> U252 -> U253 -> U223 -> U255 -> U286 -> U208 -> CODA3_REG_2_,b03
10,2.8,15,1,6,1,0,0,DFF_Q_RU2_REG,CODA3_REG_2_,DFF_Q_RU2_REG -> U243 -> U294 -> U252 -> U253 -> U223 -> U201 -> U285 -> U208 -> CODA3_REG_2_,b03
10,2.8,14,0,6,2,0,0,DFF_Q_RU2_REG,CODA3_REG_2_,DFF_Q_RU2_REG -> U243 -> U294 -> U252 -> U253 -> U223 -> U255 -> U286 -> U208 -> CODA3_REG_2_,b03
9,2.7777777777777777,14,1,6,0,0,0,DFF_Q_RU2_REG,CODA3_REG_2_,DFF_Q_RU2_REG -> U293 -> U252 -> U253 -> U223 -> U201 -> U285 -> U208 -> CODA3_REG_2_,b03
9,2.7777777777777777,13,0,6,1,0,0,DFF_Q_RU2_REG,CODA3_REG_2_,DFF_Q_RU2_REG -> U293 -> U252 -> U253 -> U223 -> U255 -> U286 -> U208 -> CODA3_REG_2_,b03
12,2.5833333333333335,18,1,7,2,0,0,DFF_Q_RU2_REG,CODA3_REG_1_,DFF_Q_RU2_REG -> U243 -> U220 -> U250 -> U251 -> U252 -> U253 -> U223 -> U201 -> U287 -> U207 -> CODA3_REG_1_,b03
12,2.5833333333333335,17,0,7,3,0,0,DFF_Q_RU2_REG,CODA3_REG_1_,DFF_Q_RU2_REG -> U243 -> U220 -> U250 -> U251 -> U252 -> U253 -> U223 -> U255 -> U288 -> U207 -> CODA3_REG_1_,b03
10,2.8,15,1,6,1,0,0,DFF_Q_RU2_REG,CODA3_REG_1_,DFF_Q_RU2_REG -> U243 -> U294 -> U252 -> U253 -> U223 -> U201 -> U287 -> U207 -> CODA3_REG_1_,b03
10,2.8,14,0,6,2,0,0,DFF_Q_RU2_REG,CODA3_REG_1_,DFF_Q_RU2_REG -> U243 -> U294 -> U252 -> U253 -> U223 -> U255 -> U288 -> U207 -> CODA3_REG_1_,b03
9,2.7777777777777777,14,1,6,0,0,0,DFF_Q_RU2_REG,CODA3_REG_1_,DFF_Q_RU2_REG -> U293 -> U252 -> U253 -> U223 -> U201 -> U287 -> U207 -> CODA3_REG_1_,b03
9,2.7777777777777777,13,0,6,1,0,0,DFF_Q_RU2_REG,CODA3_REG_1_,DFF_Q_RU2_REG -> U293 -> U252 -> U253 -> U223 -> U255 -> U288 -> U207 -> CODA3_REG_1_,b03
12,2.5833333333333335,18,1,7,2,0,0,DFF_Q_RU2_REG,CODA3_REG_0_,DFF_Q_RU2_REG -> U243 -> U220 -> U250 -> U251 -> U252 -> U253 -> U223 -> U201 -> U289 -> U206 -> CODA3_REG_0_,b03
12,2.5833333333333335,17,0,7,3,0,0,DFF_Q_RU2_REG,CODA3_REG_0_,DFF_Q_RU2_REG -> U243 -> U220 -> U250 -> U251 -> U252 -> U253 -> U223 -> U255 -> U290 -> U206 -> CODA3_REG_0_,b03
10,2.8,15,1,6,1,0,0,DFF_Q_RU2_REG,CODA3_REG_0_,DFF_Q_RU2_REG -> U243 -> U294 -> U252 -> U253 -> U223 -> U201 -> U289 -> U206 -> CODA3_REG_0_,b03
10,2.8,14,0,6,2,0,0,DFF_Q_RU2_REG,CODA3_REG_0_,DFF_Q_RU2_REG -> U243 -> U294 -> U252 -> U253 -> U223 -> U255 -> U290 -> U206 -> CODA3_REG_0_,b03
9,2.7777777777777777,14,1,6,0,0,0,DFF_Q_RU2_REG,CODA3_REG_0_,DFF_Q_RU2_REG -> U293 -> U252 -> U253 -> U223 -> U201 -> U289 -> U206 -> CODA3_REG_0_,b03
9,2.7777777777777777,13,0,6,1,0,0,DFF_Q_RU2_REG,CODA3_REG_0_,DFF_Q_RU2_REG -> U293 -> U252 -> U253 -> U223 -> U255 -> U290 -> U206 -> CODA3_REG_0_,b03
4,1.75,4,0,2,0,0,0,DFF_Q_RU2_REG,FU2_REG,DFF_Q_RU2_REG -> U318 -> U240 -> FU2_REG,b03
4,1.75,4,0,2,0,0,0,DFF_Q_RU2_REG,RU2_REG,DFF_Q_RU2_REG -> U322 -> U242 -> RU2_REG,b03
5,2.8,6,1,2,0,0,0,DFF_Q_STATO_REG_1_,CODA0_REG_2_,DFF_Q_STATO_REG_1_ -> U202 -> U259 -> U217 -> CODA0_REG_2_,b03
6,3.0,7,1,2,1,0,0,DFF_Q_STATO_REG_1_,CODA0_REG_2_,DFF_Q_STATO_REG_1_ -> U218 -> U201 -> U258 -> U217 -> CODA0_REG_2_,b03
7,3.7142857142857144,10,1,4,0,0,0,DFF_Q_STATO_REG_1_,CODA0_REG_2_,DFF_Q_STATO_REG_1_ -> U244 -> U223 -> U201 -> U258 -> U217 -> CODA0_REG_2_,b03
7,3.2857142857142856,10,1,4,0,0,0,DFF_Q_STATO_REG_1_,CODA0_REG_2_,DFF_Q_STATO_REG_1_ -> U244 -> U223 -> U202 -> U259 -> U217 -> CODA0_REG_2_,b03
7,3.7142857142857144,9,0,4,1,0,0,DFF_Q_STATO_REG_1_,CODA0_REG_2_,DFF_Q_STATO_REG_1_ -> U244 -> U223 -> U255 -> U260 -> U217 -> CODA0_REG_2_,b03
5,2.8,6,1,2,0,0,0,DFF_Q_STATO_REG_1_,CODA0_REG_1_,DFF_Q_STATO_REG_1_ -> U202 -> U262 -> U216 -> CODA0_REG_1_,b03
6,3.0,7,1,2,1,0,0,DFF_Q_STATO_REG_1_,CODA0_REG_1_,DFF_Q_STATO_REG_1_ -> U218 -> U201 -> U261 -> U216 -> CODA0_REG_1_,b03
7,3.7142857142857144,10,1,4,0,0,0,DFF_Q_STATO_REG_1_,CODA0_REG_1_,DFF_Q_STATO_REG_1_ -> U244 -> U223 -> U201 -> U261 -> U216 -> CODA0_REG_1_,b03
7,3.2857142857142856,10,1,4,0,0,0,DFF_Q_STATO_REG_1_,CODA0_REG_1_,DFF_Q_STATO_REG_1_ -> U244 -> U223 -> U202 -> U262 -> U216 -> CODA0_REG_1_,b03
7,3.7142857142857144,9,0,4,1,0,0,DFF_Q_STATO_REG_1_,CODA0_REG_1_,DFF_Q_STATO_REG_1_ -> U244 -> U223 -> U255 -> U263 -> U216 -> CODA0_REG_1_,b03
5,2.8,6,1,2,0,0,0,DFF_Q_STATO_REG_1_,CODA0_REG_0_,DFF_Q_STATO_REG_1_ -> U202 -> U265 -> U215 -> CODA0_REG_0_,b03
6,3.0,7,1,2,1,0,0,DFF_Q_STATO_REG_1_,CODA0_REG_0_,DFF_Q_STATO_REG_1_ -> U218 -> U201 -> U264 -> U215 -> CODA0_REG_0_,b03
7,3.7142857142857144,10,1,4,0,0,0,DFF_Q_STATO_REG_1_,CODA0_REG_0_,DFF_Q_STATO_REG_1_ -> U244 -> U223 -> U201 -> U264 -> U215 -> CODA0_REG_0_,b03
7,3.2857142857142856,10,1,4,0,0,0,DFF_Q_STATO_REG_1_,CODA0_REG_0_,DFF_Q_STATO_REG_1_ -> U244 -> U223 -> U202 -> U265 -> U215 -> CODA0_REG_0_,b03
7,3.7142857142857144,9,0,4,1,0,0,DFF_Q_STATO_REG_1_,CODA0_REG_0_,DFF_Q_STATO_REG_1_ -> U244 -> U223 -> U255 -> U266 -> U215 -> CODA0_REG_0_,b03
5,2.8,6,1,2,0,0,0,DFF_Q_STATO_REG_1_,CODA1_REG_2_,DFF_Q_STATO_REG_1_ -> U202 -> U267 -> U214 -> CODA1_REG_2_,b03
6,3.0,7,1,2,1,0,0,DFF_Q_STATO_REG_1_,CODA1_REG_2_,DFF_Q_STATO_REG_1_ -> U218 -> U201 -> U268 -> U214 -> CODA1_REG_2_,b03
7,3.7142857142857144,10,1,4,0,0,0,DFF_Q_STATO_REG_1_,CODA1_REG_2_,DFF_Q_STATO_REG_1_ -> U244 -> U223 -> U201 -> U268 -> U214 -> CODA1_REG_2_,b03
7,3.2857142857142856,10,1,4,0,0,0,DFF_Q_STATO_REG_1_,CODA1_REG_2_,DFF_Q_STATO_REG_1_ -> U244 -> U223 -> U202 -> U267 -> U214 -> CODA1_REG_2_,b03
7,3.7142857142857144,9,0,4,1,0,0,DFF_Q_STATO_REG_1_,CODA1_REG_2_,DFF_Q_STATO_REG_1_ -> U244 -> U223 -> U255 -> U269 -> U214 -> CODA1_REG_2_,b03
5,2.8,6,1,2,0,0,0,DFF_Q_STATO_REG_1_,CODA1_REG_1_,DFF_Q_STATO_REG_1_ -> U202 -> U270 -> U213 -> CODA1_REG_1_,b03
6,3.0,7,1,2,1,0,0,DFF_Q_STATO_REG_1_,CODA1_REG_1_,DFF_Q_STATO_REG_1_ -> U218 -> U201 -> U271 -> U213 -> CODA1_REG_1_,b03
7,3.7142857142857144,10,1,4,0,0,0,DFF_Q_STATO_REG_1_,CODA1_REG_1_,DFF_Q_STATO_REG_1_ -> U244 -> U223 -> U201 -> U271 -> U213 -> CODA1_REG_1_,b03
7,3.2857142857142856,10,1,4,0,0,0,DFF_Q_STATO_REG_1_,CODA1_REG_1_,DFF_Q_STATO_REG_1_ -> U244 -> U223 -> U202 -> U270 -> U213 -> CODA1_REG_1_,b03
7,3.7142857142857144,9,0,4,1,0,0,DFF_Q_STATO_REG_1_,CODA1_REG_1_,DFF_Q_STATO_REG_1_ -> U244 -> U223 -> U255 -> U272 -> U213 -> CODA1_REG_1_,b03
5,2.8,6,1,2,0,0,0,DFF_Q_STATO_REG_1_,CODA1_REG_0_,DFF_Q_STATO_REG_1_ -> U202 -> U273 -> U212 -> CODA1_REG_0_,b03
6,3.0,7,1,2,1,0,0,DFF_Q_STATO_REG_1_,CODA1_REG_0_,DFF_Q_STATO_REG_1_ -> U218 -> U201 -> U274 -> U212 -> CODA1_REG_0_,b03
7,3.7142857142857144,10,1,4,0,0,0,DFF_Q_STATO_REG_1_,CODA1_REG_0_,DFF_Q_STATO_REG_1_ -> U244 -> U223 -> U201 -> U274 -> U212 -> CODA1_REG_0_,b03
7,3.2857142857142856,10,1,4,0,0,0,DFF_Q_STATO_REG_1_,CODA1_REG_0_,DFF_Q_STATO_REG_1_ -> U244 -> U223 -> U202 -> U273 -> U212 -> CODA1_REG_0_,b03
7,3.7142857142857144,9,0,4,1,0,0,DFF_Q_STATO_REG_1_,CODA1_REG_0_,DFF_Q_STATO_REG_1_ -> U244 -> U223 -> U255 -> U275 -> U212 -> CODA1_REG_0_,b03
5,2.8,6,1,2,0,0,0,DFF_Q_STATO_REG_1_,CODA2_REG_2_,DFF_Q_STATO_REG_1_ -> U202 -> U276 -> U211 -> CODA2_REG_2_,b03
6,3.0,7,1,2,1,0,0,DFF_Q_STATO_REG_1_,CODA2_REG_2_,DFF_Q_STATO_REG_1_ -> U218 -> U201 -> U277 -> U211 -> CODA2_REG_2_,b03
7,3.7142857142857144,10,1,4,0,0,0,DFF_Q_STATO_REG_1_,CODA2_REG_2_,DFF_Q_STATO_REG_1_ -> U244 -> U223 -> U201 -> U277 -> U211 -> CODA2_REG_2_,b03
7,3.2857142857142856,10,1,4,0,0,0,DFF_Q_STATO_REG_1_,CODA2_REG_2_,DFF_Q_STATO_REG_1_ -> U244 -> U223 -> U202 -> U276 -> U211 -> CODA2_REG_2_,b03
7,3.7142857142857144,9,0,4,1,0,0,DFF_Q_STATO_REG_1_,CODA2_REG_2_,DFF_Q_STATO_REG_1_ -> U244 -> U223 -> U255 -> U278 -> U211 -> CODA2_REG_2_,b03
5,2.8,6,1,2,0,0,0,DFF_Q_STATO_REG_1_,CODA2_REG_1_,DFF_Q_STATO_REG_1_ -> U202 -> U279 -> U210 -> CODA2_REG_1_,b03
6,3.0,7,1,2,1,0,0,DFF_Q_STATO_REG_1_,CODA2_REG_1_,DFF_Q_STATO_REG_1_ -> U218 -> U201 -> U280 -> U210 -> CODA2_REG_1_,b03
7,3.7142857142857144,10,1,4,0,0,0,DFF_Q_STATO_REG_1_,CODA2_REG_1_,DFF_Q_STATO_REG_1_ -> U244 -> U223 -> U201 -> U280 -> U210 -> CODA2_REG_1_,b03
7,3.2857142857142856,10,1,4,0,0,0,DFF_Q_STATO_REG_1_,CODA2_REG_1_,DFF_Q_STATO_REG_1_ -> U244 -> U223 -> U202 -> U279 -> U210 -> CODA2_REG_1_,b03
7,3.7142857142857144,9,0,4,1,0,0,DFF_Q_STATO_REG_1_,CODA2_REG_1_,DFF_Q_STATO_REG_1_ -> U244 -> U223 -> U255 -> U281 -> U210 -> CODA2_REG_1_,b03
5,2.8,6,1,2,0,0,0,DFF_Q_STATO_REG_1_,CODA2_REG_0_,DFF_Q_STATO_REG_1_ -> U202 -> U282 -> U209 -> CODA2_REG_0_,b03
6,3.0,7,1,2,1,0,0,DFF_Q_STATO_REG_1_,CODA2_REG_0_,DFF_Q_STATO_REG_1_ -> U218 -> U201 -> U283 -> U209 -> CODA2_REG_0_,b03
7,3.7142857142857144,10,1,4,0,0,0,DFF_Q_STATO_REG_1_,CODA2_REG_0_,DFF_Q_STATO_REG_1_ -> U244 -> U223 -> U201 -> U283 -> U209 -> CODA2_REG_0_,b03
7,3.2857142857142856,10,1,4,0,0,0,DFF_Q_STATO_REG_1_,CODA2_REG_0_,DFF_Q_STATO_REG_1_ -> U244 -> U223 -> U202 -> U282 -> U209 -> CODA2_REG_0_,b03
7,3.7142857142857144,9,0,4,1,0,0,DFF_Q_STATO_REG_1_,CODA2_REG_0_,DFF_Q_STATO_REG_1_ -> U244 -> U223 -> U255 -> U284 -> U209 -> CODA2_REG_0_,b03
6,3.0,7,1,2,1,0,0,DFF_Q_STATO_REG_1_,CODA3_REG_2_,DFF_Q_STATO_REG_1_ -> U218 -> U201 -> U285 -> U208 -> CODA3_REG_2_,b03
7,3.7142857142857144,10,1,4,0,0,0,DFF_Q_STATO_REG_1_,CODA3_REG_2_,DFF_Q_STATO_REG_1_ -> U244 -> U223 -> U201 -> U285 -> U208 -> CODA3_REG_2_,b03
7,3.7142857142857144,9,0,4,1,0,0,DFF_Q_STATO_REG_1_,CODA3_REG_2_,DFF_Q_STATO_REG_1_ -> U244 -> U223 -> U255 -> U286 -> U208 -> CODA3_REG_2_,b03
6,3.0,7,1,2,1,0,0,DFF_Q_STATO_REG_1_,CODA3_REG_1_,DFF_Q_STATO_REG_1_ -> U218 -> U201 -> U287 -> U207 -> CODA3_REG_1_,b03
7,3.7142857142857144,10,1,4,0,0,0,DFF_Q_STATO_REG_1_,CODA3_REG_1_,DFF_Q_STATO_REG_1_ -> U244 -> U223 -> U201 -> U287 -> U207 -> CODA3_REG_1_,b03
7,3.7142857142857144,9,0,4,1,0,0,DFF_Q_STATO_REG_1_,CODA3_REG_1_,DFF_Q_STATO_REG_1_ -> U244 -> U223 -> U255 -> U288 -> U207 -> CODA3_REG_1_,b03
6,3.0,7,1,2,1,0,0,DFF_Q_STATO_REG_1_,CODA3_REG_0_,DFF_Q_STATO_REG_1_ -> U218 -> U201 -> U289 -> U206 -> CODA3_REG_0_,b03
7,3.7142857142857144,10,1,4,0,0,0,DFF_Q_STATO_REG_1_,CODA3_REG_0_,DFF_Q_STATO_REG_1_ -> U244 -> U223 -> U201 -> U289 -> U206 -> CODA3_REG_0_,b03
7,3.7142857142857144,9,0,4,1,0,0,DFF_Q_STATO_REG_1_,CODA3_REG_0_,DFF_Q_STATO_REG_1_ -> U244 -> U223 -> U255 -> U290 -> U206 -> CODA3_REG_0_,b03
6,2.5,7,0,3,1,0,0,DFF_Q_STATO_REG_1_,GRANT_REG_3_,DFF_Q_STATO_REG_1_ -> U244 -> U249 -> U296 -> U229 -> GRANT_REG_3_,b03
5,2.2,6,0,3,0,0,0,DFF_Q_STATO_REG_1_,GRANT_REG_3_,DFF_Q_STATO_REG_1_ -> U244 -> U295 -> U229 -> GRANT_REG_3_,b03
6,2.5,7,0,3,1,0,0,DFF_Q_STATO_REG_1_,GRANT_REG_2_,DFF_Q_STATO_REG_1_ -> U244 -> U249 -> U298 -> U230 -> GRANT_REG_2_,b03
5,2.2,6,0,3,0,0,0,DFF_Q_STATO_REG_1_,GRANT_REG_2_,DFF_Q_STATO_REG_1_ -> U244 -> U297 -> U230 -> GRANT_REG_2_,b03
6,2.5,7,0,3,1,0,0,DFF_Q_STATO_REG_1_,GRANT_REG_1_,DFF_Q_STATO_REG_1_ -> U244 -> U249 -> U300 -> U231 -> GRANT_REG_1_,b03
5,2.2,6,0,3,0,0,0,DFF_Q_STATO_REG_1_,GRANT_REG_1_,DFF_Q_STATO_REG_1_ -> U244 -> U299 -> U231 -> GRANT_REG_1_,b03
6,2.5,7,0,3,1,0,0,DFF_Q_STATO_REG_1_,GRANT_REG_0_,DFF_Q_STATO_REG_1_ -> U244 -> U249 -> U302 -> U232 -> GRANT_REG_0_,b03
5,2.2,6,0,3,0,0,0,DFF_Q_STATO_REG_1_,GRANT_REG_0_,DFF_Q_STATO_REG_1_ -> U244 -> U301 -> U232 -> GRANT_REG_0_,b03
5,2.6,5,0,2,1,0,0,EQL,ACKOUT_REG,EQL -> U65 -> U83 -> U62 -> ACKOUT_REG,b06
6,2.5,7,0,3,1,0,0,EQL,STATE_REG_2_,EQL -> U65 -> U78 -> U80 -> U57 -> STATE_REG_2_,b06
5,2.4,5,0,2,1,0,0,EQL,STATE_REG_2_,EQL -> U65 -> U79 -> U57 -> STATE_REG_2_,b06
5,2.6,5,0,2,1,0,0,EQL,STATE_REG_1_,EQL -> U65 -> U72 -> U56 -> STATE_REG_1_,b06
4,2.25,4,0,2,0,0,0,EQL,STATE_REG_1_,EQL -> U66 -> U56 -> STATE_REG_1_,b06
4,2.0,4,0,2,0,0,0,EQL,STATE_REG_1_,EQL -> U81 -> U56 -> STATE_REG_1_,b06
5,2.8,5,0,2,1,0,0,EQL,STATE_REG_0_,EQL -> U65 -> U78 -> U55 -> STATE_REG_0_,b06
6,2.5,7,0,3,1,0,0,EQL,CC_MUX_REG_2_,EQL -> U65 -> U78 -> U86 -> U59 -> CC_MUX_REG_2_,b06
6,2.0,7,0,3,1,0,0,EQL,CC_MUX_REG_2_,EQL -> U66 -> U71 -> U85 -> U59 -> CC_MUX_REG_2_,b06
5,1.8,6,0,3,0,0,0,EQL,CC_MUX_REG_1_,EQL -> U87 -> U92 -> U58 -> CC_MUX_REG_1_,b06
4,2.0,4,0,2,0,0,0,EQL,CC_MUX_REG_1_,EQL -> U91 -> U58 -> CC_MUX_REG_1_,b06
5,2.6,5,0,2,1,0,0,EQL,USCITE_REG_2_,EQL -> U65 -> U72 -> U61 -> USCITE_REG_2_,b06
6,2.0,7,0,3,1,0,0,EQL,USCITE_REG_2_,EQL -> U66 -> U71 -> U75 -> U61 -> USCITE_REG_2_,b06
3,2.3333333333333335,2,0,1,0,0,0,EQL,USCITE_REG_1_,EQL -> U60 -> USCITE_REG_1_,b06
5,2.6,5,0,2,1,0,0,EQL,ENABLE_COUNT_REG,EQL -> U65 -> U83 -> U62 -> ENABLE_COUNT_REG,b06
4,1.0,4,0,1,0,1,0,CONT_EQL,ACKOUT_REG,CONT_EQL -> U84 -> U62 -> ACKOUT_REG,b06
4,1.0,4,0,1,0,1,0,CONT_EQL,ENABLE_COUNT_REG,CONT_EQL -> U84 -> U62 -> ENABLE_COUNT_REG,b06
5,2.6,6,1,1,0,1,0,DFF_Q_STATE_REG_2_,ACKOUT_REG,DFF_Q_STATE_REG_2_ -> U63 -> U84 -> U62 -> ACKOUT_REG,b06
6,2.8333333333333335,7,0,2,1,1,0,DFF_Q_STATE_REG_2_,ACKOUT_REG,DFF_Q_STATE_REG_2_ -> U69 -> U73 -> U83 -> U62 -> ACKOUT_REG,b06
7,2.2857142857142856,8,0,3,2,0,0,DFF_Q_STATE_REG_2_,STATE_REG_2_,DFF_Q_STATE_REG_2_ -> U67 -> U70 -> U74 -> U79 -> U57 -> STATE_REG_2_,b06
4,2.75,4,0,2,0,0,0,DFF_Q_STATE_REG_2_,STATE_REG_2_,DFF_Q_STATE_REG_2_ -> U80 -> U57 -> STATE_REG_2_,b06
5,2.6,5,0,2,1,0,0,DFF_Q_STATE_REG_2_,STATE_REG_1_,DFF_Q_STATE_REG_2_ -> U67 -> U81 -> U56 -> STATE_REG_1_,b06
6,2.6666666666666665,7,0,2,1,1,0,DFF_Q_STATE_REG_2_,STATE_REG_1_,DFF_Q_STATE_REG_2_ -> U69 -> U73 -> U82 -> U56 -> STATE_REG_1_,b06
4,3.0,4,0,2,0,0,0,DFF_Q_STATE_REG_2_,STATE_REG_1_,DFF_Q_STATE_REG_2_ -> U72 -> U56 -> STATE_REG_1_,b06
7,2.5714285714285716,9,1,2,1,1,0,DFF_Q_STATE_REG_2_,STATE_REG_0_,DFF_Q_STATE_REG_2_ -> U69 -> U73 -> U89 -> U54 -> U55 -> STATE_REG_0_,b06
5,2.8,5,0,2,1,0,0,DFF_Q_STATE_REG_2_,CC_MUX_REG_2_,DFF_Q_STATE_REG_2_ -> U67 -> U70 -> U59 -> CC_MUX_REG_2_,b06
4,2.75,4,0,2,0,0,0,DFF_Q_STATE_REG_2_,CC_MUX_REG_2_,DFF_Q_STATE_REG_2_ -> U86 -> U59 -> CC_MUX_REG_2_,b06
4,3.0,4,0,1,0,1,0,DFF_Q_STATE_REG_2_,CC_MUX_REG_1_,DFF_Q_STATE_REG_2_ -> U69 -> U58 -> CC_MUX_REG_1_,b06
4,2.75,4,0,2,0,0,0,DFF_Q_STATE_REG_2_,CC_MUX_REG_1_,DFF_Q_STATE_REG_2_ -> U88 -> U58 -> CC_MUX_REG_1_,b06
4,3.0,4,0,2,0,0,0,DFF_Q_STATE_REG_2_,USCITE_REG_2_,DFF_Q_STATE_REG_2_ -> U72 -> U61 -> USCITE_REG_2_,b06
4,2.75,4,0,2,0,0,0,DFF_Q_STATE_REG_2_,USCITE_REG_2_,DFF_Q_STATE_REG_2_ -> U75 -> U61 -> USCITE_REG_2_,b06
7,2.5714285714285716,9,1,2,1,1,0,DFF_Q_STATE_REG_2_,USCITE_REG_1_,DFF_Q_STATE_REG_2_ -> U69 -> U73 -> U89 -> U54 -> U60 -> USCITE_REG_1_,b06
4,2.75,4,0,2,0,0,0,DFF_Q_STATE_REG_2_,USCITE_REG_1_,DFF_Q_STATE_REG_2_ -> U76 -> U60 -> USCITE_REG_1_,b06
5,2.6,6,1,1,0,1,0,DFF_Q_STATE_REG_2_,ENABLE_COUNT_REG,DFF_Q_STATE_REG_2_ -> U63 -> U84 -> U62 -> ENABLE_COUNT_REG,b06
6,2.8333333333333335,7,0,2,1,1,0,DFF_Q_STATE_REG_2_,ENABLE_COUNT_REG,DFF_Q_STATE_REG_2_ -> U69 -> U73 -> U83 -> U62 -> ENABLE_COUNT_REG,b06
5,2.6,6,1,1,0,1,0,DFF_Q_STATE_REG_1_,ACKOUT_REG,DFF_Q_STATE_REG_1_ -> U63 -> U84 -> U62 -> ACKOUT_REG,b06
4,3.0,4,0,2,0,0,0,DFF_Q_STATE_REG_1_,ACKOUT_REG,DFF_Q_STATE_REG_1_ -> U83 -> U62 -> ACKOUT_REG,b06
7,2.5714285714285716,8,0,3,2,0,0,DFF_Q_STATE_REG_1_,STATE_REG_2_,DFF_Q_STATE_REG_1_ -> U64 -> U70 -> U74 -> U79 -> U57 -> STATE_REG_2_,b06
6,2.5,8,0,3,0,1,0,DFF_Q_STATE_REG_1_,STATE_REG_2_,DFF_Q_STATE_REG_1_ -> U77 -> U78 -> U80 -> U57 -> STATE_REG_2_,b06
5,3.2,5,0,2,1,0,0,DFF_Q_STATE_REG_1_,STATE_REG_1_,DFF_Q_STATE_REG_1_ -> U64 -> U72 -> U56 -> STATE_REG_1_,b06
4,3.0,4,0,2,0,0,0,DFF_Q_STATE_REG_1_,STATE_REG_1_,DFF_Q_STATE_REG_1_ -> U66 -> U56 -> STATE_REG_1_,b06
4,2.75,4,0,2,0,0,0,DFF_Q_STATE_REG_1_,STATE_REG_1_,DFF_Q_STATE_REG_1_ -> U82 -> U56 -> STATE_REG_1_,b06
6,2.8333333333333335,7,1,2,1,0,0,DFF_Q_STATE_REG_1_,STATE_REG_0_,DFF_Q_STATE_REG_1_ -> U64 -> U89 -> U54 -> U55 -> STATE_REG_0_,b06
5,2.8,6,0,2,0,1,0,DFF_Q_STATE_REG_1_,STATE_REG_0_,DFF_Q_STATE_REG_1_ -> U77 -> U78 -> U55 -> STATE_REG_0_,b06
5,2.6,6,1,2,0,0,0,DFF_Q_STATE_REG_1_,STATE_REG_0_,DFF_Q_STATE_REG_1_ -> U90 -> U54 -> U55 -> STATE_REG_0_,b06
5,3.2,5,0,2,1,0,0,DFF_Q_STATE_REG_1_,CC_MUX_REG_2_,DFF_Q_STATE_REG_1_ -> U64 -> U70 -> U59 -> CC_MUX_REG_2_,b06
6,2.5,7,0,3,1,0,0,DFF_Q_STATE_REG_1_,CC_MUX_REG_2_,DFF_Q_STATE_REG_1_ -> U66 -> U71 -> U85 -> U59 -> CC_MUX_REG_2_,b06
6,2.5,8,0,3,0,1,0,DFF_Q_STATE_REG_1_,CC_MUX_REG_2_,DFF_Q_STATE_REG_1_ -> U77 -> U78 -> U86 -> U59 -> CC_MUX_REG_2_,b06
5,3.0,5,0,2,1,0,0,DFF_Q_STATE_REG_1_,CC_MUX_REG_1_,DFF_Q_STATE_REG_1_ -> U64 -> U91 -> U58 -> CC_MUX_REG_1_,b06
4,2.75,4,0,2,0,0,0,DFF_Q_STATE_REG_1_,CC_MUX_REG_1_,DFF_Q_STATE_REG_1_ -> U92 -> U58 -> CC_MUX_REG_1_,b06
5,3.2,5,0,2,1,0,0,DFF_Q_STATE_REG_1_,USCITE_REG_2_,DFF_Q_STATE_REG_1_ -> U64 -> U72 -> U61 -> USCITE_REG_2_,b06
6,2.5,7,0,3,1,0,0,DFF_Q_STATE_REG_1_,USCITE_REG_2_,DFF_Q_STATE_REG_1_ -> U66 -> U71 -> U75 -> U61 -> USCITE_REG_2_,b06
6,2.8333333333333335,7,1,2,1,0,0,DFF_Q_STATE_REG_1_,USCITE_REG_1_,DFF_Q_STATE_REG_1_ -> U64 -> U89 -> U54 -> U60 -> USCITE_REG_1_,b06
4,2.75,4,0,2,0,0,0,DFF_Q_STATE_REG_1_,USCITE_REG_1_,DFF_Q_STATE_REG_1_ -> U76 -> U60 -> USCITE_REG_1_,b06
5,2.6,6,1,2,0,0,0,DFF_Q_STATE_REG_1_,USCITE_REG_1_,DFF_Q_STATE_REG_1_ -> U90 -> U54 -> U60 -> USCITE_REG_1_,b06
5,2.6,6,1,1,0,1,0,DFF_Q_STATE_REG_1_,ENABLE_COUNT_REG,DFF_Q_STATE_REG_1_ -> U63 -> U84 -> U62 -> ENABLE_COUNT_REG,b06
4,3.0,4,0,2,0,0,0,DFF_Q_STATE_REG_1_,ENABLE_COUNT_REG,DFF_Q_STATE_REG_1_ -> U83 -> U62 -> ENABLE_COUNT_REG,b06
5,2.4,6,1,1,0,1,0,DFF_Q_STATE_REG_0_,ACKOUT_REG,DFF_Q_STATE_REG_0_ -> U63 -> U84 -> U62 -> ACKOUT_REG,b06
6,2.6666666666666665,7,0,2,1,1,0,DFF_Q_STATE_REG_0_,ACKOUT_REG,DFF_Q_STATE_REG_0_ -> U69 -> U73 -> U83 -> U62 -> ACKOUT_REG,b06
6,2.1666666666666665,7,0,3,1,0,0,DFF_Q_STATE_REG_0_,STATE_REG_2_,DFF_Q_STATE_REG_0_ -> U70 -> U74 -> U79 -> U57 -> STATE_REG_2_,b06
6,2.3333333333333335,8,0,3,0,1,0,DFF_Q_STATE_REG_0_,STATE_REG_2_,DFF_Q_STATE_REG_0_ -> U77 -> U78 -> U80 -> U57 -> STATE_REG_2_,b06
5,2.8,5,0,2,1,0,0,DFF_Q_STATE_REG_0_,STATE_REG_1_,DFF_Q_STATE_REG_0_ -> U68 -> U72 -> U56 -> STATE_REG_1_,b06
6,2.5,7,0,2,1,1,0,DFF_Q_STATE_REG_0_,STATE_REG_1_,DFF_Q_STATE_REG_0_ -> U69 -> U73 -> U82 -> U56 -> STATE_REG_1_,b06
4,2.5,4,0,2,0,0,0,DFF_Q_STATE_REG_0_,STATE_REG_1_,DFF_Q_STATE_REG_0_ -> U81 -> U56 -> STATE_REG_1_,b06
7,2.4285714285714284,9,1,2,1,1,0,DFF_Q_STATE_REG_0_,STATE_REG_0_,DFF_Q_STATE_REG_0_ -> U69 -> U73 -> U89 -> U54 -> U55 -> STATE_REG_0_,b06
5,2.6,6,0,2,0,1,0,DFF_Q_STATE_REG_0_,STATE_REG_0_,DFF_Q_STATE_REG_0_ -> U77 -> U78 -> U55 -> STATE_REG_0_,b06
5,2.4,6,1,2,0,0,0,DFF_Q_STATE_REG_0_,STATE_REG_0_,DFF_Q_STATE_REG_0_ -> U90 -> U54 -> U55 -> STATE_REG_0_,b06
5,2.6,5,0,2,1,0,0,DFF_Q_STATE_REG_0_,CC_MUX_REG_2_,DFF_Q_STATE_REG_0_ -> U68 -> U85 -> U59 -> CC_MUX_REG_2_,b06
4,2.75,4,0,2,0,0,0,DFF_Q_STATE_REG_0_,CC_MUX_REG_2_,DFF_Q_STATE_REG_0_ -> U70 -> U59 -> CC_MUX_REG_2_,b06
6,2.3333333333333335,8,0,3,0,1,0,DFF_Q_STATE_REG_0_,CC_MUX_REG_2_,DFF_Q_STATE_REG_0_ -> U77 -> U78 -> U86 -> U59 -> CC_MUX_REG_2_,b06
6,2.3333333333333335,7,0,3,1,0,0,DFF_Q_STATE_REG_0_,CC_MUX_REG_1_,DFF_Q_STATE_REG_0_ -> U68 -> U87 -> U92 -> U58 -> CC_MUX_REG_1_,b06
4,2.75,4,0,1,0,1,0,DFF_Q_STATE_REG_0_,CC_MUX_REG_1_,DFF_Q_STATE_REG_0_ -> U69 -> U58 -> CC_MUX_REG_1_,b06
4,2.5,4,0,2,0,0,0,DFF_Q_STATE_REG_0_,CC_MUX_REG_1_,DFF_Q_STATE_REG_0_ -> U88 -> U58 -> CC_MUX_REG_1_,b06
5,2.8,5,0,2,1,0,0,DFF_Q_STATE_REG_0_,USCITE_REG_2_,DFF_Q_STATE_REG_0_ -> U68 -> U72 -> U61 -> USCITE_REG_2_,b06
7,2.4285714285714284,9,1,2,1,1,0,DFF_Q_STATE_REG_0_,USCITE_REG_1_,DFF_Q_STATE_REG_0_ -> U69 -> U73 -> U89 -> U54 -> U60 -> USCITE_REG_1_,b06
5,2.4,6,1,2,0,0,0,DFF_Q_STATE_REG_0_,USCITE_REG_1_,DFF_Q_STATE_REG_0_ -> U90 -> U54 -> U60 -> USCITE_REG_1_,b06
5,2.4,6,1,1,0,1,0,DFF_Q_STATE_REG_0_,ENABLE_COUNT_REG,DFF_Q_STATE_REG_0_ -> U63 -> U84 -> U62 -> ENABLE_COUNT_REG,b06
6,2.6666666666666665,7,0,2,1,1,0,DFF_Q_STATE_REG_0_,ENABLE_COUNT_REG,DFF_Q_STATE_REG_0_ -> U69 -> U73 -> U83 -> U62 -> ENABLE_COUNT_REG,b06
9,1.8888888888888888,11,0,4,3,0,0,START,O_REG_0_,START -> U196 -> U205 -> U236 -> U231 -> U282 -> U324 -> U219 -> O_REG_0_,b08
8,1.625,10,0,4,2,0,0,START,O_REG_0_,START -> U196 -> U205 -> U236 -> U231 -> U323 -> U219 -> O_REG_0_,b08
6,1.1666666666666667,7,0,3,1,0,0,START,STATO_REG_1_,START -> U196 -> U205 -> U237 -> U189 -> STATO_REG_1_,b08
4,1.0,4,0,2,0,0,0,START,STATO_REG_0_,START -> U240 -> U188 -> STATO_REG_0_,b08
9,1.8888888888888888,11,0,4,3,0,0,START,O_REG_3_,START -> U196 -> U205 -> U236 -> U231 -> U282 -> U318 -> U216 -> O_REG_3_,b08
8,1.625,10,0,4,2,0,0,START,O_REG_3_,START -> U196 -> U205 -> U236 -> U231 -> U317 -> U216 -> O_REG_3_,b08
9,1.8888888888888888,11,0,4,3,0,0,START,O_REG_2_,START -> U196 -> U205 -> U236 -> U231 -> U282 -> U320 -> U217 -> O_REG_2_,b08
8,1.625,10,0,4,2,0,0,START,O_REG_2_,START -> U196 -> U205 -> U236 -> U231 -> U319 -> U217 -> O_REG_2_,b08
9,1.8888888888888888,11,0,4,3,0,0,START,O_REG_1_,START -> U196 -> U205 -> U236 -> U231 -> U282 -> U322 -> U218 -> O_REG_1_,b08
8,1.625,10,0,4,2,0,0,START,O_REG_1_,START -> U196 -> U205 -> U236 -> U231 -> U321 -> U218 -> O_REG_1_,b08
4,0.75,4,0,2,0,0,0,I_7_,IN_R_REG_7_,I_7_ -> U288 -> U208 -> IN_R_REG_7_,b08
4,0.75,4,0,2,0,0,0,I_6_,IN_R_REG_6_,I_6_ -> U290 -> U209 -> IN_R_REG_6_,b08
4,0.75,4,0,2,0,0,0,I_5_,IN_R_REG_5_,I_5_ -> U292 -> U210 -> IN_R_REG_5_,b08
4,0.75,4,0,2,0,0,0,I_4_,IN_R_REG_4_,I_4_ -> U294 -> U211 -> IN_R_REG_4_,b08
4,0.75,4,0,2,0,0,0,I_3_,IN_R_REG_3_,I_3_ -> U296 -> U212 -> IN_R_REG_3_,b08
4,0.75,4,0,2,0,0,0,I_2_,IN_R_REG_2_,I_2_ -> U298 -> U213 -> IN_R_REG_2_,b08
4,0.75,4,0,2,0,0,0,I_1_,IN_R_REG_1_,I_1_ -> U300 -> U214 -> IN_R_REG_1_,b08
4,0.75,4,0,2,0,0,0,I_0_,IN_R_REG_0_,I_0_ -> U302 -> U215 -> IN_R_REG_0_,b08
4,0.75,4,0,2,0,0,0,DFF_Q_O_REG_0_,O_REG_0_,DFF_Q_O_REG_0_ -> U323 -> U219 -> O_REG_0_,b08
6,3.0,7,0,3,1,0,0,DFF_Q_STATO_REG_1_,O_REG_0_,DFF_Q_STATO_REG_1_ -> U231 -> U282 -> U324 -> U219 -> O_REG_0_,b08
5,2.8,6,0,3,0,0,0,DFF_Q_STATO_REG_1_,O_REG_0_,DFF_Q_STATO_REG_1_ -> U231 -> U323 -> U219 -> O_REG_0_,b08
5,4.4,5,0,2,1,0,0,DFF_Q_STATO_REG_1_,STATO_REG_1_,DFF_Q_STATO_REG_1_ -> U190 -> U223 -> U189 -> STATO_REG_1_,b08
4,2.75,4,0,2,0,0,0,DFF_Q_STATO_REG_1_,STATO_REG_1_,DFF_Q_STATO_REG_1_ -> U204 -> U189 -> STATO_REG_1_,b08
4,2.75,4,0,2,0,0,0,DFF_Q_STATO_REG_1_,STATO_REG_0_,DFF_Q_STATO_REG_1_ -> U204 -> U188 -> STATO_REG_0_,b08
6,2.1666666666666665,8,0,4,0,0,0,DFF_Q_STATO_REG_1_,STATO_REG_0_,DFF_Q_STATO_REG_1_ -> U238 -> U197 -> U240 -> U188 -> STATO_REG_0_,b08
5,2.4,6,1,2,0,0,0,DFF_Q_STATO_REG_1_,MAR_REG_2_,DFF_Q_STATO_REG_1_ -> U177 -> U244 -> U187 -> MAR_REG_2_,b08
6,2.1666666666666665,7,0,3,1,0,0,DFF_Q_STATO_REG_1_,MAR_REG_2_,DFF_Q_STATO_REG_1_ -> U190 -> U242 -> U243 -> U187 -> MAR_REG_2_,b08
8,2.0,11,0,5,1,0,0,DFF_Q_STATO_REG_1_,MAR_REG_2_,DFF_Q_STATO_REG_1_ -> U238 -> U197 -> U239 -> U242 -> U243 -> U187 -> MAR_REG_2_,b08
5,2.4,6,1,2,0,0,0,DFF_Q_STATO_REG_1_,MAR_REG_1_,DFF_Q_STATO_REG_1_ -> U177 -> U284 -> U206 -> MAR_REG_1_,b08
8,2.0,11,0,5,1,0,0,DFF_Q_STATO_REG_1_,MAR_REG_1_,DFF_Q_STATO_REG_1_ -> U238 -> U197 -> U239 -> U246 -> U283 -> U206 -> MAR_REG_1_,b08
6,1.8333333333333333,8,0,4,0,0,0,DFF_Q_STATO_REG_1_,MAR_REG_1_,DFF_Q_STATO_REG_1_ -> U245 -> U246 -> U283 -> U206 -> MAR_REG_1_,b08
5,2.4,6,1,2,0,0,0,DFF_Q_STATO_REG_1_,MAR_REG_0_,DFF_Q_STATO_REG_1_ -> U177 -> U285 -> U207 -> MAR_REG_0_,b08
6,2.1666666666666665,8,0,4,0,0,0,DFF_Q_STATO_REG_1_,MAR_REG_0_,DFF_Q_STATO_REG_1_ -> U238 -> U197 -> U286 -> U207 -> MAR_REG_0_,b08
7,4.428571428571429,8,0,3,2,0,0,DFF_Q_STATO_REG_1_,IN_R_REG_7_,DFF_Q_STATO_REG_1_ -> U190 -> U223 -> U234 -> U288 -> U208 -> IN_R_REG_7_,b08
6,3.8333333333333335,7,0,3,1,0,0,DFF_Q_STATO_REG_1_,IN_R_REG_7_,DFF_Q_STATO_REG_1_ -> U190 -> U223 -> U287 -> U208 -> IN_R_REG_7_,b08
7,4.428571428571429,8,0,3,2,0,0,DFF_Q_STATO_REG_1_,IN_R_REG_6_,DFF_Q_STATO_REG_1_ -> U190 -> U223 -> U234 -> U290 -> U209 -> IN_R_REG_6_,b08
6,3.8333333333333335,7,0,3,1,0,0,DFF_Q_STATO_REG_1_,IN_R_REG_6_,DFF_Q_STATO_REG_1_ -> U190 -> U223 -> U289 -> U209 -> IN_R_REG_6_,b08
7,4.428571428571429,8,0,3,2,0,0,DFF_Q_STATO_REG_1_,IN_R_REG_5_,DFF_Q_STATO_REG_1_ -> U190 -> U223 -> U234 -> U292 -> U210 -> IN_R_REG_5_,b08
6,3.8333333333333335,7,0,3,1,0,0,DFF_Q_STATO_REG_1_,IN_R_REG_5_,DFF_Q_STATO_REG_1_ -> U190 -> U223 -> U291 -> U210 -> IN_R_REG_5_,b08
7,4.428571428571429,8,0,3,2,0,0,DFF_Q_STATO_REG_1_,IN_R_REG_4_,DFF_Q_STATO_REG_1_ -> U190 -> U223 -> U234 -> U294 -> U211 -> IN_R_REG_4_,b08
6,3.8333333333333335,7,0,3,1,0,0,DFF_Q_STATO_REG_1_,IN_R_REG_4_,DFF_Q_STATO_REG_1_ -> U190 -> U223 -> U293 -> U211 -> IN_R_REG_4_,b08
7,4.428571428571429,8,0,3,2,0,0,DFF_Q_STATO_REG_1_,IN_R_REG_3_,DFF_Q_STATO_REG_1_ -> U190 -> U223 -> U234 -> U296 -> U212 -> IN_R_REG_3_,b08
6,3.8333333333333335,7,0,3,1,0,0,DFF_Q_STATO_REG_1_,IN_R_REG_3_,DFF_Q_STATO_REG_1_ -> U190 -> U223 -> U295 -> U212 -> IN_R_REG_3_,b08
7,4.428571428571429,8,0,3,2,0,0,DFF_Q_STATO_REG_1_,IN_R_REG_2_,DFF_Q_STATO_REG_1_ -> U190 -> U223 -> U234 -> U298 -> U213 -> IN_R_REG_2_,b08
6,3.8333333333333335,7,0,3,1,0,0,DFF_Q_STATO_REG_1_,IN_R_REG_2_,DFF_Q_STATO_REG_1_ -> U190 -> U223 -> U297 -> U213 -> IN_R_REG_2_,b08
7,4.428571428571429,8,0,3,2,0,0,DFF_Q_STATO_REG_1_,IN_R_REG_1_,DFF_Q_STATO_REG_1_ -> U190 -> U223 -> U234 -> U300 -> U214 -> IN_R_REG_1_,b08
6,3.8333333333333335,7,0,3,1,0,0,DFF_Q_STATO_REG_1_,IN_R_REG_1_,DFF_Q_STATO_REG_1_ -> U190 -> U223 -> U299 -> U214 -> IN_R_REG_1_,b08
7,4.428571428571429,8,0,3,2,0,0,DFF_Q_STATO_REG_1_,IN_R_REG_0_,DFF_Q_STATO_REG_1_ -> U190 -> U223 -> U234 -> U302 -> U215 -> IN_R_REG_0_,b08
6,3.8333333333333335,7,0,3,1,0,0,DFF_Q_STATO_REG_1_,IN_R_REG_0_,DFF_Q_STATO_REG_1_ -> U190 -> U223 -> U301 -> U215 -> IN_R_REG_0_,b08
5,3.0,6,1,2,0,0,0,DFF_Q_STATO_REG_1_,OUT_R_REG_3_,DFF_Q_STATO_REG_1_ -> U176 -> U232 -> U186 -> OUT_R_REG_3_,b08
5,2.6,6,1,2,0,0,0,DFF_Q_STATO_REG_1_,OUT_R_REG_3_,DFF_Q_STATO_REG_1_ -> U176 -> U274 -> U186 -> OUT_R_REG_3_,b08
8,3.875,11,1,4,1,0,0,DFF_Q_STATO_REG_1_,OUT_R_REG_3_,DFF_Q_STATO_REG_1_ -> U190 -> U223 -> U272 -> U176 -> U232 -> U186 -> OUT_R_REG_3_,b08
8,3.625,11,1,4,1,0,0,DFF_Q_STATO_REG_1_,OUT_R_REG_3_,DFF_Q_STATO_REG_1_ -> U190 -> U223 -> U272 -> U176 -> U274 -> U186 -> OUT_R_REG_3_,b08
8,3.625,11,0,5,1,0,0,DFF_Q_STATO_REG_1_,OUT_R_REG_3_,DFF_Q_STATO_REG_1_ -> U190 -> U223 -> U272 -> U273 -> U275 -> U186 -> OUT_R_REG_3_,b08
6,2.6666666666666665,7,0,3,1,0,0,DFF_Q_STATO_REG_1_,OUT_R_REG_3_,DFF_Q_STATO_REG_1_ -> U190 -> U273 -> U275 -> U186 -> OUT_R_REG_3_,b08
10,2.3,15,2,5,1,0,0,DFF_Q_STATO_REG_1_,OUT_R_REG_3_,DFF_Q_STATO_REG_1_ -> U204 -> U233 -> U220 -> U271 -> U272 -> U176 -> U232 -> U186 -> OUT_R_REG_3_,b08
10,2.1,15,2,5,1,0,0,DFF_Q_STATO_REG_1_,OUT_R_REG_3_,DFF_Q_STATO_REG_1_ -> U204 -> U233 -> U220 -> U271 -> U272 -> U176 -> U274 -> U186 -> OUT_R_REG_3_,b08
10,2.1,15,1,6,1,0,0,DFF_Q_STATO_REG_1_,OUT_R_REG_3_,DFF_Q_STATO_REG_1_ -> U204 -> U233 -> U220 -> U271 -> U272 -> U273 -> U275 -> U186 -> OUT_R_REG_3_,b08
5,2.6,6,1,2,0,0,0,DFF_Q_STATO_REG_1_,OUT_R_REG_2_,DFF_Q_STATO_REG_1_ -> U176 -> U276 -> U185 -> OUT_R_REG_2_,b08
8,3.625,11,1,4,1,0,0,DFF_Q_STATO_REG_1_,OUT_R_REG_2_,DFF_Q_STATO_REG_1_ -> U190 -> U223 -> U272 -> U176 -> U276 -> U185 -> OUT_R_REG_2_,b08
8,3.625,11,0,5,1,0,0,DFF_Q_STATO_REG_1_,OUT_R_REG_2_,DFF_Q_STATO_REG_1_ -> U190 -> U223 -> U272 -> U273 -> U277 -> U185 -> OUT_R_REG_2_,b08
6,2.6666666666666665,7,0,3,1,0,0,DFF_Q_STATO_REG_1_,OUT_R_REG_2_,DFF_Q_STATO_REG_1_ -> U190 -> U273 -> U277 -> U185 -> OUT_R_REG_2_,b08
10,2.1,15,2,5,1,0,0,DFF_Q_STATO_REG_1_,OUT_R_REG_2_,DFF_Q_STATO_REG_1_ -> U204 -> U233 -> U220 -> U271 -> U272 -> U176 -> U276 -> U185 -> OUT_R_REG_2_,b08
10,2.1,15,1,6,1,0,0,DFF_Q_STATO_REG_1_,OUT_R_REG_2_,DFF_Q_STATO_REG_1_ -> U204 -> U233 -> U220 -> U271 -> U272 -> U273 -> U277 -> U185 -> OUT_R_REG_2_,b08
5,3.0,6,1,2,0,0,0,DFF_Q_STATO_REG_1_,OUT_R_REG_1_,DFF_Q_STATO_REG_1_ -> U176 -> U232 -> U184 -> OUT_R_REG_1_,b08
5,2.6,6,1,2,0,0,0,DFF_Q_STATO_REG_1_,OUT_R_REG_1_,DFF_Q_STATO_REG_1_ -> U176 -> U279 -> U184 -> OUT_R_REG_1_,b08
8,3.875,11,1,4,1,0,0,DFF_Q_STATO_REG_1_,OUT_R_REG_1_,DFF_Q_STATO_REG_1_ -> U190 -> U223 -> U272 -> U176 -> U232 -> U184 -> OUT_R_REG_1_,b08
8,3.625,11,1,4,1,0,0,DFF_Q_STATO_REG_1_,OUT_R_REG_1_,DFF_Q_STATO_REG_1_ -> U190 -> U223 -> U272 -> U176 -> U279 -> U184 -> OUT_R_REG_1_,b08
8,3.625,11,0,5,1,0,0,DFF_Q_STATO_REG_1_,OUT_R_REG_1_,DFF_Q_STATO_REG_1_ -> U190 -> U223 -> U272 -> U273 -> U280 -> U184 -> OUT_R_REG_1_,b08
6,2.6666666666666665,7,0,3,1,0,0,DFF_Q_STATO_REG_1_,OUT_R_REG_1_,DFF_Q_STATO_REG_1_ -> U190 -> U273 -> U280 -> U184 -> OUT_R_REG_1_,b08
10,2.3,15,2,5,1,0,0,DFF_Q_STATO_REG_1_,OUT_R_REG_1_,DFF_Q_STATO_REG_1_ -> U204 -> U233 -> U220 -> U271 -> U272 -> U176 -> U232 -> U184 -> OUT_R_REG_1_,b08
10,2.1,15,2,5,1,0,0,DFF_Q_STATO_REG_1_,OUT_R_REG_1_,DFF_Q_STATO_REG_1_ -> U204 -> U233 -> U220 -> U271 -> U272 -> U176 -> U279 -> U184 -> OUT_R_REG_1_,b08
10,2.1,15,1,6,1,0,0,DFF_Q_STATO_REG_1_,OUT_R_REG_1_,DFF_Q_STATO_REG_1_ -> U204 -> U233 -> U220 -> U271 -> U272 -> U273 -> U280 -> U184 -> OUT_R_REG_1_,b08
5,3.0,6,1,2,0,0,0,DFF_Q_STATO_REG_1_,OUT_R_REG_0_,DFF_Q_STATO_REG_1_ -> U176 -> U232 -> U183 -> OUT_R_REG_0_,b08
8,3.875,11,1,4,1,0,0,DFF_Q_STATO_REG_1_,OUT_R_REG_0_,DFF_Q_STATO_REG_1_ -> U190 -> U223 -> U272 -> U176 -> U232 -> U183 -> OUT_R_REG_0_,b08
8,3.625,11,0,5,1,0,0,DFF_Q_STATO_REG_1_,OUT_R_REG_0_,DFF_Q_STATO_REG_1_ -> U190 -> U223 -> U272 -> U273 -> U281 -> U183 -> OUT_R_REG_0_,b08
6,2.6666666666666665,7,0,3,1,0,0,DFF_Q_STATO_REG_1_,OUT_R_REG_0_,DFF_Q_STATO_REG_1_ -> U190 -> U273 -> U281 -> U183 -> OUT_R_REG_0_,b08
10,2.3,15,2,5,1,0,0,DFF_Q_STATO_REG_1_,OUT_R_REG_0_,DFF_Q_STATO_REG_1_ -> U204 -> U233 -> U220 -> U271 -> U272 -> U176 -> U232 -> U183 -> OUT_R_REG_0_,b08
10,2.1,15,1,6,1,0,0,DFF_Q_STATO_REG_1_,OUT_R_REG_0_,DFF_Q_STATO_REG_1_ -> U204 -> U233 -> U220 -> U271 -> U272 -> U273 -> U281 -> U183 -> OUT_R_REG_0_,b08
6,3.0,7,0,3,1,0,0,DFF_Q_STATO_REG_1_,O_REG_3_,DFF_Q_STATO_REG_1_ -> U231 -> U282 -> U318 -> U216 -> O_REG_3_,b08
5,2.8,6,0,3,0,0,0,DFF_Q_STATO_REG_1_,O_REG_3_,DFF_Q_STATO_REG_1_ -> U231 -> U317 -> U216 -> O_REG_3_,b08
6,3.0,7,0,3,1,0,0,DFF_Q_STATO_REG_1_,O_REG_2_,DFF_Q_STATO_REG_1_ -> U231 -> U282 -> U320 -> U217 -> O_REG_2_,b08
5,2.8,6,0,3,0,0,0,DFF_Q_STATO_REG_1_,O_REG_2_,DFF_Q_STATO_REG_1_ -> U231 -> U319 -> U217 -> O_REG_2_,b08
6,3.0,7,0,3,1,0,0,DFF_Q_STATO_REG_1_,O_REG_1_,DFF_Q_STATO_REG_1_ -> U231 -> U282 -> U322 -> U218 -> O_REG_1_,b08
5,2.8,6,0,3,0,0,0,DFF_Q_STATO_REG_1_,O_REG_1_,DFF_Q_STATO_REG_1_ -> U231 -> U321 -> U218 -> O_REG_1_,b08
6,2.8333333333333335,7,0,3,1,0,0,DFF_Q_STATO_REG_0_,O_REG_0_,DFF_Q_STATO_REG_0_ -> U231 -> U282 -> U324 -> U219 -> O_REG_0_,b08
5,2.6,6,0,3,0,0,0,DFF_Q_STATO_REG_0_,O_REG_0_,DFF_Q_STATO_REG_0_ -> U231 -> U323 -> U219 -> O_REG_0_,b08
5,2.2,5,0,2,1,0,0,DFF_Q_STATO_REG_0_,STATO_REG_1_,DFF_Q_STATO_REG_0_ -> U191 -> U204 -> U189 -> STATO_REG_1_,b08
4,4.5,4,0,2,0,0,0,DFF_Q_STATO_REG_0_,STATO_REG_1_,DFF_Q_STATO_REG_0_ -> U223 -> U189 -> STATO_REG_1_,b08
4,2.0,4,0,2,0,0,0,DFF_Q_STATO_REG_0_,STATO_REG_1_,DFF_Q_STATO_REG_0_ -> U237 -> U189 -> STATO_REG_1_,b08
5,2.2,5,0,2,1,0,0,DFF_Q_STATO_REG_0_,STATO_REG_0_,DFF_Q_STATO_REG_0_ -> U191 -> U204 -> U188 -> STATO_REG_0_,b08
5,2.2,6,0,3,0,0,0,DFF_Q_STATO_REG_0_,STATO_REG_0_,DFF_Q_STATO_REG_0_ -> U197 -> U240 -> U188 -> STATO_REG_0_,b08
5,2.2,6,1,2,0,0,0,DFF_Q_STATO_REG_0_,MAR_REG_2_,DFF_Q_STATO_REG_0_ -> U177 -> U244 -> U187 -> MAR_REG_2_,b08
7,2.0,9,0,4,1,0,0,DFF_Q_STATO_REG_0_,MAR_REG_2_,DFF_Q_STATO_REG_0_ -> U197 -> U239 -> U242 -> U243 -> U187 -> MAR_REG_2_,b08
5,2.2,6,1,2,0,0,0,DFF_Q_STATO_REG_0_,MAR_REG_1_,DFF_Q_STATO_REG_0_ -> U177 -> U284 -> U206 -> MAR_REG_1_,b08
7,2.0,9,0,4,1,0,0,DFF_Q_STATO_REG_0_,MAR_REG_1_,DFF_Q_STATO_REG_0_ -> U197 -> U239 -> U246 -> U283 -> U206 -> MAR_REG_1_,b08
5,2.2,6,1,2,0,0,0,DFF_Q_STATO_REG_0_,MAR_REG_0_,DFF_Q_STATO_REG_0_ -> U177 -> U285 -> U207 -> MAR_REG_0_,b08
5,2.2,6,0,3,0,0,0,DFF_Q_STATO_REG_0_,MAR_REG_0_,DFF_Q_STATO_REG_0_ -> U197 -> U286 -> U207 -> MAR_REG_0_,b08
6,4.5,7,0,3,1,0,0,DFF_Q_STATO_REG_0_,IN_R_REG_7_,DFF_Q_STATO_REG_0_ -> U223 -> U234 -> U288 -> U208 -> IN_R_REG_7_,b08
5,3.8,6,0,3,0,0,0,DFF_Q_STATO_REG_0_,IN_R_REG_7_,DFF_Q_STATO_REG_0_ -> U223 -> U287 -> U208 -> IN_R_REG_7_,b08
6,4.5,7,0,3,1,0,0,DFF_Q_STATO_REG_0_,IN_R_REG_6_,DFF_Q_STATO_REG_0_ -> U223 -> U234 -> U290 -> U209 -> IN_R_REG_6_,b08
5,3.8,6,0,3,0,0,0,DFF_Q_STATO_REG_0_,IN_R_REG_6_,DFF_Q_STATO_REG_0_ -> U223 -> U289 -> U209 -> IN_R_REG_6_,b08
6,4.5,7,0,3,1,0,0,DFF_Q_STATO_REG_0_,IN_R_REG_5_,DFF_Q_STATO_REG_0_ -> U223 -> U234 -> U292 -> U210 -> IN_R_REG_5_,b08
5,3.8,6,0,3,0,0,0,DFF_Q_STATO_REG_0_,IN_R_REG_5_,DFF_Q_STATO_REG_0_ -> U223 -> U291 -> U210 -> IN_R_REG_5_,b08
6,4.5,7,0,3,1,0,0,DFF_Q_STATO_REG_0_,IN_R_REG_4_,DFF_Q_STATO_REG_0_ -> U223 -> U234 -> U294 -> U211 -> IN_R_REG_4_,b08
5,3.8,6,0,3,0,0,0,DFF_Q_STATO_REG_0_,IN_R_REG_4_,DFF_Q_STATO_REG_0_ -> U223 -> U293 -> U211 -> IN_R_REG_4_,b08
6,4.5,7,0,3,1,0,0,DFF_Q_STATO_REG_0_,IN_R_REG_3_,DFF_Q_STATO_REG_0_ -> U223 -> U234 -> U296 -> U212 -> IN_R_REG_3_,b08
5,3.8,6,0,3,0,0,0,DFF_Q_STATO_REG_0_,IN_R_REG_3_,DFF_Q_STATO_REG_0_ -> U223 -> U295 -> U212 -> IN_R_REG_3_,b08
6,4.5,7,0,3,1,0,0,DFF_Q_STATO_REG_0_,IN_R_REG_2_,DFF_Q_STATO_REG_0_ -> U223 -> U234 -> U298 -> U213 -> IN_R_REG_2_,b08
5,3.8,6,0,3,0,0,0,DFF_Q_STATO_REG_0_,IN_R_REG_2_,DFF_Q_STATO_REG_0_ -> U223 -> U297 -> U213 -> IN_R_REG_2_,b08
6,4.5,7,0,3,1,0,0,DFF_Q_STATO_REG_0_,IN_R_REG_1_,DFF_Q_STATO_REG_0_ -> U223 -> U234 -> U300 -> U214 -> IN_R_REG_1_,b08
5,3.8,6,0,3,0,0,0,DFF_Q_STATO_REG_0_,IN_R_REG_1_,DFF_Q_STATO_REG_0_ -> U223 -> U299 -> U214 -> IN_R_REG_1_,b08
6,4.5,7,0,3,1,0,0,DFF_Q_STATO_REG_0_,IN_R_REG_0_,DFF_Q_STATO_REG_0_ -> U223 -> U234 -> U302 -> U215 -> IN_R_REG_0_,b08
5,3.8,6,0,3,0,0,0,DFF_Q_STATO_REG_0_,IN_R_REG_0_,DFF_Q_STATO_REG_0_ -> U223 -> U301 -> U215 -> IN_R_REG_0_,b08
11,2.090909090909091,16,2,5,2,0,0,DFF_Q_STATO_REG_0_,OUT_R_REG_3_,DFF_Q_STATO_REG_0_ -> U191 -> U204 -> U233 -> U220 -> U271 -> U272 -> U176 -> U232 -> U186 -> OUT_R_REG_3_,b08
11,1.9090909090909092,16,2,5,2,0,0,DFF_Q_STATO_REG_0_,OUT_R_REG_3_,DFF_Q_STATO_REG_0_ -> U191 -> U204 -> U233 -> U220 -> U271 -> U272 -> U176 -> U274 -> U186 -> OUT_R_REG_3_,b08
11,1.9090909090909092,16,1,6,2,0,0,DFF_Q_STATO_REG_0_,OUT_R_REG_3_,DFF_Q_STATO_REG_0_ -> U191 -> U204 -> U233 -> U220 -> U271 -> U272 -> U273 -> U275 -> U186 -> OUT_R_REG_3_,b08
7,3.857142857142857,10,1,4,0,0,0,DFF_Q_STATO_REG_0_,OUT_R_REG_3_,DFF_Q_STATO_REG_0_ -> U223 -> U272 -> U176 -> U232 -> U186 -> OUT_R_REG_3_,b08
7,3.5714285714285716,10,1,4,0,0,0,DFF_Q_STATO_REG_0_,OUT_R_REG_3_,DFF_Q_STATO_REG_0_ -> U223 -> U272 -> U176 -> U274 -> U186 -> OUT_R_REG_3_,b08
7,3.5714285714285716,10,0,5,0,0,0,DFF_Q_STATO_REG_0_,OUT_R_REG_3_,DFF_Q_STATO_REG_0_ -> U223 -> U272 -> U273 -> U275 -> U186 -> OUT_R_REG_3_,b08
11,1.9090909090909092,16,2,5,2,0,0,DFF_Q_STATO_REG_0_,OUT_R_REG_2_,DFF_Q_STATO_REG_0_ -> U191 -> U204 -> U233 -> U220 -> U271 -> U272 -> U176 -> U276 -> U185 -> OUT_R_REG_2_,b08
11,1.9090909090909092,16,1,6,2,0,0,DFF_Q_STATO_REG_0_,OUT_R_REG_2_,DFF_Q_STATO_REG_0_ -> U191 -> U204 -> U233 -> U220 -> U271 -> U272 -> U273 -> U277 -> U185 -> OUT_R_REG_2_,b08
7,3.5714285714285716,10,1,4,0,0,0,DFF_Q_STATO_REG_0_,OUT_R_REG_2_,DFF_Q_STATO_REG_0_ -> U223 -> U272 -> U176 -> U276 -> U185 -> OUT_R_REG_2_,b08
7,3.5714285714285716,10,0,5,0,0,0,DFF_Q_STATO_REG_0_,OUT_R_REG_2_,DFF_Q_STATO_REG_0_ -> U223 -> U272 -> U273 -> U277 -> U185 -> OUT_R_REG_2_,b08
11,2.090909090909091,16,2,5,2,0,0,DFF_Q_STATO_REG_0_,OUT_R_REG_1_,DFF_Q_STATO_REG_0_ -> U191 -> U204 -> U233 -> U220 -> U271 -> U272 -> U176 -> U232 -> U184 -> OUT_R_REG_1_,b08
11,1.9090909090909092,16,2,5,2,0,0,DFF_Q_STATO_REG_0_,OUT_R_REG_1_,DFF_Q_STATO_REG_0_ -> U191 -> U204 -> U233 -> U220 -> U271 -> U272 -> U176 -> U279 -> U184 -> OUT_R_REG_1_,b08
11,1.9090909090909092,16,1,6,2,0,0,DFF_Q_STATO_REG_0_,OUT_R_REG_1_,DFF_Q_STATO_REG_0_ -> U191 -> U204 -> U233 -> U220 -> U271 -> U272 -> U273 -> U280 -> U184 -> OUT_R_REG_1_,b08
7,3.857142857142857,10,1,4,0,0,0,DFF_Q_STATO_REG_0_,OUT_R_REG_1_,DFF_Q_STATO_REG_0_ -> U223 -> U272 -> U176 -> U232 -> U184 -> OUT_R_REG_1_,b08
7,3.5714285714285716,10,1,4,0,0,0,DFF_Q_STATO_REG_0_,OUT_R_REG_1_,DFF_Q_STATO_REG_0_ -> U223 -> U272 -> U176 -> U279 -> U184 -> OUT_R_REG_1_,b08
7,3.5714285714285716,10,0,5,0,0,0,DFF_Q_STATO_REG_0_,OUT_R_REG_1_,DFF_Q_STATO_REG_0_ -> U223 -> U272 -> U273 -> U280 -> U184 -> OUT_R_REG_1_,b08
11,2.090909090909091,16,2,5,2,0,0,DFF_Q_STATO_REG_0_,OUT_R_REG_0_,DFF_Q_STATO_REG_0_ -> U191 -> U204 -> U233 -> U220 -> U271 -> U272 -> U176 -> U232 -> U183 -> OUT_R_REG_0_,b08
11,1.9090909090909092,16,1,6,2,0,0,DFF_Q_STATO_REG_0_,OUT_R_REG_0_,DFF_Q_STATO_REG_0_ -> U191 -> U204 -> U233 -> U220 -> U271 -> U272 -> U273 -> U281 -> U183 -> OUT_R_REG_0_,b08
7,3.857142857142857,10,1,4,0,0,0,DFF_Q_STATO_REG_0_,OUT_R_REG_0_,DFF_Q_STATO_REG_0_ -> U223 -> U272 -> U176 -> U232 -> U183 -> OUT_R_REG_0_,b08
7,3.5714285714285716,10,0,5,0,0,0,DFF_Q_STATO_REG_0_,OUT_R_REG_0_,DFF_Q_STATO_REG_0_ -> U223 -> U272 -> U273 -> U281 -> U183 -> OUT_R_REG_0_,b08
6,2.8333333333333335,7,0,3,1,0,0,DFF_Q_STATO_REG_0_,O_REG_3_,DFF_Q_STATO_REG_0_ -> U231 -> U282 -> U318 -> U216 -> O_REG_3_,b08
5,2.6,6,0,3,0,0,0,DFF_Q_STATO_REG_0_,O_REG_3_,DFF_Q_STATO_REG_0_ -> U231 -> U317 -> U216 -> O_REG_3_,b08
6,2.8333333333333335,7,0,3,1,0,0,DFF_Q_STATO_REG_0_,O_REG_2_,DFF_Q_STATO_REG_0_ -> U231 -> U282 -> U320 -> U217 -> O_REG_2_,b08
5,2.6,6,0,3,0,0,0,DFF_Q_STATO_REG_0_,O_REG_2_,DFF_Q_STATO_REG_0_ -> U231 -> U319 -> U217 -> O_REG_2_,b08
6,2.8333333333333335,7,0,3,1,0,0,DFF_Q_STATO_REG_0_,O_REG_1_,DFF_Q_STATO_REG_0_ -> U231 -> U282 -> U322 -> U218 -> O_REG_1_,b08
5,2.6,6,0,3,0,0,0,DFF_Q_STATO_REG_0_,O_REG_1_,DFF_Q_STATO_REG_0_ -> U231 -> U321 -> U218 -> O_REG_1_,b08
10,2.6,13,0,5,3,0,0,DFF_Q_MAR_REG_2_,O_REG_0_,DFF_Q_MAR_REG_2_ -> U195 -> U235 -> U205 -> U236 -> U231 -> U282 -> U324 -> U219 -> O_REG_0_,b08
9,2.4444444444444446,12,0,5,2,0,0,DFF_Q_MAR_REG_2_,O_REG_0_,DFF_Q_MAR_REG_2_ -> U195 -> U235 -> U205 -> U236 -> U231 -> U323 -> U219 -> O_REG_0_,b08
7,2.2857142857142856,9,0,4,1,0,0,DFF_Q_MAR_REG_2_,STATO_REG_1_,DFF_Q_MAR_REG_2_ -> U195 -> U235 -> U205 -> U237 -> U189 -> STATO_REG_1_,b08
8,2.25,11,0,5,1,0,0,DFF_Q_MAR_REG_2_,STATO_REG_0_,DFF_Q_MAR_REG_2_ -> U195 -> U235 -> U238 -> U197 -> U240 -> U188 -> STATO_REG_0_,b08
7,2.7142857142857144,8,0,3,2,0,0,DFF_Q_MAR_REG_2_,MAR_REG_2_,DFF_Q_MAR_REG_2_ -> U194 -> U198 -> U241 -> U244 -> U187 -> MAR_REG_2_,b08
10,2.1,14,0,6,2,0,0,DFF_Q_MAR_REG_2_,MAR_REG_2_,DFF_Q_MAR_REG_2_ -> U195 -> U235 -> U238 -> U197 -> U239 -> U242 -> U243 -> U187 -> MAR_REG_2_,b08
4,2.25,4,0,2,0,0,0,DFF_Q_MAR_REG_2_,MAR_REG_2_,DFF_Q_MAR_REG_2_ -> U243 -> U187 -> MAR_REG_2_,b08
10,2.1,14,0,6,2,0,0,DFF_Q_MAR_REG_2_,MAR_REG_1_,DFF_Q_MAR_REG_2_ -> U195 -> U235 -> U238 -> U197 -> U239 -> U246 -> U283 -> U206 -> MAR_REG_1_,b08
8,2.25,11,0,5,1,0,0,DFF_Q_MAR_REG_2_,MAR_REG_0_,DFF_Q_MAR_REG_2_ -> U195 -> U235 -> U238 -> U197 -> U286 -> U207 -> MAR_REG_0_,b08
17,2.4705882352941178,27,2,10,3,0,0,DFF_Q_MAR_REG_2_,OUT_R_REG_3_,DFF_Q_MAR_REG_2_ -> U194 -> U198 -> U200 -> U253 -> U201 -> U262 -> U265 -> U308 -> U266 -> U220 -> U271 -> U272 -> U176 -> U232 -> U186 -> OUT_R_REG_3_,b08
17,2.3529411764705883,27,2,10,3,0,0,DFF_Q_MAR_REG_2_,OUT_R_REG_3_,DFF_Q_MAR_REG_2_ -> U194 -> U198 -> U200 -> U253 -> U201 -> U262 -> U265 -> U308 -> U266 -> U220 -> U271 -> U272 -> U176 -> U274 -> U186 -> OUT_R_REG_3_,b08
17,2.3529411764705883,27,1,11,3,0,0,DFF_Q_MAR_REG_2_,OUT_R_REG_3_,DFF_Q_MAR_REG_2_ -> U194 -> U198 -> U200 -> U253 -> U201 -> U262 -> U265 -> U308 -> U266 -> U220 -> U271 -> U272 -> U273 -> U275 -> U186 -> OUT_R_REG_3_,b08
17,2.4705882352941178,27,2,10,3,0,0,DFF_Q_MAR_REG_2_,OUT_R_REG_3_,DFF_Q_MAR_REG_2_ -> U194 -> U198 -> U200 -> U253 -> U201 -> U262 -> U267 -> U309 -> U269 -> U220 -> U271 -> U272 -> U176 -> U232 -> U186 -> OUT_R_REG_3_,b08
17,2.3529411764705883,27,2,10,3,0,0,DFF_Q_MAR_REG_2_,OUT_R_REG_3_,DFF_Q_MAR_REG_2_ -> U194 -> U198 -> U200 -> U253 -> U201 -> U262 -> U267 -> U309 -> U269 -> U220 -> U271 -> U272 -> U176 -> U274 -> U186 -> OUT_R_REG_3_,b08
17,2.3529411764705883,27,1,11,3,0,0,DFF_Q_MAR_REG_2_,OUT_R_REG_3_,DFF_Q_MAR_REG_2_ -> U194 -> U198 -> U200 -> U253 -> U201 -> U262 -> U267 -> U309 -> U269 -> U220 -> U271 -> U272 -> U273 -> U275 -> U186 -> OUT_R_REG_3_,b08
14,2.7142857142857144,22,1,9,2,0,0,DFF_Q_MAR_REG_2_,OUT_R_REG_3_,DFF_Q_MAR_REG_2_ -> U194 -> U198 -> U200 -> U253 -> U201 -> U311 -> U264 -> U271 -> U272 -> U176 -> U232 -> U186 -> OUT_R_REG_3_,b08
14,2.5714285714285716,22,1,9,2,0,0,DFF_Q_MAR_REG_2_,OUT_R_REG_3_,DFF_Q_MAR_REG_2_ -> U194 -> U198 -> U200 -> U253 -> U201 -> U311 -> U264 -> U271 -> U272 -> U176 -> U274 -> U186 -> OUT_R_REG_3_,b08
14,2.5714285714285716,22,0,10,2,0,0,DFF_Q_MAR_REG_2_,OUT_R_REG_3_,DFF_Q_MAR_REG_2_ -> U194 -> U198 -> U200 -> U253 -> U201 -> U311 -> U264 -> U271 -> U272 -> U273 -> U275 -> U186 -> OUT_R_REG_3_,b08
16,2.5,25,3,8,3,0,0,DFF_Q_MAR_REG_2_,OUT_R_REG_3_,DFF_Q_MAR_REG_2_ -> U194 -> U198 -> U200 -> U253 -> U203 -> U259 -> U306 -> U221 -> U220 -> U271 -> U272 -> U176 -> U232 -> U186 -> OUT_R_REG_3_,b08
16,2.375,25,3,8,3,0,0,DFF_Q_MAR_REG_2_,OUT_R_REG_3_,DFF_Q_MAR_REG_2_ -> U194 -> U198 -> U200 -> U253 -> U203 -> U259 -> U306 -> U221 -> U220 -> U271 -> U272 -> U176 -> U274 -> U186 -> OUT_R_REG_3_,b08
16,2.375,25,2,9,3,0,0,DFF_Q_MAR_REG_2_,OUT_R_REG_3_,DFF_Q_MAR_REG_2_ -> U194 -> U198 -> U200 -> U253 -> U203 -> U259 -> U306 -> U221 -> U220 -> U271 -> U272 -> U273 -> U275 -> U186 -> OUT_R_REG_3_,b08
15,2.6,24,2,9,2,0,0,DFF_Q_MAR_REG_2_,OUT_R_REG_3_,DFF_Q_MAR_REG_2_ -> U194 -> U198 -> U200 -> U253 -> U203 -> U307 -> U266 -> U220 -> U271 -> U272 -> U176 -> U232 -> U186 -> OUT_R_REG_3_,b08
15,2.466666666666667,24,2,9,2,0,0,DFF_Q_MAR_REG_2_,OUT_R_REG_3_,DFF_Q_MAR_REG_2_ -> U194 -> U198 -> U200 -> U253 -> U203 -> U307 -> U266 -> U220 -> U271 -> U272 -> U176 -> U274 -> U186 -> OUT_R_REG_3_,b08
15,2.466666666666667,24,1,10,2,0,0,DFF_Q_MAR_REG_2_,OUT_R_REG_3_,DFF_Q_MAR_REG_2_ -> U194 -> U198 -> U200 -> U253 -> U203 -> U307 -> U266 -> U220 -> U271 -> U272 -> U273 -> U275 -> U186 -> OUT_R_REG_3_,b08
9,3.0,12,0,5,2,0,0,DFF_Q_MAR_REG_2_,OUT_R_REG_3_,DFF_Q_MAR_REG_2_ -> U194 -> U198 -> U200 -> U253 -> U256 -> U274 -> U186 -> OUT_R_REG_3_,b08
14,2.7142857142857144,22,1,9,2,0,0,DFF_Q_MAR_REG_2_,OUT_R_REG_3_,DFF_Q_MAR_REG_2_ -> U194 -> U198 -> U200 -> U253 -> U256 -> U313 -> U258 -> U271 -> U272 -> U176 -> U232 -> U186 -> OUT_R_REG_3_,b08
14,2.5714285714285716,22,1,9,2,0,0,DFF_Q_MAR_REG_2_,OUT_R_REG_3_,DFF_Q_MAR_REG_2_ -> U194 -> U198 -> U200 -> U253 -> U256 -> U313 -> U258 -> U271 -> U272 -> U176 -> U274 -> U186 -> OUT_R_REG_3_,b08
14,2.5714285714285716,22,0,10,2,0,0,DFF_Q_MAR_REG_2_,OUT_R_REG_3_,DFF_Q_MAR_REG_2_ -> U194 -> U198 -> U200 -> U253 -> U256 -> U313 -> U258 -> U271 -> U272 -> U273 -> U275 -> U186 -> OUT_R_REG_3_,b08
14,2.642857142857143,22,3,7,2,0,0,DFF_Q_MAR_REG_2_,OUT_R_REG_3_,DFF_Q_MAR_REG_2_ -> U194 -> U198 -> U200 -> U253 -> U304 -> U221 -> U220 -> U271 -> U272 -> U176 -> U232 -> U186 -> OUT_R_REG_3_,b08
14,2.5,22,3,7,2,0,0,DFF_Q_MAR_REG_2_,OUT_R_REG_3_,DFF_Q_MAR_REG_2_ -> U194 -> U198 -> U200 -> U253 -> U304 -> U221 -> U220 -> U271 -> U272 -> U176 -> U274 -> U186 -> OUT_R_REG_3_,b08
14,2.5,22,2,8,2,0,0,DFF_Q_MAR_REG_2_,OUT_R_REG_3_,DFF_Q_MAR_REG_2_ -> U194 -> U198 -> U200 -> U253 -> U304 -> U221 -> U220 -> U271 -> U272 -> U273 -> U275 -> U186 -> OUT_R_REG_3_,b08
14,2.642857142857143,22,3,7,2,0,0,DFF_Q_MAR_REG_2_,OUT_R_REG_3_,DFF_Q_MAR_REG_2_ -> U194 -> U198 -> U200 -> U253 -> U305 -> U221 -> U220 -> U271 -> U272 -> U176 -> U232 -> U186 -> OUT_R_REG_3_,b08
14,2.5,22,3,7,2,0,0,DFF_Q_MAR_REG_2_,OUT_R_REG_3_,DFF_Q_MAR_REG_2_ -> U194 -> U198 -> U200 -> U253 -> U305 -> U221 -> U220 -> U271 -> U272 -> U176 -> U274 -> U186 -> OUT_R_REG_3_,b08
14,2.5,22,2,8,2,0,0,DFF_Q_MAR_REG_2_,OUT_R_REG_3_,DFF_Q_MAR_REG_2_ -> U194 -> U198 -> U200 -> U253 -> U305 -> U221 -> U220 -> U271 -> U272 -> U273 -> U275 -> U186 -> OUT_R_REG_3_,b08
12,2.5833333333333335,19,1,8,1,0,0,DFF_Q_MAR_REG_2_,OUT_R_REG_3_,DFF_Q_MAR_REG_2_ -> U194 -> U198 -> U200 -> U315 -> U261 -> U271 -> U272 -> U176 -> U232 -> U186 -> OUT_R_REG_3_,b08
12,2.4166666666666665,19,1,8,1,0,0,DFF_Q_MAR_REG_2_,OUT_R_REG_3_,DFF_Q_MAR_REG_2_ -> U194 -> U198 -> U200 -> U315 -> U261 -> U271 -> U272 -> U176 -> U274 -> U186 -> OUT_R_REG_3_,b08
12,2.4166666666666665,19,0,9,1,0,0,DFF_Q_MAR_REG_2_,OUT_R_REG_3_,DFF_Q_MAR_REG_2_ -> U194 -> U198 -> U200 -> U315 -> U261 -> U271 -> U272 -> U273 -> U275 -> U186 -> OUT_R_REG_3_,b08
12,2.5,19,1,8,1,0,0,DFF_Q_MAR_REG_2_,OUT_R_REG_3_,DFF_Q_MAR_REG_2_ -> U194 -> U198 -> U257 -> U314 -> U258 -> U271 -> U272 -> U176 -> U232 -> U186 -> OUT_R_REG_3_,b08
12,2.3333333333333335,19,1,8,1,0,0,DFF_Q_MAR_REG_2_,OUT_R_REG_3_,DFF_Q_MAR_REG_2_ -> U194 -> U198 -> U257 -> U314 -> U258 -> U271 -> U272 -> U176 -> U274 -> U186 -> OUT_R_REG_3_,b08
12,2.3333333333333335,19,0,9,1,0,0,DFF_Q_MAR_REG_2_,OUT_R_REG_3_,DFF_Q_MAR_REG_2_ -> U194 -> U198 -> U257 -> U314 -> U258 -> U271 -> U272 -> U273 -> U275 -> U186 -> OUT_R_REG_3_,b08
13,2.3846153846153846,21,2,8,1,0,0,DFF_Q_MAR_REG_2_,OUT_R_REG_3_,DFF_Q_MAR_REG_2_ -> U194 -> U198 -> U268 -> U310 -> U269 -> U220 -> U271 -> U272 -> U176 -> U232 -> U186 -> OUT_R_REG_3_,b08
13,2.230769230769231,21,2,8,1,0,0,DFF_Q_MAR_REG_2_,OUT_R_REG_3_,DFF_Q_MAR_REG_2_ -> U194 -> U198 -> U268 -> U310 -> U269 -> U220 -> U271 -> U272 -> U176 -> U274 -> U186 -> OUT_R_REG_3_,b08
13,2.230769230769231,21,1,9,1,0,0,DFF_Q_MAR_REG_2_,OUT_R_REG_3_,DFF_Q_MAR_REG_2_ -> U194 -> U198 -> U268 -> U310 -> U269 -> U220 -> U271 -> U272 -> U273 -> U275 -> U186 -> OUT_R_REG_3_,b08
11,2.6363636363636362,17,2,6,1,0,0,DFF_Q_MAR_REG_2_,OUT_R_REG_3_,DFF_Q_MAR_REG_2_ -> U194 -> U198 -> U270 -> U220 -> U271 -> U272 -> U176 -> U232 -> U186 -> OUT_R_REG_3_,b08
11,2.4545454545454546,17,2,6,1,0,0,DFF_Q_MAR_REG_2_,OUT_R_REG_3_,DFF_Q_MAR_REG_2_ -> U194 -> U198 -> U270 -> U220 -> U271 -> U272 -> U176 -> U274 -> U186 -> OUT_R_REG_3_,b08
11,2.4545454545454546,17,1,7,1,0,0,DFF_Q_MAR_REG_2_,OUT_R_REG_3_,DFF_Q_MAR_REG_2_ -> U194 -> U198 -> U270 -> U220 -> U271 -> U272 -> U273 -> U275 -> U186 -> OUT_R_REG_3_,b08
13,2.4615384615384617,21,2,8,1,0,0,DFF_Q_MAR_REG_2_,OUT_R_REG_3_,DFF_Q_MAR_REG_2_ -> U194 -> U249 -> U180 -> U257 -> U314 -> U258 -> U271 -> U272 -> U176 -> U232 -> U186 -> OUT_R_REG_3_,b08
13,2.3076923076923075,21,2,8,1,0,0,DFF_Q_MAR_REG_2_,OUT_R_REG_3_,DFF_Q_MAR_REG_2_ -> U194 -> U249 -> U180 -> U257 -> U314 -> U258 -> U271 -> U272 -> U176 -> U274 -> U186 -> OUT_R_REG_3_,b08
13,2.3076923076923075,21,1,9,1,0,0,DFF_Q_MAR_REG_2_,OUT_R_REG_3_,DFF_Q_MAR_REG_2_ -> U194 -> U249 -> U180 -> U257 -> U314 -> U258 -> U271 -> U272 -> U273 -> U275 -> U186 -> OUT_R_REG_3_,b08
13,2.4615384615384617,21,2,8,1,0,0,DFF_Q_MAR_REG_2_,OUT_R_REG_3_,DFF_Q_MAR_REG_2_ -> U194 -> U249 -> U180 -> U263 -> U312 -> U264 -> U271 -> U272 -> U176 -> U232 -> U186 -> OUT_R_REG_3_,b08
13,2.3076923076923075,21,2,8,1,0,0,DFF_Q_MAR_REG_2_,OUT_R_REG_3_,DFF_Q_MAR_REG_2_ -> U194 -> U249 -> U180 -> U263 -> U312 -> U264 -> U271 -> U272 -> U176 -> U274 -> U186 -> OUT_R_REG_3_,b08
13,2.3076923076923075,21,1,9,1,0,0,DFF_Q_MAR_REG_2_,OUT_R_REG_3_,DFF_Q_MAR_REG_2_ -> U194 -> U249 -> U180 -> U263 -> U312 -> U264 -> U271 -> U272 -> U273 -> U275 -> U186 -> OUT_R_REG_3_,b08
13,2.4615384615384617,21,4,6,1,0,0,DFF_Q_MAR_REG_2_,OUT_R_REG_3_,DFF_Q_MAR_REG_2_ -> U194 -> U249 -> U180 -> U303 -> U221 -> U220 -> U271 -> U272 -> U176 -> U232 -> U186 -> OUT_R_REG_3_,b08
13,2.3076923076923075,21,4,6,1,0,0,DFF_Q_MAR_REG_2_,OUT_R_REG_3_,DFF_Q_MAR_REG_2_ -> U194 -> U249 -> U180 -> U303 -> U221 -> U220 -> U271 -> U272 -> U176 -> U274 -> U186 -> OUT_R_REG_3_,b08
13,2.3076923076923075,21,3,7,1,0,0,DFF_Q_MAR_REG_2_,OUT_R_REG_3_,DFF_Q_MAR_REG_2_ -> U194 -> U249 -> U180 -> U303 -> U221 -> U220 -> U271 -> U272 -> U273 -> U275 -> U186 -> OUT_R_REG_3_,b08
14,2.2857142857142856,22,3,7,2,0,0,DFF_Q_MAR_REG_2_,OUT_R_REG_3_,DFF_Q_MAR_REG_2_ -> U194 -> U249 -> U203 -> U259 -> U306 -> U221 -> U220 -> U271 -> U272 -> U176 -> U232 -> U186 -> OUT_R_REG_3_,b08
14,2.142857142857143,22,3,7,2,0,0,DFF_Q_MAR_REG_2_,OUT_R_REG_3_,DFF_Q_MAR_REG_2_ -> U194 -> U249 -> U203 -> U259 -> U306 -> U221 -> U220 -> U271 -> U272 -> U176 -> U274 -> U186 -> OUT_R_REG_3_,b08
14,2.142857142857143,22,2,8,2,0,0,DFF_Q_MAR_REG_2_,OUT_R_REG_3_,DFF_Q_MAR_REG_2_ -> U194 -> U249 -> U203 -> U259 -> U306 -> U221 -> U220 -> U271 -> U272 -> U273 -> U275 -> U186 -> OUT_R_REG_3_,b08
13,2.3846153846153846,21,2,8,1,0,0,DFF_Q_MAR_REG_2_,OUT_R_REG_3_,DFF_Q_MAR_REG_2_ -> U194 -> U249 -> U203 -> U307 -> U266 -> U220 -> U271 -> U272 -> U176 -> U232 -> U186 -> OUT_R_REG_3_,b08
13,2.230769230769231,21,2,8,1,0,0,DFF_Q_MAR_REG_2_,OUT_R_REG_3_,DFF_Q_MAR_REG_2_ -> U194 -> U249 -> U203 -> U307 -> U266 -> U220 -> U271 -> U272 -> U176 -> U274 -> U186 -> OUT_R_REG_3_,b08
13,2.230769230769231,21,1,9,1,0,0,DFF_Q_MAR_REG_2_,OUT_R_REG_3_,DFF_Q_MAR_REG_2_ -> U194 -> U249 -> U203 -> U307 -> U266 -> U220 -> U271 -> U272 -> U273 -> U275 -> U186 -> OUT_R_REG_3_,b08
10,2.7,15,1,6,1,0,0,DFF_Q_MAR_REG_2_,OUT_R_REG_3_,DFF_Q_MAR_REG_2_ -> U194 -> U249 -> U261 -> U271 -> U272 -> U176 -> U232 -> U186 -> OUT_R_REG_3_,b08
10,2.5,15,1,6,1,0,0,DFF_Q_MAR_REG_2_,OUT_R_REG_3_,DFF_Q_MAR_REG_2_ -> U194 -> U249 -> U261 -> U271 -> U272 -> U176 -> U274 -> U186 -> OUT_R_REG_3_,b08
10,2.5,15,0,7,1,0,0,DFF_Q_MAR_REG_2_,OUT_R_REG_3_,DFF_Q_MAR_REG_2_ -> U194 -> U249 -> U261 -> U271 -> U272 -> U273 -> U275 -> U186 -> OUT_R_REG_3_,b08
13,2.3076923076923075,21,2,8,1,0,0,DFF_Q_MAR_REG_2_,OUT_R_REG_3_,DFF_Q_MAR_REG_2_ -> U194 -> U249 -> U267 -> U309 -> U269 -> U220 -> U271 -> U272 -> U176 -> U232 -> U186 -> OUT_R_REG_3_,b08
13,2.1538461538461537,21,2,8,1,0,0,DFF_Q_MAR_REG_2_,OUT_R_REG_3_,DFF_Q_MAR_REG_2_ -> U194 -> U249 -> U267 -> U309 -> U269 -> U220 -> U271 -> U272 -> U176 -> U274 -> U186 -> OUT_R_REG_3_,b08
13,2.1538461538461537,21,1,9,1,0,0,DFF_Q_MAR_REG_2_,OUT_R_REG_3_,DFF_Q_MAR_REG_2_ -> U194 -> U249 -> U267 -> U309 -> U269 -> U220 -> U271 -> U272 -> U273 -> U275 -> U186 -> OUT_R_REG_3_,b08
14,2.357142857142857,23,3,8,1,0,0,DFF_Q_MAR_REG_2_,OUT_R_REG_3_,DFF_Q_MAR_REG_2_ -> U194 -> U251 -> U179 -> U182 -> U260 -> U316 -> U261 -> U271 -> U272 -> U176 -> U232 -> U186 -> OUT_R_REG_3_,b08
14,2.2142857142857144,23,3,8,1,0,0,DFF_Q_MAR_REG_2_,OUT_R_REG_3_,DFF_Q_MAR_REG_2_ -> U194 -> U251 -> U179 -> U182 -> U260 -> U316 -> U261 -> U271 -> U272 -> U176 -> U274 -> U186 -> OUT_R_REG_3_,b08
14,2.2142857142857144,23,2,9,1,0,0,DFF_Q_MAR_REG_2_,OUT_R_REG_3_,DFF_Q_MAR_REG_2_ -> U194 -> U251 -> U179 -> U182 -> U260 -> U316 -> U261 -> U271 -> U272 -> U273 -> U275 -> U186 -> OUT_R_REG_3_,b08
15,2.2666666666666666,25,4,8,1,0,0,DFF_Q_MAR_REG_2_,OUT_R_REG_3_,DFF_Q_MAR_REG_2_ -> U194 -> U251 -> U179 -> U182 -> U268 -> U310 -> U269 -> U220 -> U271 -> U272 -> U176 -> U232 -> U186 -> OUT_R_REG_3_,b08
15,2.1333333333333333,25,4,8,1,0,0,DFF_Q_MAR_REG_2_,OUT_R_REG_3_,DFF_Q_MAR_REG_2_ -> U194 -> U251 -> U179 -> U182 -> U268 -> U310 -> U269 -> U220 -> U271 -> U272 -> U176 -> U274 -> U186 -> OUT_R_REG_3_,b08
15,2.1333333333333333,25,3,9,1,0,0,DFF_Q_MAR_REG_2_,OUT_R_REG_3_,DFF_Q_MAR_REG_2_ -> U194 -> U251 -> U179 -> U182 -> U268 -> U310 -> U269 -> U220 -> U271 -> U272 -> U273 -> U275 -> U186 -> OUT_R_REG_3_,b08
14,2.357142857142857,23,5,6,1,0,0,DFF_Q_MAR_REG_2_,OUT_R_REG_3_,DFF_Q_MAR_REG_2_ -> U194 -> U251 -> U179 -> U182 -> U305 -> U221 -> U220 -> U271 -> U272 -> U176 -> U232 -> U186 -> OUT_R_REG_3_,b08
14,2.2142857142857144,23,5,6,1,0,0,DFF_Q_MAR_REG_2_,OUT_R_REG_3_,DFF_Q_MAR_REG_2_ -> U194 -> U251 -> U179 -> U182 -> U305 -> U221 -> U220 -> U271 -> U272 -> U176 -> U274 -> U186 -> OUT_R_REG_3_,b08
14,2.2142857142857144,23,4,7,1,0,0,DFF_Q_MAR_REG_2_,OUT_R_REG_3_,DFF_Q_MAR_REG_2_ -> U194 -> U251 -> U179 -> U182 -> U305 -> U221 -> U220 -> U271 -> U272 -> U273 -> U275 -> U186 -> OUT_R_REG_3_,b08
16,2.25,26,3,9,2,0,0,DFF_Q_MAR_REG_2_,OUT_R_REG_3_,DFF_Q_MAR_REG_2_ -> U194 -> U251 -> U179 -> U199 -> U252 -> U180 -> U257 -> U314 -> U258 -> U271 -> U272 -> U176 -> U232 -> U186 -> OUT_R_REG_3_,b08
16,2.125,26,3,9,2,0,0,DFF_Q_MAR_REG_2_,OUT_R_REG_3_,DFF_Q_MAR_REG_2_ -> U194 -> U251 -> U179 -> U199 -> U252 -> U180 -> U257 -> U314 -> U258 -> U271 -> U272 -> U176 -> U274 -> U186 -> OUT_R_REG_3_,b08
16,2.125,26,2,10,2,0,0,DFF_Q_MAR_REG_2_,OUT_R_REG_3_,DFF_Q_MAR_REG_2_ -> U194 -> U251 -> U179 -> U199 -> U252 -> U180 -> U257 -> U314 -> U258 -> U271 -> U272 -> U273 -> U275 -> U186 -> OUT_R_REG_3_,b08
16,2.25,26,3,9,2,0,0,DFF_Q_MAR_REG_2_,OUT_R_REG_3_,DFF_Q_MAR_REG_2_ -> U194 -> U251 -> U179 -> U199 -> U252 -> U180 -> U263 -> U312 -> U264 -> U271 -> U272 -> U176 -> U232 -> U186 -> OUT_R_REG_3_,b08
16,2.125,26,3,9,2,0,0,DFF_Q_MAR_REG_2_,OUT_R_REG_3_,DFF_Q_MAR_REG_2_ -> U194 -> U251 -> U179 -> U199 -> U252 -> U180 -> U263 -> U312 -> U264 -> U271 -> U272 -> U176 -> U274 -> U186 -> OUT_R_REG_3_,b08
16,2.125,26,2,10,2,0,0,DFF_Q_MAR_REG_2_,OUT_R_REG_3_,DFF_Q_MAR_REG_2_ -> U194 -> U251 -> U179 -> U199 -> U252 -> U180 -> U263 -> U312 -> U264 -> U271 -> U272 -> U273 -> U275 -> U186 -> OUT_R_REG_3_,b08
16,2.25,26,5,7,2,0,0,DFF_Q_MAR_REG_2_,OUT_R_REG_3_,DFF_Q_MAR_REG_2_ -> U194 -> U251 -> U179 -> U199 -> U252 -> U180 -> U303 -> U221 -> U220 -> U271 -> U272 -> U176 -> U232 -> U186 -> OUT_R_REG_3_,b08
16,2.125,26,5,7,2,0,0,DFF_Q_MAR_REG_2_,OUT_R_REG_3_,DFF_Q_MAR_REG_2_ -> U194 -> U251 -> U179 -> U199 -> U252 -> U180 -> U303 -> U221 -> U220 -> U271 -> U272 -> U176 -> U274 -> U186 -> OUT_R_REG_3_,b08
16,2.125,26,4,8,2,0,0,DFF_Q_MAR_REG_2_,OUT_R_REG_3_,DFF_Q_MAR_REG_2_ -> U194 -> U251 -> U179 -> U199 -> U252 -> U180 -> U303 -> U221 -> U220 -> U271 -> U272 -> U273 -> U275 -> U186 -> OUT_R_REG_3_,b08
15,2.2,24,4,7,2,0,0,DFF_Q_MAR_REG_2_,OUT_R_REG_3_,DFF_Q_MAR_REG_2_ -> U194 -> U251 -> U179 -> U203 -> U259 -> U306 -> U221 -> U220 -> U271 -> U272 -> U176 -> U232 -> U186 -> OUT_R_REG_3_,b08
15,2.066666666666667,24,4,7,2,0,0,DFF_Q_MAR_REG_2_,OUT_R_REG_3_,DFF_Q_MAR_REG_2_ -> U194 -> U251 -> U179 -> U203 -> U259 -> U306 -> U221 -> U220 -> U271 -> U272 -> U176 -> U274 -> U186 -> OUT_R_REG_3_,b08
15,2.066666666666667,24,3,8,2,0,0,DFF_Q_MAR_REG_2_,OUT_R_REG_3_,DFF_Q_MAR_REG_2_ -> U194 -> U251 -> U179 -> U203 -> U259 -> U306 -> U221 -> U220 -> U271 -> U272 -> U273 -> U275 -> U186 -> OUT_R_REG_3_,b08
14,2.2857142857142856,23,3,8,1,0,0,DFF_Q_MAR_REG_2_,OUT_R_REG_3_,DFF_Q_MAR_REG_2_ -> U194 -> U251 -> U179 -> U203 -> U307 -> U266 -> U220 -> U271 -> U272 -> U176 -> U232 -> U186 -> OUT_R_REG_3_,b08
14,2.142857142857143,23,3,8,1,0,0,DFF_Q_MAR_REG_2_,OUT_R_REG_3_,DFF_Q_MAR_REG_2_ -> U194 -> U251 -> U179 -> U203 -> U307 -> U266 -> U220 -> U271 -> U272 -> U176 -> U274 -> U186 -> OUT_R_REG_3_,b08
14,2.142857142857143,23,2,9,1,0,0,DFF_Q_MAR_REG_2_,OUT_R_REG_3_,DFF_Q_MAR_REG_2_ -> U194 -> U251 -> U179 -> U203 -> U307 -> U266 -> U220 -> U271 -> U272 -> U273 -> U275 -> U186 -> OUT_R_REG_3_,b08
12,2.4166666666666665,19,3,6,1,0,0,DFF_Q_MAR_REG_2_,OUT_R_REG_3_,DFF_Q_MAR_REG_2_ -> U194 -> U251 -> U179 -> U270 -> U220 -> U271 -> U272 -> U176 -> U232 -> U186 -> OUT_R_REG_3_,b08
12,2.25,19,3,6,1,0,0,DFF_Q_MAR_REG_2_,OUT_R_REG_3_,DFF_Q_MAR_REG_2_ -> U194 -> U251 -> U179 -> U270 -> U220 -> U271 -> U272 -> U176 -> U274 -> U186 -> OUT_R_REG_3_,b08
12,2.25,19,2,7,1,0,0,DFF_Q_MAR_REG_2_,OUT_R_REG_3_,DFF_Q_MAR_REG_2_ -> U194 -> U251 -> U179 -> U270 -> U220 -> U271 -> U272 -> U273 -> U275 -> U186 -> OUT_R_REG_3_,b08
7,2.5714285714285716,9,0,4,1,0,0,DFF_Q_MAR_REG_2_,OUT_R_REG_3_,DFF_Q_MAR_REG_2_ -> U194 -> U251 -> U202 -> U232 -> U186 -> OUT_R_REG_3_,b08
14,2.0714285714285716,22,3,7,2,0,0,DFF_Q_MAR_REG_2_,OUT_R_REG_3_,DFF_Q_MAR_REG_2_ -> U194 -> U251 -> U202 -> U255 -> U304 -> U221 -> U220 -> U271 -> U272 -> U176 -> U232 -> U186 -> OUT_R_REG_3_,b08
14,1.9285714285714286,22,3,7,2,0,0,DFF_Q_MAR_REG_2_,OUT_R_REG_3_,DFF_Q_MAR_REG_2_ -> U194 -> U251 -> U202 -> U255 -> U304 -> U221 -> U220 -> U271 -> U272 -> U176 -> U274 -> U186 -> OUT_R_REG_3_,b08
14,1.9285714285714286,22,2,8,2,0,0,DFF_Q_MAR_REG_2_,OUT_R_REG_3_,DFF_Q_MAR_REG_2_ -> U194 -> U251 -> U202 -> U255 -> U304 -> U221 -> U220 -> U271 -> U272 -> U273 -> U275 -> U186 -> OUT_R_REG_3_,b08
13,2.3846153846153846,22,3,8,0,0,0,DFF_Q_MAR_REG_2_,OUT_R_REG_3_,DFF_Q_MAR_REG_2_ -> U195 -> U179 -> U182 -> U260 -> U316 -> U261 -> U271 -> U272 -> U176 -> U232 -> U186 -> OUT_R_REG_3_,b08
13,2.230769230769231,22,3,8,0,0,0,DFF_Q_MAR_REG_2_,OUT_R_REG_3_,DFF_Q_MAR_REG_2_ -> U195 -> U179 -> U182 -> U260 -> U316 -> U261 -> U271 -> U272 -> U176 -> U274 -> U186 -> OUT_R_REG_3_,b08
13,2.230769230769231,22,2,9,0,0,0,DFF_Q_MAR_REG_2_,OUT_R_REG_3_,DFF_Q_MAR_REG_2_ -> U195 -> U179 -> U182 -> U260 -> U316 -> U261 -> U271 -> U272 -> U273 -> U275 -> U186 -> OUT_R_REG_3_,b08
14,2.2857142857142856,24,4,8,0,0,0,DFF_Q_MAR_REG_2_,OUT_R_REG_3_,DFF_Q_MAR_REG_2_ -> U195 -> U179 -> U182 -> U268 -> U310 -> U269 -> U220 -> U271 -> U272 -> U176 -> U232 -> U186 -> OUT_R_REG_3_,b08
14,2.142857142857143,24,4,8,0,0,0,DFF_Q_MAR_REG_2_,OUT_R_REG_3_,DFF_Q_MAR_REG_2_ -> U195 -> U179 -> U182 -> U268 -> U310 -> U269 -> U220 -> U271 -> U272 -> U176 -> U274 -> U186 -> OUT_R_REG_3_,b08
14,2.142857142857143,24,3,9,0,0,0,DFF_Q_MAR_REG_2_,OUT_R_REG_3_,DFF_Q_MAR_REG_2_ -> U195 -> U179 -> U182 -> U268 -> U310 -> U269 -> U220 -> U271 -> U272 -> U273 -> U275 -> U186 -> OUT_R_REG_3_,b08
13,2.3846153846153846,22,5,6,0,0,0,DFF_Q_MAR_REG_2_,OUT_R_REG_3_,DFF_Q_MAR_REG_2_ -> U195 -> U179 -> U182 -> U305 -> U221 -> U220 -> U271 -> U272 -> U176 -> U232 -> U186 -> OUT_R_REG_3_,b08
13,2.230769230769231,22,5,6,0,0,0,DFF_Q_MAR_REG_2_,OUT_R_REG_3_,DFF_Q_MAR_REG_2_ -> U195 -> U179 -> U182 -> U305 -> U221 -> U220 -> U271 -> U272 -> U176 -> U274 -> U186 -> OUT_R_REG_3_,b08
13,2.230769230769231,22,4,7,0,0,0,DFF_Q_MAR_REG_2_,OUT_R_REG_3_,DFF_Q_MAR_REG_2_ -> U195 -> U179 -> U182 -> U305 -> U221 -> U220 -> U271 -> U272 -> U273 -> U275 -> U186 -> OUT_R_REG_3_,b08
15,2.2666666666666666,25,3,9,1,0,0,DFF_Q_MAR_REG_2_,OUT_R_REG_3_,DFF_Q_MAR_REG_2_ -> U195 -> U179 -> U199 -> U252 -> U180 -> U257 -> U314 -> U258 -> U271 -> U272 -> U176 -> U232 -> U186 -> OUT_R_REG_3_,b08
15,2.1333333333333333,25,3,9,1,0,0,DFF_Q_MAR_REG_2_,OUT_R_REG_3_,DFF_Q_MAR_REG_2_ -> U195 -> U179 -> U199 -> U252 -> U180 -> U257 -> U314 -> U258 -> U271 -> U272 -> U176 -> U274 -> U186 -> OUT_R_REG_3_,b08
15,2.1333333333333333,25,2,10,1,0,0,DFF_Q_MAR_REG_2_,OUT_R_REG_3_,DFF_Q_MAR_REG_2_ -> U195 -> U179 -> U199 -> U252 -> U180 -> U257 -> U314 -> U258 -> U271 -> U272 -> U273 -> U275 -> U186 -> OUT_R_REG_3_,b08
15,2.2666666666666666,25,3,9,1,0,0,DFF_Q_MAR_REG_2_,OUT_R_REG_3_,DFF_Q_MAR_REG_2_ -> U195 -> U179 -> U199 -> U252 -> U180 -> U263 -> U312 -> U264 -> U271 -> U272 -> U176 -> U232 -> U186 -> OUT_R_REG_3_,b08
15,2.1333333333333333,25,3,9,1,0,0,DFF_Q_MAR_REG_2_,OUT_R_REG_3_,DFF_Q_MAR_REG_2_ -> U195 -> U179 -> U199 -> U252 -> U180 -> U263 -> U312 -> U264 -> U271 -> U272 -> U176 -> U274 -> U186 -> OUT_R_REG_3_,b08
15,2.1333333333333333,25,2,10,1,0,0,DFF_Q_MAR_REG_2_,OUT_R_REG_3_,DFF_Q_MAR_REG_2_ -> U195 -> U179 -> U199 -> U252 -> U180 -> U263 -> U312 -> U264 -> U271 -> U272 -> U273 -> U275 -> U186 -> OUT_R_REG_3_,b08
15,2.2666666666666666,25,5,7,1,0,0,DFF_Q_MAR_REG_2_,OUT_R_REG_3_,DFF_Q_MAR_REG_2_ -> U195 -> U179 -> U199 -> U252 -> U180 -> U303 -> U221 -> U220 -> U271 -> U272 -> U176 -> U232 -> U186 -> OUT_R_REG_3_,b08
15,2.1333333333333333,25,5,7,1,0,0,DFF_Q_MAR_REG_2_,OUT_R_REG_3_,DFF_Q_MAR_REG_2_ -> U195 -> U179 -> U199 -> U252 -> U180 -> U303 -> U221 -> U220 -> U271 -> U272 -> U176 -> U274 -> U186 -> OUT_R_REG_3_,b08
15,2.1333333333333333,25,4,8,1,0,0,DFF_Q_MAR_REG_2_,OUT_R_REG_3_,DFF_Q_MAR_REG_2_ -> U195 -> U179 -> U199 -> U252 -> U180 -> U303 -> U221 -> U220 -> U271 -> U272 -> U273 -> U275 -> U186 -> OUT_R_REG_3_,b08
14,2.2142857142857144,23,4,7,1,0,0,DFF_Q_MAR_REG_2_,OUT_R_REG_3_,DFF_Q_MAR_REG_2_ -> U195 -> U179 -> U203 -> U259 -> U306 -> U221 -> U220 -> U271 -> U272 -> U176 -> U232 -> U186 -> OUT_R_REG_3_,b08
14,2.0714285714285716,23,4,7,1,0,0,DFF_Q_MAR_REG_2_,OUT_R_REG_3_,DFF_Q_MAR_REG_2_ -> U195 -> U179 -> U203 -> U259 -> U306 -> U221 -> U220 -> U271 -> U272 -> U176 -> U274 -> U186 -> OUT_R_REG_3_,b08
14,2.0714285714285716,23,3,8,1,0,0,DFF_Q_MAR_REG_2_,OUT_R_REG_3_,DFF_Q_MAR_REG_2_ -> U195 -> U179 -> U203 -> U259 -> U306 -> U221 -> U220 -> U271 -> U272 -> U273 -> U275 -> U186 -> OUT_R_REG_3_,b08
13,2.3076923076923075,22,3,8,0,0,0,DFF_Q_MAR_REG_2_,OUT_R_REG_3_,DFF_Q_MAR_REG_2_ -> U195 -> U179 -> U203 -> U307 -> U266 -> U220 -> U271 -> U272 -> U176 -> U232 -> U186 -> OUT_R_REG_3_,b08
13,2.1538461538461537,22,3,8,0,0,0,DFF_Q_MAR_REG_2_,OUT_R_REG_3_,DFF_Q_MAR_REG_2_ -> U195 -> U179 -> U203 -> U307 -> U266 -> U220 -> U271 -> U272 -> U176 -> U274 -> U186 -> OUT_R_REG_3_,b08
13,2.1538461538461537,22,2,9,0,0,0,DFF_Q_MAR_REG_2_,OUT_R_REG_3_,DFF_Q_MAR_REG_2_ -> U195 -> U179 -> U203 -> U307 -> U266 -> U220 -> U271 -> U272 -> U273 -> U275 -> U186 -> OUT_R_REG_3_,b08
11,2.4545454545454546,18,3,6,0,0,0,DFF_Q_MAR_REG_2_,OUT_R_REG_3_,DFF_Q_MAR_REG_2_ -> U195 -> U179 -> U270 -> U220 -> U271 -> U272 -> U176 -> U232 -> U186 -> OUT_R_REG_3_,b08
11,2.272727272727273,18,3,6,0,0,0,DFF_Q_MAR_REG_2_,OUT_R_REG_3_,DFF_Q_MAR_REG_2_ -> U195 -> U179 -> U270 -> U220 -> U271 -> U272 -> U176 -> U274 -> U186 -> OUT_R_REG_3_,b08
11,2.272727272727273,18,2,7,0,0,0,DFF_Q_MAR_REG_2_,OUT_R_REG_3_,DFF_Q_MAR_REG_2_ -> U195 -> U179 -> U270 -> U220 -> U271 -> U272 -> U273 -> U275 -> U186 -> OUT_R_REG_3_,b08
14,2.0714285714285716,23,2,9,1,0,0,DFF_Q_MAR_REG_2_,OUT_R_REG_3_,DFF_Q_MAR_REG_2_ -> U195 -> U201 -> U262 -> U265 -> U308 -> U266 -> U220 -> U271 -> U272 -> U176 -> U232 -> U186 -> OUT_R_REG_3_,b08
14,1.9285714285714286,23,2,9,1,0,0,DFF_Q_MAR_REG_2_,OUT_R_REG_3_,DFF_Q_MAR_REG_2_ -> U195 -> U201 -> U262 -> U265 -> U308 -> U266 -> U220 -> U271 -> U272 -> U176 -> U274 -> U186 -> OUT_R_REG_3_,b08
14,1.9285714285714286,23,1,10,1,0,0,DFF_Q_MAR_REG_2_,OUT_R_REG_3_,DFF_Q_MAR_REG_2_ -> U195 -> U201 -> U262 -> U265 -> U308 -> U266 -> U220 -> U271 -> U272 -> U273 -> U275 -> U186 -> OUT_R_REG_3_,b08
14,2.0714285714285716,23,2,9,1,0,0,DFF_Q_MAR_REG_2_,OUT_R_REG_3_,DFF_Q_MAR_REG_2_ -> U195 -> U201 -> U262 -> U267 -> U309 -> U269 -> U220 -> U271 -> U272 -> U176 -> U232 -> U186 -> OUT_R_REG_3_,b08
14,1.9285714285714286,23,2,9,1,0,0,DFF_Q_MAR_REG_2_,OUT_R_REG_3_,DFF_Q_MAR_REG_2_ -> U195 -> U201 -> U262 -> U267 -> U309 -> U269 -> U220 -> U271 -> U272 -> U176 -> U274 -> U186 -> OUT_R_REG_3_,b08
14,1.9285714285714286,23,1,10,1,0,0,DFF_Q_MAR_REG_2_,OUT_R_REG_3_,DFF_Q_MAR_REG_2_ -> U195 -> U201 -> U262 -> U267 -> U309 -> U269 -> U220 -> U271 -> U272 -> U273 -> U275 -> U186 -> OUT_R_REG_3_,b08
11,2.272727272727273,18,1,8,0,0,0,DFF_Q_MAR_REG_2_,OUT_R_REG_3_,DFF_Q_MAR_REG_2_ -> U195 -> U201 -> U311 -> U264 -> U271 -> U272 -> U176 -> U232 -> U186 -> OUT_R_REG_3_,b08
11,2.090909090909091,18,1,8,0,0,0,DFF_Q_MAR_REG_2_,OUT_R_REG_3_,DFF_Q_MAR_REG_2_ -> U195 -> U201 -> U311 -> U264 -> U271 -> U272 -> U176 -> U274 -> U186 -> OUT_R_REG_3_,b08
11,2.090909090909091,18,0,9,0,0,0,DFF_Q_MAR_REG_2_,OUT_R_REG_3_,DFF_Q_MAR_REG_2_ -> U195 -> U201 -> U311 -> U264 -> U271 -> U272 -> U273 -> U275 -> U186 -> OUT_R_REG_3_,b08
6,3.1666666666666665,8,0,3,0,1,0,DFF_Q_MAR_REG_2_,OUT_R_REG_3_,DFF_Q_MAR_REG_2_ -> U247 -> U256 -> U274 -> U186 -> OUT_R_REG_3_,b08
11,2.727272727272727,18,1,7,0,1,0,DFF_Q_MAR_REG_2_,OUT_R_REG_3_,DFF_Q_MAR_REG_2_ -> U247 -> U256 -> U313 -> U258 -> U271 -> U272 -> U176 -> U232 -> U186 -> OUT_R_REG_3_,b08
11,2.5454545454545454,18,1,7,0,1,0,DFF_Q_MAR_REG_2_,OUT_R_REG_3_,DFF_Q_MAR_REG_2_ -> U247 -> U256 -> U313 -> U258 -> U271 -> U272 -> U176 -> U274 -> U186 -> OUT_R_REG_3_,b08
11,2.5454545454545454,18,0,8,0,1,0,DFF_Q_MAR_REG_2_,OUT_R_REG_3_,DFF_Q_MAR_REG_2_ -> U247 -> U256 -> U313 -> U258 -> U271 -> U272 -> U273 -> U275 -> U186 -> OUT_R_REG_3_,b08
9,3.0,14,1,5,0,1,0,DFF_Q_MAR_REG_2_,OUT_R_REG_3_,DFF_Q_MAR_REG_2_ -> U247 -> U261 -> U271 -> U272 -> U176 -> U232 -> U186 -> OUT_R_REG_3_,b08
9,2.7777777777777777,14,1,5,0,1,0,DFF_Q_MAR_REG_2_,OUT_R_REG_3_,DFF_Q_MAR_REG_2_ -> U247 -> U261 -> U271 -> U272 -> U176 -> U274 -> U186 -> OUT_R_REG_3_,b08
9,2.7777777777777777,14,0,6,0,1,0,DFF_Q_MAR_REG_2_,OUT_R_REG_3_,DFF_Q_MAR_REG_2_ -> U247 -> U261 -> U271 -> U272 -> U273 -> U275 -> U186 -> OUT_R_REG_3_,b08
9,3.0,14,1,5,0,1,0,DFF_Q_MAR_REG_2_,OUT_R_REG_3_,DFF_Q_MAR_REG_2_ -> U247 -> U264 -> U271 -> U272 -> U176 -> U232 -> U186 -> OUT_R_REG_3_,b08
9,2.7777777777777777,14,1,5,0,1,0,DFF_Q_MAR_REG_2_,OUT_R_REG_3_,DFF_Q_MAR_REG_2_ -> U247 -> U264 -> U271 -> U272 -> U176 -> U274 -> U186 -> OUT_R_REG_3_,b08
9,2.7777777777777777,14,0,6,0,1,0,DFF_Q_MAR_REG_2_,OUT_R_REG_3_,DFF_Q_MAR_REG_2_ -> U247 -> U264 -> U271 -> U272 -> U273 -> U275 -> U186 -> OUT_R_REG_3_,b08
10,2.8,16,2,5,0,1,0,DFF_Q_MAR_REG_2_,OUT_R_REG_3_,DFF_Q_MAR_REG_2_ -> U247 -> U266 -> U220 -> U271 -> U272 -> U176 -> U232 -> U186 -> OUT_R_REG_3_,b08
10,2.6,16,2,5,0,1,0,DFF_Q_MAR_REG_2_,OUT_R_REG_3_,DFF_Q_MAR_REG_2_ -> U247 -> U266 -> U220 -> U271 -> U272 -> U176 -> U274 -> U186 -> OUT_R_REG_3_,b08
10,2.6,16,1,6,0,1,0,DFF_Q_MAR_REG_2_,OUT_R_REG_3_,DFF_Q_MAR_REG_2_ -> U247 -> U266 -> U220 -> U271 -> U272 -> U273 -> U275 -> U186 -> OUT_R_REG_3_,b08
10,2.8,16,2,5,0,1,0,DFF_Q_MAR_REG_2_,OUT_R_REG_3_,DFF_Q_MAR_REG_2_ -> U247 -> U269 -> U220 -> U271 -> U272 -> U176 -> U232 -> U186 -> OUT_R_REG_3_,b08
10,2.6,16,2,5,0,1,0,DFF_Q_MAR_REG_2_,OUT_R_REG_3_,DFF_Q_MAR_REG_2_ -> U247 -> U269 -> U220 -> U271 -> U272 -> U176 -> U274 -> U186 -> OUT_R_REG_3_,b08
10,2.6,16,1,6,0,1,0,DFF_Q_MAR_REG_2_,OUT_R_REG_3_,DFF_Q_MAR_REG_2_ -> U247 -> U269 -> U220 -> U271 -> U272 -> U273 -> U275 -> U186 -> OUT_R_REG_3_,b08
11,2.6363636363636362,18,3,5,0,1,0,DFF_Q_MAR_REG_2_,OUT_R_REG_3_,DFF_Q_MAR_REG_2_ -> U247 -> U303 -> U221 -> U220 -> U271 -> U272 -> U176 -> U232 -> U186 -> OUT_R_REG_3_,b08
11,2.4545454545454546,18,3,5,0,1,0,DFF_Q_MAR_REG_2_,OUT_R_REG_3_,DFF_Q_MAR_REG_2_ -> U247 -> U303 -> U221 -> U220 -> U271 -> U272 -> U176 -> U274 -> U186 -> OUT_R_REG_3_,b08
11,2.4545454545454546,18,2,6,0,1,0,DFF_Q_MAR_REG_2_,OUT_R_REG_3_,DFF_Q_MAR_REG_2_ -> U247 -> U303 -> U221 -> U220 -> U271 -> U272 -> U273 -> U275 -> U186 -> OUT_R_REG_3_,b08
11,2.6363636363636362,18,3,5,0,1,0,DFF_Q_MAR_REG_2_,OUT_R_REG_3_,DFF_Q_MAR_REG_2_ -> U247 -> U306 -> U221 -> U220 -> U271 -> U272 -> U176 -> U232 -> U186 -> OUT_R_REG_3_,b08
11,2.4545454545454546,18,3,5,0,1,0,DFF_Q_MAR_REG_2_,OUT_R_REG_3_,DFF_Q_MAR_REG_2_ -> U247 -> U306 -> U221 -> U220 -> U271 -> U272 -> U176 -> U274 -> U186 -> OUT_R_REG_3_,b08
11,2.4545454545454546,18,2,6,0,1,0,DFF_Q_MAR_REG_2_,OUT_R_REG_3_,DFF_Q_MAR_REG_2_ -> U247 -> U306 -> U221 -> U220 -> U271 -> U272 -> U273 -> U275 -> U186 -> OUT_R_REG_3_,b08
17,2.235294117647059,28,3,10,2,0,0,DFF_Q_MAR_REG_2_,OUT_R_REG_3_,DFF_Q_MAR_REG_2_ -> U248 -> U181 -> U200 -> U253 -> U201 -> U262 -> U265 -> U308 -> U266 -> U220 -> U271 -> U272 -> U176 -> U232 -> U186 -> OUT_R_REG_3_,b08
17,2.1176470588235294,28,3,10,2,0,0,DFF_Q_MAR_REG_2_,OUT_R_REG_3_,DFF_Q_MAR_REG_2_ -> U248 -> U181 -> U200 -> U253 -> U201 -> U262 -> U265 -> U308 -> U266 -> U220 -> U271 -> U272 -> U176 -> U274 -> U186 -> OUT_R_REG_3_,b08
17,2.1176470588235294,28,2,11,2,0,0,DFF_Q_MAR_REG_2_,OUT_R_REG_3_,DFF_Q_MAR_REG_2_ -> U248 -> U181 -> U200 -> U253 -> U201 -> U262 -> U265 -> U308 -> U266 -> U220 -> U271 -> U272 -> U273 -> U275 -> U186 -> OUT_R_REG_3_,b08
17,2.235294117647059,28,3,10,2,0,0,DFF_Q_MAR_REG_2_,OUT_R_REG_3_,DFF_Q_MAR_REG_2_ -> U248 -> U181 -> U200 -> U253 -> U201 -> U262 -> U267 -> U309 -> U269 -> U220 -> U271 -> U272 -> U176 -> U232 -> U186 -> OUT_R_REG_3_,b08
17,2.1176470588235294,28,3,10,2,0,0,DFF_Q_MAR_REG_2_,OUT_R_REG_3_,DFF_Q_MAR_REG_2_ -> U248 -> U181 -> U200 -> U253 -> U201 -> U262 -> U267 -> U309 -> U269 -> U220 -> U271 -> U272 -> U176 -> U274 -> U186 -> OUT_R_REG_3_,b08
17,2.1176470588235294,28,2,11,2,0,0,DFF_Q_MAR_REG_2_,OUT_R_REG_3_,DFF_Q_MAR_REG_2_ -> U248 -> U181 -> U200 -> U253 -> U201 -> U262 -> U267 -> U309 -> U269 -> U220 -> U271 -> U272 -> U273 -> U275 -> U186 -> OUT_R_REG_3_,b08
14,2.4285714285714284,23,2,9,1,0,0,DFF_Q_MAR_REG_2_,OUT_R_REG_3_,DFF_Q_MAR_REG_2_ -> U248 -> U181 -> U200 -> U253 -> U201 -> U311 -> U264 -> U271 -> U272 -> U176 -> U232 -> U186 -> OUT_R_REG_3_,b08
14,2.2857142857142856,23,2,9,1,0,0,DFF_Q_MAR_REG_2_,OUT_R_REG_3_,DFF_Q_MAR_REG_2_ -> U248 -> U181 -> U200 -> U253 -> U201 -> U311 -> U264 -> U271 -> U272 -> U176 -> U274 -> U186 -> OUT_R_REG_3_,b08
14,2.2857142857142856,23,1,10,1,0,0,DFF_Q_MAR_REG_2_,OUT_R_REG_3_,DFF_Q_MAR_REG_2_ -> U248 -> U181 -> U200 -> U253 -> U201 -> U311 -> U264 -> U271 -> U272 -> U273 -> U275 -> U186 -> OUT_R_REG_3_,b08
16,2.25,26,4,8,2,0,0,DFF_Q_MAR_REG_2_,OUT_R_REG_3_,DFF_Q_MAR_REG_2_ -> U248 -> U181 -> U200 -> U253 -> U203 -> U259 -> U306 -> U221 -> U220 -> U271 -> U272 -> U176 -> U232 -> U186 -> OUT_R_REG_3_,b08
16,2.125,26,4,8,2,0,0,DFF_Q_MAR_REG_2_,OUT_R_REG_3_,DFF_Q_MAR_REG_2_ -> U248 -> U181 -> U200 -> U253 -> U203 -> U259 -> U306 -> U221 -> U220 -> U271 -> U272 -> U176 -> U274 -> U186 -> OUT_R_REG_3_,b08
16,2.125,26,3,9,2,0,0,DFF_Q_MAR_REG_2_,OUT_R_REG_3_,DFF_Q_MAR_REG_2_ -> U248 -> U181 -> U200 -> U253 -> U203 -> U259 -> U306 -> U221 -> U220 -> U271 -> U272 -> U273 -> U275 -> U186 -> OUT_R_REG_3_,b08
15,2.3333333333333335,25,3,9,1,0,0,DFF_Q_MAR_REG_2_,OUT_R_REG_3_,DFF_Q_MAR_REG_2_ -> U248 -> U181 -> U200 -> U253 -> U203 -> U307 -> U266 -> U220 -> U271 -> U272 -> U176 -> U232 -> U186 -> OUT_R_REG_3_,b08
15,2.2,25,3,9,1,0,0,DFF_Q_MAR_REG_2_,OUT_R_REG_3_,DFF_Q_MAR_REG_2_ -> U248 -> U181 -> U200 -> U253 -> U203 -> U307 -> U266 -> U220 -> U271 -> U272 -> U176 -> U274 -> U186 -> OUT_R_REG_3_,b08
15,2.2,25,2,10,1,0,0,DFF_Q_MAR_REG_2_,OUT_R_REG_3_,DFF_Q_MAR_REG_2_ -> U248 -> U181 -> U200 -> U253 -> U203 -> U307 -> U266 -> U220 -> U271 -> U272 -> U273 -> U275 -> U186 -> OUT_R_REG_3_,b08
9,2.5555555555555554,13,1,5,1,0,0,DFF_Q_MAR_REG_2_,OUT_R_REG_3_,DFF_Q_MAR_REG_2_ -> U248 -> U181 -> U200 -> U253 -> U256 -> U274 -> U186 -> OUT_R_REG_3_,b08
14,2.4285714285714284,23,2,9,1,0,0,DFF_Q_MAR_REG_2_,OUT_R_REG_3_,DFF_Q_MAR_REG_2_ -> U248 -> U181 -> U200 -> U253 -> U256 -> U313 -> U258 -> U271 -> U272 -> U176 -> U232 -> U186 -> OUT_R_REG_3_,b08
14,2.2857142857142856,23,2,9,1,0,0,DFF_Q_MAR_REG_2_,OUT_R_REG_3_,DFF_Q_MAR_REG_2_ -> U248 -> U181 -> U200 -> U253 -> U256 -> U313 -> U258 -> U271 -> U272 -> U176 -> U274 -> U186 -> OUT_R_REG_3_,b08
14,2.2857142857142856,23,1,10,1,0,0,DFF_Q_MAR_REG_2_,OUT_R_REG_3_,DFF_Q_MAR_REG_2_ -> U248 -> U181 -> U200 -> U253 -> U256 -> U313 -> U258 -> U271 -> U272 -> U273 -> U275 -> U186 -> OUT_R_REG_3_,b08
14,2.357142857142857,23,4,7,1,0,0,DFF_Q_MAR_REG_2_,OUT_R_REG_3_,DFF_Q_MAR_REG_2_ -> U248 -> U181 -> U200 -> U253 -> U304 -> U221 -> U220 -> U271 -> U272 -> U176 -> U232 -> U186 -> OUT_R_REG_3_,b08
14,2.2142857142857144,23,4,7,1,0,0,DFF_Q_MAR_REG_2_,OUT_R_REG_3_,DFF_Q_MAR_REG_2_ -> U248 -> U181 -> U200 -> U253 -> U304 -> U221 -> U220 -> U271 -> U272 -> U176 -> U274 -> U186 -> OUT_R_REG_3_,b08
14,2.2142857142857144,23,3,8,1,0,0,DFF_Q_MAR_REG_2_,OUT_R_REG_3_,DFF_Q_MAR_REG_2_ -> U248 -> U181 -> U200 -> U253 -> U304 -> U221 -> U220 -> U271 -> U272 -> U273 -> U275 -> U186 -> OUT_R_REG_3_,b08
14,2.357142857142857,23,4,7,1,0,0,DFF_Q_MAR_REG_2_,OUT_R_REG_3_,DFF_Q_MAR_REG_2_ -> U248 -> U181 -> U200 -> U253 -> U305 -> U221 -> U220 -> U271 -> U272 -> U176 -> U232 -> U186 -> OUT_R_REG_3_,b08
14,2.2142857142857144,23,4,7,1,0,0,DFF_Q_MAR_REG_2_,OUT_R_REG_3_,DFF_Q_MAR_REG_2_ -> U248 -> U181 -> U200 -> U253 -> U305 -> U221 -> U220 -> U271 -> U272 -> U176 -> U274 -> U186 -> OUT_R_REG_3_,b08
14,2.2142857142857144,23,3,8,1,0,0,DFF_Q_MAR_REG_2_,OUT_R_REG_3_,DFF_Q_MAR_REG_2_ -> U248 -> U181 -> U200 -> U253 -> U305 -> U221 -> U220 -> U271 -> U272 -> U273 -> U275 -> U186 -> OUT_R_REG_3_,b08
12,2.25,20,2,8,0,0,0,DFF_Q_MAR_REG_2_,OUT_R_REG_3_,DFF_Q_MAR_REG_2_ -> U248 -> U181 -> U200 -> U315 -> U261 -> U271 -> U272 -> U176 -> U232 -> U186 -> OUT_R_REG_3_,b08
12,2.0833333333333335,20,2,8,0,0,0,DFF_Q_MAR_REG_2_,OUT_R_REG_3_,DFF_Q_MAR_REG_2_ -> U248 -> U181 -> U200 -> U315 -> U261 -> U271 -> U272 -> U176 -> U274 -> U186 -> OUT_R_REG_3_,b08
12,2.0833333333333335,20,1,9,0,0,0,DFF_Q_MAR_REG_2_,OUT_R_REG_3_,DFF_Q_MAR_REG_2_ -> U248 -> U181 -> U200 -> U315 -> U261 -> U271 -> U272 -> U273 -> U275 -> U186 -> OUT_R_REG_3_,b08
12,2.1666666666666665,20,2,8,0,0,0,DFF_Q_MAR_REG_2_,OUT_R_REG_3_,DFF_Q_MAR_REG_2_ -> U248 -> U181 -> U260 -> U316 -> U261 -> U271 -> U272 -> U176 -> U232 -> U186 -> OUT_R_REG_3_,b08
12,2.0,20,2,8,0,0,0,DFF_Q_MAR_REG_2_,OUT_R_REG_3_,DFF_Q_MAR_REG_2_ -> U248 -> U181 -> U260 -> U316 -> U261 -> U271 -> U272 -> U176 -> U274 -> U186 -> OUT_R_REG_3_,b08
12,2.0,20,1,9,0,0,0,DFF_Q_MAR_REG_2_,OUT_R_REG_3_,DFF_Q_MAR_REG_2_ -> U248 -> U181 -> U260 -> U316 -> U261 -> U271 -> U272 -> U273 -> U275 -> U186 -> OUT_R_REG_3_,b08
10,2.3,16,2,6,0,0,0,DFF_Q_MAR_REG_2_,OUT_R_REG_3_,DFF_Q_MAR_REG_2_ -> U248 -> U270 -> U220 -> U271 -> U272 -> U176 -> U232 -> U186 -> OUT_R_REG_3_,b08
10,2.1,16,2,6,0,0,0,DFF_Q_MAR_REG_2_,OUT_R_REG_3_,DFF_Q_MAR_REG_2_ -> U248 -> U270 -> U220 -> U271 -> U272 -> U176 -> U274 -> U186 -> OUT_R_REG_3_,b08
10,2.1,16,1,7,0,0,0,DFF_Q_MAR_REG_2_,OUT_R_REG_3_,DFF_Q_MAR_REG_2_ -> U248 -> U270 -> U220 -> U271 -> U272 -> U273 -> U275 -> U186 -> OUT_R_REG_3_,b08
11,2.1818181818181817,18,3,6,0,0,0,DFF_Q_MAR_REG_2_,OUT_R_REG_3_,DFF_Q_MAR_REG_2_ -> U248 -> U303 -> U221 -> U220 -> U271 -> U272 -> U176 -> U232 -> U186 -> OUT_R_REG_3_,b08
11,2.0,18,3,6,0,0,0,DFF_Q_MAR_REG_2_,OUT_R_REG_3_,DFF_Q_MAR_REG_2_ -> U248 -> U303 -> U221 -> U220 -> U271 -> U272 -> U176 -> U274 -> U186 -> OUT_R_REG_3_,b08
11,2.0,18,2,7,0,0,0,DFF_Q_MAR_REG_2_,OUT_R_REG_3_,DFF_Q_MAR_REG_2_ -> U248 -> U303 -> U221 -> U220 -> U271 -> U272 -> U273 -> U275 -> U186 -> OUT_R_REG_3_,b08
17,2.235294117647059,28,3,10,2,0,0,DFF_Q_MAR_REG_2_,OUT_R_REG_3_,DFF_Q_MAR_REG_2_ -> U250 -> U181 -> U200 -> U253 -> U201 -> U262 -> U265 -> U308 -> U266 -> U220 -> U271 -> U272 -> U176 -> U232 -> U186 -> OUT_R_REG_3_,b08
17,2.1176470588235294,28,3,10,2,0,0,DFF_Q_MAR_REG_2_,OUT_R_REG_3_,DFF_Q_MAR_REG_2_ -> U250 -> U181 -> U200 -> U253 -> U201 -> U262 -> U265 -> U308 -> U266 -> U220 -> U271 -> U272 -> U176 -> U274 -> U186 -> OUT_R_REG_3_,b08
17,2.1176470588235294,28,2,11,2,0,0,DFF_Q_MAR_REG_2_,OUT_R_REG_3_,DFF_Q_MAR_REG_2_ -> U250 -> U181 -> U200 -> U253 -> U201 -> U262 -> U265 -> U308 -> U266 -> U220 -> U271 -> U272 -> U273 -> U275 -> U186 -> OUT_R_REG_3_,b08
17,2.235294117647059,28,3,10,2,0,0,DFF_Q_MAR_REG_2_,OUT_R_REG_3_,DFF_Q_MAR_REG_2_ -> U250 -> U181 -> U200 -> U253 -> U201 -> U262 -> U267 -> U309 -> U269 -> U220 -> U271 -> U272 -> U176 -> U232 -> U186 -> OUT_R_REG_3_,b08
17,2.1176470588235294,28,3,10,2,0,0,DFF_Q_MAR_REG_2_,OUT_R_REG_3_,DFF_Q_MAR_REG_2_ -> U250 -> U181 -> U200 -> U253 -> U201 -> U262 -> U267 -> U309 -> U269 -> U220 -> U271 -> U272 -> U176 -> U274 -> U186 -> OUT_R_REG_3_,b08
17,2.1176470588235294,28,2,11,2,0,0,DFF_Q_MAR_REG_2_,OUT_R_REG_3_,DFF_Q_MAR_REG_2_ -> U250 -> U181 -> U200 -> U253 -> U201 -> U262 -> U267 -> U309 -> U269 -> U220 -> U271 -> U272 -> U273 -> U275 -> U186 -> OUT_R_REG_3_,b08
14,2.4285714285714284,23,2,9,1,0,0,DFF_Q_MAR_REG_2_,OUT_R_REG_3_,DFF_Q_MAR_REG_2_ -> U250 -> U181 -> U200 -> U253 -> U201 -> U311 -> U264 -> U271 -> U272 -> U176 -> U232 -> U186 -> OUT_R_REG_3_,b08
14,2.2857142857142856,23,2,9,1,0,0,DFF_Q_MAR_REG_2_,OUT_R_REG_3_,DFF_Q_MAR_REG_2_ -> U250 -> U181 -> U200 -> U253 -> U201 -> U311 -> U264 -> U271 -> U272 -> U176 -> U274 -> U186 -> OUT_R_REG_3_,b08
14,2.2857142857142856,23,1,10,1,0,0,DFF_Q_MAR_REG_2_,OUT_R_REG_3_,DFF_Q_MAR_REG_2_ -> U250 -> U181 -> U200 -> U253 -> U201 -> U311 -> U264 -> U271 -> U272 -> U273 -> U275 -> U186 -> OUT_R_REG_3_,b08
16,2.25,26,4,8,2,0,0,DFF_Q_MAR_REG_2_,OUT_R_REG_3_,DFF_Q_MAR_REG_2_ -> U250 -> U181 -> U200 -> U253 -> U203 -> U259 -> U306 -> U221 -> U220 -> U271 -> U272 -> U176 -> U232 -> U186 -> OUT_R_REG_3_,b08
16,2.125,26,4,8,2,0,0,DFF_Q_MAR_REG_2_,OUT_R_REG_3_,DFF_Q_MAR_REG_2_ -> U250 -> U181 -> U200 -> U253 -> U203 -> U259 -> U306 -> U221 -> U220 -> U271 -> U272 -> U176 -> U274 -> U186 -> OUT_R_REG_3_,b08
16,2.125,26,3,9,2,0,0,DFF_Q_MAR_REG_2_,OUT_R_REG_3_,DFF_Q_MAR_REG_2_ -> U250 -> U181 -> U200 -> U253 -> U203 -> U259 -> U306 -> U221 -> U220 -> U271 -> U272 -> U273 -> U275 -> U186 -> OUT_R_REG_3_,b08
15,2.3333333333333335,25,3,9,1,0,0,DFF_Q_MAR_REG_2_,OUT_R_REG_3_,DFF_Q_MAR_REG_2_ -> U250 -> U181 -> U200 -> U253 -> U203 -> U307 -> U266 -> U220 -> U271 -> U272 -> U176 -> U232 -> U186 -> OUT_R_REG_3_,b08
15,2.2,25,3,9,1,0,0,DFF_Q_MAR_REG_2_,OUT_R_REG_3_,DFF_Q_MAR_REG_2_ -> U250 -> U181 -> U200 -> U253 -> U203 -> U307 -> U266 -> U220 -> U271 -> U272 -> U176 -> U274 -> U186 -> OUT_R_REG_3_,b08
15,2.2,25,2,10,1,0,0,DFF_Q_MAR_REG_2_,OUT_R_REG_3_,DFF_Q_MAR_REG_2_ -> U250 -> U181 -> U200 -> U253 -> U203 -> U307 -> U266 -> U220 -> U271 -> U272 -> U273 -> U275 -> U186 -> OUT_R_REG_3_,b08
9,2.5555555555555554,13,1,5,1,0,0,DFF_Q_MAR_REG_2_,OUT_R_REG_3_,DFF_Q_MAR_REG_2_ -> U250 -> U181 -> U200 -> U253 -> U256 -> U274 -> U186 -> OUT_R_REG_3_,b08
14,2.4285714285714284,23,2,9,1,0,0,DFF_Q_MAR_REG_2_,OUT_R_REG_3_,DFF_Q_MAR_REG_2_ -> U250 -> U181 -> U200 -> U253 -> U256 -> U313 -> U258 -> U271 -> U272 -> U176 -> U232 -> U186 -> OUT_R_REG_3_,b08
14,2.2857142857142856,23,2,9,1,0,0,DFF_Q_MAR_REG_2_,OUT_R_REG_3_,DFF_Q_MAR_REG_2_ -> U250 -> U181 -> U200 -> U253 -> U256 -> U313 -> U258 -> U271 -> U272 -> U176 -> U274 -> U186 -> OUT_R_REG_3_,b08
14,2.2857142857142856,23,1,10,1,0,0,DFF_Q_MAR_REG_2_,OUT_R_REG_3_,DFF_Q_MAR_REG_2_ -> U250 -> U181 -> U200 -> U253 -> U256 -> U313 -> U258 -> U271 -> U272 -> U273 -> U275 -> U186 -> OUT_R_REG_3_,b08
14,2.357142857142857,23,4,7,1,0,0,DFF_Q_MAR_REG_2_,OUT_R_REG_3_,DFF_Q_MAR_REG_2_ -> U250 -> U181 -> U200 -> U253 -> U304 -> U221 -> U220 -> U271 -> U272 -> U176 -> U232 -> U186 -> OUT_R_REG_3_,b08
14,2.2142857142857144,23,4,7,1,0,0,DFF_Q_MAR_REG_2_,OUT_R_REG_3_,DFF_Q_MAR_REG_2_ -> U250 -> U181 -> U200 -> U253 -> U304 -> U221 -> U220 -> U271 -> U272 -> U176 -> U274 -> U186 -> OUT_R_REG_3_,b08
14,2.2142857142857144,23,3,8,1,0,0,DFF_Q_MAR_REG_2_,OUT_R_REG_3_,DFF_Q_MAR_REG_2_ -> U250 -> U181 -> U200 -> U253 -> U304 -> U221 -> U220 -> U271 -> U272 -> U273 -> U275 -> U186 -> OUT_R_REG_3_,b08
14,2.357142857142857,23,4,7,1,0,0,DFF_Q_MAR_REG_2_,OUT_R_REG_3_,DFF_Q_MAR_REG_2_ -> U250 -> U181 -> U200 -> U253 -> U305 -> U221 -> U220 -> U271 -> U272 -> U176 -> U232 -> U186 -> OUT_R_REG_3_,b08
14,2.2142857142857144,23,4,7,1,0,0,DFF_Q_MAR_REG_2_,OUT_R_REG_3_,DFF_Q_MAR_REG_2_ -> U250 -> U181 -> U200 -> U253 -> U305 -> U221 -> U220 -> U271 -> U272 -> U176 -> U274 -> U186 -> OUT_R_REG_3_,b08
14,2.2142857142857144,23,3,8,1,0,0,DFF_Q_MAR_REG_2_,OUT_R_REG_3_,DFF_Q_MAR_REG_2_ -> U250 -> U181 -> U200 -> U253 -> U305 -> U221 -> U220 -> U271 -> U272 -> U273 -> U275 -> U186 -> OUT_R_REG_3_,b08
12,2.25,20,2,8,0,0,0,DFF_Q_MAR_REG_2_,OUT_R_REG_3_,DFF_Q_MAR_REG_2_ -> U250 -> U181 -> U200 -> U315 -> U261 -> U271 -> U272 -> U176 -> U232 -> U186 -> OUT_R_REG_3_,b08
12,2.0833333333333335,20,2,8,0,0,0,DFF_Q_MAR_REG_2_,OUT_R_REG_3_,DFF_Q_MAR_REG_2_ -> U250 -> U181 -> U200 -> U315 -> U261 -> U271 -> U272 -> U176 -> U274 -> U186 -> OUT_R_REG_3_,b08
12,2.0833333333333335,20,1,9,0,0,0,DFF_Q_MAR_REG_2_,OUT_R_REG_3_,DFF_Q_MAR_REG_2_ -> U250 -> U181 -> U200 -> U315 -> U261 -> U271 -> U272 -> U273 -> U275 -> U186 -> OUT_R_REG_3_,b08
12,2.1666666666666665,20,2,8,0,0,0,DFF_Q_MAR_REG_2_,OUT_R_REG_3_,DFF_Q_MAR_REG_2_ -> U250 -> U181 -> U260 -> U316 -> U261 -> U271 -> U272 -> U176 -> U232 -> U186 -> OUT_R_REG_3_,b08
12,2.0,20,2,8,0,0,0,DFF_Q_MAR_REG_2_,OUT_R_REG_3_,DFF_Q_MAR_REG_2_ -> U250 -> U181 -> U260 -> U316 -> U261 -> U271 -> U272 -> U176 -> U274 -> U186 -> OUT_R_REG_3_,b08
12,2.0,20,1,9,0,0,0,DFF_Q_MAR_REG_2_,OUT_R_REG_3_,DFF_Q_MAR_REG_2_ -> U250 -> U181 -> U260 -> U316 -> U261 -> U271 -> U272 -> U273 -> U275 -> U186 -> OUT_R_REG_3_,b08
14,2.142857142857143,23,2,9,1,0,0,DFF_Q_MAR_REG_2_,OUT_R_REG_3_,DFF_Q_MAR_REG_2_ -> U250 -> U199 -> U252 -> U180 -> U257 -> U314 -> U258 -> U271 -> U272 -> U176 -> U232 -> U186 -> OUT_R_REG_3_,b08
14,2.0,23,2,9,1,0,0,DFF_Q_MAR_REG_2_,OUT_R_REG_3_,DFF_Q_MAR_REG_2_ -> U250 -> U199 -> U252 -> U180 -> U257 -> U314 -> U258 -> U271 -> U272 -> U176 -> U274 -> U186 -> OUT_R_REG_3_,b08
14,2.0,23,1,10,1,0,0,DFF_Q_MAR_REG_2_,OUT_R_REG_3_,DFF_Q_MAR_REG_2_ -> U250 -> U199 -> U252 -> U180 -> U257 -> U314 -> U258 -> U271 -> U272 -> U273 -> U275 -> U186 -> OUT_R_REG_3_,b08
14,2.142857142857143,23,2,9,1,0,0,DFF_Q_MAR_REG_2_,OUT_R_REG_3_,DFF_Q_MAR_REG_2_ -> U250 -> U199 -> U252 -> U180 -> U263 -> U312 -> U264 -> U271 -> U272 -> U176 -> U232 -> U186 -> OUT_R_REG_3_,b08
14,2.0,23,2,9,1,0,0,DFF_Q_MAR_REG_2_,OUT_R_REG_3_,DFF_Q_MAR_REG_2_ -> U250 -> U199 -> U252 -> U180 -> U263 -> U312 -> U264 -> U271 -> U272 -> U176 -> U274 -> U186 -> OUT_R_REG_3_,b08
14,2.0,23,1,10,1,0,0,DFF_Q_MAR_REG_2_,OUT_R_REG_3_,DFF_Q_MAR_REG_2_ -> U250 -> U199 -> U252 -> U180 -> U263 -> U312 -> U264 -> U271 -> U272 -> U273 -> U275 -> U186 -> OUT_R_REG_3_,b08
14,2.142857142857143,23,4,7,1,0,0,DFF_Q_MAR_REG_2_,OUT_R_REG_3_,DFF_Q_MAR_REG_2_ -> U250 -> U199 -> U252 -> U180 -> U303 -> U221 -> U220 -> U271 -> U272 -> U176 -> U232 -> U186 -> OUT_R_REG_3_,b08
14,2.0,23,4,7,1,0,0,DFF_Q_MAR_REG_2_,OUT_R_REG_3_,DFF_Q_MAR_REG_2_ -> U250 -> U199 -> U252 -> U180 -> U303 -> U221 -> U220 -> U271 -> U272 -> U176 -> U274 -> U186 -> OUT_R_REG_3_,b08
14,2.0,23,3,8,1,0,0,DFF_Q_MAR_REG_2_,OUT_R_REG_3_,DFF_Q_MAR_REG_2_ -> U250 -> U199 -> U252 -> U180 -> U303 -> U221 -> U220 -> U271 -> U272 -> U273 -> U275 -> U186 -> OUT_R_REG_3_,b08
12,2.4166666666666665,20,2,8,0,0,0,DFF_Q_MAR_REG_2_,OUT_R_REG_3_,DFF_Q_MAR_REG_2_ -> U254 -> U182 -> U260 -> U316 -> U261 -> U271 -> U272 -> U176 -> U232 -> U186 -> OUT_R_REG_3_,b08
12,2.25,20,2,8,0,0,0,DFF_Q_MAR_REG_2_,OUT_R_REG_3_,DFF_Q_MAR_REG_2_ -> U254 -> U182 -> U260 -> U316 -> U261 -> U271 -> U272 -> U176 -> U274 -> U186 -> OUT_R_REG_3_,b08
12,2.25,20,1,9,0,0,0,DFF_Q_MAR_REG_2_,OUT_R_REG_3_,DFF_Q_MAR_REG_2_ -> U254 -> U182 -> U260 -> U316 -> U261 -> U271 -> U272 -> U273 -> U275 -> U186 -> OUT_R_REG_3_,b08
13,2.3076923076923075,22,3,8,0,0,0,DFF_Q_MAR_REG_2_,OUT_R_REG_3_,DFF_Q_MAR_REG_2_ -> U254 -> U182 -> U268 -> U310 -> U269 -> U220 -> U271 -> U272 -> U176 -> U232 -> U186 -> OUT_R_REG_3_,b08
13,2.1538461538461537,22,3,8,0,0,0,DFF_Q_MAR_REG_2_,OUT_R_REG_3_,DFF_Q_MAR_REG_2_ -> U254 -> U182 -> U268 -> U310 -> U269 -> U220 -> U271 -> U272 -> U176 -> U274 -> U186 -> OUT_R_REG_3_,b08
13,2.1538461538461537,22,2,9,0,0,0,DFF_Q_MAR_REG_2_,OUT_R_REG_3_,DFF_Q_MAR_REG_2_ -> U254 -> U182 -> U268 -> U310 -> U269 -> U220 -> U271 -> U272 -> U273 -> U275 -> U186 -> OUT_R_REG_3_,b08
12,2.4166666666666665,20,4,6,0,0,0,DFF_Q_MAR_REG_2_,OUT_R_REG_3_,DFF_Q_MAR_REG_2_ -> U254 -> U182 -> U305 -> U221 -> U220 -> U271 -> U272 -> U176 -> U232 -> U186 -> OUT_R_REG_3_,b08
12,2.25,20,4,6,0,0,0,DFF_Q_MAR_REG_2_,OUT_R_REG_3_,DFF_Q_MAR_REG_2_ -> U254 -> U182 -> U305 -> U221 -> U220 -> U271 -> U272 -> U176 -> U274 -> U186 -> OUT_R_REG_3_,b08
12,2.25,20,3,7,0,0,0,DFF_Q_MAR_REG_2_,OUT_R_REG_3_,DFF_Q_MAR_REG_2_ -> U254 -> U182 -> U305 -> U221 -> U220 -> U271 -> U272 -> U273 -> U275 -> U186 -> OUT_R_REG_3_,b08
6,3.0,8,0,4,0,0,0,DFF_Q_MAR_REG_2_,OUT_R_REG_3_,DFF_Q_MAR_REG_2_ -> U254 -> U202 -> U232 -> U186 -> OUT_R_REG_3_,b08
13,2.230769230769231,21,3,7,1,0,0,DFF_Q_MAR_REG_2_,OUT_R_REG_3_,DFF_Q_MAR_REG_2_ -> U254 -> U202 -> U255 -> U304 -> U221 -> U220 -> U271 -> U272 -> U176 -> U232 -> U186 -> OUT_R_REG_3_,b08
13,2.076923076923077,21,3,7,1,0,0,DFF_Q_MAR_REG_2_,OUT_R_REG_3_,DFF_Q_MAR_REG_2_ -> U254 -> U202 -> U255 -> U304 -> U221 -> U220 -> U271 -> U272 -> U176 -> U274 -> U186 -> OUT_R_REG_3_,b08
13,2.076923076923077,21,2,8,1,0,0,DFF_Q_MAR_REG_2_,OUT_R_REG_3_,DFF_Q_MAR_REG_2_ -> U254 -> U202 -> U255 -> U304 -> U221 -> U220 -> U271 -> U272 -> U273 -> U275 -> U186 -> OUT_R_REG_3_,b08
9,2.6666666666666665,14,1,6,0,0,0,DFF_Q_MAR_REG_2_,OUT_R_REG_3_,DFF_Q_MAR_REG_2_ -> U254 -> U258 -> U271 -> U272 -> U176 -> U232 -> U186 -> OUT_R_REG_3_,b08
9,2.4444444444444446,14,1,6,0,0,0,DFF_Q_MAR_REG_2_,OUT_R_REG_3_,DFF_Q_MAR_REG_2_ -> U254 -> U258 -> U271 -> U272 -> U176 -> U274 -> U186 -> OUT_R_REG_3_,b08
9,2.4444444444444446,14,0,7,0,0,0,DFF_Q_MAR_REG_2_,OUT_R_REG_3_,DFF_Q_MAR_REG_2_ -> U254 -> U258 -> U271 -> U272 -> U273 -> U275 -> U186 -> OUT_R_REG_3_,b08
11,2.3636363636363638,18,1,8,0,0,0,DFF_Q_MAR_REG_2_,OUT_R_REG_3_,DFF_Q_MAR_REG_2_ -> U254 -> U263 -> U312 -> U264 -> U271 -> U272 -> U176 -> U232 -> U186 -> OUT_R_REG_3_,b08
11,2.1818181818181817,18,1,8,0,0,0,DFF_Q_MAR_REG_2_,OUT_R_REG_3_,DFF_Q_MAR_REG_2_ -> U254 -> U263 -> U312 -> U264 -> U271 -> U272 -> U176 -> U274 -> U186 -> OUT_R_REG_3_,b08
11,2.1818181818181817,18,0,9,0,0,0,DFF_Q_MAR_REG_2_,OUT_R_REG_3_,DFF_Q_MAR_REG_2_ -> U254 -> U263 -> U312 -> U264 -> U271 -> U272 -> U273 -> U275 -> U186 -> OUT_R_REG_3_,b08
12,2.25,20,2,8,0,0,0,DFF_Q_MAR_REG_2_,OUT_R_REG_3_,DFF_Q_MAR_REG_2_ -> U254 -> U265 -> U308 -> U266 -> U220 -> U271 -> U272 -> U176 -> U232 -> U186 -> OUT_R_REG_3_,b08
12,2.0833333333333335,20,2,8,0,0,0,DFF_Q_MAR_REG_2_,OUT_R_REG_3_,DFF_Q_MAR_REG_2_ -> U254 -> U265 -> U308 -> U266 -> U220 -> U271 -> U272 -> U176 -> U274 -> U186 -> OUT_R_REG_3_,b08
12,2.0833333333333335,20,1,9,0,0,0,DFF_Q_MAR_REG_2_,OUT_R_REG_3_,DFF_Q_MAR_REG_2_ -> U254 -> U265 -> U308 -> U266 -> U220 -> U271 -> U272 -> U273 -> U275 -> U186 -> OUT_R_REG_3_,b08
17,2.3529411764705883,27,2,10,3,0,0,DFF_Q_MAR_REG_2_,OUT_R_REG_2_,DFF_Q_MAR_REG_2_ -> U194 -> U198 -> U200 -> U253 -> U201 -> U262 -> U265 -> U308 -> U266 -> U220 -> U271 -> U272 -> U176 -> U276 -> U185 -> OUT_R_REG_2_,b08
17,2.3529411764705883,27,1,11,3,0,0,DFF_Q_MAR_REG_2_,OUT_R_REG_2_,DFF_Q_MAR_REG_2_ -> U194 -> U198 -> U200 -> U253 -> U201 -> U262 -> U265 -> U308 -> U266 -> U220 -> U271 -> U272 -> U273 -> U277 -> U185 -> OUT_R_REG_2_,b08
17,2.3529411764705883,27,2,10,3,0,0,DFF_Q_MAR_REG_2_,OUT_R_REG_2_,DFF_Q_MAR_REG_2_ -> U194 -> U198 -> U200 -> U253 -> U201 -> U262 -> U267 -> U309 -> U269 -> U220 -> U271 -> U272 -> U176 -> U276 -> U185 -> OUT_R_REG_2_,b08
17,2.3529411764705883,27,1,11,3,0,0,DFF_Q_MAR_REG_2_,OUT_R_REG_2_,DFF_Q_MAR_REG_2_ -> U194 -> U198 -> U200 -> U253 -> U201 -> U262 -> U267 -> U309 -> U269 -> U220 -> U271 -> U272 -> U273 -> U277 -> U185 -> OUT_R_REG_2_,b08
14,2.5714285714285716,22,1,9,2,0,0,DFF_Q_MAR_REG_2_,OUT_R_REG_2_,DFF_Q_MAR_REG_2_ -> U194 -> U198 -> U200 -> U253 -> U201 -> U311 -> U264 -> U271 -> U272 -> U176 -> U276 -> U185 -> OUT_R_REG_2_,b08
14,2.5714285714285716,22,0,10,2,0,0,DFF_Q_MAR_REG_2_,OUT_R_REG_2_,DFF_Q_MAR_REG_2_ -> U194 -> U198 -> U200 -> U253 -> U201 -> U311 -> U264 -> U271 -> U272 -> U273 -> U277 -> U185 -> OUT_R_REG_2_,b08
16,2.375,25,3,8,3,0,0,DFF_Q_MAR_REG_2_,OUT_R_REG_2_,DFF_Q_MAR_REG_2_ -> U194 -> U198 -> U200 -> U253 -> U203 -> U259 -> U306 -> U221 -> U220 -> U271 -> U272 -> U176 -> U276 -> U185 -> OUT_R_REG_2_,b08
16,2.375,25,2,9,3,0,0,DFF_Q_MAR_REG_2_,OUT_R_REG_2_,DFF_Q_MAR_REG_2_ -> U194 -> U198 -> U200 -> U253 -> U203 -> U259 -> U306 -> U221 -> U220 -> U271 -> U272 -> U273 -> U277 -> U185 -> OUT_R_REG_2_,b08
15,2.466666666666667,24,2,9,2,0,0,DFF_Q_MAR_REG_2_,OUT_R_REG_2_,DFF_Q_MAR_REG_2_ -> U194 -> U198 -> U200 -> U253 -> U203 -> U307 -> U266 -> U220 -> U271 -> U272 -> U176 -> U276 -> U185 -> OUT_R_REG_2_,b08
15,2.466666666666667,24,1,10,2,0,0,DFF_Q_MAR_REG_2_,OUT_R_REG_2_,DFF_Q_MAR_REG_2_ -> U194 -> U198 -> U200 -> U253 -> U203 -> U307 -> U266 -> U220 -> U271 -> U272 -> U273 -> U277 -> U185 -> OUT_R_REG_2_,b08
14,2.5714285714285716,22,1,9,2,0,0,DFF_Q_MAR_REG_2_,OUT_R_REG_2_,DFF_Q_MAR_REG_2_ -> U194 -> U198 -> U200 -> U253 -> U256 -> U313 -> U258 -> U271 -> U272 -> U176 -> U276 -> U185 -> OUT_R_REG_2_,b08
14,2.5714285714285716,22,0,10,2,0,0,DFF_Q_MAR_REG_2_,OUT_R_REG_2_,DFF_Q_MAR_REG_2_ -> U194 -> U198 -> U200 -> U253 -> U256 -> U313 -> U258 -> U271 -> U272 -> U273 -> U277 -> U185 -> OUT_R_REG_2_,b08
14,2.5,22,3,7,2,0,0,DFF_Q_MAR_REG_2_,OUT_R_REG_2_,DFF_Q_MAR_REG_2_ -> U194 -> U198 -> U200 -> U253 -> U304 -> U221 -> U220 -> U271 -> U272 -> U176 -> U276 -> U185 -> OUT_R_REG_2_,b08
14,2.5,22,2,8,2,0,0,DFF_Q_MAR_REG_2_,OUT_R_REG_2_,DFF_Q_MAR_REG_2_ -> U194 -> U198 -> U200 -> U253 -> U304 -> U221 -> U220 -> U271 -> U272 -> U273 -> U277 -> U185 -> OUT_R_REG_2_,b08
14,2.5,22,3,7,2,0,0,DFF_Q_MAR_REG_2_,OUT_R_REG_2_,DFF_Q_MAR_REG_2_ -> U194 -> U198 -> U200 -> U253 -> U305 -> U221 -> U220 -> U271 -> U272 -> U176 -> U276 -> U185 -> OUT_R_REG_2_,b08
14,2.5,22,2,8,2,0,0,DFF_Q_MAR_REG_2_,OUT_R_REG_2_,DFF_Q_MAR_REG_2_ -> U194 -> U198 -> U200 -> U253 -> U305 -> U221 -> U220 -> U271 -> U272 -> U273 -> U277 -> U185 -> OUT_R_REG_2_,b08
12,2.4166666666666665,19,1,8,1,0,0,DFF_Q_MAR_REG_2_,OUT_R_REG_2_,DFF_Q_MAR_REG_2_ -> U194 -> U198 -> U200 -> U315 -> U261 -> U271 -> U272 -> U176 -> U276 -> U185 -> OUT_R_REG_2_,b08
12,2.4166666666666665,19,0,9,1,0,0,DFF_Q_MAR_REG_2_,OUT_R_REG_2_,DFF_Q_MAR_REG_2_ -> U194 -> U198 -> U200 -> U315 -> U261 -> U271 -> U272 -> U273 -> U277 -> U185 -> OUT_R_REG_2_,b08
12,2.3333333333333335,19,1,8,1,0,0,DFF_Q_MAR_REG_2_,OUT_R_REG_2_,DFF_Q_MAR_REG_2_ -> U194 -> U198 -> U257 -> U314 -> U258 -> U271 -> U272 -> U176 -> U276 -> U185 -> OUT_R_REG_2_,b08
12,2.3333333333333335,19,0,9,1,0,0,DFF_Q_MAR_REG_2_,OUT_R_REG_2_,DFF_Q_MAR_REG_2_ -> U194 -> U198 -> U257 -> U314 -> U258 -> U271 -> U272 -> U273 -> U277 -> U185 -> OUT_R_REG_2_,b08
13,2.230769230769231,21,2,8,1,0,0,DFF_Q_MAR_REG_2_,OUT_R_REG_2_,DFF_Q_MAR_REG_2_ -> U194 -> U198 -> U268 -> U310 -> U269 -> U220 -> U271 -> U272 -> U176 -> U276 -> U185 -> OUT_R_REG_2_,b08
13,2.230769230769231,21,1,9,1,0,0,DFF_Q_MAR_REG_2_,OUT_R_REG_2_,DFF_Q_MAR_REG_2_ -> U194 -> U198 -> U268 -> U310 -> U269 -> U220 -> U271 -> U272 -> U273 -> U277 -> U185 -> OUT_R_REG_2_,b08
11,2.4545454545454546,17,2,6,1,0,0,DFF_Q_MAR_REG_2_,OUT_R_REG_2_,DFF_Q_MAR_REG_2_ -> U194 -> U198 -> U270 -> U220 -> U271 -> U272 -> U176 -> U276 -> U185 -> OUT_R_REG_2_,b08
11,2.4545454545454546,17,1,7,1,0,0,DFF_Q_MAR_REG_2_,OUT_R_REG_2_,DFF_Q_MAR_REG_2_ -> U194 -> U198 -> U270 -> U220 -> U271 -> U272 -> U273 -> U277 -> U185 -> OUT_R_REG_2_,b08
13,2.3076923076923075,21,2,8,1,0,0,DFF_Q_MAR_REG_2_,OUT_R_REG_2_,DFF_Q_MAR_REG_2_ -> U194 -> U249 -> U180 -> U257 -> U314 -> U258 -> U271 -> U272 -> U176 -> U276 -> U185 -> OUT_R_REG_2_,b08
13,2.3076923076923075,21,1,9,1,0,0,DFF_Q_MAR_REG_2_,OUT_R_REG_2_,DFF_Q_MAR_REG_2_ -> U194 -> U249 -> U180 -> U257 -> U314 -> U258 -> U271 -> U272 -> U273 -> U277 -> U185 -> OUT_R_REG_2_,b08
13,2.3076923076923075,21,2,8,1,0,0,DFF_Q_MAR_REG_2_,OUT_R_REG_2_,DFF_Q_MAR_REG_2_ -> U194 -> U249 -> U180 -> U263 -> U312 -> U264 -> U271 -> U272 -> U176 -> U276 -> U185 -> OUT_R_REG_2_,b08
13,2.3076923076923075,21,1,9,1,0,0,DFF_Q_MAR_REG_2_,OUT_R_REG_2_,DFF_Q_MAR_REG_2_ -> U194 -> U249 -> U180 -> U263 -> U312 -> U264 -> U271 -> U272 -> U273 -> U277 -> U185 -> OUT_R_REG_2_,b08
13,2.3076923076923075,21,4,6,1,0,0,DFF_Q_MAR_REG_2_,OUT_R_REG_2_,DFF_Q_MAR_REG_2_ -> U194 -> U249 -> U180 -> U303 -> U221 -> U220 -> U271 -> U272 -> U176 -> U276 -> U185 -> OUT_R_REG_2_,b08
13,2.3076923076923075,21,3,7,1,0,0,DFF_Q_MAR_REG_2_,OUT_R_REG_2_,DFF_Q_MAR_REG_2_ -> U194 -> U249 -> U180 -> U303 -> U221 -> U220 -> U271 -> U272 -> U273 -> U277 -> U185 -> OUT_R_REG_2_,b08
14,2.142857142857143,22,3,7,2,0,0,DFF_Q_MAR_REG_2_,OUT_R_REG_2_,DFF_Q_MAR_REG_2_ -> U194 -> U249 -> U203 -> U259 -> U306 -> U221 -> U220 -> U271 -> U272 -> U176 -> U276 -> U185 -> OUT_R_REG_2_,b08
14,2.142857142857143,22,2,8,2,0,0,DFF_Q_MAR_REG_2_,OUT_R_REG_2_,DFF_Q_MAR_REG_2_ -> U194 -> U249 -> U203 -> U259 -> U306 -> U221 -> U220 -> U271 -> U272 -> U273 -> U277 -> U185 -> OUT_R_REG_2_,b08
13,2.230769230769231,21,2,8,1,0,0,DFF_Q_MAR_REG_2_,OUT_R_REG_2_,DFF_Q_MAR_REG_2_ -> U194 -> U249 -> U203 -> U307 -> U266 -> U220 -> U271 -> U272 -> U176 -> U276 -> U185 -> OUT_R_REG_2_,b08
13,2.230769230769231,21,1,9,1,0,0,DFF_Q_MAR_REG_2_,OUT_R_REG_2_,DFF_Q_MAR_REG_2_ -> U194 -> U249 -> U203 -> U307 -> U266 -> U220 -> U271 -> U272 -> U273 -> U277 -> U185 -> OUT_R_REG_2_,b08
10,2.5,15,1,6,1,0,0,DFF_Q_MAR_REG_2_,OUT_R_REG_2_,DFF_Q_MAR_REG_2_ -> U194 -> U249 -> U261 -> U271 -> U272 -> U176 -> U276 -> U185 -> OUT_R_REG_2_,b08
10,2.5,15,0,7,1,0,0,DFF_Q_MAR_REG_2_,OUT_R_REG_2_,DFF_Q_MAR_REG_2_ -> U194 -> U249 -> U261 -> U271 -> U272 -> U273 -> U277 -> U185 -> OUT_R_REG_2_,b08
13,2.1538461538461537,21,2,8,1,0,0,DFF_Q_MAR_REG_2_,OUT_R_REG_2_,DFF_Q_MAR_REG_2_ -> U194 -> U249 -> U267 -> U309 -> U269 -> U220 -> U271 -> U272 -> U176 -> U276 -> U185 -> OUT_R_REG_2_,b08
13,2.1538461538461537,21,1,9,1,0,0,DFF_Q_MAR_REG_2_,OUT_R_REG_2_,DFF_Q_MAR_REG_2_ -> U194 -> U249 -> U267 -> U309 -> U269 -> U220 -> U271 -> U272 -> U273 -> U277 -> U185 -> OUT_R_REG_2_,b08
14,2.2142857142857144,23,3,8,1,0,0,DFF_Q_MAR_REG_2_,OUT_R_REG_2_,DFF_Q_MAR_REG_2_ -> U194 -> U251 -> U179 -> U182 -> U260 -> U316 -> U261 -> U271 -> U272 -> U176 -> U276 -> U185 -> OUT_R_REG_2_,b08
14,2.2142857142857144,23,2,9,1,0,0,DFF_Q_MAR_REG_2_,OUT_R_REG_2_,DFF_Q_MAR_REG_2_ -> U194 -> U251 -> U179 -> U182 -> U260 -> U316 -> U261 -> U271 -> U272 -> U273 -> U277 -> U185 -> OUT_R_REG_2_,b08
15,2.1333333333333333,25,4,8,1,0,0,DFF_Q_MAR_REG_2_,OUT_R_REG_2_,DFF_Q_MAR_REG_2_ -> U194 -> U251 -> U179 -> U182 -> U268 -> U310 -> U269 -> U220 -> U271 -> U272 -> U176 -> U276 -> U185 -> OUT_R_REG_2_,b08
15,2.1333333333333333,25,3,9,1,0,0,DFF_Q_MAR_REG_2_,OUT_R_REG_2_,DFF_Q_MAR_REG_2_ -> U194 -> U251 -> U179 -> U182 -> U268 -> U310 -> U269 -> U220 -> U271 -> U272 -> U273 -> U277 -> U185 -> OUT_R_REG_2_,b08
14,2.2142857142857144,23,5,6,1,0,0,DFF_Q_MAR_REG_2_,OUT_R_REG_2_,DFF_Q_MAR_REG_2_ -> U194 -> U251 -> U179 -> U182 -> U305 -> U221 -> U220 -> U271 -> U272 -> U176 -> U276 -> U185 -> OUT_R_REG_2_,b08
14,2.2142857142857144,23,4,7,1,0,0,DFF_Q_MAR_REG_2_,OUT_R_REG_2_,DFF_Q_MAR_REG_2_ -> U194 -> U251 -> U179 -> U182 -> U305 -> U221 -> U220 -> U271 -> U272 -> U273 -> U277 -> U185 -> OUT_R_REG_2_,b08
16,2.125,26,3,9,2,0,0,DFF_Q_MAR_REG_2_,OUT_R_REG_2_,DFF_Q_MAR_REG_2_ -> U194 -> U251 -> U179 -> U199 -> U252 -> U180 -> U257 -> U314 -> U258 -> U271 -> U272 -> U176 -> U276 -> U185 -> OUT_R_REG_2_,b08
16,2.125,26,2,10,2,0,0,DFF_Q_MAR_REG_2_,OUT_R_REG_2_,DFF_Q_MAR_REG_2_ -> U194 -> U251 -> U179 -> U199 -> U252 -> U180 -> U257 -> U314 -> U258 -> U271 -> U272 -> U273 -> U277 -> U185 -> OUT_R_REG_2_,b08
16,2.125,26,3,9,2,0,0,DFF_Q_MAR_REG_2_,OUT_R_REG_2_,DFF_Q_MAR_REG_2_ -> U194 -> U251 -> U179 -> U199 -> U252 -> U180 -> U263 -> U312 -> U264 -> U271 -> U272 -> U176 -> U276 -> U185 -> OUT_R_REG_2_,b08
16,2.125,26,2,10,2,0,0,DFF_Q_MAR_REG_2_,OUT_R_REG_2_,DFF_Q_MAR_REG_2_ -> U194 -> U251 -> U179 -> U199 -> U252 -> U180 -> U263 -> U312 -> U264 -> U271 -> U272 -> U273 -> U277 -> U185 -> OUT_R_REG_2_,b08
16,2.125,26,5,7,2,0,0,DFF_Q_MAR_REG_2_,OUT_R_REG_2_,DFF_Q_MAR_REG_2_ -> U194 -> U251 -> U179 -> U199 -> U252 -> U180 -> U303 -> U221 -> U220 -> U271 -> U272 -> U176 -> U276 -> U185 -> OUT_R_REG_2_,b08
16,2.125,26,4,8,2,0,0,DFF_Q_MAR_REG_2_,OUT_R_REG_2_,DFF_Q_MAR_REG_2_ -> U194 -> U251 -> U179 -> U199 -> U252 -> U180 -> U303 -> U221 -> U220 -> U271 -> U272 -> U273 -> U277 -> U185 -> OUT_R_REG_2_,b08
8,2.5,11,1,4,1,0,0,DFF_Q_MAR_REG_2_,OUT_R_REG_2_,DFF_Q_MAR_REG_2_ -> U194 -> U251 -> U179 -> U199 -> U276 -> U185 -> OUT_R_REG_2_,b08
15,2.066666666666667,24,4,7,2,0,0,DFF_Q_MAR_REG_2_,OUT_R_REG_2_,DFF_Q_MAR_REG_2_ -> U194 -> U251 -> U179 -> U203 -> U259 -> U306 -> U221 -> U220 -> U271 -> U272 -> U176 -> U276 -> U185 -> OUT_R_REG_2_,b08
15,2.066666666666667,24,3,8,2,0,0,DFF_Q_MAR_REG_2_,OUT_R_REG_2_,DFF_Q_MAR_REG_2_ -> U194 -> U251 -> U179 -> U203 -> U259 -> U306 -> U221 -> U220 -> U271 -> U272 -> U273 -> U277 -> U185 -> OUT_R_REG_2_,b08
14,2.142857142857143,23,3,8,1,0,0,DFF_Q_MAR_REG_2_,OUT_R_REG_2_,DFF_Q_MAR_REG_2_ -> U194 -> U251 -> U179 -> U203 -> U307 -> U266 -> U220 -> U271 -> U272 -> U176 -> U276 -> U185 -> OUT_R_REG_2_,b08
14,2.142857142857143,23,2,9,1,0,0,DFF_Q_MAR_REG_2_,OUT_R_REG_2_,DFF_Q_MAR_REG_2_ -> U194 -> U251 -> U179 -> U203 -> U307 -> U266 -> U220 -> U271 -> U272 -> U273 -> U277 -> U185 -> OUT_R_REG_2_,b08
12,2.25,19,3,6,1,0,0,DFF_Q_MAR_REG_2_,OUT_R_REG_2_,DFF_Q_MAR_REG_2_ -> U194 -> U251 -> U179 -> U270 -> U220 -> U271 -> U272 -> U176 -> U276 -> U185 -> OUT_R_REG_2_,b08
12,2.25,19,2,7,1,0,0,DFF_Q_MAR_REG_2_,OUT_R_REG_2_,DFF_Q_MAR_REG_2_ -> U194 -> U251 -> U179 -> U270 -> U220 -> U271 -> U272 -> U273 -> U277 -> U185 -> OUT_R_REG_2_,b08
14,1.9285714285714286,22,3,7,2,0,0,DFF_Q_MAR_REG_2_,OUT_R_REG_2_,DFF_Q_MAR_REG_2_ -> U194 -> U251 -> U202 -> U255 -> U304 -> U221 -> U220 -> U271 -> U272 -> U176 -> U276 -> U185 -> OUT_R_REG_2_,b08
14,1.9285714285714286,22,2,8,2,0,0,DFF_Q_MAR_REG_2_,OUT_R_REG_2_,DFF_Q_MAR_REG_2_ -> U194 -> U251 -> U202 -> U255 -> U304 -> U221 -> U220 -> U271 -> U272 -> U273 -> U277 -> U185 -> OUT_R_REG_2_,b08
13,2.230769230769231,22,3,8,0,0,0,DFF_Q_MAR_REG_2_,OUT_R_REG_2_,DFF_Q_MAR_REG_2_ -> U195 -> U179 -> U182 -> U260 -> U316 -> U261 -> U271 -> U272 -> U176 -> U276 -> U185 -> OUT_R_REG_2_,b08
13,2.230769230769231,22,2,9,0,0,0,DFF_Q_MAR_REG_2_,OUT_R_REG_2_,DFF_Q_MAR_REG_2_ -> U195 -> U179 -> U182 -> U260 -> U316 -> U261 -> U271 -> U272 -> U273 -> U277 -> U185 -> OUT_R_REG_2_,b08
14,2.142857142857143,24,4,8,0,0,0,DFF_Q_MAR_REG_2_,OUT_R_REG_2_,DFF_Q_MAR_REG_2_ -> U195 -> U179 -> U182 -> U268 -> U310 -> U269 -> U220 -> U271 -> U272 -> U176 -> U276 -> U185 -> OUT_R_REG_2_,b08
14,2.142857142857143,24,3,9,0,0,0,DFF_Q_MAR_REG_2_,OUT_R_REG_2_,DFF_Q_MAR_REG_2_ -> U195 -> U179 -> U182 -> U268 -> U310 -> U269 -> U220 -> U271 -> U272 -> U273 -> U277 -> U185 -> OUT_R_REG_2_,b08
13,2.230769230769231,22,5,6,0,0,0,DFF_Q_MAR_REG_2_,OUT_R_REG_2_,DFF_Q_MAR_REG_2_ -> U195 -> U179 -> U182 -> U305 -> U221 -> U220 -> U271 -> U272 -> U176 -> U276 -> U185 -> OUT_R_REG_2_,b08
13,2.230769230769231,22,4,7,0,0,0,DFF_Q_MAR_REG_2_,OUT_R_REG_2_,DFF_Q_MAR_REG_2_ -> U195 -> U179 -> U182 -> U305 -> U221 -> U220 -> U271 -> U272 -> U273 -> U277 -> U185 -> OUT_R_REG_2_,b08
15,2.1333333333333333,25,3,9,1,0,0,DFF_Q_MAR_REG_2_,OUT_R_REG_2_,DFF_Q_MAR_REG_2_ -> U195 -> U179 -> U199 -> U252 -> U180 -> U257 -> U314 -> U258 -> U271 -> U272 -> U176 -> U276 -> U185 -> OUT_R_REG_2_,b08
15,2.1333333333333333,25,2,10,1,0,0,DFF_Q_MAR_REG_2_,OUT_R_REG_2_,DFF_Q_MAR_REG_2_ -> U195 -> U179 -> U199 -> U252 -> U180 -> U257 -> U314 -> U258 -> U271 -> U272 -> U273 -> U277 -> U185 -> OUT_R_REG_2_,b08
15,2.1333333333333333,25,3,9,1,0,0,DFF_Q_MAR_REG_2_,OUT_R_REG_2_,DFF_Q_MAR_REG_2_ -> U195 -> U179 -> U199 -> U252 -> U180 -> U263 -> U312 -> U264 -> U271 -> U272 -> U176 -> U276 -> U185 -> OUT_R_REG_2_,b08
15,2.1333333333333333,25,2,10,1,0,0,DFF_Q_MAR_REG_2_,OUT_R_REG_2_,DFF_Q_MAR_REG_2_ -> U195 -> U179 -> U199 -> U252 -> U180 -> U263 -> U312 -> U264 -> U271 -> U272 -> U273 -> U277 -> U185 -> OUT_R_REG_2_,b08
15,2.1333333333333333,25,5,7,1,0,0,DFF_Q_MAR_REG_2_,OUT_R_REG_2_,DFF_Q_MAR_REG_2_ -> U195 -> U179 -> U199 -> U252 -> U180 -> U303 -> U221 -> U220 -> U271 -> U272 -> U176 -> U276 -> U185 -> OUT_R_REG_2_,b08
15,2.1333333333333333,25,4,8,1,0,0,DFF_Q_MAR_REG_2_,OUT_R_REG_2_,DFF_Q_MAR_REG_2_ -> U195 -> U179 -> U199 -> U252 -> U180 -> U303 -> U221 -> U220 -> U271 -> U272 -> U273 -> U277 -> U185 -> OUT_R_REG_2_,b08
7,2.5714285714285716,10,1,4,0,0,0,DFF_Q_MAR_REG_2_,OUT_R_REG_2_,DFF_Q_MAR_REG_2_ -> U195 -> U179 -> U199 -> U276 -> U185 -> OUT_R_REG_2_,b08
14,2.0714285714285716,23,4,7,1,0,0,DFF_Q_MAR_REG_2_,OUT_R_REG_2_,DFF_Q_MAR_REG_2_ -> U195 -> U179 -> U203 -> U259 -> U306 -> U221 -> U220 -> U271 -> U272 -> U176 -> U276 -> U185 -> OUT_R_REG_2_,b08
14,2.0714285714285716,23,3,8,1,0,0,DFF_Q_MAR_REG_2_,OUT_R_REG_2_,DFF_Q_MAR_REG_2_ -> U195 -> U179 -> U203 -> U259 -> U306 -> U221 -> U220 -> U271 -> U272 -> U273 -> U277 -> U185 -> OUT_R_REG_2_,b08
13,2.1538461538461537,22,3,8,0,0,0,DFF_Q_MAR_REG_2_,OUT_R_REG_2_,DFF_Q_MAR_REG_2_ -> U195 -> U179 -> U203 -> U307 -> U266 -> U220 -> U271 -> U272 -> U176 -> U276 -> U185 -> OUT_R_REG_2_,b08
13,2.1538461538461537,22,2,9,0,0,0,DFF_Q_MAR_REG_2_,OUT_R_REG_2_,DFF_Q_MAR_REG_2_ -> U195 -> U179 -> U203 -> U307 -> U266 -> U220 -> U271 -> U272 -> U273 -> U277 -> U185 -> OUT_R_REG_2_,b08
11,2.272727272727273,18,3,6,0,0,0,DFF_Q_MAR_REG_2_,OUT_R_REG_2_,DFF_Q_MAR_REG_2_ -> U195 -> U179 -> U270 -> U220 -> U271 -> U272 -> U176 -> U276 -> U185 -> OUT_R_REG_2_,b08
11,2.272727272727273,18,2,7,0,0,0,DFF_Q_MAR_REG_2_,OUT_R_REG_2_,DFF_Q_MAR_REG_2_ -> U195 -> U179 -> U270 -> U220 -> U271 -> U272 -> U273 -> U277 -> U185 -> OUT_R_REG_2_,b08
14,1.9285714285714286,23,2,9,1,0,0,DFF_Q_MAR_REG_2_,OUT_R_REG_2_,DFF_Q_MAR_REG_2_ -> U195 -> U201 -> U262 -> U265 -> U308 -> U266 -> U220 -> U271 -> U272 -> U176 -> U276 -> U185 -> OUT_R_REG_2_,b08
14,1.9285714285714286,23,1,10,1,0,0,DFF_Q_MAR_REG_2_,OUT_R_REG_2_,DFF_Q_MAR_REG_2_ -> U195 -> U201 -> U262 -> U265 -> U308 -> U266 -> U220 -> U271 -> U272 -> U273 -> U277 -> U185 -> OUT_R_REG_2_,b08
14,1.9285714285714286,23,2,9,1,0,0,DFF_Q_MAR_REG_2_,OUT_R_REG_2_,DFF_Q_MAR_REG_2_ -> U195 -> U201 -> U262 -> U267 -> U309 -> U269 -> U220 -> U271 -> U272 -> U176 -> U276 -> U185 -> OUT_R_REG_2_,b08
14,1.9285714285714286,23,1,10,1,0,0,DFF_Q_MAR_REG_2_,OUT_R_REG_2_,DFF_Q_MAR_REG_2_ -> U195 -> U201 -> U262 -> U267 -> U309 -> U269 -> U220 -> U271 -> U272 -> U273 -> U277 -> U185 -> OUT_R_REG_2_,b08
11,2.090909090909091,18,1,8,0,0,0,DFF_Q_MAR_REG_2_,OUT_R_REG_2_,DFF_Q_MAR_REG_2_ -> U195 -> U201 -> U311 -> U264 -> U271 -> U272 -> U176 -> U276 -> U185 -> OUT_R_REG_2_,b08
11,2.090909090909091,18,0,9,0,0,0,DFF_Q_MAR_REG_2_,OUT_R_REG_2_,DFF_Q_MAR_REG_2_ -> U195 -> U201 -> U311 -> U264 -> U271 -> U272 -> U273 -> U277 -> U185 -> OUT_R_REG_2_,b08
11,2.5454545454545454,18,1,7,0,1,0,DFF_Q_MAR_REG_2_,OUT_R_REG_2_,DFF_Q_MAR_REG_2_ -> U247 -> U256 -> U313 -> U258 -> U271 -> U272 -> U176 -> U276 -> U185 -> OUT_R_REG_2_,b08
11,2.5454545454545454,18,0,8,0,1,0,DFF_Q_MAR_REG_2_,OUT_R_REG_2_,DFF_Q_MAR_REG_2_ -> U247 -> U256 -> U313 -> U258 -> U271 -> U272 -> U273 -> U277 -> U185 -> OUT_R_REG_2_,b08
9,2.7777777777777777,14,1,5,0,1,0,DFF_Q_MAR_REG_2_,OUT_R_REG_2_,DFF_Q_MAR_REG_2_ -> U247 -> U261 -> U271 -> U272 -> U176 -> U276 -> U185 -> OUT_R_REG_2_,b08
9,2.7777777777777777,14,0,6,0,1,0,DFF_Q_MAR_REG_2_,OUT_R_REG_2_,DFF_Q_MAR_REG_2_ -> U247 -> U261 -> U271 -> U272 -> U273 -> U277 -> U185 -> OUT_R_REG_2_,b08
9,2.7777777777777777,14,1,5,0,1,0,DFF_Q_MAR_REG_2_,OUT_R_REG_2_,DFF_Q_MAR_REG_2_ -> U247 -> U264 -> U271 -> U272 -> U176 -> U276 -> U185 -> OUT_R_REG_2_,b08
9,2.7777777777777777,14,0,6,0,1,0,DFF_Q_MAR_REG_2_,OUT_R_REG_2_,DFF_Q_MAR_REG_2_ -> U247 -> U264 -> U271 -> U272 -> U273 -> U277 -> U185 -> OUT_R_REG_2_,b08
10,2.6,16,2,5,0,1,0,DFF_Q_MAR_REG_2_,OUT_R_REG_2_,DFF_Q_MAR_REG_2_ -> U247 -> U266 -> U220 -> U271 -> U272 -> U176 -> U276 -> U185 -> OUT_R_REG_2_,b08
10,2.6,16,1,6,0,1,0,DFF_Q_MAR_REG_2_,OUT_R_REG_2_,DFF_Q_MAR_REG_2_ -> U247 -> U266 -> U220 -> U271 -> U272 -> U273 -> U277 -> U185 -> OUT_R_REG_2_,b08
10,2.6,16,2,5,0,1,0,DFF_Q_MAR_REG_2_,OUT_R_REG_2_,DFF_Q_MAR_REG_2_ -> U247 -> U269 -> U220 -> U271 -> U272 -> U176 -> U276 -> U185 -> OUT_R_REG_2_,b08
10,2.6,16,1,6,0,1,0,DFF_Q_MAR_REG_2_,OUT_R_REG_2_,DFF_Q_MAR_REG_2_ -> U247 -> U269 -> U220 -> U271 -> U272 -> U273 -> U277 -> U185 -> OUT_R_REG_2_,b08
11,2.4545454545454546,18,3,5,0,1,0,DFF_Q_MAR_REG_2_,OUT_R_REG_2_,DFF_Q_MAR_REG_2_ -> U247 -> U303 -> U221 -> U220 -> U271 -> U272 -> U176 -> U276 -> U185 -> OUT_R_REG_2_,b08
11,2.4545454545454546,18,2,6,0,1,0,DFF_Q_MAR_REG_2_,OUT_R_REG_2_,DFF_Q_MAR_REG_2_ -> U247 -> U303 -> U221 -> U220 -> U271 -> U272 -> U273 -> U277 -> U185 -> OUT_R_REG_2_,b08
11,2.4545454545454546,18,3,5,0,1,0,DFF_Q_MAR_REG_2_,OUT_R_REG_2_,DFF_Q_MAR_REG_2_ -> U247 -> U306 -> U221 -> U220 -> U271 -> U272 -> U176 -> U276 -> U185 -> OUT_R_REG_2_,b08
11,2.4545454545454546,18,2,6,0,1,0,DFF_Q_MAR_REG_2_,OUT_R_REG_2_,DFF_Q_MAR_REG_2_ -> U247 -> U306 -> U221 -> U220 -> U271 -> U272 -> U273 -> U277 -> U185 -> OUT_R_REG_2_,b08
17,2.1176470588235294,28,3,10,2,0,0,DFF_Q_MAR_REG_2_,OUT_R_REG_2_,DFF_Q_MAR_REG_2_ -> U248 -> U181 -> U200 -> U253 -> U201 -> U262 -> U265 -> U308 -> U266 -> U220 -> U271 -> U272 -> U176 -> U276 -> U185 -> OUT_R_REG_2_,b08
17,2.1176470588235294,28,2,11,2,0,0,DFF_Q_MAR_REG_2_,OUT_R_REG_2_,DFF_Q_MAR_REG_2_ -> U248 -> U181 -> U200 -> U253 -> U201 -> U262 -> U265 -> U308 -> U266 -> U220 -> U271 -> U272 -> U273 -> U277 -> U185 -> OUT_R_REG_2_,b08
17,2.1176470588235294,28,3,10,2,0,0,DFF_Q_MAR_REG_2_,OUT_R_REG_2_,DFF_Q_MAR_REG_2_ -> U248 -> U181 -> U200 -> U253 -> U201 -> U262 -> U267 -> U309 -> U269 -> U220 -> U271 -> U272 -> U176 -> U276 -> U185 -> OUT_R_REG_2_,b08
17,2.1176470588235294,28,2,11,2,0,0,DFF_Q_MAR_REG_2_,OUT_R_REG_2_,DFF_Q_MAR_REG_2_ -> U248 -> U181 -> U200 -> U253 -> U201 -> U262 -> U267 -> U309 -> U269 -> U220 -> U271 -> U272 -> U273 -> U277 -> U185 -> OUT_R_REG_2_,b08
14,2.2857142857142856,23,2,9,1,0,0,DFF_Q_MAR_REG_2_,OUT_R_REG_2_,DFF_Q_MAR_REG_2_ -> U248 -> U181 -> U200 -> U253 -> U201 -> U311 -> U264 -> U271 -> U272 -> U176 -> U276 -> U185 -> OUT_R_REG_2_,b08
14,2.2857142857142856,23,1,10,1,0,0,DFF_Q_MAR_REG_2_,OUT_R_REG_2_,DFF_Q_MAR_REG_2_ -> U248 -> U181 -> U200 -> U253 -> U201 -> U311 -> U264 -> U271 -> U272 -> U273 -> U277 -> U185 -> OUT_R_REG_2_,b08
16,2.125,26,4,8,2,0,0,DFF_Q_MAR_REG_2_,OUT_R_REG_2_,DFF_Q_MAR_REG_2_ -> U248 -> U181 -> U200 -> U253 -> U203 -> U259 -> U306 -> U221 -> U220 -> U271 -> U272 -> U176 -> U276 -> U185 -> OUT_R_REG_2_,b08
16,2.125,26,3,9,2,0,0,DFF_Q_MAR_REG_2_,OUT_R_REG_2_,DFF_Q_MAR_REG_2_ -> U248 -> U181 -> U200 -> U253 -> U203 -> U259 -> U306 -> U221 -> U220 -> U271 -> U272 -> U273 -> U277 -> U185 -> OUT_R_REG_2_,b08
15,2.2,25,3,9,1,0,0,DFF_Q_MAR_REG_2_,OUT_R_REG_2_,DFF_Q_MAR_REG_2_ -> U248 -> U181 -> U200 -> U253 -> U203 -> U307 -> U266 -> U220 -> U271 -> U272 -> U176 -> U276 -> U185 -> OUT_R_REG_2_,b08
15,2.2,25,2,10,1,0,0,DFF_Q_MAR_REG_2_,OUT_R_REG_2_,DFF_Q_MAR_REG_2_ -> U248 -> U181 -> U200 -> U253 -> U203 -> U307 -> U266 -> U220 -> U271 -> U272 -> U273 -> U277 -> U185 -> OUT_R_REG_2_,b08
14,2.2857142857142856,23,2,9,1,0,0,DFF_Q_MAR_REG_2_,OUT_R_REG_2_,DFF_Q_MAR_REG_2_ -> U248 -> U181 -> U200 -> U253 -> U256 -> U313 -> U258 -> U271 -> U272 -> U176 -> U276 -> U185 -> OUT_R_REG_2_,b08
14,2.2857142857142856,23,1,10,1,0,0,DFF_Q_MAR_REG_2_,OUT_R_REG_2_,DFF_Q_MAR_REG_2_ -> U248 -> U181 -> U200 -> U253 -> U256 -> U313 -> U258 -> U271 -> U272 -> U273 -> U277 -> U185 -> OUT_R_REG_2_,b08
14,2.2142857142857144,23,4,7,1,0,0,DFF_Q_MAR_REG_2_,OUT_R_REG_2_,DFF_Q_MAR_REG_2_ -> U248 -> U181 -> U200 -> U253 -> U304 -> U221 -> U220 -> U271 -> U272 -> U176 -> U276 -> U185 -> OUT_R_REG_2_,b08
14,2.2142857142857144,23,3,8,1,0,0,DFF_Q_MAR_REG_2_,OUT_R_REG_2_,DFF_Q_MAR_REG_2_ -> U248 -> U181 -> U200 -> U253 -> U304 -> U221 -> U220 -> U271 -> U272 -> U273 -> U277 -> U185 -> OUT_R_REG_2_,b08
14,2.2142857142857144,23,4,7,1,0,0,DFF_Q_MAR_REG_2_,OUT_R_REG_2_,DFF_Q_MAR_REG_2_ -> U248 -> U181 -> U200 -> U253 -> U305 -> U221 -> U220 -> U271 -> U272 -> U176 -> U276 -> U185 -> OUT_R_REG_2_,b08
14,2.2142857142857144,23,3,8,1,0,0,DFF_Q_MAR_REG_2_,OUT_R_REG_2_,DFF_Q_MAR_REG_2_ -> U248 -> U181 -> U200 -> U253 -> U305 -> U221 -> U220 -> U271 -> U272 -> U273 -> U277 -> U185 -> OUT_R_REG_2_,b08
12,2.0833333333333335,20,2,8,0,0,0,DFF_Q_MAR_REG_2_,OUT_R_REG_2_,DFF_Q_MAR_REG_2_ -> U248 -> U181 -> U200 -> U315 -> U261 -> U271 -> U272 -> U176 -> U276 -> U185 -> OUT_R_REG_2_,b08
12,2.0833333333333335,20,1,9,0,0,0,DFF_Q_MAR_REG_2_,OUT_R_REG_2_,DFF_Q_MAR_REG_2_ -> U248 -> U181 -> U200 -> U315 -> U261 -> U271 -> U272 -> U273 -> U277 -> U185 -> OUT_R_REG_2_,b08
12,2.0,20,2,8,0,0,0,DFF_Q_MAR_REG_2_,OUT_R_REG_2_,DFF_Q_MAR_REG_2_ -> U248 -> U181 -> U260 -> U316 -> U261 -> U271 -> U272 -> U176 -> U276 -> U185 -> OUT_R_REG_2_,b08
12,2.0,20,1,9,0,0,0,DFF_Q_MAR_REG_2_,OUT_R_REG_2_,DFF_Q_MAR_REG_2_ -> U248 -> U181 -> U260 -> U316 -> U261 -> U271 -> U272 -> U273 -> U277 -> U185 -> OUT_R_REG_2_,b08
10,2.1,16,2,6,0,0,0,DFF_Q_MAR_REG_2_,OUT_R_REG_2_,DFF_Q_MAR_REG_2_ -> U248 -> U270 -> U220 -> U271 -> U272 -> U176 -> U276 -> U185 -> OUT_R_REG_2_,b08
10,2.1,16,1,7,0,0,0,DFF_Q_MAR_REG_2_,OUT_R_REG_2_,DFF_Q_MAR_REG_2_ -> U248 -> U270 -> U220 -> U271 -> U272 -> U273 -> U277 -> U185 -> OUT_R_REG_2_,b08
11,2.0,18,3,6,0,0,0,DFF_Q_MAR_REG_2_,OUT_R_REG_2_,DFF_Q_MAR_REG_2_ -> U248 -> U303 -> U221 -> U220 -> U271 -> U272 -> U176 -> U276 -> U185 -> OUT_R_REG_2_,b08
11,2.0,18,2,7,0,0,0,DFF_Q_MAR_REG_2_,OUT_R_REG_2_,DFF_Q_MAR_REG_2_ -> U248 -> U303 -> U221 -> U220 -> U271 -> U272 -> U273 -> U277 -> U185 -> OUT_R_REG_2_,b08
17,2.1176470588235294,28,3,10,2,0,0,DFF_Q_MAR_REG_2_,OUT_R_REG_2_,DFF_Q_MAR_REG_2_ -> U250 -> U181 -> U200 -> U253 -> U201 -> U262 -> U265 -> U308 -> U266 -> U220 -> U271 -> U272 -> U176 -> U276 -> U185 -> OUT_R_REG_2_,b08
17,2.1176470588235294,28,2,11,2,0,0,DFF_Q_MAR_REG_2_,OUT_R_REG_2_,DFF_Q_MAR_REG_2_ -> U250 -> U181 -> U200 -> U253 -> U201 -> U262 -> U265 -> U308 -> U266 -> U220 -> U271 -> U272 -> U273 -> U277 -> U185 -> OUT_R_REG_2_,b08
17,2.1176470588235294,28,3,10,2,0,0,DFF_Q_MAR_REG_2_,OUT_R_REG_2_,DFF_Q_MAR_REG_2_ -> U250 -> U181 -> U200 -> U253 -> U201 -> U262 -> U267 -> U309 -> U269 -> U220 -> U271 -> U272 -> U176 -> U276 -> U185 -> OUT_R_REG_2_,b08
17,2.1176470588235294,28,2,11,2,0,0,DFF_Q_MAR_REG_2_,OUT_R_REG_2_,DFF_Q_MAR_REG_2_ -> U250 -> U181 -> U200 -> U253 -> U201 -> U262 -> U267 -> U309 -> U269 -> U220 -> U271 -> U272 -> U273 -> U277 -> U185 -> OUT_R_REG_2_,b08
14,2.2857142857142856,23,2,9,1,0,0,DFF_Q_MAR_REG_2_,OUT_R_REG_2_,DFF_Q_MAR_REG_2_ -> U250 -> U181 -> U200 -> U253 -> U201 -> U311 -> U264 -> U271 -> U272 -> U176 -> U276 -> U185 -> OUT_R_REG_2_,b08
14,2.2857142857142856,23,1,10,1,0,0,DFF_Q_MAR_REG_2_,OUT_R_REG_2_,DFF_Q_MAR_REG_2_ -> U250 -> U181 -> U200 -> U253 -> U201 -> U311 -> U264 -> U271 -> U272 -> U273 -> U277 -> U185 -> OUT_R_REG_2_,b08
16,2.125,26,4,8,2,0,0,DFF_Q_MAR_REG_2_,OUT_R_REG_2_,DFF_Q_MAR_REG_2_ -> U250 -> U181 -> U200 -> U253 -> U203 -> U259 -> U306 -> U221 -> U220 -> U271 -> U272 -> U176 -> U276 -> U185 -> OUT_R_REG_2_,b08
16,2.125,26,3,9,2,0,0,DFF_Q_MAR_REG_2_,OUT_R_REG_2_,DFF_Q_MAR_REG_2_ -> U250 -> U181 -> U200 -> U253 -> U203 -> U259 -> U306 -> U221 -> U220 -> U271 -> U272 -> U273 -> U277 -> U185 -> OUT_R_REG_2_,b08
15,2.2,25,3,9,1,0,0,DFF_Q_MAR_REG_2_,OUT_R_REG_2_,DFF_Q_MAR_REG_2_ -> U250 -> U181 -> U200 -> U253 -> U203 -> U307 -> U266 -> U220 -> U271 -> U272 -> U176 -> U276 -> U185 -> OUT_R_REG_2_,b08
15,2.2,25,2,10,1,0,0,DFF_Q_MAR_REG_2_,OUT_R_REG_2_,DFF_Q_MAR_REG_2_ -> U250 -> U181 -> U200 -> U253 -> U203 -> U307 -> U266 -> U220 -> U271 -> U272 -> U273 -> U277 -> U185 -> OUT_R_REG_2_,b08
14,2.2857142857142856,23,2,9,1,0,0,DFF_Q_MAR_REG_2_,OUT_R_REG_2_,DFF_Q_MAR_REG_2_ -> U250 -> U181 -> U200 -> U253 -> U256 -> U313 -> U258 -> U271 -> U272 -> U176 -> U276 -> U185 -> OUT_R_REG_2_,b08
14,2.2857142857142856,23,1,10,1,0,0,DFF_Q_MAR_REG_2_,OUT_R_REG_2_,DFF_Q_MAR_REG_2_ -> U250 -> U181 -> U200 -> U253 -> U256 -> U313 -> U258 -> U271 -> U272 -> U273 -> U277 -> U185 -> OUT_R_REG_2_,b08
14,2.2142857142857144,23,4,7,1,0,0,DFF_Q_MAR_REG_2_,OUT_R_REG_2_,DFF_Q_MAR_REG_2_ -> U250 -> U181 -> U200 -> U253 -> U304 -> U221 -> U220 -> U271 -> U272 -> U176 -> U276 -> U185 -> OUT_R_REG_2_,b08
14,2.2142857142857144,23,3,8,1,0,0,DFF_Q_MAR_REG_2_,OUT_R_REG_2_,DFF_Q_MAR_REG_2_ -> U250 -> U181 -> U200 -> U253 -> U304 -> U221 -> U220 -> U271 -> U272 -> U273 -> U277 -> U185 -> OUT_R_REG_2_,b08
14,2.2142857142857144,23,4,7,1,0,0,DFF_Q_MAR_REG_2_,OUT_R_REG_2_,DFF_Q_MAR_REG_2_ -> U250 -> U181 -> U200 -> U253 -> U305 -> U221 -> U220 -> U271 -> U272 -> U176 -> U276 -> U185 -> OUT_R_REG_2_,b08
14,2.2142857142857144,23,3,8,1,0,0,DFF_Q_MAR_REG_2_,OUT_R_REG_2_,DFF_Q_MAR_REG_2_ -> U250 -> U181 -> U200 -> U253 -> U305 -> U221 -> U220 -> U271 -> U272 -> U273 -> U277 -> U185 -> OUT_R_REG_2_,b08
12,2.0833333333333335,20,2,8,0,0,0,DFF_Q_MAR_REG_2_,OUT_R_REG_2_,DFF_Q_MAR_REG_2_ -> U250 -> U181 -> U200 -> U315 -> U261 -> U271 -> U272 -> U176 -> U276 -> U185 -> OUT_R_REG_2_,b08
12,2.0833333333333335,20,1,9,0,0,0,DFF_Q_MAR_REG_2_,OUT_R_REG_2_,DFF_Q_MAR_REG_2_ -> U250 -> U181 -> U200 -> U315 -> U261 -> U271 -> U272 -> U273 -> U277 -> U185 -> OUT_R_REG_2_,b08
12,2.0,20,2,8,0,0,0,DFF_Q_MAR_REG_2_,OUT_R_REG_2_,DFF_Q_MAR_REG_2_ -> U250 -> U181 -> U260 -> U316 -> U261 -> U271 -> U272 -> U176 -> U276 -> U185 -> OUT_R_REG_2_,b08
12,2.0,20,1,9,0,0,0,DFF_Q_MAR_REG_2_,OUT_R_REG_2_,DFF_Q_MAR_REG_2_ -> U250 -> U181 -> U260 -> U316 -> U261 -> U271 -> U272 -> U273 -> U277 -> U185 -> OUT_R_REG_2_,b08
14,2.0,23,2,9,1,0,0,DFF_Q_MAR_REG_2_,OUT_R_REG_2_,DFF_Q_MAR_REG_2_ -> U250 -> U199 -> U252 -> U180 -> U257 -> U314 -> U258 -> U271 -> U272 -> U176 -> U276 -> U185 -> OUT_R_REG_2_,b08
14,2.0,23,1,10,1,0,0,DFF_Q_MAR_REG_2_,OUT_R_REG_2_,DFF_Q_MAR_REG_2_ -> U250 -> U199 -> U252 -> U180 -> U257 -> U314 -> U258 -> U271 -> U272 -> U273 -> U277 -> U185 -> OUT_R_REG_2_,b08
14,2.0,23,2,9,1,0,0,DFF_Q_MAR_REG_2_,OUT_R_REG_2_,DFF_Q_MAR_REG_2_ -> U250 -> U199 -> U252 -> U180 -> U263 -> U312 -> U264 -> U271 -> U272 -> U176 -> U276 -> U185 -> OUT_R_REG_2_,b08
14,2.0,23,1,10,1,0,0,DFF_Q_MAR_REG_2_,OUT_R_REG_2_,DFF_Q_MAR_REG_2_ -> U250 -> U199 -> U252 -> U180 -> U263 -> U312 -> U264 -> U271 -> U272 -> U273 -> U277 -> U185 -> OUT_R_REG_2_,b08
14,2.0,23,4,7,1,0,0,DFF_Q_MAR_REG_2_,OUT_R_REG_2_,DFF_Q_MAR_REG_2_ -> U250 -> U199 -> U252 -> U180 -> U303 -> U221 -> U220 -> U271 -> U272 -> U176 -> U276 -> U185 -> OUT_R_REG_2_,b08
14,2.0,23,3,8,1,0,0,DFF_Q_MAR_REG_2_,OUT_R_REG_2_,DFF_Q_MAR_REG_2_ -> U250 -> U199 -> U252 -> U180 -> U303 -> U221 -> U220 -> U271 -> U272 -> U273 -> U277 -> U185 -> OUT_R_REG_2_,b08
6,2.3333333333333335,8,0,4,0,0,0,DFF_Q_MAR_REG_2_,OUT_R_REG_2_,DFF_Q_MAR_REG_2_ -> U250 -> U199 -> U276 -> U185 -> OUT_R_REG_2_,b08
12,2.25,20,2,8,0,0,0,DFF_Q_MAR_REG_2_,OUT_R_REG_2_,DFF_Q_MAR_REG_2_ -> U254 -> U182 -> U260 -> U316 -> U261 -> U271 -> U272 -> U176 -> U276 -> U185 -> OUT_R_REG_2_,b08
12,2.25,20,1,9,0,0,0,DFF_Q_MAR_REG_2_,OUT_R_REG_2_,DFF_Q_MAR_REG_2_ -> U254 -> U182 -> U260 -> U316 -> U261 -> U271 -> U272 -> U273 -> U277 -> U185 -> OUT_R_REG_2_,b08
13,2.1538461538461537,22,3,8,0,0,0,DFF_Q_MAR_REG_2_,OUT_R_REG_2_,DFF_Q_MAR_REG_2_ -> U254 -> U182 -> U268 -> U310 -> U269 -> U220 -> U271 -> U272 -> U176 -> U276 -> U185 -> OUT_R_REG_2_,b08
13,2.1538461538461537,22,2,9,0,0,0,DFF_Q_MAR_REG_2_,OUT_R_REG_2_,DFF_Q_MAR_REG_2_ -> U254 -> U182 -> U268 -> U310 -> U269 -> U220 -> U271 -> U272 -> U273 -> U277 -> U185 -> OUT_R_REG_2_,b08
12,2.25,20,4,6,0,0,0,DFF_Q_MAR_REG_2_,OUT_R_REG_2_,DFF_Q_MAR_REG_2_ -> U254 -> U182 -> U305 -> U221 -> U220 -> U271 -> U272 -> U176 -> U276 -> U185 -> OUT_R_REG_2_,b08
12,2.25,20,3,7,0,0,0,DFF_Q_MAR_REG_2_,OUT_R_REG_2_,DFF_Q_MAR_REG_2_ -> U254 -> U182 -> U305 -> U221 -> U220 -> U271 -> U272 -> U273 -> U277 -> U185 -> OUT_R_REG_2_,b08
13,2.076923076923077,21,3,7,1,0,0,DFF_Q_MAR_REG_2_,OUT_R_REG_2_,DFF_Q_MAR_REG_2_ -> U254 -> U202 -> U255 -> U304 -> U221 -> U220 -> U271 -> U272 -> U176 -> U276 -> U185 -> OUT_R_REG_2_,b08
13,2.076923076923077,21,2,8,1,0,0,DFF_Q_MAR_REG_2_,OUT_R_REG_2_,DFF_Q_MAR_REG_2_ -> U254 -> U202 -> U255 -> U304 -> U221 -> U220 -> U271 -> U272 -> U273 -> U277 -> U185 -> OUT_R_REG_2_,b08
9,2.4444444444444446,14,1,6,0,0,0,DFF_Q_MAR_REG_2_,OUT_R_REG_2_,DFF_Q_MAR_REG_2_ -> U254 -> U258 -> U271 -> U272 -> U176 -> U276 -> U185 -> OUT_R_REG_2_,b08
9,2.4444444444444446,14,0,7,0,0,0,DFF_Q_MAR_REG_2_,OUT_R_REG_2_,DFF_Q_MAR_REG_2_ -> U254 -> U258 -> U271 -> U272 -> U273 -> U277 -> U185 -> OUT_R_REG_2_,b08
11,2.1818181818181817,18,1,8,0,0,0,DFF_Q_MAR_REG_2_,OUT_R_REG_2_,DFF_Q_MAR_REG_2_ -> U254 -> U263 -> U312 -> U264 -> U271 -> U272 -> U176 -> U276 -> U185 -> OUT_R_REG_2_,b08
11,2.1818181818181817,18,0,9,0,0,0,DFF_Q_MAR_REG_2_,OUT_R_REG_2_,DFF_Q_MAR_REG_2_ -> U254 -> U263 -> U312 -> U264 -> U271 -> U272 -> U273 -> U277 -> U185 -> OUT_R_REG_2_,b08
12,2.0833333333333335,20,2,8,0,0,0,DFF_Q_MAR_REG_2_,OUT_R_REG_2_,DFF_Q_MAR_REG_2_ -> U254 -> U265 -> U308 -> U266 -> U220 -> U271 -> U272 -> U176 -> U276 -> U185 -> OUT_R_REG_2_,b08
12,2.0833333333333335,20,1,9,0,0,0,DFF_Q_MAR_REG_2_,OUT_R_REG_2_,DFF_Q_MAR_REG_2_ -> U254 -> U265 -> U308 -> U266 -> U220 -> U271 -> U272 -> U273 -> U277 -> U185 -> OUT_R_REG_2_,b08
17,2.4705882352941178,27,2,10,3,0,0,DFF_Q_MAR_REG_2_,OUT_R_REG_1_,DFF_Q_MAR_REG_2_ -> U194 -> U198 -> U200 -> U253 -> U201 -> U262 -> U265 -> U308 -> U266 -> U220 -> U271 -> U272 -> U176 -> U232 -> U184 -> OUT_R_REG_1_,b08
17,2.3529411764705883,27,2,10,3,0,0,DFF_Q_MAR_REG_2_,OUT_R_REG_1_,DFF_Q_MAR_REG_2_ -> U194 -> U198 -> U200 -> U253 -> U201 -> U262 -> U265 -> U308 -> U266 -> U220 -> U271 -> U272 -> U176 -> U279 -> U184 -> OUT_R_REG_1_,b08
17,2.3529411764705883,27,1,11,3,0,0,DFF_Q_MAR_REG_2_,OUT_R_REG_1_,DFF_Q_MAR_REG_2_ -> U194 -> U198 -> U200 -> U253 -> U201 -> U262 -> U265 -> U308 -> U266 -> U220 -> U271 -> U272 -> U273 -> U280 -> U184 -> OUT_R_REG_1_,b08
17,2.4705882352941178,27,2,10,3,0,0,DFF_Q_MAR_REG_2_,OUT_R_REG_1_,DFF_Q_MAR_REG_2_ -> U194 -> U198 -> U200 -> U253 -> U201 -> U262 -> U267 -> U309 -> U269 -> U220 -> U271 -> U272 -> U176 -> U232 -> U184 -> OUT_R_REG_1_,b08
17,2.3529411764705883,27,2,10,3,0,0,DFF_Q_MAR_REG_2_,OUT_R_REG_1_,DFF_Q_MAR_REG_2_ -> U194 -> U198 -> U200 -> U253 -> U201 -> U262 -> U267 -> U309 -> U269 -> U220 -> U271 -> U272 -> U176 -> U279 -> U184 -> OUT_R_REG_1_,b08
17,2.3529411764705883,27,1,11,3,0,0,DFF_Q_MAR_REG_2_,OUT_R_REG_1_,DFF_Q_MAR_REG_2_ -> U194 -> U198 -> U200 -> U253 -> U201 -> U262 -> U267 -> U309 -> U269 -> U220 -> U271 -> U272 -> U273 -> U280 -> U184 -> OUT_R_REG_1_,b08
14,2.7142857142857144,22,1,9,2,0,0,DFF_Q_MAR_REG_2_,OUT_R_REG_1_,DFF_Q_MAR_REG_2_ -> U194 -> U198 -> U200 -> U253 -> U201 -> U311 -> U264 -> U271 -> U272 -> U176 -> U232 -> U184 -> OUT_R_REG_1_,b08
14,2.5714285714285716,22,1,9,2,0,0,DFF_Q_MAR_REG_2_,OUT_R_REG_1_,DFF_Q_MAR_REG_2_ -> U194 -> U198 -> U200 -> U253 -> U201 -> U311 -> U264 -> U271 -> U272 -> U176 -> U279 -> U184 -> OUT_R_REG_1_,b08
14,2.5714285714285716,22,0,10,2,0,0,DFF_Q_MAR_REG_2_,OUT_R_REG_1_,DFF_Q_MAR_REG_2_ -> U194 -> U198 -> U200 -> U253 -> U201 -> U311 -> U264 -> U271 -> U272 -> U273 -> U280 -> U184 -> OUT_R_REG_1_,b08
16,2.5,25,3,8,3,0,0,DFF_Q_MAR_REG_2_,OUT_R_REG_1_,DFF_Q_MAR_REG_2_ -> U194 -> U198 -> U200 -> U253 -> U203 -> U259 -> U306 -> U221 -> U220 -> U271 -> U272 -> U176 -> U232 -> U184 -> OUT_R_REG_1_,b08
16,2.375,25,3,8,3,0,0,DFF_Q_MAR_REG_2_,OUT_R_REG_1_,DFF_Q_MAR_REG_2_ -> U194 -> U198 -> U200 -> U253 -> U203 -> U259 -> U306 -> U221 -> U220 -> U271 -> U272 -> U176 -> U279 -> U184 -> OUT_R_REG_1_,b08
16,2.375,25,2,9,3,0,0,DFF_Q_MAR_REG_2_,OUT_R_REG_1_,DFF_Q_MAR_REG_2_ -> U194 -> U198 -> U200 -> U253 -> U203 -> U259 -> U306 -> U221 -> U220 -> U271 -> U272 -> U273 -> U280 -> U184 -> OUT_R_REG_1_,b08
15,2.6,24,2,9,2,0,0,DFF_Q_MAR_REG_2_,OUT_R_REG_1_,DFF_Q_MAR_REG_2_ -> U194 -> U198 -> U200 -> U253 -> U203 -> U307 -> U266 -> U220 -> U271 -> U272 -> U176 -> U232 -> U184 -> OUT_R_REG_1_,b08
15,2.466666666666667,24,2,9,2,0,0,DFF_Q_MAR_REG_2_,OUT_R_REG_1_,DFF_Q_MAR_REG_2_ -> U194 -> U198 -> U200 -> U253 -> U203 -> U307 -> U266 -> U220 -> U271 -> U272 -> U176 -> U279 -> U184 -> OUT_R_REG_1_,b08
15,2.466666666666667,24,1,10,2,0,0,DFF_Q_MAR_REG_2_,OUT_R_REG_1_,DFF_Q_MAR_REG_2_ -> U194 -> U198 -> U200 -> U253 -> U203 -> U307 -> U266 -> U220 -> U271 -> U272 -> U273 -> U280 -> U184 -> OUT_R_REG_1_,b08
14,2.7142857142857144,22,1,9,2,0,0,DFF_Q_MAR_REG_2_,OUT_R_REG_1_,DFF_Q_MAR_REG_2_ -> U194 -> U198 -> U200 -> U253 -> U256 -> U313 -> U258 -> U271 -> U272 -> U176 -> U232 -> U184 -> OUT_R_REG_1_,b08
14,2.5714285714285716,22,1,9,2,0,0,DFF_Q_MAR_REG_2_,OUT_R_REG_1_,DFF_Q_MAR_REG_2_ -> U194 -> U198 -> U200 -> U253 -> U256 -> U313 -> U258 -> U271 -> U272 -> U176 -> U279 -> U184 -> OUT_R_REG_1_,b08
14,2.5714285714285716,22,0,10,2,0,0,DFF_Q_MAR_REG_2_,OUT_R_REG_1_,DFF_Q_MAR_REG_2_ -> U194 -> U198 -> U200 -> U253 -> U256 -> U313 -> U258 -> U271 -> U272 -> U273 -> U280 -> U184 -> OUT_R_REG_1_,b08
14,2.642857142857143,22,3,7,2,0,0,DFF_Q_MAR_REG_2_,OUT_R_REG_1_,DFF_Q_MAR_REG_2_ -> U194 -> U198 -> U200 -> U253 -> U304 -> U221 -> U220 -> U271 -> U272 -> U176 -> U232 -> U184 -> OUT_R_REG_1_,b08
14,2.5,22,3,7,2,0,0,DFF_Q_MAR_REG_2_,OUT_R_REG_1_,DFF_Q_MAR_REG_2_ -> U194 -> U198 -> U200 -> U253 -> U304 -> U221 -> U220 -> U271 -> U272 -> U176 -> U279 -> U184 -> OUT_R_REG_1_,b08
14,2.5,22,2,8,2,0,0,DFF_Q_MAR_REG_2_,OUT_R_REG_1_,DFF_Q_MAR_REG_2_ -> U194 -> U198 -> U200 -> U253 -> U304 -> U221 -> U220 -> U271 -> U272 -> U273 -> U280 -> U184 -> OUT_R_REG_1_,b08
14,2.642857142857143,22,3,7,2,0,0,DFF_Q_MAR_REG_2_,OUT_R_REG_1_,DFF_Q_MAR_REG_2_ -> U194 -> U198 -> U200 -> U253 -> U305 -> U221 -> U220 -> U271 -> U272 -> U176 -> U232 -> U184 -> OUT_R_REG_1_,b08
14,2.5,22,3,7,2,0,0,DFF_Q_MAR_REG_2_,OUT_R_REG_1_,DFF_Q_MAR_REG_2_ -> U194 -> U198 -> U200 -> U253 -> U305 -> U221 -> U220 -> U271 -> U272 -> U176 -> U279 -> U184 -> OUT_R_REG_1_,b08
14,2.5,22,2,8,2,0,0,DFF_Q_MAR_REG_2_,OUT_R_REG_1_,DFF_Q_MAR_REG_2_ -> U194 -> U198 -> U200 -> U253 -> U305 -> U221 -> U220 -> U271 -> U272 -> U273 -> U280 -> U184 -> OUT_R_REG_1_,b08
12,2.5833333333333335,19,1,8,1,0,0,DFF_Q_MAR_REG_2_,OUT_R_REG_1_,DFF_Q_MAR_REG_2_ -> U194 -> U198 -> U200 -> U315 -> U261 -> U271 -> U272 -> U176 -> U232 -> U184 -> OUT_R_REG_1_,b08
12,2.4166666666666665,19,1,8,1,0,0,DFF_Q_MAR_REG_2_,OUT_R_REG_1_,DFF_Q_MAR_REG_2_ -> U194 -> U198 -> U200 -> U315 -> U261 -> U271 -> U272 -> U176 -> U279 -> U184 -> OUT_R_REG_1_,b08
12,2.4166666666666665,19,0,9,1,0,0,DFF_Q_MAR_REG_2_,OUT_R_REG_1_,DFF_Q_MAR_REG_2_ -> U194 -> U198 -> U200 -> U315 -> U261 -> U271 -> U272 -> U273 -> U280 -> U184 -> OUT_R_REG_1_,b08
12,2.5,19,1,8,1,0,0,DFF_Q_MAR_REG_2_,OUT_R_REG_1_,DFF_Q_MAR_REG_2_ -> U194 -> U198 -> U257 -> U314 -> U258 -> U271 -> U272 -> U176 -> U232 -> U184 -> OUT_R_REG_1_,b08
12,2.3333333333333335,19,1,8,1,0,0,DFF_Q_MAR_REG_2_,OUT_R_REG_1_,DFF_Q_MAR_REG_2_ -> U194 -> U198 -> U257 -> U314 -> U258 -> U271 -> U272 -> U176 -> U279 -> U184 -> OUT_R_REG_1_,b08
12,2.3333333333333335,19,0,9,1,0,0,DFF_Q_MAR_REG_2_,OUT_R_REG_1_,DFF_Q_MAR_REG_2_ -> U194 -> U198 -> U257 -> U314 -> U258 -> U271 -> U272 -> U273 -> U280 -> U184 -> OUT_R_REG_1_,b08
13,2.3846153846153846,21,2,8,1,0,0,DFF_Q_MAR_REG_2_,OUT_R_REG_1_,DFF_Q_MAR_REG_2_ -> U194 -> U198 -> U268 -> U310 -> U269 -> U220 -> U271 -> U272 -> U176 -> U232 -> U184 -> OUT_R_REG_1_,b08
13,2.230769230769231,21,2,8,1,0,0,DFF_Q_MAR_REG_2_,OUT_R_REG_1_,DFF_Q_MAR_REG_2_ -> U194 -> U198 -> U268 -> U310 -> U269 -> U220 -> U271 -> U272 -> U176 -> U279 -> U184 -> OUT_R_REG_1_,b08
13,2.230769230769231,21,1,9,1,0,0,DFF_Q_MAR_REG_2_,OUT_R_REG_1_,DFF_Q_MAR_REG_2_ -> U194 -> U198 -> U268 -> U310 -> U269 -> U220 -> U271 -> U272 -> U273 -> U280 -> U184 -> OUT_R_REG_1_,b08
11,2.6363636363636362,17,2,6,1,0,0,DFF_Q_MAR_REG_2_,OUT_R_REG_1_,DFF_Q_MAR_REG_2_ -> U194 -> U198 -> U270 -> U220 -> U271 -> U272 -> U176 -> U232 -> U184 -> OUT_R_REG_1_,b08
11,2.4545454545454546,17,2,6,1,0,0,DFF_Q_MAR_REG_2_,OUT_R_REG_1_,DFF_Q_MAR_REG_2_ -> U194 -> U198 -> U270 -> U220 -> U271 -> U272 -> U176 -> U279 -> U184 -> OUT_R_REG_1_,b08
11,2.4545454545454546,17,1,7,1,0,0,DFF_Q_MAR_REG_2_,OUT_R_REG_1_,DFF_Q_MAR_REG_2_ -> U194 -> U198 -> U270 -> U220 -> U271 -> U272 -> U273 -> U280 -> U184 -> OUT_R_REG_1_,b08
7,2.7142857142857144,9,0,4,1,0,0,DFF_Q_MAR_REG_2_,OUT_R_REG_1_,DFF_Q_MAR_REG_2_ -> U194 -> U198 -> U278 -> U279 -> U184 -> OUT_R_REG_1_,b08
13,2.4615384615384617,21,2,8,1,0,0,DFF_Q_MAR_REG_2_,OUT_R_REG_1_,DFF_Q_MAR_REG_2_ -> U194 -> U249 -> U180 -> U257 -> U314 -> U258 -> U271 -> U272 -> U176 -> U232 -> U184 -> OUT_R_REG_1_,b08
13,2.3076923076923075,21,2,8,1,0,0,DFF_Q_MAR_REG_2_,OUT_R_REG_1_,DFF_Q_MAR_REG_2_ -> U194 -> U249 -> U180 -> U257 -> U314 -> U258 -> U271 -> U272 -> U176 -> U279 -> U184 -> OUT_R_REG_1_,b08
13,2.3076923076923075,21,1,9,1,0,0,DFF_Q_MAR_REG_2_,OUT_R_REG_1_,DFF_Q_MAR_REG_2_ -> U194 -> U249 -> U180 -> U257 -> U314 -> U258 -> U271 -> U272 -> U273 -> U280 -> U184 -> OUT_R_REG_1_,b08
13,2.4615384615384617,21,2,8,1,0,0,DFF_Q_MAR_REG_2_,OUT_R_REG_1_,DFF_Q_MAR_REG_2_ -> U194 -> U249 -> U180 -> U263 -> U312 -> U264 -> U271 -> U272 -> U176 -> U232 -> U184 -> OUT_R_REG_1_,b08
13,2.3076923076923075,21,2,8,1,0,0,DFF_Q_MAR_REG_2_,OUT_R_REG_1_,DFF_Q_MAR_REG_2_ -> U194 -> U249 -> U180 -> U263 -> U312 -> U264 -> U271 -> U272 -> U176 -> U279 -> U184 -> OUT_R_REG_1_,b08
13,2.3076923076923075,21,1,9,1,0,0,DFF_Q_MAR_REG_2_,OUT_R_REG_1_,DFF_Q_MAR_REG_2_ -> U194 -> U249 -> U180 -> U263 -> U312 -> U264 -> U271 -> U272 -> U273 -> U280 -> U184 -> OUT_R_REG_1_,b08
13,2.4615384615384617,21,4,6,1,0,0,DFF_Q_MAR_REG_2_,OUT_R_REG_1_,DFF_Q_MAR_REG_2_ -> U194 -> U249 -> U180 -> U303 -> U221 -> U220 -> U271 -> U272 -> U176 -> U232 -> U184 -> OUT_R_REG_1_,b08
13,2.3076923076923075,21,4,6,1,0,0,DFF_Q_MAR_REG_2_,OUT_R_REG_1_,DFF_Q_MAR_REG_2_ -> U194 -> U249 -> U180 -> U303 -> U221 -> U220 -> U271 -> U272 -> U176 -> U279 -> U184 -> OUT_R_REG_1_,b08
13,2.3076923076923075,21,3,7,1,0,0,DFF_Q_MAR_REG_2_,OUT_R_REG_1_,DFF_Q_MAR_REG_2_ -> U194 -> U249 -> U180 -> U303 -> U221 -> U220 -> U271 -> U272 -> U273 -> U280 -> U184 -> OUT_R_REG_1_,b08
14,2.2857142857142856,22,3,7,2,0,0,DFF_Q_MAR_REG_2_,OUT_R_REG_1_,DFF_Q_MAR_REG_2_ -> U194 -> U249 -> U203 -> U259 -> U306 -> U221 -> U220 -> U271 -> U272 -> U176 -> U232 -> U184 -> OUT_R_REG_1_,b08
14,2.142857142857143,22,3,7,2,0,0,DFF_Q_MAR_REG_2_,OUT_R_REG_1_,DFF_Q_MAR_REG_2_ -> U194 -> U249 -> U203 -> U259 -> U306 -> U221 -> U220 -> U271 -> U272 -> U176 -> U279 -> U184 -> OUT_R_REG_1_,b08
14,2.142857142857143,22,2,8,2,0,0,DFF_Q_MAR_REG_2_,OUT_R_REG_1_,DFF_Q_MAR_REG_2_ -> U194 -> U249 -> U203 -> U259 -> U306 -> U221 -> U220 -> U271 -> U272 -> U273 -> U280 -> U184 -> OUT_R_REG_1_,b08
13,2.3846153846153846,21,2,8,1,0,0,DFF_Q_MAR_REG_2_,OUT_R_REG_1_,DFF_Q_MAR_REG_2_ -> U194 -> U249 -> U203 -> U307 -> U266 -> U220 -> U271 -> U272 -> U176 -> U232 -> U184 -> OUT_R_REG_1_,b08
13,2.230769230769231,21,2,8,1,0,0,DFF_Q_MAR_REG_2_,OUT_R_REG_1_,DFF_Q_MAR_REG_2_ -> U194 -> U249 -> U203 -> U307 -> U266 -> U220 -> U271 -> U272 -> U176 -> U279 -> U184 -> OUT_R_REG_1_,b08
13,2.230769230769231,21,1,9,1,0,0,DFF_Q_MAR_REG_2_,OUT_R_REG_1_,DFF_Q_MAR_REG_2_ -> U194 -> U249 -> U203 -> U307 -> U266 -> U220 -> U271 -> U272 -> U273 -> U280 -> U184 -> OUT_R_REG_1_,b08
10,2.7,15,1,6,1,0,0,DFF_Q_MAR_REG_2_,OUT_R_REG_1_,DFF_Q_MAR_REG_2_ -> U194 -> U249 -> U261 -> U271 -> U272 -> U176 -> U232 -> U184 -> OUT_R_REG_1_,b08
10,2.5,15,1,6,1,0,0,DFF_Q_MAR_REG_2_,OUT_R_REG_1_,DFF_Q_MAR_REG_2_ -> U194 -> U249 -> U261 -> U271 -> U272 -> U176 -> U279 -> U184 -> OUT_R_REG_1_,b08
10,2.5,15,0,7,1,0,0,DFF_Q_MAR_REG_2_,OUT_R_REG_1_,DFF_Q_MAR_REG_2_ -> U194 -> U249 -> U261 -> U271 -> U272 -> U273 -> U280 -> U184 -> OUT_R_REG_1_,b08
13,2.3076923076923075,21,2,8,1,0,0,DFF_Q_MAR_REG_2_,OUT_R_REG_1_,DFF_Q_MAR_REG_2_ -> U194 -> U249 -> U267 -> U309 -> U269 -> U220 -> U271 -> U272 -> U176 -> U232 -> U184 -> OUT_R_REG_1_,b08
13,2.1538461538461537,21,2,8,1,0,0,DFF_Q_MAR_REG_2_,OUT_R_REG_1_,DFF_Q_MAR_REG_2_ -> U194 -> U249 -> U267 -> U309 -> U269 -> U220 -> U271 -> U272 -> U176 -> U279 -> U184 -> OUT_R_REG_1_,b08
13,2.1538461538461537,21,1,9,1,0,0,DFF_Q_MAR_REG_2_,OUT_R_REG_1_,DFF_Q_MAR_REG_2_ -> U194 -> U249 -> U267 -> U309 -> U269 -> U220 -> U271 -> U272 -> U273 -> U280 -> U184 -> OUT_R_REG_1_,b08
7,2.5714285714285716,9,0,4,1,0,0,DFF_Q_MAR_REG_2_,OUT_R_REG_1_,DFF_Q_MAR_REG_2_ -> U194 -> U249 -> U278 -> U279 -> U184 -> OUT_R_REG_1_,b08
14,2.357142857142857,23,3,8,1,0,0,DFF_Q_MAR_REG_2_,OUT_R_REG_1_,DFF_Q_MAR_REG_2_ -> U194 -> U251 -> U179 -> U182 -> U260 -> U316 -> U261 -> U271 -> U272 -> U176 -> U232 -> U184 -> OUT_R_REG_1_,b08
14,2.2142857142857144,23,3,8,1,0,0,DFF_Q_MAR_REG_2_,OUT_R_REG_1_,DFF_Q_MAR_REG_2_ -> U194 -> U251 -> U179 -> U182 -> U260 -> U316 -> U261 -> U271 -> U272 -> U176 -> U279 -> U184 -> OUT_R_REG_1_,b08
14,2.2142857142857144,23,2,9,1,0,0,DFF_Q_MAR_REG_2_,OUT_R_REG_1_,DFF_Q_MAR_REG_2_ -> U194 -> U251 -> U179 -> U182 -> U260 -> U316 -> U261 -> U271 -> U272 -> U273 -> U280 -> U184 -> OUT_R_REG_1_,b08
15,2.2666666666666666,25,4,8,1,0,0,DFF_Q_MAR_REG_2_,OUT_R_REG_1_,DFF_Q_MAR_REG_2_ -> U194 -> U251 -> U179 -> U182 -> U268 -> U310 -> U269 -> U220 -> U271 -> U272 -> U176 -> U232 -> U184 -> OUT_R_REG_1_,b08
15,2.1333333333333333,25,4,8,1,0,0,DFF_Q_MAR_REG_2_,OUT_R_REG_1_,DFF_Q_MAR_REG_2_ -> U194 -> U251 -> U179 -> U182 -> U268 -> U310 -> U269 -> U220 -> U271 -> U272 -> U176 -> U279 -> U184 -> OUT_R_REG_1_,b08
15,2.1333333333333333,25,3,9,1,0,0,DFF_Q_MAR_REG_2_,OUT_R_REG_1_,DFF_Q_MAR_REG_2_ -> U194 -> U251 -> U179 -> U182 -> U268 -> U310 -> U269 -> U220 -> U271 -> U272 -> U273 -> U280 -> U184 -> OUT_R_REG_1_,b08
14,2.357142857142857,23,5,6,1,0,0,DFF_Q_MAR_REG_2_,OUT_R_REG_1_,DFF_Q_MAR_REG_2_ -> U194 -> U251 -> U179 -> U182 -> U305 -> U221 -> U220 -> U271 -> U272 -> U176 -> U232 -> U184 -> OUT_R_REG_1_,b08
14,2.2142857142857144,23,5,6,1,0,0,DFF_Q_MAR_REG_2_,OUT_R_REG_1_,DFF_Q_MAR_REG_2_ -> U194 -> U251 -> U179 -> U182 -> U305 -> U221 -> U220 -> U271 -> U272 -> U176 -> U279 -> U184 -> OUT_R_REG_1_,b08
14,2.2142857142857144,23,4,7,1,0,0,DFF_Q_MAR_REG_2_,OUT_R_REG_1_,DFF_Q_MAR_REG_2_ -> U194 -> U251 -> U179 -> U182 -> U305 -> U221 -> U220 -> U271 -> U272 -> U273 -> U280 -> U184 -> OUT_R_REG_1_,b08
16,2.25,26,3,9,2,0,0,DFF_Q_MAR_REG_2_,OUT_R_REG_1_,DFF_Q_MAR_REG_2_ -> U194 -> U251 -> U179 -> U199 -> U252 -> U180 -> U257 -> U314 -> U258 -> U271 -> U272 -> U176 -> U232 -> U184 -> OUT_R_REG_1_,b08
16,2.125,26,3,9,2,0,0,DFF_Q_MAR_REG_2_,OUT_R_REG_1_,DFF_Q_MAR_REG_2_ -> U194 -> U251 -> U179 -> U199 -> U252 -> U180 -> U257 -> U314 -> U258 -> U271 -> U272 -> U176 -> U279 -> U184 -> OUT_R_REG_1_,b08
16,2.125,26,2,10,2,0,0,DFF_Q_MAR_REG_2_,OUT_R_REG_1_,DFF_Q_MAR_REG_2_ -> U194 -> U251 -> U179 -> U199 -> U252 -> U180 -> U257 -> U314 -> U258 -> U271 -> U272 -> U273 -> U280 -> U184 -> OUT_R_REG_1_,b08
16,2.25,26,3,9,2,0,0,DFF_Q_MAR_REG_2_,OUT_R_REG_1_,DFF_Q_MAR_REG_2_ -> U194 -> U251 -> U179 -> U199 -> U252 -> U180 -> U263 -> U312 -> U264 -> U271 -> U272 -> U176 -> U232 -> U184 -> OUT_R_REG_1_,b08
16,2.125,26,3,9,2,0,0,DFF_Q_MAR_REG_2_,OUT_R_REG_1_,DFF_Q_MAR_REG_2_ -> U194 -> U251 -> U179 -> U199 -> U252 -> U180 -> U263 -> U312 -> U264 -> U271 -> U272 -> U176 -> U279 -> U184 -> OUT_R_REG_1_,b08
16,2.125,26,2,10,2,0,0,DFF_Q_MAR_REG_2_,OUT_R_REG_1_,DFF_Q_MAR_REG_2_ -> U194 -> U251 -> U179 -> U199 -> U252 -> U180 -> U263 -> U312 -> U264 -> U271 -> U272 -> U273 -> U280 -> U184 -> OUT_R_REG_1_,b08
16,2.25,26,5,7,2,0,0,DFF_Q_MAR_REG_2_,OUT_R_REG_1_,DFF_Q_MAR_REG_2_ -> U194 -> U251 -> U179 -> U199 -> U252 -> U180 -> U303 -> U221 -> U220 -> U271 -> U272 -> U176 -> U232 -> U184 -> OUT_R_REG_1_,b08
16,2.125,26,5,7,2,0,0,DFF_Q_MAR_REG_2_,OUT_R_REG_1_,DFF_Q_MAR_REG_2_ -> U194 -> U251 -> U179 -> U199 -> U252 -> U180 -> U303 -> U221 -> U220 -> U271 -> U272 -> U176 -> U279 -> U184 -> OUT_R_REG_1_,b08
16,2.125,26,4,8,2,0,0,DFF_Q_MAR_REG_2_,OUT_R_REG_1_,DFF_Q_MAR_REG_2_ -> U194 -> U251 -> U179 -> U199 -> U252 -> U180 -> U303 -> U221 -> U220 -> U271 -> U272 -> U273 -> U280 -> U184 -> OUT_R_REG_1_,b08
15,2.2,24,4,7,2,0,0,DFF_Q_MAR_REG_2_,OUT_R_REG_1_,DFF_Q_MAR_REG_2_ -> U194 -> U251 -> U179 -> U203 -> U259 -> U306 -> U221 -> U220 -> U271 -> U272 -> U176 -> U232 -> U184 -> OUT_R_REG_1_,b08
15,2.066666666666667,24,4,7,2,0,0,DFF_Q_MAR_REG_2_,OUT_R_REG_1_,DFF_Q_MAR_REG_2_ -> U194 -> U251 -> U179 -> U203 -> U259 -> U306 -> U221 -> U220 -> U271 -> U272 -> U176 -> U279 -> U184 -> OUT_R_REG_1_,b08
15,2.066666666666667,24,3,8,2,0,0,DFF_Q_MAR_REG_2_,OUT_R_REG_1_,DFF_Q_MAR_REG_2_ -> U194 -> U251 -> U179 -> U203 -> U259 -> U306 -> U221 -> U220 -> U271 -> U272 -> U273 -> U280 -> U184 -> OUT_R_REG_1_,b08
14,2.2857142857142856,23,3,8,1,0,0,DFF_Q_MAR_REG_2_,OUT_R_REG_1_,DFF_Q_MAR_REG_2_ -> U194 -> U251 -> U179 -> U203 -> U307 -> U266 -> U220 -> U271 -> U272 -> U176 -> U232 -> U184 -> OUT_R_REG_1_,b08
14,2.142857142857143,23,3,8,1,0,0,DFF_Q_MAR_REG_2_,OUT_R_REG_1_,DFF_Q_MAR_REG_2_ -> U194 -> U251 -> U179 -> U203 -> U307 -> U266 -> U220 -> U271 -> U272 -> U176 -> U279 -> U184 -> OUT_R_REG_1_,b08
14,2.142857142857143,23,2,9,1,0,0,DFF_Q_MAR_REG_2_,OUT_R_REG_1_,DFF_Q_MAR_REG_2_ -> U194 -> U251 -> U179 -> U203 -> U307 -> U266 -> U220 -> U271 -> U272 -> U273 -> U280 -> U184 -> OUT_R_REG_1_,b08
12,2.4166666666666665,19,3,6,1,0,0,DFF_Q_MAR_REG_2_,OUT_R_REG_1_,DFF_Q_MAR_REG_2_ -> U194 -> U251 -> U179 -> U270 -> U220 -> U271 -> U272 -> U176 -> U232 -> U184 -> OUT_R_REG_1_,b08
12,2.25,19,3,6,1,0,0,DFF_Q_MAR_REG_2_,OUT_R_REG_1_,DFF_Q_MAR_REG_2_ -> U194 -> U251 -> U179 -> U270 -> U220 -> U271 -> U272 -> U176 -> U279 -> U184 -> OUT_R_REG_1_,b08
12,2.25,19,2,7,1,0,0,DFF_Q_MAR_REG_2_,OUT_R_REG_1_,DFF_Q_MAR_REG_2_ -> U194 -> U251 -> U179 -> U270 -> U220 -> U271 -> U272 -> U273 -> U280 -> U184 -> OUT_R_REG_1_,b08
7,2.5714285714285716,9,0,4,1,0,0,DFF_Q_MAR_REG_2_,OUT_R_REG_1_,DFF_Q_MAR_REG_2_ -> U194 -> U251 -> U202 -> U232 -> U184 -> OUT_R_REG_1_,b08
14,2.0714285714285716,22,3,7,2,0,0,DFF_Q_MAR_REG_2_,OUT_R_REG_1_,DFF_Q_MAR_REG_2_ -> U194 -> U251 -> U202 -> U255 -> U304 -> U221 -> U220 -> U271 -> U272 -> U176 -> U232 -> U184 -> OUT_R_REG_1_,b08
14,1.9285714285714286,22,3,7,2,0,0,DFF_Q_MAR_REG_2_,OUT_R_REG_1_,DFF_Q_MAR_REG_2_ -> U194 -> U251 -> U202 -> U255 -> U304 -> U221 -> U220 -> U271 -> U272 -> U176 -> U279 -> U184 -> OUT_R_REG_1_,b08
14,1.9285714285714286,22,2,8,2,0,0,DFF_Q_MAR_REG_2_,OUT_R_REG_1_,DFF_Q_MAR_REG_2_ -> U194 -> U251 -> U202 -> U255 -> U304 -> U221 -> U220 -> U271 -> U272 -> U273 -> U280 -> U184 -> OUT_R_REG_1_,b08
13,2.3846153846153846,22,3,8,0,0,0,DFF_Q_MAR_REG_2_,OUT_R_REG_1_,DFF_Q_MAR_REG_2_ -> U195 -> U179 -> U182 -> U260 -> U316 -> U261 -> U271 -> U272 -> U176 -> U232 -> U184 -> OUT_R_REG_1_,b08
13,2.230769230769231,22,3,8,0,0,0,DFF_Q_MAR_REG_2_,OUT_R_REG_1_,DFF_Q_MAR_REG_2_ -> U195 -> U179 -> U182 -> U260 -> U316 -> U261 -> U271 -> U272 -> U176 -> U279 -> U184 -> OUT_R_REG_1_,b08
13,2.230769230769231,22,2,9,0,0,0,DFF_Q_MAR_REG_2_,OUT_R_REG_1_,DFF_Q_MAR_REG_2_ -> U195 -> U179 -> U182 -> U260 -> U316 -> U261 -> U271 -> U272 -> U273 -> U280 -> U184 -> OUT_R_REG_1_,b08
14,2.2857142857142856,24,4,8,0,0,0,DFF_Q_MAR_REG_2_,OUT_R_REG_1_,DFF_Q_MAR_REG_2_ -> U195 -> U179 -> U182 -> U268 -> U310 -> U269 -> U220 -> U271 -> U272 -> U176 -> U232 -> U184 -> OUT_R_REG_1_,b08
14,2.142857142857143,24,4,8,0,0,0,DFF_Q_MAR_REG_2_,OUT_R_REG_1_,DFF_Q_MAR_REG_2_ -> U195 -> U179 -> U182 -> U268 -> U310 -> U269 -> U220 -> U271 -> U272 -> U176 -> U279 -> U184 -> OUT_R_REG_1_,b08
14,2.142857142857143,24,3,9,0,0,0,DFF_Q_MAR_REG_2_,OUT_R_REG_1_,DFF_Q_MAR_REG_2_ -> U195 -> U179 -> U182 -> U268 -> U310 -> U269 -> U220 -> U271 -> U272 -> U273 -> U280 -> U184 -> OUT_R_REG_1_,b08
13,2.3846153846153846,22,5,6,0,0,0,DFF_Q_MAR_REG_2_,OUT_R_REG_1_,DFF_Q_MAR_REG_2_ -> U195 -> U179 -> U182 -> U305 -> U221 -> U220 -> U271 -> U272 -> U176 -> U232 -> U184 -> OUT_R_REG_1_,b08
13,2.230769230769231,22,5,6,0,0,0,DFF_Q_MAR_REG_2_,OUT_R_REG_1_,DFF_Q_MAR_REG_2_ -> U195 -> U179 -> U182 -> U305 -> U221 -> U220 -> U271 -> U272 -> U176 -> U279 -> U184 -> OUT_R_REG_1_,b08
13,2.230769230769231,22,4,7,0,0,0,DFF_Q_MAR_REG_2_,OUT_R_REG_1_,DFF_Q_MAR_REG_2_ -> U195 -> U179 -> U182 -> U305 -> U221 -> U220 -> U271 -> U272 -> U273 -> U280 -> U184 -> OUT_R_REG_1_,b08
15,2.2666666666666666,25,3,9,1,0,0,DFF_Q_MAR_REG_2_,OUT_R_REG_1_,DFF_Q_MAR_REG_2_ -> U195 -> U179 -> U199 -> U252 -> U180 -> U257 -> U314 -> U258 -> U271 -> U272 -> U176 -> U232 -> U184 -> OUT_R_REG_1_,b08
15,2.1333333333333333,25,3,9,1,0,0,DFF_Q_MAR_REG_2_,OUT_R_REG_1_,DFF_Q_MAR_REG_2_ -> U195 -> U179 -> U199 -> U252 -> U180 -> U257 -> U314 -> U258 -> U271 -> U272 -> U176 -> U279 -> U184 -> OUT_R_REG_1_,b08
15,2.1333333333333333,25,2,10,1,0,0,DFF_Q_MAR_REG_2_,OUT_R_REG_1_,DFF_Q_MAR_REG_2_ -> U195 -> U179 -> U199 -> U252 -> U180 -> U257 -> U314 -> U258 -> U271 -> U272 -> U273 -> U280 -> U184 -> OUT_R_REG_1_,b08
15,2.2666666666666666,25,3,9,1,0,0,DFF_Q_MAR_REG_2_,OUT_R_REG_1_,DFF_Q_MAR_REG_2_ -> U195 -> U179 -> U199 -> U252 -> U180 -> U263 -> U312 -> U264 -> U271 -> U272 -> U176 -> U232 -> U184 -> OUT_R_REG_1_,b08
15,2.1333333333333333,25,3,9,1,0,0,DFF_Q_MAR_REG_2_,OUT_R_REG_1_,DFF_Q_MAR_REG_2_ -> U195 -> U179 -> U199 -> U252 -> U180 -> U263 -> U312 -> U264 -> U271 -> U272 -> U176 -> U279 -> U184 -> OUT_R_REG_1_,b08
15,2.1333333333333333,25,2,10,1,0,0,DFF_Q_MAR_REG_2_,OUT_R_REG_1_,DFF_Q_MAR_REG_2_ -> U195 -> U179 -> U199 -> U252 -> U180 -> U263 -> U312 -> U264 -> U271 -> U272 -> U273 -> U280 -> U184 -> OUT_R_REG_1_,b08
15,2.2666666666666666,25,5,7,1,0,0,DFF_Q_MAR_REG_2_,OUT_R_REG_1_,DFF_Q_MAR_REG_2_ -> U195 -> U179 -> U199 -> U252 -> U180 -> U303 -> U221 -> U220 -> U271 -> U272 -> U176 -> U232 -> U184 -> OUT_R_REG_1_,b08
15,2.1333333333333333,25,5,7,1,0,0,DFF_Q_MAR_REG_2_,OUT_R_REG_1_,DFF_Q_MAR_REG_2_ -> U195 -> U179 -> U199 -> U252 -> U180 -> U303 -> U221 -> U220 -> U271 -> U272 -> U176 -> U279 -> U184 -> OUT_R_REG_1_,b08
15,2.1333333333333333,25,4,8,1,0,0,DFF_Q_MAR_REG_2_,OUT_R_REG_1_,DFF_Q_MAR_REG_2_ -> U195 -> U179 -> U199 -> U252 -> U180 -> U303 -> U221 -> U220 -> U271 -> U272 -> U273 -> U280 -> U184 -> OUT_R_REG_1_,b08
14,2.2142857142857144,23,4,7,1,0,0,DFF_Q_MAR_REG_2_,OUT_R_REG_1_,DFF_Q_MAR_REG_2_ -> U195 -> U179 -> U203 -> U259 -> U306 -> U221 -> U220 -> U271 -> U272 -> U176 -> U232 -> U184 -> OUT_R_REG_1_,b08
14,2.0714285714285716,23,4,7,1,0,0,DFF_Q_MAR_REG_2_,OUT_R_REG_1_,DFF_Q_MAR_REG_2_ -> U195 -> U179 -> U203 -> U259 -> U306 -> U221 -> U220 -> U271 -> U272 -> U176 -> U279 -> U184 -> OUT_R_REG_1_,b08
14,2.0714285714285716,23,3,8,1,0,0,DFF_Q_MAR_REG_2_,OUT_R_REG_1_,DFF_Q_MAR_REG_2_ -> U195 -> U179 -> U203 -> U259 -> U306 -> U221 -> U220 -> U271 -> U272 -> U273 -> U280 -> U184 -> OUT_R_REG_1_,b08
13,2.3076923076923075,22,3,8,0,0,0,DFF_Q_MAR_REG_2_,OUT_R_REG_1_,DFF_Q_MAR_REG_2_ -> U195 -> U179 -> U203 -> U307 -> U266 -> U220 -> U271 -> U272 -> U176 -> U232 -> U184 -> OUT_R_REG_1_,b08
13,2.1538461538461537,22,3,8,0,0,0,DFF_Q_MAR_REG_2_,OUT_R_REG_1_,DFF_Q_MAR_REG_2_ -> U195 -> U179 -> U203 -> U307 -> U266 -> U220 -> U271 -> U272 -> U176 -> U279 -> U184 -> OUT_R_REG_1_,b08
13,2.1538461538461537,22,2,9,0,0,0,DFF_Q_MAR_REG_2_,OUT_R_REG_1_,DFF_Q_MAR_REG_2_ -> U195 -> U179 -> U203 -> U307 -> U266 -> U220 -> U271 -> U272 -> U273 -> U280 -> U184 -> OUT_R_REG_1_,b08
11,2.4545454545454546,18,3,6,0,0,0,DFF_Q_MAR_REG_2_,OUT_R_REG_1_,DFF_Q_MAR_REG_2_ -> U195 -> U179 -> U270 -> U220 -> U271 -> U272 -> U176 -> U232 -> U184 -> OUT_R_REG_1_,b08
11,2.272727272727273,18,3,6,0,0,0,DFF_Q_MAR_REG_2_,OUT_R_REG_1_,DFF_Q_MAR_REG_2_ -> U195 -> U179 -> U270 -> U220 -> U271 -> U272 -> U176 -> U279 -> U184 -> OUT_R_REG_1_,b08
11,2.272727272727273,18,2,7,0,0,0,DFF_Q_MAR_REG_2_,OUT_R_REG_1_,DFF_Q_MAR_REG_2_ -> U195 -> U179 -> U270 -> U220 -> U271 -> U272 -> U273 -> U280 -> U184 -> OUT_R_REG_1_,b08
14,2.0714285714285716,23,2,9,1,0,0,DFF_Q_MAR_REG_2_,OUT_R_REG_1_,DFF_Q_MAR_REG_2_ -> U195 -> U201 -> U262 -> U265 -> U308 -> U266 -> U220 -> U271 -> U272 -> U176 -> U232 -> U184 -> OUT_R_REG_1_,b08
14,1.9285714285714286,23,2,9,1,0,0,DFF_Q_MAR_REG_2_,OUT_R_REG_1_,DFF_Q_MAR_REG_2_ -> U195 -> U201 -> U262 -> U265 -> U308 -> U266 -> U220 -> U271 -> U272 -> U176 -> U279 -> U184 -> OUT_R_REG_1_,b08
14,1.9285714285714286,23,1,10,1,0,0,DFF_Q_MAR_REG_2_,OUT_R_REG_1_,DFF_Q_MAR_REG_2_ -> U195 -> U201 -> U262 -> U265 -> U308 -> U266 -> U220 -> U271 -> U272 -> U273 -> U280 -> U184 -> OUT_R_REG_1_,b08
14,2.0714285714285716,23,2,9,1,0,0,DFF_Q_MAR_REG_2_,OUT_R_REG_1_,DFF_Q_MAR_REG_2_ -> U195 -> U201 -> U262 -> U267 -> U309 -> U269 -> U220 -> U271 -> U272 -> U176 -> U232 -> U184 -> OUT_R_REG_1_,b08
14,1.9285714285714286,23,2,9,1,0,0,DFF_Q_MAR_REG_2_,OUT_R_REG_1_,DFF_Q_MAR_REG_2_ -> U195 -> U201 -> U262 -> U267 -> U309 -> U269 -> U220 -> U271 -> U272 -> U176 -> U279 -> U184 -> OUT_R_REG_1_,b08
14,1.9285714285714286,23,1,10,1,0,0,DFF_Q_MAR_REG_2_,OUT_R_REG_1_,DFF_Q_MAR_REG_2_ -> U195 -> U201 -> U262 -> U267 -> U309 -> U269 -> U220 -> U271 -> U272 -> U273 -> U280 -> U184 -> OUT_R_REG_1_,b08
11,2.272727272727273,18,1,8,0,0,0,DFF_Q_MAR_REG_2_,OUT_R_REG_1_,DFF_Q_MAR_REG_2_ -> U195 -> U201 -> U311 -> U264 -> U271 -> U272 -> U176 -> U232 -> U184 -> OUT_R_REG_1_,b08
11,2.090909090909091,18,1,8,0,0,0,DFF_Q_MAR_REG_2_,OUT_R_REG_1_,DFF_Q_MAR_REG_2_ -> U195 -> U201 -> U311 -> U264 -> U271 -> U272 -> U176 -> U279 -> U184 -> OUT_R_REG_1_,b08
11,2.090909090909091,18,0,9,0,0,0,DFF_Q_MAR_REG_2_,OUT_R_REG_1_,DFF_Q_MAR_REG_2_ -> U195 -> U201 -> U311 -> U264 -> U271 -> U272 -> U273 -> U280 -> U184 -> OUT_R_REG_1_,b08
11,2.727272727272727,18,1,7,0,1,0,DFF_Q_MAR_REG_2_,OUT_R_REG_1_,DFF_Q_MAR_REG_2_ -> U247 -> U256 -> U313 -> U258 -> U271 -> U272 -> U176 -> U232 -> U184 -> OUT_R_REG_1_,b08
11,2.5454545454545454,18,1,7,0,1,0,DFF_Q_MAR_REG_2_,OUT_R_REG_1_,DFF_Q_MAR_REG_2_ -> U247 -> U256 -> U313 -> U258 -> U271 -> U272 -> U176 -> U279 -> U184 -> OUT_R_REG_1_,b08
11,2.5454545454545454,18,0,8,0,1,0,DFF_Q_MAR_REG_2_,OUT_R_REG_1_,DFF_Q_MAR_REG_2_ -> U247 -> U256 -> U313 -> U258 -> U271 -> U272 -> U273 -> U280 -> U184 -> OUT_R_REG_1_,b08
9,3.0,14,1,5,0,1,0,DFF_Q_MAR_REG_2_,OUT_R_REG_1_,DFF_Q_MAR_REG_2_ -> U247 -> U261 -> U271 -> U272 -> U176 -> U232 -> U184 -> OUT_R_REG_1_,b08
9,2.7777777777777777,14,1,5,0,1,0,DFF_Q_MAR_REG_2_,OUT_R_REG_1_,DFF_Q_MAR_REG_2_ -> U247 -> U261 -> U271 -> U272 -> U176 -> U279 -> U184 -> OUT_R_REG_1_,b08
9,2.7777777777777777,14,0,6,0,1,0,DFF_Q_MAR_REG_2_,OUT_R_REG_1_,DFF_Q_MAR_REG_2_ -> U247 -> U261 -> U271 -> U272 -> U273 -> U280 -> U184 -> OUT_R_REG_1_,b08
9,3.0,14,1,5,0,1,0,DFF_Q_MAR_REG_2_,OUT_R_REG_1_,DFF_Q_MAR_REG_2_ -> U247 -> U264 -> U271 -> U272 -> U176 -> U232 -> U184 -> OUT_R_REG_1_,b08
9,2.7777777777777777,14,1,5,0,1,0,DFF_Q_MAR_REG_2_,OUT_R_REG_1_,DFF_Q_MAR_REG_2_ -> U247 -> U264 -> U271 -> U272 -> U176 -> U279 -> U184 -> OUT_R_REG_1_,b08
9,2.7777777777777777,14,0,6,0,1,0,DFF_Q_MAR_REG_2_,OUT_R_REG_1_,DFF_Q_MAR_REG_2_ -> U247 -> U264 -> U271 -> U272 -> U273 -> U280 -> U184 -> OUT_R_REG_1_,b08
10,2.8,16,2,5,0,1,0,DFF_Q_MAR_REG_2_,OUT_R_REG_1_,DFF_Q_MAR_REG_2_ -> U247 -> U266 -> U220 -> U271 -> U272 -> U176 -> U232 -> U184 -> OUT_R_REG_1_,b08
10,2.6,16,2,5,0,1,0,DFF_Q_MAR_REG_2_,OUT_R_REG_1_,DFF_Q_MAR_REG_2_ -> U247 -> U266 -> U220 -> U271 -> U272 -> U176 -> U279 -> U184 -> OUT_R_REG_1_,b08
10,2.6,16,1,6,0,1,0,DFF_Q_MAR_REG_2_,OUT_R_REG_1_,DFF_Q_MAR_REG_2_ -> U247 -> U266 -> U220 -> U271 -> U272 -> U273 -> U280 -> U184 -> OUT_R_REG_1_,b08
10,2.8,16,2,5,0,1,0,DFF_Q_MAR_REG_2_,OUT_R_REG_1_,DFF_Q_MAR_REG_2_ -> U247 -> U269 -> U220 -> U271 -> U272 -> U176 -> U232 -> U184 -> OUT_R_REG_1_,b08
10,2.6,16,2,5,0,1,0,DFF_Q_MAR_REG_2_,OUT_R_REG_1_,DFF_Q_MAR_REG_2_ -> U247 -> U269 -> U220 -> U271 -> U272 -> U176 -> U279 -> U184 -> OUT_R_REG_1_,b08
10,2.6,16,1,6,0,1,0,DFF_Q_MAR_REG_2_,OUT_R_REG_1_,DFF_Q_MAR_REG_2_ -> U247 -> U269 -> U220 -> U271 -> U272 -> U273 -> U280 -> U184 -> OUT_R_REG_1_,b08
6,3.0,8,0,3,0,1,0,DFF_Q_MAR_REG_2_,OUT_R_REG_1_,DFF_Q_MAR_REG_2_ -> U247 -> U278 -> U279 -> U184 -> OUT_R_REG_1_,b08
11,2.6363636363636362,18,3,5,0,1,0,DFF_Q_MAR_REG_2_,OUT_R_REG_1_,DFF_Q_MAR_REG_2_ -> U247 -> U303 -> U221 -> U220 -> U271 -> U272 -> U176 -> U232 -> U184 -> OUT_R_REG_1_,b08
11,2.4545454545454546,18,3,5,0,1,0,DFF_Q_MAR_REG_2_,OUT_R_REG_1_,DFF_Q_MAR_REG_2_ -> U247 -> U303 -> U221 -> U220 -> U271 -> U272 -> U176 -> U279 -> U184 -> OUT_R_REG_1_,b08
11,2.4545454545454546,18,2,6,0,1,0,DFF_Q_MAR_REG_2_,OUT_R_REG_1_,DFF_Q_MAR_REG_2_ -> U247 -> U303 -> U221 -> U220 -> U271 -> U272 -> U273 -> U280 -> U184 -> OUT_R_REG_1_,b08
11,2.6363636363636362,18,3,5,0,1,0,DFF_Q_MAR_REG_2_,OUT_R_REG_1_,DFF_Q_MAR_REG_2_ -> U247 -> U306 -> U221 -> U220 -> U271 -> U272 -> U176 -> U232 -> U184 -> OUT_R_REG_1_,b08
11,2.4545454545454546,18,3,5,0,1,0,DFF_Q_MAR_REG_2_,OUT_R_REG_1_,DFF_Q_MAR_REG_2_ -> U247 -> U306 -> U221 -> U220 -> U271 -> U272 -> U176 -> U279 -> U184 -> OUT_R_REG_1_,b08
11,2.4545454545454546,18,2,6,0,1,0,DFF_Q_MAR_REG_2_,OUT_R_REG_1_,DFF_Q_MAR_REG_2_ -> U247 -> U306 -> U221 -> U220 -> U271 -> U272 -> U273 -> U280 -> U184 -> OUT_R_REG_1_,b08
17,2.235294117647059,28,3,10,2,0,0,DFF_Q_MAR_REG_2_,OUT_R_REG_1_,DFF_Q_MAR_REG_2_ -> U248 -> U181 -> U200 -> U253 -> U201 -> U262 -> U265 -> U308 -> U266 -> U220 -> U271 -> U272 -> U176 -> U232 -> U184 -> OUT_R_REG_1_,b08
17,2.1176470588235294,28,3,10,2,0,0,DFF_Q_MAR_REG_2_,OUT_R_REG_1_,DFF_Q_MAR_REG_2_ -> U248 -> U181 -> U200 -> U253 -> U201 -> U262 -> U265 -> U308 -> U266 -> U220 -> U271 -> U272 -> U176 -> U279 -> U184 -> OUT_R_REG_1_,b08
17,2.1176470588235294,28,2,11,2,0,0,DFF_Q_MAR_REG_2_,OUT_R_REG_1_,DFF_Q_MAR_REG_2_ -> U248 -> U181 -> U200 -> U253 -> U201 -> U262 -> U265 -> U308 -> U266 -> U220 -> U271 -> U272 -> U273 -> U280 -> U184 -> OUT_R_REG_1_,b08
17,2.235294117647059,28,3,10,2,0,0,DFF_Q_MAR_REG_2_,OUT_R_REG_1_,DFF_Q_MAR_REG_2_ -> U248 -> U181 -> U200 -> U253 -> U201 -> U262 -> U267 -> U309 -> U269 -> U220 -> U271 -> U272 -> U176 -> U232 -> U184 -> OUT_R_REG_1_,b08
17,2.1176470588235294,28,3,10,2,0,0,DFF_Q_MAR_REG_2_,OUT_R_REG_1_,DFF_Q_MAR_REG_2_ -> U248 -> U181 -> U200 -> U253 -> U201 -> U262 -> U267 -> U309 -> U269 -> U220 -> U271 -> U272 -> U176 -> U279 -> U184 -> OUT_R_REG_1_,b08
17,2.1176470588235294,28,2,11,2,0,0,DFF_Q_MAR_REG_2_,OUT_R_REG_1_,DFF_Q_MAR_REG_2_ -> U248 -> U181 -> U200 -> U253 -> U201 -> U262 -> U267 -> U309 -> U269 -> U220 -> U271 -> U272 -> U273 -> U280 -> U184 -> OUT_R_REG_1_,b08
14,2.4285714285714284,23,2,9,1,0,0,DFF_Q_MAR_REG_2_,OUT_R_REG_1_,DFF_Q_MAR_REG_2_ -> U248 -> U181 -> U200 -> U253 -> U201 -> U311 -> U264 -> U271 -> U272 -> U176 -> U232 -> U184 -> OUT_R_REG_1_,b08
14,2.2857142857142856,23,2,9,1,0,0,DFF_Q_MAR_REG_2_,OUT_R_REG_1_,DFF_Q_MAR_REG_2_ -> U248 -> U181 -> U200 -> U253 -> U201 -> U311 -> U264 -> U271 -> U272 -> U176 -> U279 -> U184 -> OUT_R_REG_1_,b08
14,2.2857142857142856,23,1,10,1,0,0,DFF_Q_MAR_REG_2_,OUT_R_REG_1_,DFF_Q_MAR_REG_2_ -> U248 -> U181 -> U200 -> U253 -> U201 -> U311 -> U264 -> U271 -> U272 -> U273 -> U280 -> U184 -> OUT_R_REG_1_,b08
16,2.25,26,4,8,2,0,0,DFF_Q_MAR_REG_2_,OUT_R_REG_1_,DFF_Q_MAR_REG_2_ -> U248 -> U181 -> U200 -> U253 -> U203 -> U259 -> U306 -> U221 -> U220 -> U271 -> U272 -> U176 -> U232 -> U184 -> OUT_R_REG_1_,b08
16,2.125,26,4,8,2,0,0,DFF_Q_MAR_REG_2_,OUT_R_REG_1_,DFF_Q_MAR_REG_2_ -> U248 -> U181 -> U200 -> U253 -> U203 -> U259 -> U306 -> U221 -> U220 -> U271 -> U272 -> U176 -> U279 -> U184 -> OUT_R_REG_1_,b08
16,2.125,26,3,9,2,0,0,DFF_Q_MAR_REG_2_,OUT_R_REG_1_,DFF_Q_MAR_REG_2_ -> U248 -> U181 -> U200 -> U253 -> U203 -> U259 -> U306 -> U221 -> U220 -> U271 -> U272 -> U273 -> U280 -> U184 -> OUT_R_REG_1_,b08
15,2.3333333333333335,25,3,9,1,0,0,DFF_Q_MAR_REG_2_,OUT_R_REG_1_,DFF_Q_MAR_REG_2_ -> U248 -> U181 -> U200 -> U253 -> U203 -> U307 -> U266 -> U220 -> U271 -> U272 -> U176 -> U232 -> U184 -> OUT_R_REG_1_,b08
15,2.2,25,3,9,1,0,0,DFF_Q_MAR_REG_2_,OUT_R_REG_1_,DFF_Q_MAR_REG_2_ -> U248 -> U181 -> U200 -> U253 -> U203 -> U307 -> U266 -> U220 -> U271 -> U272 -> U176 -> U279 -> U184 -> OUT_R_REG_1_,b08
15,2.2,25,2,10,1,0,0,DFF_Q_MAR_REG_2_,OUT_R_REG_1_,DFF_Q_MAR_REG_2_ -> U248 -> U181 -> U200 -> U253 -> U203 -> U307 -> U266 -> U220 -> U271 -> U272 -> U273 -> U280 -> U184 -> OUT_R_REG_1_,b08
14,2.4285714285714284,23,2,9,1,0,0,DFF_Q_MAR_REG_2_,OUT_R_REG_1_,DFF_Q_MAR_REG_2_ -> U248 -> U181 -> U200 -> U253 -> U256 -> U313 -> U258 -> U271 -> U272 -> U176 -> U232 -> U184 -> OUT_R_REG_1_,b08
14,2.2857142857142856,23,2,9,1,0,0,DFF_Q_MAR_REG_2_,OUT_R_REG_1_,DFF_Q_MAR_REG_2_ -> U248 -> U181 -> U200 -> U253 -> U256 -> U313 -> U258 -> U271 -> U272 -> U176 -> U279 -> U184 -> OUT_R_REG_1_,b08
14,2.2857142857142856,23,1,10,1,0,0,DFF_Q_MAR_REG_2_,OUT_R_REG_1_,DFF_Q_MAR_REG_2_ -> U248 -> U181 -> U200 -> U253 -> U256 -> U313 -> U258 -> U271 -> U272 -> U273 -> U280 -> U184 -> OUT_R_REG_1_,b08
14,2.357142857142857,23,4,7,1,0,0,DFF_Q_MAR_REG_2_,OUT_R_REG_1_,DFF_Q_MAR_REG_2_ -> U248 -> U181 -> U200 -> U253 -> U304 -> U221 -> U220 -> U271 -> U272 -> U176 -> U232 -> U184 -> OUT_R_REG_1_,b08
14,2.2142857142857144,23,4,7,1,0,0,DFF_Q_MAR_REG_2_,OUT_R_REG_1_,DFF_Q_MAR_REG_2_ -> U248 -> U181 -> U200 -> U253 -> U304 -> U221 -> U220 -> U271 -> U272 -> U176 -> U279 -> U184 -> OUT_R_REG_1_,b08
14,2.2142857142857144,23,3,8,1,0,0,DFF_Q_MAR_REG_2_,OUT_R_REG_1_,DFF_Q_MAR_REG_2_ -> U248 -> U181 -> U200 -> U253 -> U304 -> U221 -> U220 -> U271 -> U272 -> U273 -> U280 -> U184 -> OUT_R_REG_1_,b08
14,2.357142857142857,23,4,7,1,0,0,DFF_Q_MAR_REG_2_,OUT_R_REG_1_,DFF_Q_MAR_REG_2_ -> U248 -> U181 -> U200 -> U253 -> U305 -> U221 -> U220 -> U271 -> U272 -> U176 -> U232 -> U184 -> OUT_R_REG_1_,b08
14,2.2142857142857144,23,4,7,1,0,0,DFF_Q_MAR_REG_2_,OUT_R_REG_1_,DFF_Q_MAR_REG_2_ -> U248 -> U181 -> U200 -> U253 -> U305 -> U221 -> U220 -> U271 -> U272 -> U176 -> U279 -> U184 -> OUT_R_REG_1_,b08
14,2.2142857142857144,23,3,8,1,0,0,DFF_Q_MAR_REG_2_,OUT_R_REG_1_,DFF_Q_MAR_REG_2_ -> U248 -> U181 -> U200 -> U253 -> U305 -> U221 -> U220 -> U271 -> U272 -> U273 -> U280 -> U184 -> OUT_R_REG_1_,b08
12,2.25,20,2,8,0,0,0,DFF_Q_MAR_REG_2_,OUT_R_REG_1_,DFF_Q_MAR_REG_2_ -> U248 -> U181 -> U200 -> U315 -> U261 -> U271 -> U272 -> U176 -> U232 -> U184 -> OUT_R_REG_1_,b08
12,2.0833333333333335,20,2,8,0,0,0,DFF_Q_MAR_REG_2_,OUT_R_REG_1_,DFF_Q_MAR_REG_2_ -> U248 -> U181 -> U200 -> U315 -> U261 -> U271 -> U272 -> U176 -> U279 -> U184 -> OUT_R_REG_1_,b08
12,2.0833333333333335,20,1,9,0,0,0,DFF_Q_MAR_REG_2_,OUT_R_REG_1_,DFF_Q_MAR_REG_2_ -> U248 -> U181 -> U200 -> U315 -> U261 -> U271 -> U272 -> U273 -> U280 -> U184 -> OUT_R_REG_1_,b08
12,2.1666666666666665,20,2,8,0,0,0,DFF_Q_MAR_REG_2_,OUT_R_REG_1_,DFF_Q_MAR_REG_2_ -> U248 -> U181 -> U260 -> U316 -> U261 -> U271 -> U272 -> U176 -> U232 -> U184 -> OUT_R_REG_1_,b08
12,2.0,20,2,8,0,0,0,DFF_Q_MAR_REG_2_,OUT_R_REG_1_,DFF_Q_MAR_REG_2_ -> U248 -> U181 -> U260 -> U316 -> U261 -> U271 -> U272 -> U176 -> U279 -> U184 -> OUT_R_REG_1_,b08
12,2.0,20,1,9,0,0,0,DFF_Q_MAR_REG_2_,OUT_R_REG_1_,DFF_Q_MAR_REG_2_ -> U248 -> U181 -> U260 -> U316 -> U261 -> U271 -> U272 -> U273 -> U280 -> U184 -> OUT_R_REG_1_,b08
10,2.3,16,2,6,0,0,0,DFF_Q_MAR_REG_2_,OUT_R_REG_1_,DFF_Q_MAR_REG_2_ -> U248 -> U270 -> U220 -> U271 -> U272 -> U176 -> U232 -> U184 -> OUT_R_REG_1_,b08
10,2.1,16,2,6,0,0,0,DFF_Q_MAR_REG_2_,OUT_R_REG_1_,DFF_Q_MAR_REG_2_ -> U248 -> U270 -> U220 -> U271 -> U272 -> U176 -> U279 -> U184 -> OUT_R_REG_1_,b08
10,2.1,16,1,7,0,0,0,DFF_Q_MAR_REG_2_,OUT_R_REG_1_,DFF_Q_MAR_REG_2_ -> U248 -> U270 -> U220 -> U271 -> U272 -> U273 -> U280 -> U184 -> OUT_R_REG_1_,b08
11,2.1818181818181817,18,3,6,0,0,0,DFF_Q_MAR_REG_2_,OUT_R_REG_1_,DFF_Q_MAR_REG_2_ -> U248 -> U303 -> U221 -> U220 -> U271 -> U272 -> U176 -> U232 -> U184 -> OUT_R_REG_1_,b08
11,2.0,18,3,6,0,0,0,DFF_Q_MAR_REG_2_,OUT_R_REG_1_,DFF_Q_MAR_REG_2_ -> U248 -> U303 -> U221 -> U220 -> U271 -> U272 -> U176 -> U279 -> U184 -> OUT_R_REG_1_,b08
11,2.0,18,2,7,0,0,0,DFF_Q_MAR_REG_2_,OUT_R_REG_1_,DFF_Q_MAR_REG_2_ -> U248 -> U303 -> U221 -> U220 -> U271 -> U272 -> U273 -> U280 -> U184 -> OUT_R_REG_1_,b08
17,2.235294117647059,28,3,10,2,0,0,DFF_Q_MAR_REG_2_,OUT_R_REG_1_,DFF_Q_MAR_REG_2_ -> U250 -> U181 -> U200 -> U253 -> U201 -> U262 -> U265 -> U308 -> U266 -> U220 -> U271 -> U272 -> U176 -> U232 -> U184 -> OUT_R_REG_1_,b08
17,2.1176470588235294,28,3,10,2,0,0,DFF_Q_MAR_REG_2_,OUT_R_REG_1_,DFF_Q_MAR_REG_2_ -> U250 -> U181 -> U200 -> U253 -> U201 -> U262 -> U265 -> U308 -> U266 -> U220 -> U271 -> U272 -> U176 -> U279 -> U184 -> OUT_R_REG_1_,b08
17,2.1176470588235294,28,2,11,2,0,0,DFF_Q_MAR_REG_2_,OUT_R_REG_1_,DFF_Q_MAR_REG_2_ -> U250 -> U181 -> U200 -> U253 -> U201 -> U262 -> U265 -> U308 -> U266 -> U220 -> U271 -> U272 -> U273 -> U280 -> U184 -> OUT_R_REG_1_,b08
17,2.235294117647059,28,3,10,2,0,0,DFF_Q_MAR_REG_2_,OUT_R_REG_1_,DFF_Q_MAR_REG_2_ -> U250 -> U181 -> U200 -> U253 -> U201 -> U262 -> U267 -> U309 -> U269 -> U220 -> U271 -> U272 -> U176 -> U232 -> U184 -> OUT_R_REG_1_,b08
17,2.1176470588235294,28,3,10,2,0,0,DFF_Q_MAR_REG_2_,OUT_R_REG_1_,DFF_Q_MAR_REG_2_ -> U250 -> U181 -> U200 -> U253 -> U201 -> U262 -> U267 -> U309 -> U269 -> U220 -> U271 -> U272 -> U176 -> U279 -> U184 -> OUT_R_REG_1_,b08
17,2.1176470588235294,28,2,11,2,0,0,DFF_Q_MAR_REG_2_,OUT_R_REG_1_,DFF_Q_MAR_REG_2_ -> U250 -> U181 -> U200 -> U253 -> U201 -> U262 -> U267 -> U309 -> U269 -> U220 -> U271 -> U272 -> U273 -> U280 -> U184 -> OUT_R_REG_1_,b08
14,2.4285714285714284,23,2,9,1,0,0,DFF_Q_MAR_REG_2_,OUT_R_REG_1_,DFF_Q_MAR_REG_2_ -> U250 -> U181 -> U200 -> U253 -> U201 -> U311 -> U264 -> U271 -> U272 -> U176 -> U232 -> U184 -> OUT_R_REG_1_,b08
14,2.2857142857142856,23,2,9,1,0,0,DFF_Q_MAR_REG_2_,OUT_R_REG_1_,DFF_Q_MAR_REG_2_ -> U250 -> U181 -> U200 -> U253 -> U201 -> U311 -> U264 -> U271 -> U272 -> U176 -> U279 -> U184 -> OUT_R_REG_1_,b08
14,2.2857142857142856,23,1,10,1,0,0,DFF_Q_MAR_REG_2_,OUT_R_REG_1_,DFF_Q_MAR_REG_2_ -> U250 -> U181 -> U200 -> U253 -> U201 -> U311 -> U264 -> U271 -> U272 -> U273 -> U280 -> U184 -> OUT_R_REG_1_,b08
16,2.25,26,4,8,2,0,0,DFF_Q_MAR_REG_2_,OUT_R_REG_1_,DFF_Q_MAR_REG_2_ -> U250 -> U181 -> U200 -> U253 -> U203 -> U259 -> U306 -> U221 -> U220 -> U271 -> U272 -> U176 -> U232 -> U184 -> OUT_R_REG_1_,b08
16,2.125,26,4,8,2,0,0,DFF_Q_MAR_REG_2_,OUT_R_REG_1_,DFF_Q_MAR_REG_2_ -> U250 -> U181 -> U200 -> U253 -> U203 -> U259 -> U306 -> U221 -> U220 -> U271 -> U272 -> U176 -> U279 -> U184 -> OUT_R_REG_1_,b08
16,2.125,26,3,9,2,0,0,DFF_Q_MAR_REG_2_,OUT_R_REG_1_,DFF_Q_MAR_REG_2_ -> U250 -> U181 -> U200 -> U253 -> U203 -> U259 -> U306 -> U221 -> U220 -> U271 -> U272 -> U273 -> U280 -> U184 -> OUT_R_REG_1_,b08
15,2.3333333333333335,25,3,9,1,0,0,DFF_Q_MAR_REG_2_,OUT_R_REG_1_,DFF_Q_MAR_REG_2_ -> U250 -> U181 -> U200 -> U253 -> U203 -> U307 -> U266 -> U220 -> U271 -> U272 -> U176 -> U232 -> U184 -> OUT_R_REG_1_,b08
15,2.2,25,3,9,1,0,0,DFF_Q_MAR_REG_2_,OUT_R_REG_1_,DFF_Q_MAR_REG_2_ -> U250 -> U181 -> U200 -> U253 -> U203 -> U307 -> U266 -> U220 -> U271 -> U272 -> U176 -> U279 -> U184 -> OUT_R_REG_1_,b08
15,2.2,25,2,10,1,0,0,DFF_Q_MAR_REG_2_,OUT_R_REG_1_,DFF_Q_MAR_REG_2_ -> U250 -> U181 -> U200 -> U253 -> U203 -> U307 -> U266 -> U220 -> U271 -> U272 -> U273 -> U280 -> U184 -> OUT_R_REG_1_,b08
14,2.4285714285714284,23,2,9,1,0,0,DFF_Q_MAR_REG_2_,OUT_R_REG_1_,DFF_Q_MAR_REG_2_ -> U250 -> U181 -> U200 -> U253 -> U256 -> U313 -> U258 -> U271 -> U272 -> U176 -> U232 -> U184 -> OUT_R_REG_1_,b08
14,2.2857142857142856,23,2,9,1,0,0,DFF_Q_MAR_REG_2_,OUT_R_REG_1_,DFF_Q_MAR_REG_2_ -> U250 -> U181 -> U200 -> U253 -> U256 -> U313 -> U258 -> U271 -> U272 -> U176 -> U279 -> U184 -> OUT_R_REG_1_,b08
14,2.2857142857142856,23,1,10,1,0,0,DFF_Q_MAR_REG_2_,OUT_R_REG_1_,DFF_Q_MAR_REG_2_ -> U250 -> U181 -> U200 -> U253 -> U256 -> U313 -> U258 -> U271 -> U272 -> U273 -> U280 -> U184 -> OUT_R_REG_1_,b08
14,2.357142857142857,23,4,7,1,0,0,DFF_Q_MAR_REG_2_,OUT_R_REG_1_,DFF_Q_MAR_REG_2_ -> U250 -> U181 -> U200 -> U253 -> U304 -> U221 -> U220 -> U271 -> U272 -> U176 -> U232 -> U184 -> OUT_R_REG_1_,b08
14,2.2142857142857144,23,4,7,1,0,0,DFF_Q_MAR_REG_2_,OUT_R_REG_1_,DFF_Q_MAR_REG_2_ -> U250 -> U181 -> U200 -> U253 -> U304 -> U221 -> U220 -> U271 -> U272 -> U176 -> U279 -> U184 -> OUT_R_REG_1_,b08
14,2.2142857142857144,23,3,8,1,0,0,DFF_Q_MAR_REG_2_,OUT_R_REG_1_,DFF_Q_MAR_REG_2_ -> U250 -> U181 -> U200 -> U253 -> U304 -> U221 -> U220 -> U271 -> U272 -> U273 -> U280 -> U184 -> OUT_R_REG_1_,b08
14,2.357142857142857,23,4,7,1,0,0,DFF_Q_MAR_REG_2_,OUT_R_REG_1_,DFF_Q_MAR_REG_2_ -> U250 -> U181 -> U200 -> U253 -> U305 -> U221 -> U220 -> U271 -> U272 -> U176 -> U232 -> U184 -> OUT_R_REG_1_,b08
14,2.2142857142857144,23,4,7,1,0,0,DFF_Q_MAR_REG_2_,OUT_R_REG_1_,DFF_Q_MAR_REG_2_ -> U250 -> U181 -> U200 -> U253 -> U305 -> U221 -> U220 -> U271 -> U272 -> U176 -> U279 -> U184 -> OUT_R_REG_1_,b08
14,2.2142857142857144,23,3,8,1,0,0,DFF_Q_MAR_REG_2_,OUT_R_REG_1_,DFF_Q_MAR_REG_2_ -> U250 -> U181 -> U200 -> U253 -> U305 -> U221 -> U220 -> U271 -> U272 -> U273 -> U280 -> U184 -> OUT_R_REG_1_,b08
12,2.25,20,2,8,0,0,0,DFF_Q_MAR_REG_2_,OUT_R_REG_1_,DFF_Q_MAR_REG_2_ -> U250 -> U181 -> U200 -> U315 -> U261 -> U271 -> U272 -> U176 -> U232 -> U184 -> OUT_R_REG_1_,b08
12,2.0833333333333335,20,2,8,0,0,0,DFF_Q_MAR_REG_2_,OUT_R_REG_1_,DFF_Q_MAR_REG_2_ -> U250 -> U181 -> U200 -> U315 -> U261 -> U271 -> U272 -> U176 -> U279 -> U184 -> OUT_R_REG_1_,b08
12,2.0833333333333335,20,1,9,0,0,0,DFF_Q_MAR_REG_2_,OUT_R_REG_1_,DFF_Q_MAR_REG_2_ -> U250 -> U181 -> U200 -> U315 -> U261 -> U271 -> U272 -> U273 -> U280 -> U184 -> OUT_R_REG_1_,b08
12,2.1666666666666665,20,2,8,0,0,0,DFF_Q_MAR_REG_2_,OUT_R_REG_1_,DFF_Q_MAR_REG_2_ -> U250 -> U181 -> U260 -> U316 -> U261 -> U271 -> U272 -> U176 -> U232 -> U184 -> OUT_R_REG_1_,b08
12,2.0,20,2,8,0,0,0,DFF_Q_MAR_REG_2_,OUT_R_REG_1_,DFF_Q_MAR_REG_2_ -> U250 -> U181 -> U260 -> U316 -> U261 -> U271 -> U272 -> U176 -> U279 -> U184 -> OUT_R_REG_1_,b08
12,2.0,20,1,9,0,0,0,DFF_Q_MAR_REG_2_,OUT_R_REG_1_,DFF_Q_MAR_REG_2_ -> U250 -> U181 -> U260 -> U316 -> U261 -> U271 -> U272 -> U273 -> U280 -> U184 -> OUT_R_REG_1_,b08
14,2.142857142857143,23,2,9,1,0,0,DFF_Q_MAR_REG_2_,OUT_R_REG_1_,DFF_Q_MAR_REG_2_ -> U250 -> U199 -> U252 -> U180 -> U257 -> U314 -> U258 -> U271 -> U272 -> U176 -> U232 -> U184 -> OUT_R_REG_1_,b08
14,2.0,23,2,9,1,0,0,DFF_Q_MAR_REG_2_,OUT_R_REG_1_,DFF_Q_MAR_REG_2_ -> U250 -> U199 -> U252 -> U180 -> U257 -> U314 -> U258 -> U271 -> U272 -> U176 -> U279 -> U184 -> OUT_R_REG_1_,b08
14,2.0,23,1,10,1,0,0,DFF_Q_MAR_REG_2_,OUT_R_REG_1_,DFF_Q_MAR_REG_2_ -> U250 -> U199 -> U252 -> U180 -> U257 -> U314 -> U258 -> U271 -> U272 -> U273 -> U280 -> U184 -> OUT_R_REG_1_,b08
14,2.142857142857143,23,2,9,1,0,0,DFF_Q_MAR_REG_2_,OUT_R_REG_1_,DFF_Q_MAR_REG_2_ -> U250 -> U199 -> U252 -> U180 -> U263 -> U312 -> U264 -> U271 -> U272 -> U176 -> U232 -> U184 -> OUT_R_REG_1_,b08
14,2.0,23,2,9,1,0,0,DFF_Q_MAR_REG_2_,OUT_R_REG_1_,DFF_Q_MAR_REG_2_ -> U250 -> U199 -> U252 -> U180 -> U263 -> U312 -> U264 -> U271 -> U272 -> U176 -> U279 -> U184 -> OUT_R_REG_1_,b08
14,2.0,23,1,10,1,0,0,DFF_Q_MAR_REG_2_,OUT_R_REG_1_,DFF_Q_MAR_REG_2_ -> U250 -> U199 -> U252 -> U180 -> U263 -> U312 -> U264 -> U271 -> U272 -> U273 -> U280 -> U184 -> OUT_R_REG_1_,b08
14,2.142857142857143,23,4,7,1,0,0,DFF_Q_MAR_REG_2_,OUT_R_REG_1_,DFF_Q_MAR_REG_2_ -> U250 -> U199 -> U252 -> U180 -> U303 -> U221 -> U220 -> U271 -> U272 -> U176 -> U232 -> U184 -> OUT_R_REG_1_,b08
14,2.0,23,4,7,1,0,0,DFF_Q_MAR_REG_2_,OUT_R_REG_1_,DFF_Q_MAR_REG_2_ -> U250 -> U199 -> U252 -> U180 -> U303 -> U221 -> U220 -> U271 -> U272 -> U176 -> U279 -> U184 -> OUT_R_REG_1_,b08
14,2.0,23,3,8,1,0,0,DFF_Q_MAR_REG_2_,OUT_R_REG_1_,DFF_Q_MAR_REG_2_ -> U250 -> U199 -> U252 -> U180 -> U303 -> U221 -> U220 -> U271 -> U272 -> U273 -> U280 -> U184 -> OUT_R_REG_1_,b08
6,2.1666666666666665,8,0,4,0,0,0,DFF_Q_MAR_REG_2_,OUT_R_REG_1_,DFF_Q_MAR_REG_2_ -> U250 -> U278 -> U279 -> U184 -> OUT_R_REG_1_,b08
12,2.4166666666666665,20,2,8,0,0,0,DFF_Q_MAR_REG_2_,OUT_R_REG_1_,DFF_Q_MAR_REG_2_ -> U254 -> U182 -> U260 -> U316 -> U261 -> U271 -> U272 -> U176 -> U232 -> U184 -> OUT_R_REG_1_,b08
12,2.25,20,2,8,0,0,0,DFF_Q_MAR_REG_2_,OUT_R_REG_1_,DFF_Q_MAR_REG_2_ -> U254 -> U182 -> U260 -> U316 -> U261 -> U271 -> U272 -> U176 -> U279 -> U184 -> OUT_R_REG_1_,b08
12,2.25,20,1,9,0,0,0,DFF_Q_MAR_REG_2_,OUT_R_REG_1_,DFF_Q_MAR_REG_2_ -> U254 -> U182 -> U260 -> U316 -> U261 -> U271 -> U272 -> U273 -> U280 -> U184 -> OUT_R_REG_1_,b08
13,2.3076923076923075,22,3,8,0,0,0,DFF_Q_MAR_REG_2_,OUT_R_REG_1_,DFF_Q_MAR_REG_2_ -> U254 -> U182 -> U268 -> U310 -> U269 -> U220 -> U271 -> U272 -> U176 -> U232 -> U184 -> OUT_R_REG_1_,b08
13,2.1538461538461537,22,3,8,0,0,0,DFF_Q_MAR_REG_2_,OUT_R_REG_1_,DFF_Q_MAR_REG_2_ -> U254 -> U182 -> U268 -> U310 -> U269 -> U220 -> U271 -> U272 -> U176 -> U279 -> U184 -> OUT_R_REG_1_,b08
13,2.1538461538461537,22,2,9,0,0,0,DFF_Q_MAR_REG_2_,OUT_R_REG_1_,DFF_Q_MAR_REG_2_ -> U254 -> U182 -> U268 -> U310 -> U269 -> U220 -> U271 -> U272 -> U273 -> U280 -> U184 -> OUT_R_REG_1_,b08
12,2.4166666666666665,20,4,6,0,0,0,DFF_Q_MAR_REG_2_,OUT_R_REG_1_,DFF_Q_MAR_REG_2_ -> U254 -> U182 -> U305 -> U221 -> U220 -> U271 -> U272 -> U176 -> U232 -> U184 -> OUT_R_REG_1_,b08
12,2.25,20,4,6,0,0,0,DFF_Q_MAR_REG_2_,OUT_R_REG_1_,DFF_Q_MAR_REG_2_ -> U254 -> U182 -> U305 -> U221 -> U220 -> U271 -> U272 -> U176 -> U279 -> U184 -> OUT_R_REG_1_,b08
12,2.25,20,3,7,0,0,0,DFF_Q_MAR_REG_2_,OUT_R_REG_1_,DFF_Q_MAR_REG_2_ -> U254 -> U182 -> U305 -> U221 -> U220 -> U271 -> U272 -> U273 -> U280 -> U184 -> OUT_R_REG_1_,b08
6,3.0,8,0,4,0,0,0,DFF_Q_MAR_REG_2_,OUT_R_REG_1_,DFF_Q_MAR_REG_2_ -> U254 -> U202 -> U232 -> U184 -> OUT_R_REG_1_,b08
13,2.230769230769231,21,3,7,1,0,0,DFF_Q_MAR_REG_2_,OUT_R_REG_1_,DFF_Q_MAR_REG_2_ -> U254 -> U202 -> U255 -> U304 -> U221 -> U220 -> U271 -> U272 -> U176 -> U232 -> U184 -> OUT_R_REG_1_,b08
13,2.076923076923077,21,3,7,1,0,0,DFF_Q_MAR_REG_2_,OUT_R_REG_1_,DFF_Q_MAR_REG_2_ -> U254 -> U202 -> U255 -> U304 -> U221 -> U220 -> U271 -> U272 -> U176 -> U279 -> U184 -> OUT_R_REG_1_,b08
13,2.076923076923077,21,2,8,1,0,0,DFF_Q_MAR_REG_2_,OUT_R_REG_1_,DFF_Q_MAR_REG_2_ -> U254 -> U202 -> U255 -> U304 -> U221 -> U220 -> U271 -> U272 -> U273 -> U280 -> U184 -> OUT_R_REG_1_,b08
9,2.6666666666666665,14,1,6,0,0,0,DFF_Q_MAR_REG_2_,OUT_R_REG_1_,DFF_Q_MAR_REG_2_ -> U254 -> U258 -> U271 -> U272 -> U176 -> U232 -> U184 -> OUT_R_REG_1_,b08
9,2.4444444444444446,14,1,6,0,0,0,DFF_Q_MAR_REG_2_,OUT_R_REG_1_,DFF_Q_MAR_REG_2_ -> U254 -> U258 -> U271 -> U272 -> U176 -> U279 -> U184 -> OUT_R_REG_1_,b08
9,2.4444444444444446,14,0,7,0,0,0,DFF_Q_MAR_REG_2_,OUT_R_REG_1_,DFF_Q_MAR_REG_2_ -> U254 -> U258 -> U271 -> U272 -> U273 -> U280 -> U184 -> OUT_R_REG_1_,b08
11,2.3636363636363638,18,1,8,0,0,0,DFF_Q_MAR_REG_2_,OUT_R_REG_1_,DFF_Q_MAR_REG_2_ -> U254 -> U263 -> U312 -> U264 -> U271 -> U272 -> U176 -> U232 -> U184 -> OUT_R_REG_1_,b08
11,2.1818181818181817,18,1,8,0,0,0,DFF_Q_MAR_REG_2_,OUT_R_REG_1_,DFF_Q_MAR_REG_2_ -> U254 -> U263 -> U312 -> U264 -> U271 -> U272 -> U176 -> U279 -> U184 -> OUT_R_REG_1_,b08
11,2.1818181818181817,18,0,9,0,0,0,DFF_Q_MAR_REG_2_,OUT_R_REG_1_,DFF_Q_MAR_REG_2_ -> U254 -> U263 -> U312 -> U264 -> U271 -> U272 -> U273 -> U280 -> U184 -> OUT_R_REG_1_,b08
12,2.25,20,2,8,0,0,0,DFF_Q_MAR_REG_2_,OUT_R_REG_1_,DFF_Q_MAR_REG_2_ -> U254 -> U265 -> U308 -> U266 -> U220 -> U271 -> U272 -> U176 -> U232 -> U184 -> OUT_R_REG_1_,b08
12,2.0833333333333335,20,2,8,0,0,0,DFF_Q_MAR_REG_2_,OUT_R_REG_1_,DFF_Q_MAR_REG_2_ -> U254 -> U265 -> U308 -> U266 -> U220 -> U271 -> U272 -> U176 -> U279 -> U184 -> OUT_R_REG_1_,b08
12,2.0833333333333335,20,1,9,0,0,0,DFF_Q_MAR_REG_2_,OUT_R_REG_1_,DFF_Q_MAR_REG_2_ -> U254 -> U265 -> U308 -> U266 -> U220 -> U271 -> U272 -> U273 -> U280 -> U184 -> OUT_R_REG_1_,b08
17,2.4705882352941178,27,2,10,3,0,0,DFF_Q_MAR_REG_2_,OUT_R_REG_0_,DFF_Q_MAR_REG_2_ -> U194 -> U198 -> U200 -> U253 -> U201 -> U262 -> U265 -> U308 -> U266 -> U220 -> U271 -> U272 -> U176 -> U232 -> U183 -> OUT_R_REG_0_,b08
17,2.3529411764705883,27,1,11,3,0,0,DFF_Q_MAR_REG_2_,OUT_R_REG_0_,DFF_Q_MAR_REG_2_ -> U194 -> U198 -> U200 -> U253 -> U201 -> U262 -> U265 -> U308 -> U266 -> U220 -> U271 -> U272 -> U273 -> U281 -> U183 -> OUT_R_REG_0_,b08
17,2.4705882352941178,27,2,10,3,0,0,DFF_Q_MAR_REG_2_,OUT_R_REG_0_,DFF_Q_MAR_REG_2_ -> U194 -> U198 -> U200 -> U253 -> U201 -> U262 -> U267 -> U309 -> U269 -> U220 -> U271 -> U272 -> U176 -> U232 -> U183 -> OUT_R_REG_0_,b08
17,2.3529411764705883,27,1,11,3,0,0,DFF_Q_MAR_REG_2_,OUT_R_REG_0_,DFF_Q_MAR_REG_2_ -> U194 -> U198 -> U200 -> U253 -> U201 -> U262 -> U267 -> U309 -> U269 -> U220 -> U271 -> U272 -> U273 -> U281 -> U183 -> OUT_R_REG_0_,b08
14,2.7142857142857144,22,1,9,2,0,0,DFF_Q_MAR_REG_2_,OUT_R_REG_0_,DFF_Q_MAR_REG_2_ -> U194 -> U198 -> U200 -> U253 -> U201 -> U311 -> U264 -> U271 -> U272 -> U176 -> U232 -> U183 -> OUT_R_REG_0_,b08
14,2.5714285714285716,22,0,10,2,0,0,DFF_Q_MAR_REG_2_,OUT_R_REG_0_,DFF_Q_MAR_REG_2_ -> U194 -> U198 -> U200 -> U253 -> U201 -> U311 -> U264 -> U271 -> U272 -> U273 -> U281 -> U183 -> OUT_R_REG_0_,b08
16,2.5,25,3,8,3,0,0,DFF_Q_MAR_REG_2_,OUT_R_REG_0_,DFF_Q_MAR_REG_2_ -> U194 -> U198 -> U200 -> U253 -> U203 -> U259 -> U306 -> U221 -> U220 -> U271 -> U272 -> U176 -> U232 -> U183 -> OUT_R_REG_0_,b08
16,2.375,25,2,9,3,0,0,DFF_Q_MAR_REG_2_,OUT_R_REG_0_,DFF_Q_MAR_REG_2_ -> U194 -> U198 -> U200 -> U253 -> U203 -> U259 -> U306 -> U221 -> U220 -> U271 -> U272 -> U273 -> U281 -> U183 -> OUT_R_REG_0_,b08
15,2.6,24,2,9,2,0,0,DFF_Q_MAR_REG_2_,OUT_R_REG_0_,DFF_Q_MAR_REG_2_ -> U194 -> U198 -> U200 -> U253 -> U203 -> U307 -> U266 -> U220 -> U271 -> U272 -> U176 -> U232 -> U183 -> OUT_R_REG_0_,b08
15,2.466666666666667,24,1,10,2,0,0,DFF_Q_MAR_REG_2_,OUT_R_REG_0_,DFF_Q_MAR_REG_2_ -> U194 -> U198 -> U200 -> U253 -> U203 -> U307 -> U266 -> U220 -> U271 -> U272 -> U273 -> U281 -> U183 -> OUT_R_REG_0_,b08
14,2.7142857142857144,22,1,9,2,0,0,DFF_Q_MAR_REG_2_,OUT_R_REG_0_,DFF_Q_MAR_REG_2_ -> U194 -> U198 -> U200 -> U253 -> U256 -> U313 -> U258 -> U271 -> U272 -> U176 -> U232 -> U183 -> OUT_R_REG_0_,b08
14,2.5714285714285716,22,0,10,2,0,0,DFF_Q_MAR_REG_2_,OUT_R_REG_0_,DFF_Q_MAR_REG_2_ -> U194 -> U198 -> U200 -> U253 -> U256 -> U313 -> U258 -> U271 -> U272 -> U273 -> U281 -> U183 -> OUT_R_REG_0_,b08
14,2.642857142857143,22,3,7,2,0,0,DFF_Q_MAR_REG_2_,OUT_R_REG_0_,DFF_Q_MAR_REG_2_ -> U194 -> U198 -> U200 -> U253 -> U304 -> U221 -> U220 -> U271 -> U272 -> U176 -> U232 -> U183 -> OUT_R_REG_0_,b08
14,2.5,22,2,8,2,0,0,DFF_Q_MAR_REG_2_,OUT_R_REG_0_,DFF_Q_MAR_REG_2_ -> U194 -> U198 -> U200 -> U253 -> U304 -> U221 -> U220 -> U271 -> U272 -> U273 -> U281 -> U183 -> OUT_R_REG_0_,b08
14,2.642857142857143,22,3,7,2,0,0,DFF_Q_MAR_REG_2_,OUT_R_REG_0_,DFF_Q_MAR_REG_2_ -> U194 -> U198 -> U200 -> U253 -> U305 -> U221 -> U220 -> U271 -> U272 -> U176 -> U232 -> U183 -> OUT_R_REG_0_,b08
14,2.5,22,2,8,2,0,0,DFF_Q_MAR_REG_2_,OUT_R_REG_0_,DFF_Q_MAR_REG_2_ -> U194 -> U198 -> U200 -> U253 -> U305 -> U221 -> U220 -> U271 -> U272 -> U273 -> U281 -> U183 -> OUT_R_REG_0_,b08
12,2.5833333333333335,19,1,8,1,0,0,DFF_Q_MAR_REG_2_,OUT_R_REG_0_,DFF_Q_MAR_REG_2_ -> U194 -> U198 -> U200 -> U315 -> U261 -> U271 -> U272 -> U176 -> U232 -> U183 -> OUT_R_REG_0_,b08
12,2.4166666666666665,19,0,9,1,0,0,DFF_Q_MAR_REG_2_,OUT_R_REG_0_,DFF_Q_MAR_REG_2_ -> U194 -> U198 -> U200 -> U315 -> U261 -> U271 -> U272 -> U273 -> U281 -> U183 -> OUT_R_REG_0_,b08
12,2.5,19,1,8,1,0,0,DFF_Q_MAR_REG_2_,OUT_R_REG_0_,DFF_Q_MAR_REG_2_ -> U194 -> U198 -> U257 -> U314 -> U258 -> U271 -> U272 -> U176 -> U232 -> U183 -> OUT_R_REG_0_,b08
12,2.3333333333333335,19,0,9,1,0,0,DFF_Q_MAR_REG_2_,OUT_R_REG_0_,DFF_Q_MAR_REG_2_ -> U194 -> U198 -> U257 -> U314 -> U258 -> U271 -> U272 -> U273 -> U281 -> U183 -> OUT_R_REG_0_,b08
13,2.3846153846153846,21,2,8,1,0,0,DFF_Q_MAR_REG_2_,OUT_R_REG_0_,DFF_Q_MAR_REG_2_ -> U194 -> U198 -> U268 -> U310 -> U269 -> U220 -> U271 -> U272 -> U176 -> U232 -> U183 -> OUT_R_REG_0_,b08
13,2.230769230769231,21,1,9,1,0,0,DFF_Q_MAR_REG_2_,OUT_R_REG_0_,DFF_Q_MAR_REG_2_ -> U194 -> U198 -> U268 -> U310 -> U269 -> U220 -> U271 -> U272 -> U273 -> U281 -> U183 -> OUT_R_REG_0_,b08
11,2.6363636363636362,17,2,6,1,0,0,DFF_Q_MAR_REG_2_,OUT_R_REG_0_,DFF_Q_MAR_REG_2_ -> U194 -> U198 -> U270 -> U220 -> U271 -> U272 -> U176 -> U232 -> U183 -> OUT_R_REG_0_,b08
11,2.4545454545454546,17,1,7,1,0,0,DFF_Q_MAR_REG_2_,OUT_R_REG_0_,DFF_Q_MAR_REG_2_ -> U194 -> U198 -> U270 -> U220 -> U271 -> U272 -> U273 -> U281 -> U183 -> OUT_R_REG_0_,b08
13,2.4615384615384617,21,2,8,1,0,0,DFF_Q_MAR_REG_2_,OUT_R_REG_0_,DFF_Q_MAR_REG_2_ -> U194 -> U249 -> U180 -> U257 -> U314 -> U258 -> U271 -> U272 -> U176 -> U232 -> U183 -> OUT_R_REG_0_,b08
13,2.3076923076923075,21,1,9,1,0,0,DFF_Q_MAR_REG_2_,OUT_R_REG_0_,DFF_Q_MAR_REG_2_ -> U194 -> U249 -> U180 -> U257 -> U314 -> U258 -> U271 -> U272 -> U273 -> U281 -> U183 -> OUT_R_REG_0_,b08
13,2.4615384615384617,21,2,8,1,0,0,DFF_Q_MAR_REG_2_,OUT_R_REG_0_,DFF_Q_MAR_REG_2_ -> U194 -> U249 -> U180 -> U263 -> U312 -> U264 -> U271 -> U272 -> U176 -> U232 -> U183 -> OUT_R_REG_0_,b08
13,2.3076923076923075,21,1,9,1,0,0,DFF_Q_MAR_REG_2_,OUT_R_REG_0_,DFF_Q_MAR_REG_2_ -> U194 -> U249 -> U180 -> U263 -> U312 -> U264 -> U271 -> U272 -> U273 -> U281 -> U183 -> OUT_R_REG_0_,b08
13,2.4615384615384617,21,4,6,1,0,0,DFF_Q_MAR_REG_2_,OUT_R_REG_0_,DFF_Q_MAR_REG_2_ -> U194 -> U249 -> U180 -> U303 -> U221 -> U220 -> U271 -> U272 -> U176 -> U232 -> U183 -> OUT_R_REG_0_,b08
13,2.3076923076923075,21,3,7,1,0,0,DFF_Q_MAR_REG_2_,OUT_R_REG_0_,DFF_Q_MAR_REG_2_ -> U194 -> U249 -> U180 -> U303 -> U221 -> U220 -> U271 -> U272 -> U273 -> U281 -> U183 -> OUT_R_REG_0_,b08
14,2.2857142857142856,22,3,7,2,0,0,DFF_Q_MAR_REG_2_,OUT_R_REG_0_,DFF_Q_MAR_REG_2_ -> U194 -> U249 -> U203 -> U259 -> U306 -> U221 -> U220 -> U271 -> U272 -> U176 -> U232 -> U183 -> OUT_R_REG_0_,b08
14,2.142857142857143,22,2,8,2,0,0,DFF_Q_MAR_REG_2_,OUT_R_REG_0_,DFF_Q_MAR_REG_2_ -> U194 -> U249 -> U203 -> U259 -> U306 -> U221 -> U220 -> U271 -> U272 -> U273 -> U281 -> U183 -> OUT_R_REG_0_,b08
13,2.3846153846153846,21,2,8,1,0,0,DFF_Q_MAR_REG_2_,OUT_R_REG_0_,DFF_Q_MAR_REG_2_ -> U194 -> U249 -> U203 -> U307 -> U266 -> U220 -> U271 -> U272 -> U176 -> U232 -> U183 -> OUT_R_REG_0_,b08
13,2.230769230769231,21,1,9,1,0,0,DFF_Q_MAR_REG_2_,OUT_R_REG_0_,DFF_Q_MAR_REG_2_ -> U194 -> U249 -> U203 -> U307 -> U266 -> U220 -> U271 -> U272 -> U273 -> U281 -> U183 -> OUT_R_REG_0_,b08
10,2.7,15,1,6,1,0,0,DFF_Q_MAR_REG_2_,OUT_R_REG_0_,DFF_Q_MAR_REG_2_ -> U194 -> U249 -> U261 -> U271 -> U272 -> U176 -> U232 -> U183 -> OUT_R_REG_0_,b08
10,2.5,15,0,7,1,0,0,DFF_Q_MAR_REG_2_,OUT_R_REG_0_,DFF_Q_MAR_REG_2_ -> U194 -> U249 -> U261 -> U271 -> U272 -> U273 -> U281 -> U183 -> OUT_R_REG_0_,b08
13,2.3076923076923075,21,2,8,1,0,0,DFF_Q_MAR_REG_2_,OUT_R_REG_0_,DFF_Q_MAR_REG_2_ -> U194 -> U249 -> U267 -> U309 -> U269 -> U220 -> U271 -> U272 -> U176 -> U232 -> U183 -> OUT_R_REG_0_,b08
13,2.1538461538461537,21,1,9,1,0,0,DFF_Q_MAR_REG_2_,OUT_R_REG_0_,DFF_Q_MAR_REG_2_ -> U194 -> U249 -> U267 -> U309 -> U269 -> U220 -> U271 -> U272 -> U273 -> U281 -> U183 -> OUT_R_REG_0_,b08
14,2.357142857142857,23,3,8,1,0,0,DFF_Q_MAR_REG_2_,OUT_R_REG_0_,DFF_Q_MAR_REG_2_ -> U194 -> U251 -> U179 -> U182 -> U260 -> U316 -> U261 -> U271 -> U272 -> U176 -> U232 -> U183 -> OUT_R_REG_0_,b08
14,2.2142857142857144,23,2,9,1,0,0,DFF_Q_MAR_REG_2_,OUT_R_REG_0_,DFF_Q_MAR_REG_2_ -> U194 -> U251 -> U179 -> U182 -> U260 -> U316 -> U261 -> U271 -> U272 -> U273 -> U281 -> U183 -> OUT_R_REG_0_,b08
15,2.2666666666666666,25,4,8,1,0,0,DFF_Q_MAR_REG_2_,OUT_R_REG_0_,DFF_Q_MAR_REG_2_ -> U194 -> U251 -> U179 -> U182 -> U268 -> U310 -> U269 -> U220 -> U271 -> U272 -> U176 -> U232 -> U183 -> OUT_R_REG_0_,b08
15,2.1333333333333333,25,3,9,1,0,0,DFF_Q_MAR_REG_2_,OUT_R_REG_0_,DFF_Q_MAR_REG_2_ -> U194 -> U251 -> U179 -> U182 -> U268 -> U310 -> U269 -> U220 -> U271 -> U272 -> U273 -> U281 -> U183 -> OUT_R_REG_0_,b08
14,2.357142857142857,23,5,6,1,0,0,DFF_Q_MAR_REG_2_,OUT_R_REG_0_,DFF_Q_MAR_REG_2_ -> U194 -> U251 -> U179 -> U182 -> U305 -> U221 -> U220 -> U271 -> U272 -> U176 -> U232 -> U183 -> OUT_R_REG_0_,b08
14,2.2142857142857144,23,4,7,1,0,0,DFF_Q_MAR_REG_2_,OUT_R_REG_0_,DFF_Q_MAR_REG_2_ -> U194 -> U251 -> U179 -> U182 -> U305 -> U221 -> U220 -> U271 -> U272 -> U273 -> U281 -> U183 -> OUT_R_REG_0_,b08
16,2.25,26,3,9,2,0,0,DFF_Q_MAR_REG_2_,OUT_R_REG_0_,DFF_Q_MAR_REG_2_ -> U194 -> U251 -> U179 -> U199 -> U252 -> U180 -> U257 -> U314 -> U258 -> U271 -> U272 -> U176 -> U232 -> U183 -> OUT_R_REG_0_,b08
16,2.125,26,2,10,2,0,0,DFF_Q_MAR_REG_2_,OUT_R_REG_0_,DFF_Q_MAR_REG_2_ -> U194 -> U251 -> U179 -> U199 -> U252 -> U180 -> U257 -> U314 -> U258 -> U271 -> U272 -> U273 -> U281 -> U183 -> OUT_R_REG_0_,b08
16,2.25,26,3,9,2,0,0,DFF_Q_MAR_REG_2_,OUT_R_REG_0_,DFF_Q_MAR_REG_2_ -> U194 -> U251 -> U179 -> U199 -> U252 -> U180 -> U263 -> U312 -> U264 -> U271 -> U272 -> U176 -> U232 -> U183 -> OUT_R_REG_0_,b08
16,2.125,26,2,10,2,0,0,DFF_Q_MAR_REG_2_,OUT_R_REG_0_,DFF_Q_MAR_REG_2_ -> U194 -> U251 -> U179 -> U199 -> U252 -> U180 -> U263 -> U312 -> U264 -> U271 -> U272 -> U273 -> U281 -> U183 -> OUT_R_REG_0_,b08
16,2.25,26,5,7,2,0,0,DFF_Q_MAR_REG_2_,OUT_R_REG_0_,DFF_Q_MAR_REG_2_ -> U194 -> U251 -> U179 -> U199 -> U252 -> U180 -> U303 -> U221 -> U220 -> U271 -> U272 -> U176 -> U232 -> U183 -> OUT_R_REG_0_,b08
16,2.125,26,4,8,2,0,0,DFF_Q_MAR_REG_2_,OUT_R_REG_0_,DFF_Q_MAR_REG_2_ -> U194 -> U251 -> U179 -> U199 -> U252 -> U180 -> U303 -> U221 -> U220 -> U271 -> U272 -> U273 -> U281 -> U183 -> OUT_R_REG_0_,b08
15,2.2,24,4,7,2,0,0,DFF_Q_MAR_REG_2_,OUT_R_REG_0_,DFF_Q_MAR_REG_2_ -> U194 -> U251 -> U179 -> U203 -> U259 -> U306 -> U221 -> U220 -> U271 -> U272 -> U176 -> U232 -> U183 -> OUT_R_REG_0_,b08
15,2.066666666666667,24,3,8,2,0,0,DFF_Q_MAR_REG_2_,OUT_R_REG_0_,DFF_Q_MAR_REG_2_ -> U194 -> U251 -> U179 -> U203 -> U259 -> U306 -> U221 -> U220 -> U271 -> U272 -> U273 -> U281 -> U183 -> OUT_R_REG_0_,b08
14,2.2857142857142856,23,3,8,1,0,0,DFF_Q_MAR_REG_2_,OUT_R_REG_0_,DFF_Q_MAR_REG_2_ -> U194 -> U251 -> U179 -> U203 -> U307 -> U266 -> U220 -> U271 -> U272 -> U176 -> U232 -> U183 -> OUT_R_REG_0_,b08
14,2.142857142857143,23,2,9,1,0,0,DFF_Q_MAR_REG_2_,OUT_R_REG_0_,DFF_Q_MAR_REG_2_ -> U194 -> U251 -> U179 -> U203 -> U307 -> U266 -> U220 -> U271 -> U272 -> U273 -> U281 -> U183 -> OUT_R_REG_0_,b08
12,2.4166666666666665,19,3,6,1,0,0,DFF_Q_MAR_REG_2_,OUT_R_REG_0_,DFF_Q_MAR_REG_2_ -> U194 -> U251 -> U179 -> U270 -> U220 -> U271 -> U272 -> U176 -> U232 -> U183 -> OUT_R_REG_0_,b08
12,2.25,19,2,7,1,0,0,DFF_Q_MAR_REG_2_,OUT_R_REG_0_,DFF_Q_MAR_REG_2_ -> U194 -> U251 -> U179 -> U270 -> U220 -> U271 -> U272 -> U273 -> U281 -> U183 -> OUT_R_REG_0_,b08
7,2.5714285714285716,9,0,4,1,0,0,DFF_Q_MAR_REG_2_,OUT_R_REG_0_,DFF_Q_MAR_REG_2_ -> U194 -> U251 -> U202 -> U232 -> U183 -> OUT_R_REG_0_,b08
14,2.0714285714285716,22,3,7,2,0,0,DFF_Q_MAR_REG_2_,OUT_R_REG_0_,DFF_Q_MAR_REG_2_ -> U194 -> U251 -> U202 -> U255 -> U304 -> U221 -> U220 -> U271 -> U272 -> U176 -> U232 -> U183 -> OUT_R_REG_0_,b08
14,1.9285714285714286,22,2,8,2,0,0,DFF_Q_MAR_REG_2_,OUT_R_REG_0_,DFF_Q_MAR_REG_2_ -> U194 -> U251 -> U202 -> U255 -> U304 -> U221 -> U220 -> U271 -> U272 -> U273 -> U281 -> U183 -> OUT_R_REG_0_,b08
13,2.3846153846153846,22,3,8,0,0,0,DFF_Q_MAR_REG_2_,OUT_R_REG_0_,DFF_Q_MAR_REG_2_ -> U195 -> U179 -> U182 -> U260 -> U316 -> U261 -> U271 -> U272 -> U176 -> U232 -> U183 -> OUT_R_REG_0_,b08
13,2.230769230769231,22,2,9,0,0,0,DFF_Q_MAR_REG_2_,OUT_R_REG_0_,DFF_Q_MAR_REG_2_ -> U195 -> U179 -> U182 -> U260 -> U316 -> U261 -> U271 -> U272 -> U273 -> U281 -> U183 -> OUT_R_REG_0_,b08
14,2.2857142857142856,24,4,8,0,0,0,DFF_Q_MAR_REG_2_,OUT_R_REG_0_,DFF_Q_MAR_REG_2_ -> U195 -> U179 -> U182 -> U268 -> U310 -> U269 -> U220 -> U271 -> U272 -> U176 -> U232 -> U183 -> OUT_R_REG_0_,b08
14,2.142857142857143,24,3,9,0,0,0,DFF_Q_MAR_REG_2_,OUT_R_REG_0_,DFF_Q_MAR_REG_2_ -> U195 -> U179 -> U182 -> U268 -> U310 -> U269 -> U220 -> U271 -> U272 -> U273 -> U281 -> U183 -> OUT_R_REG_0_,b08
13,2.3846153846153846,22,5,6,0,0,0,DFF_Q_MAR_REG_2_,OUT_R_REG_0_,DFF_Q_MAR_REG_2_ -> U195 -> U179 -> U182 -> U305 -> U221 -> U220 -> U271 -> U272 -> U176 -> U232 -> U183 -> OUT_R_REG_0_,b08
13,2.230769230769231,22,4,7,0,0,0,DFF_Q_MAR_REG_2_,OUT_R_REG_0_,DFF_Q_MAR_REG_2_ -> U195 -> U179 -> U182 -> U305 -> U221 -> U220 -> U271 -> U272 -> U273 -> U281 -> U183 -> OUT_R_REG_0_,b08
15,2.2666666666666666,25,3,9,1,0,0,DFF_Q_MAR_REG_2_,OUT_R_REG_0_,DFF_Q_MAR_REG_2_ -> U195 -> U179 -> U199 -> U252 -> U180 -> U257 -> U314 -> U258 -> U271 -> U272 -> U176 -> U232 -> U183 -> OUT_R_REG_0_,b08
15,2.1333333333333333,25,2,10,1,0,0,DFF_Q_MAR_REG_2_,OUT_R_REG_0_,DFF_Q_MAR_REG_2_ -> U195 -> U179 -> U199 -> U252 -> U180 -> U257 -> U314 -> U258 -> U271 -> U272 -> U273 -> U281 -> U183 -> OUT_R_REG_0_,b08
15,2.2666666666666666,25,3,9,1,0,0,DFF_Q_MAR_REG_2_,OUT_R_REG_0_,DFF_Q_MAR_REG_2_ -> U195 -> U179 -> U199 -> U252 -> U180 -> U263 -> U312 -> U264 -> U271 -> U272 -> U176 -> U232 -> U183 -> OUT_R_REG_0_,b08
15,2.1333333333333333,25,2,10,1,0,0,DFF_Q_MAR_REG_2_,OUT_R_REG_0_,DFF_Q_MAR_REG_2_ -> U195 -> U179 -> U199 -> U252 -> U180 -> U263 -> U312 -> U264 -> U271 -> U272 -> U273 -> U281 -> U183 -> OUT_R_REG_0_,b08
15,2.2666666666666666,25,5,7,1,0,0,DFF_Q_MAR_REG_2_,OUT_R_REG_0_,DFF_Q_MAR_REG_2_ -> U195 -> U179 -> U199 -> U252 -> U180 -> U303 -> U221 -> U220 -> U271 -> U272 -> U176 -> U232 -> U183 -> OUT_R_REG_0_,b08
15,2.1333333333333333,25,4,8,1,0,0,DFF_Q_MAR_REG_2_,OUT_R_REG_0_,DFF_Q_MAR_REG_2_ -> U195 -> U179 -> U199 -> U252 -> U180 -> U303 -> U221 -> U220 -> U271 -> U272 -> U273 -> U281 -> U183 -> OUT_R_REG_0_,b08
14,2.2142857142857144,23,4,7,1,0,0,DFF_Q_MAR_REG_2_,OUT_R_REG_0_,DFF_Q_MAR_REG_2_ -> U195 -> U179 -> U203 -> U259 -> U306 -> U221 -> U220 -> U271 -> U272 -> U176 -> U232 -> U183 -> OUT_R_REG_0_,b08
14,2.0714285714285716,23,3,8,1,0,0,DFF_Q_MAR_REG_2_,OUT_R_REG_0_,DFF_Q_MAR_REG_2_ -> U195 -> U179 -> U203 -> U259 -> U306 -> U221 -> U220 -> U271 -> U272 -> U273 -> U281 -> U183 -> OUT_R_REG_0_,b08
13,2.3076923076923075,22,3,8,0,0,0,DFF_Q_MAR_REG_2_,OUT_R_REG_0_,DFF_Q_MAR_REG_2_ -> U195 -> U179 -> U203 -> U307 -> U266 -> U220 -> U271 -> U272 -> U176 -> U232 -> U183 -> OUT_R_REG_0_,b08
13,2.1538461538461537,22,2,9,0,0,0,DFF_Q_MAR_REG_2_,OUT_R_REG_0_,DFF_Q_MAR_REG_2_ -> U195 -> U179 -> U203 -> U307 -> U266 -> U220 -> U271 -> U272 -> U273 -> U281 -> U183 -> OUT_R_REG_0_,b08
11,2.4545454545454546,18,3,6,0,0,0,DFF_Q_MAR_REG_2_,OUT_R_REG_0_,DFF_Q_MAR_REG_2_ -> U195 -> U179 -> U270 -> U220 -> U271 -> U272 -> U176 -> U232 -> U183 -> OUT_R_REG_0_,b08
11,2.272727272727273,18,2,7,0,0,0,DFF_Q_MAR_REG_2_,OUT_R_REG_0_,DFF_Q_MAR_REG_2_ -> U195 -> U179 -> U270 -> U220 -> U271 -> U272 -> U273 -> U281 -> U183 -> OUT_R_REG_0_,b08
14,2.0714285714285716,23,2,9,1,0,0,DFF_Q_MAR_REG_2_,OUT_R_REG_0_,DFF_Q_MAR_REG_2_ -> U195 -> U201 -> U262 -> U265 -> U308 -> U266 -> U220 -> U271 -> U272 -> U176 -> U232 -> U183 -> OUT_R_REG_0_,b08
14,1.9285714285714286,23,1,10,1,0,0,DFF_Q_MAR_REG_2_,OUT_R_REG_0_,DFF_Q_MAR_REG_2_ -> U195 -> U201 -> U262 -> U265 -> U308 -> U266 -> U220 -> U271 -> U272 -> U273 -> U281 -> U183 -> OUT_R_REG_0_,b08
14,2.0714285714285716,23,2,9,1,0,0,DFF_Q_MAR_REG_2_,OUT_R_REG_0_,DFF_Q_MAR_REG_2_ -> U195 -> U201 -> U262 -> U267 -> U309 -> U269 -> U220 -> U271 -> U272 -> U176 -> U232 -> U183 -> OUT_R_REG_0_,b08
14,1.9285714285714286,23,1,10,1,0,0,DFF_Q_MAR_REG_2_,OUT_R_REG_0_,DFF_Q_MAR_REG_2_ -> U195 -> U201 -> U262 -> U267 -> U309 -> U269 -> U220 -> U271 -> U272 -> U273 -> U281 -> U183 -> OUT_R_REG_0_,b08
11,2.272727272727273,18,1,8,0,0,0,DFF_Q_MAR_REG_2_,OUT_R_REG_0_,DFF_Q_MAR_REG_2_ -> U195 -> U201 -> U311 -> U264 -> U271 -> U272 -> U176 -> U232 -> U183 -> OUT_R_REG_0_,b08
11,2.090909090909091,18,0,9,0,0,0,DFF_Q_MAR_REG_2_,OUT_R_REG_0_,DFF_Q_MAR_REG_2_ -> U195 -> U201 -> U311 -> U264 -> U271 -> U272 -> U273 -> U281 -> U183 -> OUT_R_REG_0_,b08
11,2.727272727272727,18,1,7,0,1,0,DFF_Q_MAR_REG_2_,OUT_R_REG_0_,DFF_Q_MAR_REG_2_ -> U247 -> U256 -> U313 -> U258 -> U271 -> U272 -> U176 -> U232 -> U183 -> OUT_R_REG_0_,b08
11,2.5454545454545454,18,0,8,0,1,0,DFF_Q_MAR_REG_2_,OUT_R_REG_0_,DFF_Q_MAR_REG_2_ -> U247 -> U256 -> U313 -> U258 -> U271 -> U272 -> U273 -> U281 -> U183 -> OUT_R_REG_0_,b08
9,3.0,14,1,5,0,1,0,DFF_Q_MAR_REG_2_,OUT_R_REG_0_,DFF_Q_MAR_REG_2_ -> U247 -> U261 -> U271 -> U272 -> U176 -> U232 -> U183 -> OUT_R_REG_0_,b08
9,2.7777777777777777,14,0,6,0,1,0,DFF_Q_MAR_REG_2_,OUT_R_REG_0_,DFF_Q_MAR_REG_2_ -> U247 -> U261 -> U271 -> U272 -> U273 -> U281 -> U183 -> OUT_R_REG_0_,b08
9,3.0,14,1,5,0,1,0,DFF_Q_MAR_REG_2_,OUT_R_REG_0_,DFF_Q_MAR_REG_2_ -> U247 -> U264 -> U271 -> U272 -> U176 -> U232 -> U183 -> OUT_R_REG_0_,b08
9,2.7777777777777777,14,0,6,0,1,0,DFF_Q_MAR_REG_2_,OUT_R_REG_0_,DFF_Q_MAR_REG_2_ -> U247 -> U264 -> U271 -> U272 -> U273 -> U281 -> U183 -> OUT_R_REG_0_,b08
10,2.8,16,2,5,0,1,0,DFF_Q_MAR_REG_2_,OUT_R_REG_0_,DFF_Q_MAR_REG_2_ -> U247 -> U266 -> U220 -> U271 -> U272 -> U176 -> U232 -> U183 -> OUT_R_REG_0_,b08
10,2.6,16,1,6,0,1,0,DFF_Q_MAR_REG_2_,OUT_R_REG_0_,DFF_Q_MAR_REG_2_ -> U247 -> U266 -> U220 -> U271 -> U272 -> U273 -> U281 -> U183 -> OUT_R_REG_0_,b08
10,2.8,16,2,5,0,1,0,DFF_Q_MAR_REG_2_,OUT_R_REG_0_,DFF_Q_MAR_REG_2_ -> U247 -> U269 -> U220 -> U271 -> U272 -> U176 -> U232 -> U183 -> OUT_R_REG_0_,b08
10,2.6,16,1,6,0,1,0,DFF_Q_MAR_REG_2_,OUT_R_REG_0_,DFF_Q_MAR_REG_2_ -> U247 -> U269 -> U220 -> U271 -> U272 -> U273 -> U281 -> U183 -> OUT_R_REG_0_,b08
11,2.6363636363636362,18,3,5,0,1,0,DFF_Q_MAR_REG_2_,OUT_R_REG_0_,DFF_Q_MAR_REG_2_ -> U247 -> U303 -> U221 -> U220 -> U271 -> U272 -> U176 -> U232 -> U183 -> OUT_R_REG_0_,b08
11,2.4545454545454546,18,2,6,0,1,0,DFF_Q_MAR_REG_2_,OUT_R_REG_0_,DFF_Q_MAR_REG_2_ -> U247 -> U303 -> U221 -> U220 -> U271 -> U272 -> U273 -> U281 -> U183 -> OUT_R_REG_0_,b08
11,2.6363636363636362,18,3,5,0,1,0,DFF_Q_MAR_REG_2_,OUT_R_REG_0_,DFF_Q_MAR_REG_2_ -> U247 -> U306 -> U221 -> U220 -> U271 -> U272 -> U176 -> U232 -> U183 -> OUT_R_REG_0_,b08
11,2.4545454545454546,18,2,6,0,1,0,DFF_Q_MAR_REG_2_,OUT_R_REG_0_,DFF_Q_MAR_REG_2_ -> U247 -> U306 -> U221 -> U220 -> U271 -> U272 -> U273 -> U281 -> U183 -> OUT_R_REG_0_,b08
17,2.235294117647059,28,3,10,2,0,0,DFF_Q_MAR_REG_2_,OUT_R_REG_0_,DFF_Q_MAR_REG_2_ -> U248 -> U181 -> U200 -> U253 -> U201 -> U262 -> U265 -> U308 -> U266 -> U220 -> U271 -> U272 -> U176 -> U232 -> U183 -> OUT_R_REG_0_,b08
17,2.1176470588235294,28,2,11,2,0,0,DFF_Q_MAR_REG_2_,OUT_R_REG_0_,DFF_Q_MAR_REG_2_ -> U248 -> U181 -> U200 -> U253 -> U201 -> U262 -> U265 -> U308 -> U266 -> U220 -> U271 -> U272 -> U273 -> U281 -> U183 -> OUT_R_REG_0_,b08
17,2.235294117647059,28,3,10,2,0,0,DFF_Q_MAR_REG_2_,OUT_R_REG_0_,DFF_Q_MAR_REG_2_ -> U248 -> U181 -> U200 -> U253 -> U201 -> U262 -> U267 -> U309 -> U269 -> U220 -> U271 -> U272 -> U176 -> U232 -> U183 -> OUT_R_REG_0_,b08
17,2.1176470588235294,28,2,11,2,0,0,DFF_Q_MAR_REG_2_,OUT_R_REG_0_,DFF_Q_MAR_REG_2_ -> U248 -> U181 -> U200 -> U253 -> U201 -> U262 -> U267 -> U309 -> U269 -> U220 -> U271 -> U272 -> U273 -> U281 -> U183 -> OUT_R_REG_0_,b08
14,2.4285714285714284,23,2,9,1,0,0,DFF_Q_MAR_REG_2_,OUT_R_REG_0_,DFF_Q_MAR_REG_2_ -> U248 -> U181 -> U200 -> U253 -> U201 -> U311 -> U264 -> U271 -> U272 -> U176 -> U232 -> U183 -> OUT_R_REG_0_,b08
14,2.2857142857142856,23,1,10,1,0,0,DFF_Q_MAR_REG_2_,OUT_R_REG_0_,DFF_Q_MAR_REG_2_ -> U248 -> U181 -> U200 -> U253 -> U201 -> U311 -> U264 -> U271 -> U272 -> U273 -> U281 -> U183 -> OUT_R_REG_0_,b08
16,2.25,26,4,8,2,0,0,DFF_Q_MAR_REG_2_,OUT_R_REG_0_,DFF_Q_MAR_REG_2_ -> U248 -> U181 -> U200 -> U253 -> U203 -> U259 -> U306 -> U221 -> U220 -> U271 -> U272 -> U176 -> U232 -> U183 -> OUT_R_REG_0_,b08
16,2.125,26,3,9,2,0,0,DFF_Q_MAR_REG_2_,OUT_R_REG_0_,DFF_Q_MAR_REG_2_ -> U248 -> U181 -> U200 -> U253 -> U203 -> U259 -> U306 -> U221 -> U220 -> U271 -> U272 -> U273 -> U281 -> U183 -> OUT_R_REG_0_,b08
15,2.3333333333333335,25,3,9,1,0,0,DFF_Q_MAR_REG_2_,OUT_R_REG_0_,DFF_Q_MAR_REG_2_ -> U248 -> U181 -> U200 -> U253 -> U203 -> U307 -> U266 -> U220 -> U271 -> U272 -> U176 -> U232 -> U183 -> OUT_R_REG_0_,b08
15,2.2,25,2,10,1,0,0,DFF_Q_MAR_REG_2_,OUT_R_REG_0_,DFF_Q_MAR_REG_2_ -> U248 -> U181 -> U200 -> U253 -> U203 -> U307 -> U266 -> U220 -> U271 -> U272 -> U273 -> U281 -> U183 -> OUT_R_REG_0_,b08
14,2.4285714285714284,23,2,9,1,0,0,DFF_Q_MAR_REG_2_,OUT_R_REG_0_,DFF_Q_MAR_REG_2_ -> U248 -> U181 -> U200 -> U253 -> U256 -> U313 -> U258 -> U271 -> U272 -> U176 -> U232 -> U183 -> OUT_R_REG_0_,b08
14,2.2857142857142856,23,1,10,1,0,0,DFF_Q_MAR_REG_2_,OUT_R_REG_0_,DFF_Q_MAR_REG_2_ -> U248 -> U181 -> U200 -> U253 -> U256 -> U313 -> U258 -> U271 -> U272 -> U273 -> U281 -> U183 -> OUT_R_REG_0_,b08
14,2.357142857142857,23,4,7,1,0,0,DFF_Q_MAR_REG_2_,OUT_R_REG_0_,DFF_Q_MAR_REG_2_ -> U248 -> U181 -> U200 -> U253 -> U304 -> U221 -> U220 -> U271 -> U272 -> U176 -> U232 -> U183 -> OUT_R_REG_0_,b08
14,2.2142857142857144,23,3,8,1,0,0,DFF_Q_MAR_REG_2_,OUT_R_REG_0_,DFF_Q_MAR_REG_2_ -> U248 -> U181 -> U200 -> U253 -> U304 -> U221 -> U220 -> U271 -> U272 -> U273 -> U281 -> U183 -> OUT_R_REG_0_,b08
14,2.357142857142857,23,4,7,1,0,0,DFF_Q_MAR_REG_2_,OUT_R_REG_0_,DFF_Q_MAR_REG_2_ -> U248 -> U181 -> U200 -> U253 -> U305 -> U221 -> U220 -> U271 -> U272 -> U176 -> U232 -> U183 -> OUT_R_REG_0_,b08
14,2.2142857142857144,23,3,8,1,0,0,DFF_Q_MAR_REG_2_,OUT_R_REG_0_,DFF_Q_MAR_REG_2_ -> U248 -> U181 -> U200 -> U253 -> U305 -> U221 -> U220 -> U271 -> U272 -> U273 -> U281 -> U183 -> OUT_R_REG_0_,b08
12,2.25,20,2,8,0,0,0,DFF_Q_MAR_REG_2_,OUT_R_REG_0_,DFF_Q_MAR_REG_2_ -> U248 -> U181 -> U200 -> U315 -> U261 -> U271 -> U272 -> U176 -> U232 -> U183 -> OUT_R_REG_0_,b08
12,2.0833333333333335,20,1,9,0,0,0,DFF_Q_MAR_REG_2_,OUT_R_REG_0_,DFF_Q_MAR_REG_2_ -> U248 -> U181 -> U200 -> U315 -> U261 -> U271 -> U272 -> U273 -> U281 -> U183 -> OUT_R_REG_0_,b08
12,2.1666666666666665,20,2,8,0,0,0,DFF_Q_MAR_REG_2_,OUT_R_REG_0_,DFF_Q_MAR_REG_2_ -> U248 -> U181 -> U260 -> U316 -> U261 -> U271 -> U272 -> U176 -> U232 -> U183 -> OUT_R_REG_0_,b08
12,2.0,20,1,9,0,0,0,DFF_Q_MAR_REG_2_,OUT_R_REG_0_,DFF_Q_MAR_REG_2_ -> U248 -> U181 -> U260 -> U316 -> U261 -> U271 -> U272 -> U273 -> U281 -> U183 -> OUT_R_REG_0_,b08
10,2.3,16,2,6,0,0,0,DFF_Q_MAR_REG_2_,OUT_R_REG_0_,DFF_Q_MAR_REG_2_ -> U248 -> U270 -> U220 -> U271 -> U272 -> U176 -> U232 -> U183 -> OUT_R_REG_0_,b08
10,2.1,16,1,7,0,0,0,DFF_Q_MAR_REG_2_,OUT_R_REG_0_,DFF_Q_MAR_REG_2_ -> U248 -> U270 -> U220 -> U271 -> U272 -> U273 -> U281 -> U183 -> OUT_R_REG_0_,b08
11,2.1818181818181817,18,3,6,0,0,0,DFF_Q_MAR_REG_2_,OUT_R_REG_0_,DFF_Q_MAR_REG_2_ -> U248 -> U303 -> U221 -> U220 -> U271 -> U272 -> U176 -> U232 -> U183 -> OUT_R_REG_0_,b08
11,2.0,18,2,7,0,0,0,DFF_Q_MAR_REG_2_,OUT_R_REG_0_,DFF_Q_MAR_REG_2_ -> U248 -> U303 -> U221 -> U220 -> U271 -> U272 -> U273 -> U281 -> U183 -> OUT_R_REG_0_,b08
17,2.235294117647059,28,3,10,2,0,0,DFF_Q_MAR_REG_2_,OUT_R_REG_0_,DFF_Q_MAR_REG_2_ -> U250 -> U181 -> U200 -> U253 -> U201 -> U262 -> U265 -> U308 -> U266 -> U220 -> U271 -> U272 -> U176 -> U232 -> U183 -> OUT_R_REG_0_,b08
17,2.1176470588235294,28,2,11,2,0,0,DFF_Q_MAR_REG_2_,OUT_R_REG_0_,DFF_Q_MAR_REG_2_ -> U250 -> U181 -> U200 -> U253 -> U201 -> U262 -> U265 -> U308 -> U266 -> U220 -> U271 -> U272 -> U273 -> U281 -> U183 -> OUT_R_REG_0_,b08
17,2.235294117647059,28,3,10,2,0,0,DFF_Q_MAR_REG_2_,OUT_R_REG_0_,DFF_Q_MAR_REG_2_ -> U250 -> U181 -> U200 -> U253 -> U201 -> U262 -> U267 -> U309 -> U269 -> U220 -> U271 -> U272 -> U176 -> U232 -> U183 -> OUT_R_REG_0_,b08
17,2.1176470588235294,28,2,11,2,0,0,DFF_Q_MAR_REG_2_,OUT_R_REG_0_,DFF_Q_MAR_REG_2_ -> U250 -> U181 -> U200 -> U253 -> U201 -> U262 -> U267 -> U309 -> U269 -> U220 -> U271 -> U272 -> U273 -> U281 -> U183 -> OUT_R_REG_0_,b08
14,2.4285714285714284,23,2,9,1,0,0,DFF_Q_MAR_REG_2_,OUT_R_REG_0_,DFF_Q_MAR_REG_2_ -> U250 -> U181 -> U200 -> U253 -> U201 -> U311 -> U264 -> U271 -> U272 -> U176 -> U232 -> U183 -> OUT_R_REG_0_,b08
14,2.2857142857142856,23,1,10,1,0,0,DFF_Q_MAR_REG_2_,OUT_R_REG_0_,DFF_Q_MAR_REG_2_ -> U250 -> U181 -> U200 -> U253 -> U201 -> U311 -> U264 -> U271 -> U272 -> U273 -> U281 -> U183 -> OUT_R_REG_0_,b08
16,2.25,26,4,8,2,0,0,DFF_Q_MAR_REG_2_,OUT_R_REG_0_,DFF_Q_MAR_REG_2_ -> U250 -> U181 -> U200 -> U253 -> U203 -> U259 -> U306 -> U221 -> U220 -> U271 -> U272 -> U176 -> U232 -> U183 -> OUT_R_REG_0_,b08
16,2.125,26,3,9,2,0,0,DFF_Q_MAR_REG_2_,OUT_R_REG_0_,DFF_Q_MAR_REG_2_ -> U250 -> U181 -> U200 -> U253 -> U203 -> U259 -> U306 -> U221 -> U220 -> U271 -> U272 -> U273 -> U281 -> U183 -> OUT_R_REG_0_,b08
15,2.3333333333333335,25,3,9,1,0,0,DFF_Q_MAR_REG_2_,OUT_R_REG_0_,DFF_Q_MAR_REG_2_ -> U250 -> U181 -> U200 -> U253 -> U203 -> U307 -> U266 -> U220 -> U271 -> U272 -> U176 -> U232 -> U183 -> OUT_R_REG_0_,b08
15,2.2,25,2,10,1,0,0,DFF_Q_MAR_REG_2_,OUT_R_REG_0_,DFF_Q_MAR_REG_2_ -> U250 -> U181 -> U200 -> U253 -> U203 -> U307 -> U266 -> U220 -> U271 -> U272 -> U273 -> U281 -> U183 -> OUT_R_REG_0_,b08
14,2.4285714285714284,23,2,9,1,0,0,DFF_Q_MAR_REG_2_,OUT_R_REG_0_,DFF_Q_MAR_REG_2_ -> U250 -> U181 -> U200 -> U253 -> U256 -> U313 -> U258 -> U271 -> U272 -> U176 -> U232 -> U183 -> OUT_R_REG_0_,b08
14,2.2857142857142856,23,1,10,1,0,0,DFF_Q_MAR_REG_2_,OUT_R_REG_0_,DFF_Q_MAR_REG_2_ -> U250 -> U181 -> U200 -> U253 -> U256 -> U313 -> U258 -> U271 -> U272 -> U273 -> U281 -> U183 -> OUT_R_REG_0_,b08
14,2.357142857142857,23,4,7,1,0,0,DFF_Q_MAR_REG_2_,OUT_R_REG_0_,DFF_Q_MAR_REG_2_ -> U250 -> U181 -> U200 -> U253 -> U304 -> U221 -> U220 -> U271 -> U272 -> U176 -> U232 -> U183 -> OUT_R_REG_0_,b08
14,2.2142857142857144,23,3,8,1,0,0,DFF_Q_MAR_REG_2_,OUT_R_REG_0_,DFF_Q_MAR_REG_2_ -> U250 -> U181 -> U200 -> U253 -> U304 -> U221 -> U220 -> U271 -> U272 -> U273 -> U281 -> U183 -> OUT_R_REG_0_,b08
14,2.357142857142857,23,4,7,1,0,0,DFF_Q_MAR_REG_2_,OUT_R_REG_0_,DFF_Q_MAR_REG_2_ -> U250 -> U181 -> U200 -> U253 -> U305 -> U221 -> U220 -> U271 -> U272 -> U176 -> U232 -> U183 -> OUT_R_REG_0_,b08
14,2.2142857142857144,23,3,8,1,0,0,DFF_Q_MAR_REG_2_,OUT_R_REG_0_,DFF_Q_MAR_REG_2_ -> U250 -> U181 -> U200 -> U253 -> U305 -> U221 -> U220 -> U271 -> U272 -> U273 -> U281 -> U183 -> OUT_R_REG_0_,b08
12,2.25,20,2,8,0,0,0,DFF_Q_MAR_REG_2_,OUT_R_REG_0_,DFF_Q_MAR_REG_2_ -> U250 -> U181 -> U200 -> U315 -> U261 -> U271 -> U272 -> U176 -> U232 -> U183 -> OUT_R_REG_0_,b08
12,2.0833333333333335,20,1,9,0,0,0,DFF_Q_MAR_REG_2_,OUT_R_REG_0_,DFF_Q_MAR_REG_2_ -> U250 -> U181 -> U200 -> U315 -> U261 -> U271 -> U272 -> U273 -> U281 -> U183 -> OUT_R_REG_0_,b08
12,2.1666666666666665,20,2,8,0,0,0,DFF_Q_MAR_REG_2_,OUT_R_REG_0_,DFF_Q_MAR_REG_2_ -> U250 -> U181 -> U260 -> U316 -> U261 -> U271 -> U272 -> U176 -> U232 -> U183 -> OUT_R_REG_0_,b08
12,2.0,20,1,9,0,0,0,DFF_Q_MAR_REG_2_,OUT_R_REG_0_,DFF_Q_MAR_REG_2_ -> U250 -> U181 -> U260 -> U316 -> U261 -> U271 -> U272 -> U273 -> U281 -> U183 -> OUT_R_REG_0_,b08
14,2.142857142857143,23,2,9,1,0,0,DFF_Q_MAR_REG_2_,OUT_R_REG_0_,DFF_Q_MAR_REG_2_ -> U250 -> U199 -> U252 -> U180 -> U257 -> U314 -> U258 -> U271 -> U272 -> U176 -> U232 -> U183 -> OUT_R_REG_0_,b08
14,2.0,23,1,10,1,0,0,DFF_Q_MAR_REG_2_,OUT_R_REG_0_,DFF_Q_MAR_REG_2_ -> U250 -> U199 -> U252 -> U180 -> U257 -> U314 -> U258 -> U271 -> U272 -> U273 -> U281 -> U183 -> OUT_R_REG_0_,b08
14,2.142857142857143,23,2,9,1,0,0,DFF_Q_MAR_REG_2_,OUT_R_REG_0_,DFF_Q_MAR_REG_2_ -> U250 -> U199 -> U252 -> U180 -> U263 -> U312 -> U264 -> U271 -> U272 -> U176 -> U232 -> U183 -> OUT_R_REG_0_,b08
14,2.0,23,1,10,1,0,0,DFF_Q_MAR_REG_2_,OUT_R_REG_0_,DFF_Q_MAR_REG_2_ -> U250 -> U199 -> U252 -> U180 -> U263 -> U312 -> U264 -> U271 -> U272 -> U273 -> U281 -> U183 -> OUT_R_REG_0_,b08
14,2.142857142857143,23,4,7,1,0,0,DFF_Q_MAR_REG_2_,OUT_R_REG_0_,DFF_Q_MAR_REG_2_ -> U250 -> U199 -> U252 -> U180 -> U303 -> U221 -> U220 -> U271 -> U272 -> U176 -> U232 -> U183 -> OUT_R_REG_0_,b08
14,2.0,23,3,8,1,0,0,DFF_Q_MAR_REG_2_,OUT_R_REG_0_,DFF_Q_MAR_REG_2_ -> U250 -> U199 -> U252 -> U180 -> U303 -> U221 -> U220 -> U271 -> U272 -> U273 -> U281 -> U183 -> OUT_R_REG_0_,b08
12,2.4166666666666665,20,2,8,0,0,0,DFF_Q_MAR_REG_2_,OUT_R_REG_0_,DFF_Q_MAR_REG_2_ -> U254 -> U182 -> U260 -> U316 -> U261 -> U271 -> U272 -> U176 -> U232 -> U183 -> OUT_R_REG_0_,b08
12,2.25,20,1,9,0,0,0,DFF_Q_MAR_REG_2_,OUT_R_REG_0_,DFF_Q_MAR_REG_2_ -> U254 -> U182 -> U260 -> U316 -> U261 -> U271 -> U272 -> U273 -> U281 -> U183 -> OUT_R_REG_0_,b08
13,2.3076923076923075,22,3,8,0,0,0,DFF_Q_MAR_REG_2_,OUT_R_REG_0_,DFF_Q_MAR_REG_2_ -> U254 -> U182 -> U268 -> U310 -> U269 -> U220 -> U271 -> U272 -> U176 -> U232 -> U183 -> OUT_R_REG_0_,b08
13,2.1538461538461537,22,2,9,0,0,0,DFF_Q_MAR_REG_2_,OUT_R_REG_0_,DFF_Q_MAR_REG_2_ -> U254 -> U182 -> U268 -> U310 -> U269 -> U220 -> U271 -> U272 -> U273 -> U281 -> U183 -> OUT_R_REG_0_,b08
12,2.4166666666666665,20,4,6,0,0,0,DFF_Q_MAR_REG_2_,OUT_R_REG_0_,DFF_Q_MAR_REG_2_ -> U254 -> U182 -> U305 -> U221 -> U220 -> U271 -> U272 -> U176 -> U232 -> U183 -> OUT_R_REG_0_,b08
12,2.25,20,3,7,0,0,0,DFF_Q_MAR_REG_2_,OUT_R_REG_0_,DFF_Q_MAR_REG_2_ -> U254 -> U182 -> U305 -> U221 -> U220 -> U271 -> U272 -> U273 -> U281 -> U183 -> OUT_R_REG_0_,b08
6,3.0,8,0,4,0,0,0,DFF_Q_MAR_REG_2_,OUT_R_REG_0_,DFF_Q_MAR_REG_2_ -> U254 -> U202 -> U232 -> U183 -> OUT_R_REG_0_,b08
13,2.230769230769231,21,3,7,1,0,0,DFF_Q_MAR_REG_2_,OUT_R_REG_0_,DFF_Q_MAR_REG_2_ -> U254 -> U202 -> U255 -> U304 -> U221 -> U220 -> U271 -> U272 -> U176 -> U232 -> U183 -> OUT_R_REG_0_,b08
13,2.076923076923077,21,2,8,1,0,0,DFF_Q_MAR_REG_2_,OUT_R_REG_0_,DFF_Q_MAR_REG_2_ -> U254 -> U202 -> U255 -> U304 -> U221 -> U220 -> U271 -> U272 -> U273 -> U281 -> U183 -> OUT_R_REG_0_,b08
9,2.6666666666666665,14,1,6,0,0,0,DFF_Q_MAR_REG_2_,OUT_R_REG_0_,DFF_Q_MAR_REG_2_ -> U254 -> U258 -> U271 -> U272 -> U176 -> U232 -> U183 -> OUT_R_REG_0_,b08
9,2.4444444444444446,14,0,7,0,0,0,DFF_Q_MAR_REG_2_,OUT_R_REG_0_,DFF_Q_MAR_REG_2_ -> U254 -> U258 -> U271 -> U272 -> U273 -> U281 -> U183 -> OUT_R_REG_0_,b08
11,2.3636363636363638,18,1,8,0,0,0,DFF_Q_MAR_REG_2_,OUT_R_REG_0_,DFF_Q_MAR_REG_2_ -> U254 -> U263 -> U312 -> U264 -> U271 -> U272 -> U176 -> U232 -> U183 -> OUT_R_REG_0_,b08
11,2.1818181818181817,18,0,9,0,0,0,DFF_Q_MAR_REG_2_,OUT_R_REG_0_,DFF_Q_MAR_REG_2_ -> U254 -> U263 -> U312 -> U264 -> U271 -> U272 -> U273 -> U281 -> U183 -> OUT_R_REG_0_,b08
12,2.25,20,2,8,0,0,0,DFF_Q_MAR_REG_2_,OUT_R_REG_0_,DFF_Q_MAR_REG_2_ -> U254 -> U265 -> U308 -> U266 -> U220 -> U271 -> U272 -> U176 -> U232 -> U183 -> OUT_R_REG_0_,b08
12,2.0833333333333335,20,1,9,0,0,0,DFF_Q_MAR_REG_2_,OUT_R_REG_0_,DFF_Q_MAR_REG_2_ -> U254 -> U265 -> U308 -> U266 -> U220 -> U271 -> U272 -> U273 -> U281 -> U183 -> OUT_R_REG_0_,b08
10,2.6,13,0,5,3,0,0,DFF_Q_MAR_REG_2_,O_REG_3_,DFF_Q_MAR_REG_2_ -> U195 -> U235 -> U205 -> U236 -> U231 -> U282 -> U318 -> U216 -> O_REG_3_,b08
9,2.4444444444444446,12,0,5,2,0,0,DFF_Q_MAR_REG_2_,O_REG_3_,DFF_Q_MAR_REG_2_ -> U195 -> U235 -> U205 -> U236 -> U231 -> U317 -> U216 -> O_REG_3_,b08
10,2.6,13,0,5,3,0,0,DFF_Q_MAR_REG_2_,O_REG_2_,DFF_Q_MAR_REG_2_ -> U195 -> U235 -> U205 -> U236 -> U231 -> U282 -> U320 -> U217 -> O_REG_2_,b08
9,2.4444444444444446,12,0,5,2,0,0,DFF_Q_MAR_REG_2_,O_REG_2_,DFF_Q_MAR_REG_2_ -> U195 -> U235 -> U205 -> U236 -> U231 -> U319 -> U217 -> O_REG_2_,b08
10,2.6,13,0,5,3,0,0,DFF_Q_MAR_REG_2_,O_REG_1_,DFF_Q_MAR_REG_2_ -> U195 -> U235 -> U205 -> U236 -> U231 -> U282 -> U322 -> U218 -> O_REG_1_,b08
9,2.4444444444444446,12,0,5,2,0,0,DFF_Q_MAR_REG_2_,O_REG_1_,DFF_Q_MAR_REG_2_ -> U195 -> U235 -> U205 -> U236 -> U231 -> U321 -> U218 -> O_REG_1_,b08
11,2.4545454545454546,15,1,5,3,0,0,DFF_Q_MAR_REG_1_,O_REG_0_,DFF_Q_MAR_REG_1_ -> U178 -> U195 -> U235 -> U205 -> U236 -> U231 -> U282 -> U324 -> U219 -> O_REG_0_,b08
10,2.3,14,1,5,2,0,0,DFF_Q_MAR_REG_1_,O_REG_0_,DFF_Q_MAR_REG_1_ -> U178 -> U195 -> U235 -> U205 -> U236 -> U231 -> U323 -> U219 -> O_REG_0_,b08
8,2.125,11,1,4,1,0,0,DFF_Q_MAR_REG_1_,STATO_REG_1_,DFF_Q_MAR_REG_1_ -> U178 -> U195 -> U235 -> U205 -> U237 -> U189 -> STATO_REG_1_,b08
9,2.111111111111111,13,1,5,1,0,0,DFF_Q_MAR_REG_1_,STATO_REG_0_,DFF_Q_MAR_REG_1_ -> U178 -> U195 -> U235 -> U238 -> U197 -> U240 -> U188 -> STATO_REG_0_,b08
11,2.0,16,1,6,2,0,0,DFF_Q_MAR_REG_1_,MAR_REG_2_,DFF_Q_MAR_REG_1_ -> U178 -> U195 -> U235 -> U238 -> U197 -> U239 -> U242 -> U243 -> U187 -> MAR_REG_2_,b08
7,2.4285714285714284,9,1,3,1,0,0,DFF_Q_MAR_REG_1_,MAR_REG_2_,DFF_Q_MAR_REG_1_ -> U178 -> U198 -> U241 -> U244 -> U187 -> MAR_REG_2_,b08
11,2.0,16,1,6,2,0,0,DFF_Q_MAR_REG_1_,MAR_REG_1_,DFF_Q_MAR_REG_1_ -> U178 -> U195 -> U235 -> U238 -> U197 -> U239 -> U246 -> U283 -> U206 -> MAR_REG_1_,b08
5,2.4,5,0,2,1,0,0,DFF_Q_MAR_REG_1_,MAR_REG_1_,DFF_Q_MAR_REG_1_ -> U192 -> U284 -> U206 -> MAR_REG_1_,b08
4,2.0,4,0,2,0,0,0,DFF_Q_MAR_REG_1_,MAR_REG_1_,DFF_Q_MAR_REG_1_ -> U283 -> U206 -> MAR_REG_1_,b08
9,2.111111111111111,13,1,5,1,0,0,DFF_Q_MAR_REG_1_,MAR_REG_0_,DFF_Q_MAR_REG_1_ -> U178 -> U195 -> U235 -> U238 -> U197 -> U286 -> U207 -> MAR_REG_0_,b08
14,2.2857142857142856,24,4,8,0,0,0,DFF_Q_MAR_REG_1_,OUT_R_REG_3_,DFF_Q_MAR_REG_1_ -> U178 -> U195 -> U179 -> U182 -> U260 -> U316 -> U261 -> U271 -> U272 -> U176 -> U232 -> U186 -> OUT_R_REG_3_,b08
14,2.142857142857143,24,4,8,0,0,0,DFF_Q_MAR_REG_1_,OUT_R_REG_3_,DFF_Q_MAR_REG_1_ -> U178 -> U195 -> U179 -> U182 -> U260 -> U316 -> U261 -> U271 -> U272 -> U176 -> U274 -> U186 -> OUT_R_REG_3_,b08
14,2.142857142857143,24,3,9,0,0,0,DFF_Q_MAR_REG_1_,OUT_R_REG_3_,DFF_Q_MAR_REG_1_ -> U178 -> U195 -> U179 -> U182 -> U260 -> U316 -> U261 -> U271 -> U272 -> U273 -> U275 -> U186 -> OUT_R_REG_3_,b08
15,2.2,26,5,8,0,0,0,DFF_Q_MAR_REG_1_,OUT_R_REG_3_,DFF_Q_MAR_REG_1_ -> U178 -> U195 -> U179 -> U182 -> U268 -> U310 -> U269 -> U220 -> U271 -> U272 -> U176 -> U232 -> U186 -> OUT_R_REG_3_,b08
15,2.066666666666667,26,5,8,0,0,0,DFF_Q_MAR_REG_1_,OUT_R_REG_3_,DFF_Q_MAR_REG_1_ -> U178 -> U195 -> U179 -> U182 -> U268 -> U310 -> U269 -> U220 -> U271 -> U272 -> U176 -> U274 -> U186 -> OUT_R_REG_3_,b08
15,2.066666666666667,26,4,9,0,0,0,DFF_Q_MAR_REG_1_,OUT_R_REG_3_,DFF_Q_MAR_REG_1_ -> U178 -> U195 -> U179 -> U182 -> U268 -> U310 -> U269 -> U220 -> U271 -> U272 -> U273 -> U275 -> U186 -> OUT_R_REG_3_,b08
14,2.2857142857142856,24,6,6,0,0,0,DFF_Q_MAR_REG_1_,OUT_R_REG_3_,DFF_Q_MAR_REG_1_ -> U178 -> U195 -> U179 -> U182 -> U305 -> U221 -> U220 -> U271 -> U272 -> U176 -> U232 -> U186 -> OUT_R_REG_3_,b08
14,2.142857142857143,24,6,6,0,0,0,DFF_Q_MAR_REG_1_,OUT_R_REG_3_,DFF_Q_MAR_REG_1_ -> U178 -> U195 -> U179 -> U182 -> U305 -> U221 -> U220 -> U271 -> U272 -> U176 -> U274 -> U186 -> OUT_R_REG_3_,b08
14,2.142857142857143,24,5,7,0,0,0,DFF_Q_MAR_REG_1_,OUT_R_REG_3_,DFF_Q_MAR_REG_1_ -> U178 -> U195 -> U179 -> U182 -> U305 -> U221 -> U220 -> U271 -> U272 -> U273 -> U275 -> U186 -> OUT_R_REG_3_,b08
16,2.1875,27,4,9,1,0,0,DFF_Q_MAR_REG_1_,OUT_R_REG_3_,DFF_Q_MAR_REG_1_ -> U178 -> U195 -> U179 -> U199 -> U252 -> U180 -> U257 -> U314 -> U258 -> U271 -> U272 -> U176 -> U232 -> U186 -> OUT_R_REG_3_,b08
16,2.0625,27,4,9,1,0,0,DFF_Q_MAR_REG_1_,OUT_R_REG_3_,DFF_Q_MAR_REG_1_ -> U178 -> U195 -> U179 -> U199 -> U252 -> U180 -> U257 -> U314 -> U258 -> U271 -> U272 -> U176 -> U274 -> U186 -> OUT_R_REG_3_,b08
16,2.0625,27,3,10,1,0,0,DFF_Q_MAR_REG_1_,OUT_R_REG_3_,DFF_Q_MAR_REG_1_ -> U178 -> U195 -> U179 -> U199 -> U252 -> U180 -> U257 -> U314 -> U258 -> U271 -> U272 -> U273 -> U275 -> U186 -> OUT_R_REG_3_,b08
16,2.1875,27,4,9,1,0,0,DFF_Q_MAR_REG_1_,OUT_R_REG_3_,DFF_Q_MAR_REG_1_ -> U178 -> U195 -> U179 -> U199 -> U252 -> U180 -> U263 -> U312 -> U264 -> U271 -> U272 -> U176 -> U232 -> U186 -> OUT_R_REG_3_,b08
16,2.0625,27,4,9,1,0,0,DFF_Q_MAR_REG_1_,OUT_R_REG_3_,DFF_Q_MAR_REG_1_ -> U178 -> U195 -> U179 -> U199 -> U252 -> U180 -> U263 -> U312 -> U264 -> U271 -> U272 -> U176 -> U274 -> U186 -> OUT_R_REG_3_,b08
16,2.0625,27,3,10,1,0,0,DFF_Q_MAR_REG_1_,OUT_R_REG_3_,DFF_Q_MAR_REG_1_ -> U178 -> U195 -> U179 -> U199 -> U252 -> U180 -> U263 -> U312 -> U264 -> U271 -> U272 -> U273 -> U275 -> U186 -> OUT_R_REG_3_,b08
16,2.1875,27,6,7,1,0,0,DFF_Q_MAR_REG_1_,OUT_R_REG_3_,DFF_Q_MAR_REG_1_ -> U178 -> U195 -> U179 -> U199 -> U252 -> U180 -> U303 -> U221 -> U220 -> U271 -> U272 -> U176 -> U232 -> U186 -> OUT_R_REG_3_,b08
16,2.0625,27,6,7,1,0,0,DFF_Q_MAR_REG_1_,OUT_R_REG_3_,DFF_Q_MAR_REG_1_ -> U178 -> U195 -> U179 -> U199 -> U252 -> U180 -> U303 -> U221 -> U220 -> U271 -> U272 -> U176 -> U274 -> U186 -> OUT_R_REG_3_,b08
16,2.0625,27,5,8,1,0,0,DFF_Q_MAR_REG_1_,OUT_R_REG_3_,DFF_Q_MAR_REG_1_ -> U178 -> U195 -> U179 -> U199 -> U252 -> U180 -> U303 -> U221 -> U220 -> U271 -> U272 -> U273 -> U275 -> U186 -> OUT_R_REG_3_,b08
15,2.1333333333333333,25,5,7,1,0,0,DFF_Q_MAR_REG_1_,OUT_R_REG_3_,DFF_Q_MAR_REG_1_ -> U178 -> U195 -> U179 -> U203 -> U259 -> U306 -> U221 -> U220 -> U271 -> U272 -> U176 -> U232 -> U186 -> OUT_R_REG_3_,b08
15,2.0,25,5,7,1,0,0,DFF_Q_MAR_REG_1_,OUT_R_REG_3_,DFF_Q_MAR_REG_1_ -> U178 -> U195 -> U179 -> U203 -> U259 -> U306 -> U221 -> U220 -> U271 -> U272 -> U176 -> U274 -> U186 -> OUT_R_REG_3_,b08
15,2.0,25,4,8,1,0,0,DFF_Q_MAR_REG_1_,OUT_R_REG_3_,DFF_Q_MAR_REG_1_ -> U178 -> U195 -> U179 -> U203 -> U259 -> U306 -> U221 -> U220 -> U271 -> U272 -> U273 -> U275 -> U186 -> OUT_R_REG_3_,b08
14,2.2142857142857144,24,4,8,0,0,0,DFF_Q_MAR_REG_1_,OUT_R_REG_3_,DFF_Q_MAR_REG_1_ -> U178 -> U195 -> U179 -> U203 -> U307 -> U266 -> U220 -> U271 -> U272 -> U176 -> U232 -> U186 -> OUT_R_REG_3_,b08
14,2.0714285714285716,24,4,8,0,0,0,DFF_Q_MAR_REG_1_,OUT_R_REG_3_,DFF_Q_MAR_REG_1_ -> U178 -> U195 -> U179 -> U203 -> U307 -> U266 -> U220 -> U271 -> U272 -> U176 -> U274 -> U186 -> OUT_R_REG_3_,b08
14,2.0714285714285716,24,3,9,0,0,0,DFF_Q_MAR_REG_1_,OUT_R_REG_3_,DFF_Q_MAR_REG_1_ -> U178 -> U195 -> U179 -> U203 -> U307 -> U266 -> U220 -> U271 -> U272 -> U273 -> U275 -> U186 -> OUT_R_REG_3_,b08
12,2.3333333333333335,20,4,6,0,0,0,DFF_Q_MAR_REG_1_,OUT_R_REG_3_,DFF_Q_MAR_REG_1_ -> U178 -> U195 -> U179 -> U270 -> U220 -> U271 -> U272 -> U176 -> U232 -> U186 -> OUT_R_REG_3_,b08
12,2.1666666666666665,20,4,6,0,0,0,DFF_Q_MAR_REG_1_,OUT_R_REG_3_,DFF_Q_MAR_REG_1_ -> U178 -> U195 -> U179 -> U270 -> U220 -> U271 -> U272 -> U176 -> U274 -> U186 -> OUT_R_REG_3_,b08
12,2.1666666666666665,20,3,7,0,0,0,DFF_Q_MAR_REG_1_,OUT_R_REG_3_,DFF_Q_MAR_REG_1_ -> U178 -> U195 -> U179 -> U270 -> U220 -> U271 -> U272 -> U273 -> U275 -> U186 -> OUT_R_REG_3_,b08
15,2.0,25,3,9,1,0,0,DFF_Q_MAR_REG_1_,OUT_R_REG_3_,DFF_Q_MAR_REG_1_ -> U178 -> U195 -> U201 -> U262 -> U265 -> U308 -> U266 -> U220 -> U271 -> U272 -> U176 -> U232 -> U186 -> OUT_R_REG_3_,b08
15,1.8666666666666667,25,3,9,1,0,0,DFF_Q_MAR_REG_1_,OUT_R_REG_3_,DFF_Q_MAR_REG_1_ -> U178 -> U195 -> U201 -> U262 -> U265 -> U308 -> U266 -> U220 -> U271 -> U272 -> U176 -> U274 -> U186 -> OUT_R_REG_3_,b08
15,1.8666666666666667,25,2,10,1,0,0,DFF_Q_MAR_REG_1_,OUT_R_REG_3_,DFF_Q_MAR_REG_1_ -> U178 -> U195 -> U201 -> U262 -> U265 -> U308 -> U266 -> U220 -> U271 -> U272 -> U273 -> U275 -> U186 -> OUT_R_REG_3_,b08
15,2.0,25,3,9,1,0,0,DFF_Q_MAR_REG_1_,OUT_R_REG_3_,DFF_Q_MAR_REG_1_ -> U178 -> U195 -> U201 -> U262 -> U267 -> U309 -> U269 -> U220 -> U271 -> U272 -> U176 -> U232 -> U186 -> OUT_R_REG_3_,b08
15,1.8666666666666667,25,3,9,1,0,0,DFF_Q_MAR_REG_1_,OUT_R_REG_3_,DFF_Q_MAR_REG_1_ -> U178 -> U195 -> U201 -> U262 -> U267 -> U309 -> U269 -> U220 -> U271 -> U272 -> U176 -> U274 -> U186 -> OUT_R_REG_3_,b08
15,1.8666666666666667,25,2,10,1,0,0,DFF_Q_MAR_REG_1_,OUT_R_REG_3_,DFF_Q_MAR_REG_1_ -> U178 -> U195 -> U201 -> U262 -> U267 -> U309 -> U269 -> U220 -> U271 -> U272 -> U273 -> U275 -> U186 -> OUT_R_REG_3_,b08
12,2.1666666666666665,20,2,8,0,0,0,DFF_Q_MAR_REG_1_,OUT_R_REG_3_,DFF_Q_MAR_REG_1_ -> U178 -> U195 -> U201 -> U311 -> U264 -> U271 -> U272 -> U176 -> U232 -> U186 -> OUT_R_REG_3_,b08
12,2.0,20,2,8,0,0,0,DFF_Q_MAR_REG_1_,OUT_R_REG_3_,DFF_Q_MAR_REG_1_ -> U178 -> U195 -> U201 -> U311 -> U264 -> U271 -> U272 -> U176 -> U274 -> U186 -> OUT_R_REG_3_,b08
12,2.0,20,1,9,0,0,0,DFF_Q_MAR_REG_1_,OUT_R_REG_3_,DFF_Q_MAR_REG_1_ -> U178 -> U195 -> U201 -> U311 -> U264 -> U271 -> U272 -> U273 -> U275 -> U186 -> OUT_R_REG_3_,b08
17,2.3529411764705883,28,3,10,2,0,0,DFF_Q_MAR_REG_1_,OUT_R_REG_3_,DFF_Q_MAR_REG_1_ -> U178 -> U198 -> U200 -> U253 -> U201 -> U262 -> U265 -> U308 -> U266 -> U220 -> U271 -> U272 -> U176 -> U232 -> U186 -> OUT_R_REG_3_,b08
17,2.235294117647059,28,3,10,2,0,0,DFF_Q_MAR_REG_1_,OUT_R_REG_3_,DFF_Q_MAR_REG_1_ -> U178 -> U198 -> U200 -> U253 -> U201 -> U262 -> U265 -> U308 -> U266 -> U220 -> U271 -> U272 -> U176 -> U274 -> U186 -> OUT_R_REG_3_,b08
17,2.235294117647059,28,2,11,2,0,0,DFF_Q_MAR_REG_1_,OUT_R_REG_3_,DFF_Q_MAR_REG_1_ -> U178 -> U198 -> U200 -> U253 -> U201 -> U262 -> U265 -> U308 -> U266 -> U220 -> U271 -> U272 -> U273 -> U275 -> U186 -> OUT_R_REG_3_,b08
17,2.3529411764705883,28,3,10,2,0,0,DFF_Q_MAR_REG_1_,OUT_R_REG_3_,DFF_Q_MAR_REG_1_ -> U178 -> U198 -> U200 -> U253 -> U201 -> U262 -> U267 -> U309 -> U269 -> U220 -> U271 -> U272 -> U176 -> U232 -> U186 -> OUT_R_REG_3_,b08
17,2.235294117647059,28,3,10,2,0,0,DFF_Q_MAR_REG_1_,OUT_R_REG_3_,DFF_Q_MAR_REG_1_ -> U178 -> U198 -> U200 -> U253 -> U201 -> U262 -> U267 -> U309 -> U269 -> U220 -> U271 -> U272 -> U176 -> U274 -> U186 -> OUT_R_REG_3_,b08
17,2.235294117647059,28,2,11,2,0,0,DFF_Q_MAR_REG_1_,OUT_R_REG_3_,DFF_Q_MAR_REG_1_ -> U178 -> U198 -> U200 -> U253 -> U201 -> U262 -> U267 -> U309 -> U269 -> U220 -> U271 -> U272 -> U273 -> U275 -> U186 -> OUT_R_REG_3_,b08
14,2.5714285714285716,23,2,9,1,0,0,DFF_Q_MAR_REG_1_,OUT_R_REG_3_,DFF_Q_MAR_REG_1_ -> U178 -> U198 -> U200 -> U253 -> U201 -> U311 -> U264 -> U271 -> U272 -> U176 -> U232 -> U186 -> OUT_R_REG_3_,b08
14,2.4285714285714284,23,2,9,1,0,0,DFF_Q_MAR_REG_1_,OUT_R_REG_3_,DFF_Q_MAR_REG_1_ -> U178 -> U198 -> U200 -> U253 -> U201 -> U311 -> U264 -> U271 -> U272 -> U176 -> U274 -> U186 -> OUT_R_REG_3_,b08
14,2.4285714285714284,23,1,10,1,0,0,DFF_Q_MAR_REG_1_,OUT_R_REG_3_,DFF_Q_MAR_REG_1_ -> U178 -> U198 -> U200 -> U253 -> U201 -> U311 -> U264 -> U271 -> U272 -> U273 -> U275 -> U186 -> OUT_R_REG_3_,b08
16,2.375,26,4,8,2,0,0,DFF_Q_MAR_REG_1_,OUT_R_REG_3_,DFF_Q_MAR_REG_1_ -> U178 -> U198 -> U200 -> U253 -> U203 -> U259 -> U306 -> U221 -> U220 -> U271 -> U272 -> U176 -> U232 -> U186 -> OUT_R_REG_3_,b08
16,2.25,26,4,8,2,0,0,DFF_Q_MAR_REG_1_,OUT_R_REG_3_,DFF_Q_MAR_REG_1_ -> U178 -> U198 -> U200 -> U253 -> U203 -> U259 -> U306 -> U221 -> U220 -> U271 -> U272 -> U176 -> U274 -> U186 -> OUT_R_REG_3_,b08
16,2.25,26,3,9,2,0,0,DFF_Q_MAR_REG_1_,OUT_R_REG_3_,DFF_Q_MAR_REG_1_ -> U178 -> U198 -> U200 -> U253 -> U203 -> U259 -> U306 -> U221 -> U220 -> U271 -> U272 -> U273 -> U275 -> U186 -> OUT_R_REG_3_,b08
15,2.466666666666667,25,3,9,1,0,0,DFF_Q_MAR_REG_1_,OUT_R_REG_3_,DFF_Q_MAR_REG_1_ -> U178 -> U198 -> U200 -> U253 -> U203 -> U307 -> U266 -> U220 -> U271 -> U272 -> U176 -> U232 -> U186 -> OUT_R_REG_3_,b08
15,2.3333333333333335,25,3,9,1,0,0,DFF_Q_MAR_REG_1_,OUT_R_REG_3_,DFF_Q_MAR_REG_1_ -> U178 -> U198 -> U200 -> U253 -> U203 -> U307 -> U266 -> U220 -> U271 -> U272 -> U176 -> U274 -> U186 -> OUT_R_REG_3_,b08
15,2.3333333333333335,25,2,10,1,0,0,DFF_Q_MAR_REG_1_,OUT_R_REG_3_,DFF_Q_MAR_REG_1_ -> U178 -> U198 -> U200 -> U253 -> U203 -> U307 -> U266 -> U220 -> U271 -> U272 -> U273 -> U275 -> U186 -> OUT_R_REG_3_,b08
9,2.7777777777777777,13,1,5,1,0,0,DFF_Q_MAR_REG_1_,OUT_R_REG_3_,DFF_Q_MAR_REG_1_ -> U178 -> U198 -> U200 -> U253 -> U256 -> U274 -> U186 -> OUT_R_REG_3_,b08
14,2.5714285714285716,23,2,9,1,0,0,DFF_Q_MAR_REG_1_,OUT_R_REG_3_,DFF_Q_MAR_REG_1_ -> U178 -> U198 -> U200 -> U253 -> U256 -> U313 -> U258 -> U271 -> U272 -> U176 -> U232 -> U186 -> OUT_R_REG_3_,b08
14,2.4285714285714284,23,2,9,1,0,0,DFF_Q_MAR_REG_1_,OUT_R_REG_3_,DFF_Q_MAR_REG_1_ -> U178 -> U198 -> U200 -> U253 -> U256 -> U313 -> U258 -> U271 -> U272 -> U176 -> U274 -> U186 -> OUT_R_REG_3_,b08
14,2.4285714285714284,23,1,10,1,0,0,DFF_Q_MAR_REG_1_,OUT_R_REG_3_,DFF_Q_MAR_REG_1_ -> U178 -> U198 -> U200 -> U253 -> U256 -> U313 -> U258 -> U271 -> U272 -> U273 -> U275 -> U186 -> OUT_R_REG_3_,b08
14,2.5,23,4,7,1,0,0,DFF_Q_MAR_REG_1_,OUT_R_REG_3_,DFF_Q_MAR_REG_1_ -> U178 -> U198 -> U200 -> U253 -> U304 -> U221 -> U220 -> U271 -> U272 -> U176 -> U232 -> U186 -> OUT_R_REG_3_,b08
14,2.357142857142857,23,4,7,1,0,0,DFF_Q_MAR_REG_1_,OUT_R_REG_3_,DFF_Q_MAR_REG_1_ -> U178 -> U198 -> U200 -> U253 -> U304 -> U221 -> U220 -> U271 -> U272 -> U176 -> U274 -> U186 -> OUT_R_REG_3_,b08
14,2.357142857142857,23,3,8,1,0,0,DFF_Q_MAR_REG_1_,OUT_R_REG_3_,DFF_Q_MAR_REG_1_ -> U178 -> U198 -> U200 -> U253 -> U304 -> U221 -> U220 -> U271 -> U272 -> U273 -> U275 -> U186 -> OUT_R_REG_3_,b08
14,2.5,23,4,7,1,0,0,DFF_Q_MAR_REG_1_,OUT_R_REG_3_,DFF_Q_MAR_REG_1_ -> U178 -> U198 -> U200 -> U253 -> U305 -> U221 -> U220 -> U271 -> U272 -> U176 -> U232 -> U186 -> OUT_R_REG_3_,b08
14,2.357142857142857,23,4,7,1,0,0,DFF_Q_MAR_REG_1_,OUT_R_REG_3_,DFF_Q_MAR_REG_1_ -> U178 -> U198 -> U200 -> U253 -> U305 -> U221 -> U220 -> U271 -> U272 -> U176 -> U274 -> U186 -> OUT_R_REG_3_,b08
14,2.357142857142857,23,3,8,1,0,0,DFF_Q_MAR_REG_1_,OUT_R_REG_3_,DFF_Q_MAR_REG_1_ -> U178 -> U198 -> U200 -> U253 -> U305 -> U221 -> U220 -> U271 -> U272 -> U273 -> U275 -> U186 -> OUT_R_REG_3_,b08
12,2.4166666666666665,20,2,8,0,0,0,DFF_Q_MAR_REG_1_,OUT_R_REG_3_,DFF_Q_MAR_REG_1_ -> U178 -> U198 -> U200 -> U315 -> U261 -> U271 -> U272 -> U176 -> U232 -> U186 -> OUT_R_REG_3_,b08
12,2.25,20,2,8,0,0,0,DFF_Q_MAR_REG_1_,OUT_R_REG_3_,DFF_Q_MAR_REG_1_ -> U178 -> U198 -> U200 -> U315 -> U261 -> U271 -> U272 -> U176 -> U274 -> U186 -> OUT_R_REG_3_,b08
12,2.25,20,1,9,0,0,0,DFF_Q_MAR_REG_1_,OUT_R_REG_3_,DFF_Q_MAR_REG_1_ -> U178 -> U198 -> U200 -> U315 -> U261 -> U271 -> U272 -> U273 -> U275 -> U186 -> OUT_R_REG_3_,b08
12,2.3333333333333335,20,2,8,0,0,0,DFF_Q_MAR_REG_1_,OUT_R_REG_3_,DFF_Q_MAR_REG_1_ -> U178 -> U198 -> U257 -> U314 -> U258 -> U271 -> U272 -> U176 -> U232 -> U186 -> OUT_R_REG_3_,b08
12,2.1666666666666665,20,2,8,0,0,0,DFF_Q_MAR_REG_1_,OUT_R_REG_3_,DFF_Q_MAR_REG_1_ -> U178 -> U198 -> U257 -> U314 -> U258 -> U271 -> U272 -> U176 -> U274 -> U186 -> OUT_R_REG_3_,b08
12,2.1666666666666665,20,1,9,0,0,0,DFF_Q_MAR_REG_1_,OUT_R_REG_3_,DFF_Q_MAR_REG_1_ -> U178 -> U198 -> U257 -> U314 -> U258 -> U271 -> U272 -> U273 -> U275 -> U186 -> OUT_R_REG_3_,b08
13,2.230769230769231,22,3,8,0,0,0,DFF_Q_MAR_REG_1_,OUT_R_REG_3_,DFF_Q_MAR_REG_1_ -> U178 -> U198 -> U268 -> U310 -> U269 -> U220 -> U271 -> U272 -> U176 -> U232 -> U186 -> OUT_R_REG_3_,b08
13,2.076923076923077,22,3,8,0,0,0,DFF_Q_MAR_REG_1_,OUT_R_REG_3_,DFF_Q_MAR_REG_1_ -> U178 -> U198 -> U268 -> U310 -> U269 -> U220 -> U271 -> U272 -> U176 -> U274 -> U186 -> OUT_R_REG_3_,b08
13,2.076923076923077,22,2,9,0,0,0,DFF_Q_MAR_REG_1_,OUT_R_REG_3_,DFF_Q_MAR_REG_1_ -> U178 -> U198 -> U268 -> U310 -> U269 -> U220 -> U271 -> U272 -> U273 -> U275 -> U186 -> OUT_R_REG_3_,b08
11,2.4545454545454546,18,3,6,0,0,0,DFF_Q_MAR_REG_1_,OUT_R_REG_3_,DFF_Q_MAR_REG_1_ -> U178 -> U198 -> U270 -> U220 -> U271 -> U272 -> U176 -> U232 -> U186 -> OUT_R_REG_3_,b08
11,2.272727272727273,18,3,6,0,0,0,DFF_Q_MAR_REG_1_,OUT_R_REG_3_,DFF_Q_MAR_REG_1_ -> U178 -> U198 -> U270 -> U220 -> U271 -> U272 -> U176 -> U274 -> U186 -> OUT_R_REG_3_,b08
11,2.272727272727273,18,2,7,0,0,0,DFF_Q_MAR_REG_1_,OUT_R_REG_3_,DFF_Q_MAR_REG_1_ -> U178 -> U198 -> U270 -> U220 -> U271 -> U272 -> U273 -> U275 -> U186 -> OUT_R_REG_3_,b08
18,2.2777777777777777,29,3,10,3,0,0,DFF_Q_MAR_REG_1_,OUT_R_REG_3_,DFF_Q_MAR_REG_1_ -> U192 -> U248 -> U181 -> U200 -> U253 -> U201 -> U262 -> U265 -> U308 -> U266 -> U220 -> U271 -> U272 -> U176 -> U232 -> U186 -> OUT_R_REG_3_,b08
18,2.1666666666666665,29,3,10,3,0,0,DFF_Q_MAR_REG_1_,OUT_R_REG_3_,DFF_Q_MAR_REG_1_ -> U192 -> U248 -> U181 -> U200 -> U253 -> U201 -> U262 -> U265 -> U308 -> U266 -> U220 -> U271 -> U272 -> U176 -> U274 -> U186 -> OUT_R_REG_3_,b08
18,2.1666666666666665,29,2,11,3,0,0,DFF_Q_MAR_REG_1_,OUT_R_REG_3_,DFF_Q_MAR_REG_1_ -> U192 -> U248 -> U181 -> U200 -> U253 -> U201 -> U262 -> U265 -> U308 -> U266 -> U220 -> U271 -> U272 -> U273 -> U275 -> U186 -> OUT_R_REG_3_,b08
18,2.2777777777777777,29,3,10,3,0,0,DFF_Q_MAR_REG_1_,OUT_R_REG_3_,DFF_Q_MAR_REG_1_ -> U192 -> U248 -> U181 -> U200 -> U253 -> U201 -> U262 -> U267 -> U309 -> U269 -> U220 -> U271 -> U272 -> U176 -> U232 -> U186 -> OUT_R_REG_3_,b08
18,2.1666666666666665,29,3,10,3,0,0,DFF_Q_MAR_REG_1_,OUT_R_REG_3_,DFF_Q_MAR_REG_1_ -> U192 -> U248 -> U181 -> U200 -> U253 -> U201 -> U262 -> U267 -> U309 -> U269 -> U220 -> U271 -> U272 -> U176 -> U274 -> U186 -> OUT_R_REG_3_,b08
18,2.1666666666666665,29,2,11,3,0,0,DFF_Q_MAR_REG_1_,OUT_R_REG_3_,DFF_Q_MAR_REG_1_ -> U192 -> U248 -> U181 -> U200 -> U253 -> U201 -> U262 -> U267 -> U309 -> U269 -> U220 -> U271 -> U272 -> U273 -> U275 -> U186 -> OUT_R_REG_3_,b08
15,2.466666666666667,24,2,9,2,0,0,DFF_Q_MAR_REG_1_,OUT_R_REG_3_,DFF_Q_MAR_REG_1_ -> U192 -> U248 -> U181 -> U200 -> U253 -> U201 -> U311 -> U264 -> U271 -> U272 -> U176 -> U232 -> U186 -> OUT_R_REG_3_,b08
15,2.3333333333333335,24,2,9,2,0,0,DFF_Q_MAR_REG_1_,OUT_R_REG_3_,DFF_Q_MAR_REG_1_ -> U192 -> U248 -> U181 -> U200 -> U253 -> U201 -> U311 -> U264 -> U271 -> U272 -> U176 -> U274 -> U186 -> OUT_R_REG_3_,b08
15,2.3333333333333335,24,1,10,2,0,0,DFF_Q_MAR_REG_1_,OUT_R_REG_3_,DFF_Q_MAR_REG_1_ -> U192 -> U248 -> U181 -> U200 -> U253 -> U201 -> U311 -> U264 -> U271 -> U272 -> U273 -> U275 -> U186 -> OUT_R_REG_3_,b08
17,2.2941176470588234,27,4,8,3,0,0,DFF_Q_MAR_REG_1_,OUT_R_REG_3_,DFF_Q_MAR_REG_1_ -> U192 -> U248 -> U181 -> U200 -> U253 -> U203 -> U259 -> U306 -> U221 -> U220 -> U271 -> U272 -> U176 -> U232 -> U186 -> OUT_R_REG_3_,b08
17,2.176470588235294,27,4,8,3,0,0,DFF_Q_MAR_REG_1_,OUT_R_REG_3_,DFF_Q_MAR_REG_1_ -> U192 -> U248 -> U181 -> U200 -> U253 -> U203 -> U259 -> U306 -> U221 -> U220 -> U271 -> U272 -> U176 -> U274 -> U186 -> OUT_R_REG_3_,b08
17,2.176470588235294,27,3,9,3,0,0,DFF_Q_MAR_REG_1_,OUT_R_REG_3_,DFF_Q_MAR_REG_1_ -> U192 -> U248 -> U181 -> U200 -> U253 -> U203 -> U259 -> U306 -> U221 -> U220 -> U271 -> U272 -> U273 -> U275 -> U186 -> OUT_R_REG_3_,b08
16,2.375,26,3,9,2,0,0,DFF_Q_MAR_REG_1_,OUT_R_REG_3_,DFF_Q_MAR_REG_1_ -> U192 -> U248 -> U181 -> U200 -> U253 -> U203 -> U307 -> U266 -> U220 -> U271 -> U272 -> U176 -> U232 -> U186 -> OUT_R_REG_3_,b08
16,2.25,26,3,9,2,0,0,DFF_Q_MAR_REG_1_,OUT_R_REG_3_,DFF_Q_MAR_REG_1_ -> U192 -> U248 -> U181 -> U200 -> U253 -> U203 -> U307 -> U266 -> U220 -> U271 -> U272 -> U176 -> U274 -> U186 -> OUT_R_REG_3_,b08
16,2.25,26,2,10,2,0,0,DFF_Q_MAR_REG_1_,OUT_R_REG_3_,DFF_Q_MAR_REG_1_ -> U192 -> U248 -> U181 -> U200 -> U253 -> U203 -> U307 -> U266 -> U220 -> U271 -> U272 -> U273 -> U275 -> U186 -> OUT_R_REG_3_,b08
10,2.6,14,1,5,2,0,0,DFF_Q_MAR_REG_1_,OUT_R_REG_3_,DFF_Q_MAR_REG_1_ -> U192 -> U248 -> U181 -> U200 -> U253 -> U256 -> U274 -> U186 -> OUT_R_REG_3_,b08
15,2.466666666666667,24,2,9,2,0,0,DFF_Q_MAR_REG_1_,OUT_R_REG_3_,DFF_Q_MAR_REG_1_ -> U192 -> U248 -> U181 -> U200 -> U253 -> U256 -> U313 -> U258 -> U271 -> U272 -> U176 -> U232 -> U186 -> OUT_R_REG_3_,b08
15,2.3333333333333335,24,2,9,2,0,0,DFF_Q_MAR_REG_1_,OUT_R_REG_3_,DFF_Q_MAR_REG_1_ -> U192 -> U248 -> U181 -> U200 -> U253 -> U256 -> U313 -> U258 -> U271 -> U272 -> U176 -> U274 -> U186 -> OUT_R_REG_3_,b08
15,2.3333333333333335,24,1,10,2,0,0,DFF_Q_MAR_REG_1_,OUT_R_REG_3_,DFF_Q_MAR_REG_1_ -> U192 -> U248 -> U181 -> U200 -> U253 -> U256 -> U313 -> U258 -> U271 -> U272 -> U273 -> U275 -> U186 -> OUT_R_REG_3_,b08
15,2.4,24,4,7,2,0,0,DFF_Q_MAR_REG_1_,OUT_R_REG_3_,DFF_Q_MAR_REG_1_ -> U192 -> U248 -> U181 -> U200 -> U253 -> U304 -> U221 -> U220 -> U271 -> U272 -> U176 -> U232 -> U186 -> OUT_R_REG_3_,b08
15,2.2666666666666666,24,4,7,2,0,0,DFF_Q_MAR_REG_1_,OUT_R_REG_3_,DFF_Q_MAR_REG_1_ -> U192 -> U248 -> U181 -> U200 -> U253 -> U304 -> U221 -> U220 -> U271 -> U272 -> U176 -> U274 -> U186 -> OUT_R_REG_3_,b08
15,2.2666666666666666,24,3,8,2,0,0,DFF_Q_MAR_REG_1_,OUT_R_REG_3_,DFF_Q_MAR_REG_1_ -> U192 -> U248 -> U181 -> U200 -> U253 -> U304 -> U221 -> U220 -> U271 -> U272 -> U273 -> U275 -> U186 -> OUT_R_REG_3_,b08
15,2.4,24,4,7,2,0,0,DFF_Q_MAR_REG_1_,OUT_R_REG_3_,DFF_Q_MAR_REG_1_ -> U192 -> U248 -> U181 -> U200 -> U253 -> U305 -> U221 -> U220 -> U271 -> U272 -> U176 -> U232 -> U186 -> OUT_R_REG_3_,b08
15,2.2666666666666666,24,4,7,2,0,0,DFF_Q_MAR_REG_1_,OUT_R_REG_3_,DFF_Q_MAR_REG_1_ -> U192 -> U248 -> U181 -> U200 -> U253 -> U305 -> U221 -> U220 -> U271 -> U272 -> U176 -> U274 -> U186 -> OUT_R_REG_3_,b08
15,2.2666666666666666,24,3,8,2,0,0,DFF_Q_MAR_REG_1_,OUT_R_REG_3_,DFF_Q_MAR_REG_1_ -> U192 -> U248 -> U181 -> U200 -> U253 -> U305 -> U221 -> U220 -> U271 -> U272 -> U273 -> U275 -> U186 -> OUT_R_REG_3_,b08
13,2.3076923076923075,21,2,8,1,0,0,DFF_Q_MAR_REG_1_,OUT_R_REG_3_,DFF_Q_MAR_REG_1_ -> U192 -> U248 -> U181 -> U200 -> U315 -> U261 -> U271 -> U272 -> U176 -> U232 -> U186 -> OUT_R_REG_3_,b08
13,2.1538461538461537,21,2,8,1,0,0,DFF_Q_MAR_REG_1_,OUT_R_REG_3_,DFF_Q_MAR_REG_1_ -> U192 -> U248 -> U181 -> U200 -> U315 -> U261 -> U271 -> U272 -> U176 -> U274 -> U186 -> OUT_R_REG_3_,b08
13,2.1538461538461537,21,1,9,1,0,0,DFF_Q_MAR_REG_1_,OUT_R_REG_3_,DFF_Q_MAR_REG_1_ -> U192 -> U248 -> U181 -> U200 -> U315 -> U261 -> U271 -> U272 -> U273 -> U275 -> U186 -> OUT_R_REG_3_,b08
13,2.230769230769231,21,2,8,1,0,0,DFF_Q_MAR_REG_1_,OUT_R_REG_3_,DFF_Q_MAR_REG_1_ -> U192 -> U248 -> U181 -> U260 -> U316 -> U261 -> U271 -> U272 -> U176 -> U232 -> U186 -> OUT_R_REG_3_,b08
13,2.076923076923077,21,2,8,1,0,0,DFF_Q_MAR_REG_1_,OUT_R_REG_3_,DFF_Q_MAR_REG_1_ -> U192 -> U248 -> U181 -> U260 -> U316 -> U261 -> U271 -> U272 -> U176 -> U274 -> U186 -> OUT_R_REG_3_,b08
13,2.076923076923077,21,1,9,1,0,0,DFF_Q_MAR_REG_1_,OUT_R_REG_3_,DFF_Q_MAR_REG_1_ -> U192 -> U248 -> U181 -> U260 -> U316 -> U261 -> U271 -> U272 -> U273 -> U275 -> U186 -> OUT_R_REG_3_,b08
11,2.3636363636363638,17,2,6,1,0,0,DFF_Q_MAR_REG_1_,OUT_R_REG_3_,DFF_Q_MAR_REG_1_ -> U192 -> U248 -> U270 -> U220 -> U271 -> U272 -> U176 -> U232 -> U186 -> OUT_R_REG_3_,b08
11,2.1818181818181817,17,2,6,1,0,0,DFF_Q_MAR_REG_1_,OUT_R_REG_3_,DFF_Q_MAR_REG_1_ -> U192 -> U248 -> U270 -> U220 -> U271 -> U272 -> U176 -> U274 -> U186 -> OUT_R_REG_3_,b08
11,2.1818181818181817,17,1,7,1,0,0,DFF_Q_MAR_REG_1_,OUT_R_REG_3_,DFF_Q_MAR_REG_1_ -> U192 -> U248 -> U270 -> U220 -> U271 -> U272 -> U273 -> U275 -> U186 -> OUT_R_REG_3_,b08
12,2.25,19,3,6,1,0,0,DFF_Q_MAR_REG_1_,OUT_R_REG_3_,DFF_Q_MAR_REG_1_ -> U192 -> U248 -> U303 -> U221 -> U220 -> U271 -> U272 -> U176 -> U232 -> U186 -> OUT_R_REG_3_,b08
12,2.0833333333333335,19,3,6,1,0,0,DFF_Q_MAR_REG_1_,OUT_R_REG_3_,DFF_Q_MAR_REG_1_ -> U192 -> U248 -> U303 -> U221 -> U220 -> U271 -> U272 -> U176 -> U274 -> U186 -> OUT_R_REG_3_,b08
12,2.0833333333333335,19,2,7,1,0,0,DFF_Q_MAR_REG_1_,OUT_R_REG_3_,DFF_Q_MAR_REG_1_ -> U192 -> U248 -> U303 -> U221 -> U220 -> U271 -> U272 -> U273 -> U275 -> U186 -> OUT_R_REG_3_,b08
13,2.4615384615384617,21,2,8,1,0,0,DFF_Q_MAR_REG_1_,OUT_R_REG_3_,DFF_Q_MAR_REG_1_ -> U192 -> U249 -> U180 -> U257 -> U314 -> U258 -> U271 -> U272 -> U176 -> U232 -> U186 -> OUT_R_REG_3_,b08
13,2.3076923076923075,21,2,8,1,0,0,DFF_Q_MAR_REG_1_,OUT_R_REG_3_,DFF_Q_MAR_REG_1_ -> U192 -> U249 -> U180 -> U257 -> U314 -> U258 -> U271 -> U272 -> U176 -> U274 -> U186 -> OUT_R_REG_3_,b08
13,2.3076923076923075,21,1,9,1,0,0,DFF_Q_MAR_REG_1_,OUT_R_REG_3_,DFF_Q_MAR_REG_1_ -> U192 -> U249 -> U180 -> U257 -> U314 -> U258 -> U271 -> U272 -> U273 -> U275 -> U186 -> OUT_R_REG_3_,b08
13,2.4615384615384617,21,2,8,1,0,0,DFF_Q_MAR_REG_1_,OUT_R_REG_3_,DFF_Q_MAR_REG_1_ -> U192 -> U249 -> U180 -> U263 -> U312 -> U264 -> U271 -> U272 -> U176 -> U232 -> U186 -> OUT_R_REG_3_,b08
13,2.3076923076923075,21,2,8,1,0,0,DFF_Q_MAR_REG_1_,OUT_R_REG_3_,DFF_Q_MAR_REG_1_ -> U192 -> U249 -> U180 -> U263 -> U312 -> U264 -> U271 -> U272 -> U176 -> U274 -> U186 -> OUT_R_REG_3_,b08
13,2.3076923076923075,21,1,9,1,0,0,DFF_Q_MAR_REG_1_,OUT_R_REG_3_,DFF_Q_MAR_REG_1_ -> U192 -> U249 -> U180 -> U263 -> U312 -> U264 -> U271 -> U272 -> U273 -> U275 -> U186 -> OUT_R_REG_3_,b08
13,2.4615384615384617,21,4,6,1,0,0,DFF_Q_MAR_REG_1_,OUT_R_REG_3_,DFF_Q_MAR_REG_1_ -> U192 -> U249 -> U180 -> U303 -> U221 -> U220 -> U271 -> U272 -> U176 -> U232 -> U186 -> OUT_R_REG_3_,b08
13,2.3076923076923075,21,4,6,1,0,0,DFF_Q_MAR_REG_1_,OUT_R_REG_3_,DFF_Q_MAR_REG_1_ -> U192 -> U249 -> U180 -> U303 -> U221 -> U220 -> U271 -> U272 -> U176 -> U274 -> U186 -> OUT_R_REG_3_,b08
13,2.3076923076923075,21,3,7,1,0,0,DFF_Q_MAR_REG_1_,OUT_R_REG_3_,DFF_Q_MAR_REG_1_ -> U192 -> U249 -> U180 -> U303 -> U221 -> U220 -> U271 -> U272 -> U273 -> U275 -> U186 -> OUT_R_REG_3_,b08
14,2.2857142857142856,22,3,7,2,0,0,DFF_Q_MAR_REG_1_,OUT_R_REG_3_,DFF_Q_MAR_REG_1_ -> U192 -> U249 -> U203 -> U259 -> U306 -> U221 -> U220 -> U271 -> U272 -> U176 -> U232 -> U186 -> OUT_R_REG_3_,b08
14,2.142857142857143,22,3,7,2,0,0,DFF_Q_MAR_REG_1_,OUT_R_REG_3_,DFF_Q_MAR_REG_1_ -> U192 -> U249 -> U203 -> U259 -> U306 -> U221 -> U220 -> U271 -> U272 -> U176 -> U274 -> U186 -> OUT_R_REG_3_,b08
14,2.142857142857143,22,2,8,2,0,0,DFF_Q_MAR_REG_1_,OUT_R_REG_3_,DFF_Q_MAR_REG_1_ -> U192 -> U249 -> U203 -> U259 -> U306 -> U221 -> U220 -> U271 -> U272 -> U273 -> U275 -> U186 -> OUT_R_REG_3_,b08
13,2.3846153846153846,21,2,8,1,0,0,DFF_Q_MAR_REG_1_,OUT_R_REG_3_,DFF_Q_MAR_REG_1_ -> U192 -> U249 -> U203 -> U307 -> U266 -> U220 -> U271 -> U272 -> U176 -> U232 -> U186 -> OUT_R_REG_3_,b08
13,2.230769230769231,21,2,8,1,0,0,DFF_Q_MAR_REG_1_,OUT_R_REG_3_,DFF_Q_MAR_REG_1_ -> U192 -> U249 -> U203 -> U307 -> U266 -> U220 -> U271 -> U272 -> U176 -> U274 -> U186 -> OUT_R_REG_3_,b08
13,2.230769230769231,21,1,9,1,0,0,DFF_Q_MAR_REG_1_,OUT_R_REG_3_,DFF_Q_MAR_REG_1_ -> U192 -> U249 -> U203 -> U307 -> U266 -> U220 -> U271 -> U272 -> U273 -> U275 -> U186 -> OUT_R_REG_3_,b08
10,2.7,15,1,6,1,0,0,DFF_Q_MAR_REG_1_,OUT_R_REG_3_,DFF_Q_MAR_REG_1_ -> U192 -> U249 -> U261 -> U271 -> U272 -> U176 -> U232 -> U186 -> OUT_R_REG_3_,b08
10,2.5,15,1,6,1,0,0,DFF_Q_MAR_REG_1_,OUT_R_REG_3_,DFF_Q_MAR_REG_1_ -> U192 -> U249 -> U261 -> U271 -> U272 -> U176 -> U274 -> U186 -> OUT_R_REG_3_,b08
10,2.5,15,0,7,1,0,0,DFF_Q_MAR_REG_1_,OUT_R_REG_3_,DFF_Q_MAR_REG_1_ -> U192 -> U249 -> U261 -> U271 -> U272 -> U273 -> U275 -> U186 -> OUT_R_REG_3_,b08
13,2.3076923076923075,21,2,8,1,0,0,DFF_Q_MAR_REG_1_,OUT_R_REG_3_,DFF_Q_MAR_REG_1_ -> U192 -> U249 -> U267 -> U309 -> U269 -> U220 -> U271 -> U272 -> U176 -> U232 -> U186 -> OUT_R_REG_3_,b08
13,2.1538461538461537,21,2,8,1,0,0,DFF_Q_MAR_REG_1_,OUT_R_REG_3_,DFF_Q_MAR_REG_1_ -> U192 -> U249 -> U267 -> U309 -> U269 -> U220 -> U271 -> U272 -> U176 -> U274 -> U186 -> OUT_R_REG_3_,b08
13,2.1538461538461537,21,1,9,1,0,0,DFF_Q_MAR_REG_1_,OUT_R_REG_3_,DFF_Q_MAR_REG_1_ -> U192 -> U249 -> U267 -> U309 -> U269 -> U220 -> U271 -> U272 -> U273 -> U275 -> U186 -> OUT_R_REG_3_,b08
18,2.2777777777777777,29,3,10,3,0,0,DFF_Q_MAR_REG_1_,OUT_R_REG_3_,DFF_Q_MAR_REG_1_ -> U192 -> U250 -> U181 -> U200 -> U253 -> U201 -> U262 -> U265 -> U308 -> U266 -> U220 -> U271 -> U272 -> U176 -> U232 -> U186 -> OUT_R_REG_3_,b08
18,2.1666666666666665,29,3,10,3,0,0,DFF_Q_MAR_REG_1_,OUT_R_REG_3_,DFF_Q_MAR_REG_1_ -> U192 -> U250 -> U181 -> U200 -> U253 -> U201 -> U262 -> U265 -> U308 -> U266 -> U220 -> U271 -> U272 -> U176 -> U274 -> U186 -> OUT_R_REG_3_,b08
18,2.1666666666666665,29,2,11,3,0,0,DFF_Q_MAR_REG_1_,OUT_R_REG_3_,DFF_Q_MAR_REG_1_ -> U192 -> U250 -> U181 -> U200 -> U253 -> U201 -> U262 -> U265 -> U308 -> U266 -> U220 -> U271 -> U272 -> U273 -> U275 -> U186 -> OUT_R_REG_3_,b08
18,2.2777777777777777,29,3,10,3,0,0,DFF_Q_MAR_REG_1_,OUT_R_REG_3_,DFF_Q_MAR_REG_1_ -> U192 -> U250 -> U181 -> U200 -> U253 -> U201 -> U262 -> U267 -> U309 -> U269 -> U220 -> U271 -> U272 -> U176 -> U232 -> U186 -> OUT_R_REG_3_,b08
18,2.1666666666666665,29,3,10,3,0,0,DFF_Q_MAR_REG_1_,OUT_R_REG_3_,DFF_Q_MAR_REG_1_ -> U192 -> U250 -> U181 -> U200 -> U253 -> U201 -> U262 -> U267 -> U309 -> U269 -> U220 -> U271 -> U272 -> U176 -> U274 -> U186 -> OUT_R_REG_3_,b08
18,2.1666666666666665,29,2,11,3,0,0,DFF_Q_MAR_REG_1_,OUT_R_REG_3_,DFF_Q_MAR_REG_1_ -> U192 -> U250 -> U181 -> U200 -> U253 -> U201 -> U262 -> U267 -> U309 -> U269 -> U220 -> U271 -> U272 -> U273 -> U275 -> U186 -> OUT_R_REG_3_,b08
15,2.466666666666667,24,2,9,2,0,0,DFF_Q_MAR_REG_1_,OUT_R_REG_3_,DFF_Q_MAR_REG_1_ -> U192 -> U250 -> U181 -> U200 -> U253 -> U201 -> U311 -> U264 -> U271 -> U272 -> U176 -> U232 -> U186 -> OUT_R_REG_3_,b08
15,2.3333333333333335,24,2,9,2,0,0,DFF_Q_MAR_REG_1_,OUT_R_REG_3_,DFF_Q_MAR_REG_1_ -> U192 -> U250 -> U181 -> U200 -> U253 -> U201 -> U311 -> U264 -> U271 -> U272 -> U176 -> U274 -> U186 -> OUT_R_REG_3_,b08
15,2.3333333333333335,24,1,10,2,0,0,DFF_Q_MAR_REG_1_,OUT_R_REG_3_,DFF_Q_MAR_REG_1_ -> U192 -> U250 -> U181 -> U200 -> U253 -> U201 -> U311 -> U264 -> U271 -> U272 -> U273 -> U275 -> U186 -> OUT_R_REG_3_,b08
17,2.2941176470588234,27,4,8,3,0,0,DFF_Q_MAR_REG_1_,OUT_R_REG_3_,DFF_Q_MAR_REG_1_ -> U192 -> U250 -> U181 -> U200 -> U253 -> U203 -> U259 -> U306 -> U221 -> U220 -> U271 -> U272 -> U176 -> U232 -> U186 -> OUT_R_REG_3_,b08
17,2.176470588235294,27,4,8,3,0,0,DFF_Q_MAR_REG_1_,OUT_R_REG_3_,DFF_Q_MAR_REG_1_ -> U192 -> U250 -> U181 -> U200 -> U253 -> U203 -> U259 -> U306 -> U221 -> U220 -> U271 -> U272 -> U176 -> U274 -> U186 -> OUT_R_REG_3_,b08
17,2.176470588235294,27,3,9,3,0,0,DFF_Q_MAR_REG_1_,OUT_R_REG_3_,DFF_Q_MAR_REG_1_ -> U192 -> U250 -> U181 -> U200 -> U253 -> U203 -> U259 -> U306 -> U221 -> U220 -> U271 -> U272 -> U273 -> U275 -> U186 -> OUT_R_REG_3_,b08
16,2.375,26,3,9,2,0,0,DFF_Q_MAR_REG_1_,OUT_R_REG_3_,DFF_Q_MAR_REG_1_ -> U192 -> U250 -> U181 -> U200 -> U253 -> U203 -> U307 -> U266 -> U220 -> U271 -> U272 -> U176 -> U232 -> U186 -> OUT_R_REG_3_,b08
16,2.25,26,3,9,2,0,0,DFF_Q_MAR_REG_1_,OUT_R_REG_3_,DFF_Q_MAR_REG_1_ -> U192 -> U250 -> U181 -> U200 -> U253 -> U203 -> U307 -> U266 -> U220 -> U271 -> U272 -> U176 -> U274 -> U186 -> OUT_R_REG_3_,b08
16,2.25,26,2,10,2,0,0,DFF_Q_MAR_REG_1_,OUT_R_REG_3_,DFF_Q_MAR_REG_1_ -> U192 -> U250 -> U181 -> U200 -> U253 -> U203 -> U307 -> U266 -> U220 -> U271 -> U272 -> U273 -> U275 -> U186 -> OUT_R_REG_3_,b08
10,2.6,14,1,5,2,0,0,DFF_Q_MAR_REG_1_,OUT_R_REG_3_,DFF_Q_MAR_REG_1_ -> U192 -> U250 -> U181 -> U200 -> U253 -> U256 -> U274 -> U186 -> OUT_R_REG_3_,b08
15,2.466666666666667,24,2,9,2,0,0,DFF_Q_MAR_REG_1_,OUT_R_REG_3_,DFF_Q_MAR_REG_1_ -> U192 -> U250 -> U181 -> U200 -> U253 -> U256 -> U313 -> U258 -> U271 -> U272 -> U176 -> U232 -> U186 -> OUT_R_REG_3_,b08
15,2.3333333333333335,24,2,9,2,0,0,DFF_Q_MAR_REG_1_,OUT_R_REG_3_,DFF_Q_MAR_REG_1_ -> U192 -> U250 -> U181 -> U200 -> U253 -> U256 -> U313 -> U258 -> U271 -> U272 -> U176 -> U274 -> U186 -> OUT_R_REG_3_,b08
15,2.3333333333333335,24,1,10,2,0,0,DFF_Q_MAR_REG_1_,OUT_R_REG_3_,DFF_Q_MAR_REG_1_ -> U192 -> U250 -> U181 -> U200 -> U253 -> U256 -> U313 -> U258 -> U271 -> U272 -> U273 -> U275 -> U186 -> OUT_R_REG_3_,b08
15,2.4,24,4,7,2,0,0,DFF_Q_MAR_REG_1_,OUT_R_REG_3_,DFF_Q_MAR_REG_1_ -> U192 -> U250 -> U181 -> U200 -> U253 -> U304 -> U221 -> U220 -> U271 -> U272 -> U176 -> U232 -> U186 -> OUT_R_REG_3_,b08
15,2.2666666666666666,24,4,7,2,0,0,DFF_Q_MAR_REG_1_,OUT_R_REG_3_,DFF_Q_MAR_REG_1_ -> U192 -> U250 -> U181 -> U200 -> U253 -> U304 -> U221 -> U220 -> U271 -> U272 -> U176 -> U274 -> U186 -> OUT_R_REG_3_,b08
15,2.2666666666666666,24,3,8,2,0,0,DFF_Q_MAR_REG_1_,OUT_R_REG_3_,DFF_Q_MAR_REG_1_ -> U192 -> U250 -> U181 -> U200 -> U253 -> U304 -> U221 -> U220 -> U271 -> U272 -> U273 -> U275 -> U186 -> OUT_R_REG_3_,b08
15,2.4,24,4,7,2,0,0,DFF_Q_MAR_REG_1_,OUT_R_REG_3_,DFF_Q_MAR_REG_1_ -> U192 -> U250 -> U181 -> U200 -> U253 -> U305 -> U221 -> U220 -> U271 -> U272 -> U176 -> U232 -> U186 -> OUT_R_REG_3_,b08
15,2.2666666666666666,24,4,7,2,0,0,DFF_Q_MAR_REG_1_,OUT_R_REG_3_,DFF_Q_MAR_REG_1_ -> U192 -> U250 -> U181 -> U200 -> U253 -> U305 -> U221 -> U220 -> U271 -> U272 -> U176 -> U274 -> U186 -> OUT_R_REG_3_,b08
15,2.2666666666666666,24,3,8,2,0,0,DFF_Q_MAR_REG_1_,OUT_R_REG_3_,DFF_Q_MAR_REG_1_ -> U192 -> U250 -> U181 -> U200 -> U253 -> U305 -> U221 -> U220 -> U271 -> U272 -> U273 -> U275 -> U186 -> OUT_R_REG_3_,b08
13,2.3076923076923075,21,2,8,1,0,0,DFF_Q_MAR_REG_1_,OUT_R_REG_3_,DFF_Q_MAR_REG_1_ -> U192 -> U250 -> U181 -> U200 -> U315 -> U261 -> U271 -> U272 -> U176 -> U232 -> U186 -> OUT_R_REG_3_,b08
13,2.1538461538461537,21,2,8,1,0,0,DFF_Q_MAR_REG_1_,OUT_R_REG_3_,DFF_Q_MAR_REG_1_ -> U192 -> U250 -> U181 -> U200 -> U315 -> U261 -> U271 -> U272 -> U176 -> U274 -> U186 -> OUT_R_REG_3_,b08
13,2.1538461538461537,21,1,9,1,0,0,DFF_Q_MAR_REG_1_,OUT_R_REG_3_,DFF_Q_MAR_REG_1_ -> U192 -> U250 -> U181 -> U200 -> U315 -> U261 -> U271 -> U272 -> U273 -> U275 -> U186 -> OUT_R_REG_3_,b08
13,2.230769230769231,21,2,8,1,0,0,DFF_Q_MAR_REG_1_,OUT_R_REG_3_,DFF_Q_MAR_REG_1_ -> U192 -> U250 -> U181 -> U260 -> U316 -> U261 -> U271 -> U272 -> U176 -> U232 -> U186 -> OUT_R_REG_3_,b08
13,2.076923076923077,21,2,8,1,0,0,DFF_Q_MAR_REG_1_,OUT_R_REG_3_,DFF_Q_MAR_REG_1_ -> U192 -> U250 -> U181 -> U260 -> U316 -> U261 -> U271 -> U272 -> U176 -> U274 -> U186 -> OUT_R_REG_3_,b08
13,2.076923076923077,21,1,9,1,0,0,DFF_Q_MAR_REG_1_,OUT_R_REG_3_,DFF_Q_MAR_REG_1_ -> U192 -> U250 -> U181 -> U260 -> U316 -> U261 -> U271 -> U272 -> U273 -> U275 -> U186 -> OUT_R_REG_3_,b08
15,2.2,24,2,9,2,0,0,DFF_Q_MAR_REG_1_,OUT_R_REG_3_,DFF_Q_MAR_REG_1_ -> U192 -> U250 -> U199 -> U252 -> U180 -> U257 -> U314 -> U258 -> U271 -> U272 -> U176 -> U232 -> U186 -> OUT_R_REG_3_,b08
15,2.066666666666667,24,2,9,2,0,0,DFF_Q_MAR_REG_1_,OUT_R_REG_3_,DFF_Q_MAR_REG_1_ -> U192 -> U250 -> U199 -> U252 -> U180 -> U257 -> U314 -> U258 -> U271 -> U272 -> U176 -> U274 -> U186 -> OUT_R_REG_3_,b08
15,2.066666666666667,24,1,10,2,0,0,DFF_Q_MAR_REG_1_,OUT_R_REG_3_,DFF_Q_MAR_REG_1_ -> U192 -> U250 -> U199 -> U252 -> U180 -> U257 -> U314 -> U258 -> U271 -> U272 -> U273 -> U275 -> U186 -> OUT_R_REG_3_,b08
15,2.2,24,2,9,2,0,0,DFF_Q_MAR_REG_1_,OUT_R_REG_3_,DFF_Q_MAR_REG_1_ -> U192 -> U250 -> U199 -> U252 -> U180 -> U263 -> U312 -> U264 -> U271 -> U272 -> U176 -> U232 -> U186 -> OUT_R_REG_3_,b08
15,2.066666666666667,24,2,9,2,0,0,DFF_Q_MAR_REG_1_,OUT_R_REG_3_,DFF_Q_MAR_REG_1_ -> U192 -> U250 -> U199 -> U252 -> U180 -> U263 -> U312 -> U264 -> U271 -> U272 -> U176 -> U274 -> U186 -> OUT_R_REG_3_,b08
15,2.066666666666667,24,1,10,2,0,0,DFF_Q_MAR_REG_1_,OUT_R_REG_3_,DFF_Q_MAR_REG_1_ -> U192 -> U250 -> U199 -> U252 -> U180 -> U263 -> U312 -> U264 -> U271 -> U272 -> U273 -> U275 -> U186 -> OUT_R_REG_3_,b08
15,2.2,24,4,7,2,0,0,DFF_Q_MAR_REG_1_,OUT_R_REG_3_,DFF_Q_MAR_REG_1_ -> U192 -> U250 -> U199 -> U252 -> U180 -> U303 -> U221 -> U220 -> U271 -> U272 -> U176 -> U232 -> U186 -> OUT_R_REG_3_,b08
15,2.066666666666667,24,4,7,2,0,0,DFF_Q_MAR_REG_1_,OUT_R_REG_3_,DFF_Q_MAR_REG_1_ -> U192 -> U250 -> U199 -> U252 -> U180 -> U303 -> U221 -> U220 -> U271 -> U272 -> U176 -> U274 -> U186 -> OUT_R_REG_3_,b08
15,2.066666666666667,24,3,8,2,0,0,DFF_Q_MAR_REG_1_,OUT_R_REG_3_,DFF_Q_MAR_REG_1_ -> U192 -> U250 -> U199 -> U252 -> U180 -> U303 -> U221 -> U220 -> U271 -> U272 -> U273 -> U275 -> U186 -> OUT_R_REG_3_,b08
6,3.0,8,0,3,0,1,0,DFF_Q_MAR_REG_1_,OUT_R_REG_3_,DFF_Q_MAR_REG_1_ -> U247 -> U256 -> U274 -> U186 -> OUT_R_REG_3_,b08
11,2.6363636363636362,18,1,7,0,1,0,DFF_Q_MAR_REG_1_,OUT_R_REG_3_,DFF_Q_MAR_REG_1_ -> U247 -> U256 -> U313 -> U258 -> U271 -> U272 -> U176 -> U232 -> U186 -> OUT_R_REG_3_,b08
11,2.4545454545454546,18,1,7,0,1,0,DFF_Q_MAR_REG_1_,OUT_R_REG_3_,DFF_Q_MAR_REG_1_ -> U247 -> U256 -> U313 -> U258 -> U271 -> U272 -> U176 -> U274 -> U186 -> OUT_R_REG_3_,b08
11,2.4545454545454546,18,0,8,0,1,0,DFF_Q_MAR_REG_1_,OUT_R_REG_3_,DFF_Q_MAR_REG_1_ -> U247 -> U256 -> U313 -> U258 -> U271 -> U272 -> U273 -> U275 -> U186 -> OUT_R_REG_3_,b08
9,2.888888888888889,14,1,5,0,1,0,DFF_Q_MAR_REG_1_,OUT_R_REG_3_,DFF_Q_MAR_REG_1_ -> U247 -> U261 -> U271 -> U272 -> U176 -> U232 -> U186 -> OUT_R_REG_3_,b08
9,2.6666666666666665,14,1,5,0,1,0,DFF_Q_MAR_REG_1_,OUT_R_REG_3_,DFF_Q_MAR_REG_1_ -> U247 -> U261 -> U271 -> U272 -> U176 -> U274 -> U186 -> OUT_R_REG_3_,b08
9,2.6666666666666665,14,0,6,0,1,0,DFF_Q_MAR_REG_1_,OUT_R_REG_3_,DFF_Q_MAR_REG_1_ -> U247 -> U261 -> U271 -> U272 -> U273 -> U275 -> U186 -> OUT_R_REG_3_,b08
9,2.888888888888889,14,1,5,0,1,0,DFF_Q_MAR_REG_1_,OUT_R_REG_3_,DFF_Q_MAR_REG_1_ -> U247 -> U264 -> U271 -> U272 -> U176 -> U232 -> U186 -> OUT_R_REG_3_,b08
9,2.6666666666666665,14,1,5,0,1,0,DFF_Q_MAR_REG_1_,OUT_R_REG_3_,DFF_Q_MAR_REG_1_ -> U247 -> U264 -> U271 -> U272 -> U176 -> U274 -> U186 -> OUT_R_REG_3_,b08
9,2.6666666666666665,14,0,6,0,1,0,DFF_Q_MAR_REG_1_,OUT_R_REG_3_,DFF_Q_MAR_REG_1_ -> U247 -> U264 -> U271 -> U272 -> U273 -> U275 -> U186 -> OUT_R_REG_3_,b08
10,2.7,16,2,5,0,1,0,DFF_Q_MAR_REG_1_,OUT_R_REG_3_,DFF_Q_MAR_REG_1_ -> U247 -> U266 -> U220 -> U271 -> U272 -> U176 -> U232 -> U186 -> OUT_R_REG_3_,b08
10,2.5,16,2,5,0,1,0,DFF_Q_MAR_REG_1_,OUT_R_REG_3_,DFF_Q_MAR_REG_1_ -> U247 -> U266 -> U220 -> U271 -> U272 -> U176 -> U274 -> U186 -> OUT_R_REG_3_,b08
10,2.5,16,1,6,0,1,0,DFF_Q_MAR_REG_1_,OUT_R_REG_3_,DFF_Q_MAR_REG_1_ -> U247 -> U266 -> U220 -> U271 -> U272 -> U273 -> U275 -> U186 -> OUT_R_REG_3_,b08
10,2.7,16,2,5,0,1,0,DFF_Q_MAR_REG_1_,OUT_R_REG_3_,DFF_Q_MAR_REG_1_ -> U247 -> U269 -> U220 -> U271 -> U272 -> U176 -> U232 -> U186 -> OUT_R_REG_3_,b08
10,2.5,16,2,5,0,1,0,DFF_Q_MAR_REG_1_,OUT_R_REG_3_,DFF_Q_MAR_REG_1_ -> U247 -> U269 -> U220 -> U271 -> U272 -> U176 -> U274 -> U186 -> OUT_R_REG_3_,b08
10,2.5,16,1,6,0,1,0,DFF_Q_MAR_REG_1_,OUT_R_REG_3_,DFF_Q_MAR_REG_1_ -> U247 -> U269 -> U220 -> U271 -> U272 -> U273 -> U275 -> U186 -> OUT_R_REG_3_,b08
11,2.5454545454545454,18,3,5,0,1,0,DFF_Q_MAR_REG_1_,OUT_R_REG_3_,DFF_Q_MAR_REG_1_ -> U247 -> U303 -> U221 -> U220 -> U271 -> U272 -> U176 -> U232 -> U186 -> OUT_R_REG_3_,b08
11,2.3636363636363638,18,3,5,0,1,0,DFF_Q_MAR_REG_1_,OUT_R_REG_3_,DFF_Q_MAR_REG_1_ -> U247 -> U303 -> U221 -> U220 -> U271 -> U272 -> U176 -> U274 -> U186 -> OUT_R_REG_3_,b08
11,2.3636363636363638,18,2,6,0,1,0,DFF_Q_MAR_REG_1_,OUT_R_REG_3_,DFF_Q_MAR_REG_1_ -> U247 -> U303 -> U221 -> U220 -> U271 -> U272 -> U273 -> U275 -> U186 -> OUT_R_REG_3_,b08
11,2.5454545454545454,18,3,5,0,1,0,DFF_Q_MAR_REG_1_,OUT_R_REG_3_,DFF_Q_MAR_REG_1_ -> U247 -> U306 -> U221 -> U220 -> U271 -> U272 -> U176 -> U232 -> U186 -> OUT_R_REG_3_,b08
11,2.3636363636363638,18,3,5,0,1,0,DFF_Q_MAR_REG_1_,OUT_R_REG_3_,DFF_Q_MAR_REG_1_ -> U247 -> U306 -> U221 -> U220 -> U271 -> U272 -> U176 -> U274 -> U186 -> OUT_R_REG_3_,b08
11,2.3636363636363638,18,2,6,0,1,0,DFF_Q_MAR_REG_1_,OUT_R_REG_3_,DFF_Q_MAR_REG_1_ -> U247 -> U306 -> U221 -> U220 -> U271 -> U272 -> U273 -> U275 -> U186 -> OUT_R_REG_3_,b08
13,2.230769230769231,22,3,8,0,0,0,DFF_Q_MAR_REG_1_,OUT_R_REG_3_,DFF_Q_MAR_REG_1_ -> U251 -> U179 -> U182 -> U260 -> U316 -> U261 -> U271 -> U272 -> U176 -> U232 -> U186 -> OUT_R_REG_3_,b08
13,2.076923076923077,22,3,8,0,0,0,DFF_Q_MAR_REG_1_,OUT_R_REG_3_,DFF_Q_MAR_REG_1_ -> U251 -> U179 -> U182 -> U260 -> U316 -> U261 -> U271 -> U272 -> U176 -> U274 -> U186 -> OUT_R_REG_3_,b08
13,2.076923076923077,22,2,9,0,0,0,DFF_Q_MAR_REG_1_,OUT_R_REG_3_,DFF_Q_MAR_REG_1_ -> U251 -> U179 -> U182 -> U260 -> U316 -> U261 -> U271 -> U272 -> U273 -> U275 -> U186 -> OUT_R_REG_3_,b08
14,2.142857142857143,24,4,8,0,0,0,DFF_Q_MAR_REG_1_,OUT_R_REG_3_,DFF_Q_MAR_REG_1_ -> U251 -> U179 -> U182 -> U268 -> U310 -> U269 -> U220 -> U271 -> U272 -> U176 -> U232 -> U186 -> OUT_R_REG_3_,b08
14,2.0,24,4,8,0,0,0,DFF_Q_MAR_REG_1_,OUT_R_REG_3_,DFF_Q_MAR_REG_1_ -> U251 -> U179 -> U182 -> U268 -> U310 -> U269 -> U220 -> U271 -> U272 -> U176 -> U274 -> U186 -> OUT_R_REG_3_,b08
14,2.0,24,3,9,0,0,0,DFF_Q_MAR_REG_1_,OUT_R_REG_3_,DFF_Q_MAR_REG_1_ -> U251 -> U179 -> U182 -> U268 -> U310 -> U269 -> U220 -> U271 -> U272 -> U273 -> U275 -> U186 -> OUT_R_REG_3_,b08
13,2.230769230769231,22,5,6,0,0,0,DFF_Q_MAR_REG_1_,OUT_R_REG_3_,DFF_Q_MAR_REG_1_ -> U251 -> U179 -> U182 -> U305 -> U221 -> U220 -> U271 -> U272 -> U176 -> U232 -> U186 -> OUT_R_REG_3_,b08
13,2.076923076923077,22,5,6,0,0,0,DFF_Q_MAR_REG_1_,OUT_R_REG_3_,DFF_Q_MAR_REG_1_ -> U251 -> U179 -> U182 -> U305 -> U221 -> U220 -> U271 -> U272 -> U176 -> U274 -> U186 -> OUT_R_REG_3_,b08
13,2.076923076923077,22,4,7,0,0,0,DFF_Q_MAR_REG_1_,OUT_R_REG_3_,DFF_Q_MAR_REG_1_ -> U251 -> U179 -> U182 -> U305 -> U221 -> U220 -> U271 -> U272 -> U273 -> U275 -> U186 -> OUT_R_REG_3_,b08
15,2.1333333333333333,25,3,9,1,0,0,DFF_Q_MAR_REG_1_,OUT_R_REG_3_,DFF_Q_MAR_REG_1_ -> U251 -> U179 -> U199 -> U252 -> U180 -> U257 -> U314 -> U258 -> U271 -> U272 -> U176 -> U232 -> U186 -> OUT_R_REG_3_,b08
15,2.0,25,3,9,1,0,0,DFF_Q_MAR_REG_1_,OUT_R_REG_3_,DFF_Q_MAR_REG_1_ -> U251 -> U179 -> U199 -> U252 -> U180 -> U257 -> U314 -> U258 -> U271 -> U272 -> U176 -> U274 -> U186 -> OUT_R_REG_3_,b08
15,2.0,25,2,10,1,0,0,DFF_Q_MAR_REG_1_,OUT_R_REG_3_,DFF_Q_MAR_REG_1_ -> U251 -> U179 -> U199 -> U252 -> U180 -> U257 -> U314 -> U258 -> U271 -> U272 -> U273 -> U275 -> U186 -> OUT_R_REG_3_,b08
15,2.1333333333333333,25,3,9,1,0,0,DFF_Q_MAR_REG_1_,OUT_R_REG_3_,DFF_Q_MAR_REG_1_ -> U251 -> U179 -> U199 -> U252 -> U180 -> U263 -> U312 -> U264 -> U271 -> U272 -> U176 -> U232 -> U186 -> OUT_R_REG_3_,b08
15,2.0,25,3,9,1,0,0,DFF_Q_MAR_REG_1_,OUT_R_REG_3_,DFF_Q_MAR_REG_1_ -> U251 -> U179 -> U199 -> U252 -> U180 -> U263 -> U312 -> U264 -> U271 -> U272 -> U176 -> U274 -> U186 -> OUT_R_REG_3_,b08
15,2.0,25,2,10,1,0,0,DFF_Q_MAR_REG_1_,OUT_R_REG_3_,DFF_Q_MAR_REG_1_ -> U251 -> U179 -> U199 -> U252 -> U180 -> U263 -> U312 -> U264 -> U271 -> U272 -> U273 -> U275 -> U186 -> OUT_R_REG_3_,b08
15,2.1333333333333333,25,5,7,1,0,0,DFF_Q_MAR_REG_1_,OUT_R_REG_3_,DFF_Q_MAR_REG_1_ -> U251 -> U179 -> U199 -> U252 -> U180 -> U303 -> U221 -> U220 -> U271 -> U272 -> U176 -> U232 -> U186 -> OUT_R_REG_3_,b08
15,2.0,25,5,7,1,0,0,DFF_Q_MAR_REG_1_,OUT_R_REG_3_,DFF_Q_MAR_REG_1_ -> U251 -> U179 -> U199 -> U252 -> U180 -> U303 -> U221 -> U220 -> U271 -> U272 -> U176 -> U274 -> U186 -> OUT_R_REG_3_,b08
15,2.0,25,4,8,1,0,0,DFF_Q_MAR_REG_1_,OUT_R_REG_3_,DFF_Q_MAR_REG_1_ -> U251 -> U179 -> U199 -> U252 -> U180 -> U303 -> U221 -> U220 -> U271 -> U272 -> U273 -> U275 -> U186 -> OUT_R_REG_3_,b08
14,2.0714285714285716,23,4,7,1,0,0,DFF_Q_MAR_REG_1_,OUT_R_REG_3_,DFF_Q_MAR_REG_1_ -> U251 -> U179 -> U203 -> U259 -> U306 -> U221 -> U220 -> U271 -> U272 -> U176 -> U232 -> U186 -> OUT_R_REG_3_,b08
14,1.9285714285714286,23,4,7,1,0,0,DFF_Q_MAR_REG_1_,OUT_R_REG_3_,DFF_Q_MAR_REG_1_ -> U251 -> U179 -> U203 -> U259 -> U306 -> U221 -> U220 -> U271 -> U272 -> U176 -> U274 -> U186 -> OUT_R_REG_3_,b08
14,1.9285714285714286,23,3,8,1,0,0,DFF_Q_MAR_REG_1_,OUT_R_REG_3_,DFF_Q_MAR_REG_1_ -> U251 -> U179 -> U203 -> U259 -> U306 -> U221 -> U220 -> U271 -> U272 -> U273 -> U275 -> U186 -> OUT_R_REG_3_,b08
13,2.1538461538461537,22,3,8,0,0,0,DFF_Q_MAR_REG_1_,OUT_R_REG_3_,DFF_Q_MAR_REG_1_ -> U251 -> U179 -> U203 -> U307 -> U266 -> U220 -> U271 -> U272 -> U176 -> U232 -> U186 -> OUT_R_REG_3_,b08
13,2.0,22,3,8,0,0,0,DFF_Q_MAR_REG_1_,OUT_R_REG_3_,DFF_Q_MAR_REG_1_ -> U251 -> U179 -> U203 -> U307 -> U266 -> U220 -> U271 -> U272 -> U176 -> U274 -> U186 -> OUT_R_REG_3_,b08
13,2.0,22,2,9,0,0,0,DFF_Q_MAR_REG_1_,OUT_R_REG_3_,DFF_Q_MAR_REG_1_ -> U251 -> U179 -> U203 -> U307 -> U266 -> U220 -> U271 -> U272 -> U273 -> U275 -> U186 -> OUT_R_REG_3_,b08
11,2.272727272727273,18,3,6,0,0,0,DFF_Q_MAR_REG_1_,OUT_R_REG_3_,DFF_Q_MAR_REG_1_ -> U251 -> U179 -> U270 -> U220 -> U271 -> U272 -> U176 -> U232 -> U186 -> OUT_R_REG_3_,b08
11,2.090909090909091,18,3,6,0,0,0,DFF_Q_MAR_REG_1_,OUT_R_REG_3_,DFF_Q_MAR_REG_1_ -> U251 -> U179 -> U270 -> U220 -> U271 -> U272 -> U176 -> U274 -> U186 -> OUT_R_REG_3_,b08
11,2.090909090909091,18,2,7,0,0,0,DFF_Q_MAR_REG_1_,OUT_R_REG_3_,DFF_Q_MAR_REG_1_ -> U251 -> U179 -> U270 -> U220 -> U271 -> U272 -> U273 -> U275 -> U186 -> OUT_R_REG_3_,b08
6,2.3333333333333335,8,0,4,0,0,0,DFF_Q_MAR_REG_1_,OUT_R_REG_3_,DFF_Q_MAR_REG_1_ -> U251 -> U202 -> U232 -> U186 -> OUT_R_REG_3_,b08
13,1.9230769230769231,21,3,7,1,0,0,DFF_Q_MAR_REG_1_,OUT_R_REG_3_,DFF_Q_MAR_REG_1_ -> U251 -> U202 -> U255 -> U304 -> U221 -> U220 -> U271 -> U272 -> U176 -> U232 -> U186 -> OUT_R_REG_3_,b08
13,1.7692307692307692,21,3,7,1,0,0,DFF_Q_MAR_REG_1_,OUT_R_REG_3_,DFF_Q_MAR_REG_1_ -> U251 -> U202 -> U255 -> U304 -> U221 -> U220 -> U271 -> U272 -> U176 -> U274 -> U186 -> OUT_R_REG_3_,b08
13,1.7692307692307692,21,2,8,1,0,0,DFF_Q_MAR_REG_1_,OUT_R_REG_3_,DFF_Q_MAR_REG_1_ -> U251 -> U202 -> U255 -> U304 -> U221 -> U220 -> U271 -> U272 -> U273 -> U275 -> U186 -> OUT_R_REG_3_,b08
12,2.3333333333333335,20,2,8,0,0,0,DFF_Q_MAR_REG_1_,OUT_R_REG_3_,DFF_Q_MAR_REG_1_ -> U254 -> U182 -> U260 -> U316 -> U261 -> U271 -> U272 -> U176 -> U232 -> U186 -> OUT_R_REG_3_,b08
12,2.1666666666666665,20,2,8,0,0,0,DFF_Q_MAR_REG_1_,OUT_R_REG_3_,DFF_Q_MAR_REG_1_ -> U254 -> U182 -> U260 -> U316 -> U261 -> U271 -> U272 -> U176 -> U274 -> U186 -> OUT_R_REG_3_,b08
12,2.1666666666666665,20,1,9,0,0,0,DFF_Q_MAR_REG_1_,OUT_R_REG_3_,DFF_Q_MAR_REG_1_ -> U254 -> U182 -> U260 -> U316 -> U261 -> U271 -> U272 -> U273 -> U275 -> U186 -> OUT_R_REG_3_,b08
13,2.230769230769231,22,3,8,0,0,0,DFF_Q_MAR_REG_1_,OUT_R_REG_3_,DFF_Q_MAR_REG_1_ -> U254 -> U182 -> U268 -> U310 -> U269 -> U220 -> U271 -> U272 -> U176 -> U232 -> U186 -> OUT_R_REG_3_,b08
13,2.076923076923077,22,3,8,0,0,0,DFF_Q_MAR_REG_1_,OUT_R_REG_3_,DFF_Q_MAR_REG_1_ -> U254 -> U182 -> U268 -> U310 -> U269 -> U220 -> U271 -> U272 -> U176 -> U274 -> U186 -> OUT_R_REG_3_,b08
13,2.076923076923077,22,2,9,0,0,0,DFF_Q_MAR_REG_1_,OUT_R_REG_3_,DFF_Q_MAR_REG_1_ -> U254 -> U182 -> U268 -> U310 -> U269 -> U220 -> U271 -> U272 -> U273 -> U275 -> U186 -> OUT_R_REG_3_,b08
12,2.3333333333333335,20,4,6,0,0,0,DFF_Q_MAR_REG_1_,OUT_R_REG_3_,DFF_Q_MAR_REG_1_ -> U254 -> U182 -> U305 -> U221 -> U220 -> U271 -> U272 -> U176 -> U232 -> U186 -> OUT_R_REG_3_,b08
12,2.1666666666666665,20,4,6,0,0,0,DFF_Q_MAR_REG_1_,OUT_R_REG_3_,DFF_Q_MAR_REG_1_ -> U254 -> U182 -> U305 -> U221 -> U220 -> U271 -> U272 -> U176 -> U274 -> U186 -> OUT_R_REG_3_,b08
12,2.1666666666666665,20,3,7,0,0,0,DFF_Q_MAR_REG_1_,OUT_R_REG_3_,DFF_Q_MAR_REG_1_ -> U254 -> U182 -> U305 -> U221 -> U220 -> U271 -> U272 -> U273 -> U275 -> U186 -> OUT_R_REG_3_,b08
6,2.8333333333333335,8,0,4,0,0,0,DFF_Q_MAR_REG_1_,OUT_R_REG_3_,DFF_Q_MAR_REG_1_ -> U254 -> U202 -> U232 -> U186 -> OUT_R_REG_3_,b08
13,2.1538461538461537,21,3,7,1,0,0,DFF_Q_MAR_REG_1_,OUT_R_REG_3_,DFF_Q_MAR_REG_1_ -> U254 -> U202 -> U255 -> U304 -> U221 -> U220 -> U271 -> U272 -> U176 -> U232 -> U186 -> OUT_R_REG_3_,b08
13,2.0,21,3,7,1,0,0,DFF_Q_MAR_REG_1_,OUT_R_REG_3_,DFF_Q_MAR_REG_1_ -> U254 -> U202 -> U255 -> U304 -> U221 -> U220 -> U271 -> U272 -> U176 -> U274 -> U186 -> OUT_R_REG_3_,b08
13,2.0,21,2,8,1,0,0,DFF_Q_MAR_REG_1_,OUT_R_REG_3_,DFF_Q_MAR_REG_1_ -> U254 -> U202 -> U255 -> U304 -> U221 -> U220 -> U271 -> U272 -> U273 -> U275 -> U186 -> OUT_R_REG_3_,b08
9,2.5555555555555554,14,1,6,0,0,0,DFF_Q_MAR_REG_1_,OUT_R_REG_3_,DFF_Q_MAR_REG_1_ -> U254 -> U258 -> U271 -> U272 -> U176 -> U232 -> U186 -> OUT_R_REG_3_,b08
9,2.3333333333333335,14,1,6,0,0,0,DFF_Q_MAR_REG_1_,OUT_R_REG_3_,DFF_Q_MAR_REG_1_ -> U254 -> U258 -> U271 -> U272 -> U176 -> U274 -> U186 -> OUT_R_REG_3_,b08
9,2.3333333333333335,14,0,7,0,0,0,DFF_Q_MAR_REG_1_,OUT_R_REG_3_,DFF_Q_MAR_REG_1_ -> U254 -> U258 -> U271 -> U272 -> U273 -> U275 -> U186 -> OUT_R_REG_3_,b08
11,2.272727272727273,18,1,8,0,0,0,DFF_Q_MAR_REG_1_,OUT_R_REG_3_,DFF_Q_MAR_REG_1_ -> U254 -> U263 -> U312 -> U264 -> U271 -> U272 -> U176 -> U232 -> U186 -> OUT_R_REG_3_,b08
11,2.090909090909091,18,1,8,0,0,0,DFF_Q_MAR_REG_1_,OUT_R_REG_3_,DFF_Q_MAR_REG_1_ -> U254 -> U263 -> U312 -> U264 -> U271 -> U272 -> U176 -> U274 -> U186 -> OUT_R_REG_3_,b08
11,2.090909090909091,18,0,9,0,0,0,DFF_Q_MAR_REG_1_,OUT_R_REG_3_,DFF_Q_MAR_REG_1_ -> U254 -> U263 -> U312 -> U264 -> U271 -> U272 -> U273 -> U275 -> U186 -> OUT_R_REG_3_,b08
12,2.1666666666666665,20,2,8,0,0,0,DFF_Q_MAR_REG_1_,OUT_R_REG_3_,DFF_Q_MAR_REG_1_ -> U254 -> U265 -> U308 -> U266 -> U220 -> U271 -> U272 -> U176 -> U232 -> U186 -> OUT_R_REG_3_,b08
12,2.0,20,2,8,0,0,0,DFF_Q_MAR_REG_1_,OUT_R_REG_3_,DFF_Q_MAR_REG_1_ -> U254 -> U265 -> U308 -> U266 -> U220 -> U271 -> U272 -> U176 -> U274 -> U186 -> OUT_R_REG_3_,b08
12,2.0,20,1,9,0,0,0,DFF_Q_MAR_REG_1_,OUT_R_REG_3_,DFF_Q_MAR_REG_1_ -> U254 -> U265 -> U308 -> U266 -> U220 -> U271 -> U272 -> U273 -> U275 -> U186 -> OUT_R_REG_3_,b08
14,2.142857142857143,24,4,8,0,0,0,DFF_Q_MAR_REG_1_,OUT_R_REG_2_,DFF_Q_MAR_REG_1_ -> U178 -> U195 -> U179 -> U182 -> U260 -> U316 -> U261 -> U271 -> U272 -> U176 -> U276 -> U185 -> OUT_R_REG_2_,b08
14,2.142857142857143,24,3,9,0,0,0,DFF_Q_MAR_REG_1_,OUT_R_REG_2_,DFF_Q_MAR_REG_1_ -> U178 -> U195 -> U179 -> U182 -> U260 -> U316 -> U261 -> U271 -> U272 -> U273 -> U277 -> U185 -> OUT_R_REG_2_,b08
15,2.066666666666667,26,5,8,0,0,0,DFF_Q_MAR_REG_1_,OUT_R_REG_2_,DFF_Q_MAR_REG_1_ -> U178 -> U195 -> U179 -> U182 -> U268 -> U310 -> U269 -> U220 -> U271 -> U272 -> U176 -> U276 -> U185 -> OUT_R_REG_2_,b08
15,2.066666666666667,26,4,9,0,0,0,DFF_Q_MAR_REG_1_,OUT_R_REG_2_,DFF_Q_MAR_REG_1_ -> U178 -> U195 -> U179 -> U182 -> U268 -> U310 -> U269 -> U220 -> U271 -> U272 -> U273 -> U277 -> U185 -> OUT_R_REG_2_,b08
14,2.142857142857143,24,6,6,0,0,0,DFF_Q_MAR_REG_1_,OUT_R_REG_2_,DFF_Q_MAR_REG_1_ -> U178 -> U195 -> U179 -> U182 -> U305 -> U221 -> U220 -> U271 -> U272 -> U176 -> U276 -> U185 -> OUT_R_REG_2_,b08
14,2.142857142857143,24,5,7,0,0,0,DFF_Q_MAR_REG_1_,OUT_R_REG_2_,DFF_Q_MAR_REG_1_ -> U178 -> U195 -> U179 -> U182 -> U305 -> U221 -> U220 -> U271 -> U272 -> U273 -> U277 -> U185 -> OUT_R_REG_2_,b08
16,2.0625,27,4,9,1,0,0,DFF_Q_MAR_REG_1_,OUT_R_REG_2_,DFF_Q_MAR_REG_1_ -> U178 -> U195 -> U179 -> U199 -> U252 -> U180 -> U257 -> U314 -> U258 -> U271 -> U272 -> U176 -> U276 -> U185 -> OUT_R_REG_2_,b08
16,2.0625,27,3,10,1,0,0,DFF_Q_MAR_REG_1_,OUT_R_REG_2_,DFF_Q_MAR_REG_1_ -> U178 -> U195 -> U179 -> U199 -> U252 -> U180 -> U257 -> U314 -> U258 -> U271 -> U272 -> U273 -> U277 -> U185 -> OUT_R_REG_2_,b08
16,2.0625,27,4,9,1,0,0,DFF_Q_MAR_REG_1_,OUT_R_REG_2_,DFF_Q_MAR_REG_1_ -> U178 -> U195 -> U179 -> U199 -> U252 -> U180 -> U263 -> U312 -> U264 -> U271 -> U272 -> U176 -> U276 -> U185 -> OUT_R_REG_2_,b08
16,2.0625,27,3,10,1,0,0,DFF_Q_MAR_REG_1_,OUT_R_REG_2_,DFF_Q_MAR_REG_1_ -> U178 -> U195 -> U179 -> U199 -> U252 -> U180 -> U263 -> U312 -> U264 -> U271 -> U272 -> U273 -> U277 -> U185 -> OUT_R_REG_2_,b08
16,2.0625,27,6,7,1,0,0,DFF_Q_MAR_REG_1_,OUT_R_REG_2_,DFF_Q_MAR_REG_1_ -> U178 -> U195 -> U179 -> U199 -> U252 -> U180 -> U303 -> U221 -> U220 -> U271 -> U272 -> U176 -> U276 -> U185 -> OUT_R_REG_2_,b08
16,2.0625,27,5,8,1,0,0,DFF_Q_MAR_REG_1_,OUT_R_REG_2_,DFF_Q_MAR_REG_1_ -> U178 -> U195 -> U179 -> U199 -> U252 -> U180 -> U303 -> U221 -> U220 -> U271 -> U272 -> U273 -> U277 -> U185 -> OUT_R_REG_2_,b08
8,2.375,12,2,4,0,0,0,DFF_Q_MAR_REG_1_,OUT_R_REG_2_,DFF_Q_MAR_REG_1_ -> U178 -> U195 -> U179 -> U199 -> U276 -> U185 -> OUT_R_REG_2_,b08
15,2.0,25,5,7,1,0,0,DFF_Q_MAR_REG_1_,OUT_R_REG_2_,DFF_Q_MAR_REG_1_ -> U178 -> U195 -> U179 -> U203 -> U259 -> U306 -> U221 -> U220 -> U271 -> U272 -> U176 -> U276 -> U185 -> OUT_R_REG_2_,b08
15,2.0,25,4,8,1,0,0,DFF_Q_MAR_REG_1_,OUT_R_REG_2_,DFF_Q_MAR_REG_1_ -> U178 -> U195 -> U179 -> U203 -> U259 -> U306 -> U221 -> U220 -> U271 -> U272 -> U273 -> U277 -> U185 -> OUT_R_REG_2_,b08
14,2.0714285714285716,24,4,8,0,0,0,DFF_Q_MAR_REG_1_,OUT_R_REG_2_,DFF_Q_MAR_REG_1_ -> U178 -> U195 -> U179 -> U203 -> U307 -> U266 -> U220 -> U271 -> U272 -> U176 -> U276 -> U185 -> OUT_R_REG_2_,b08
14,2.0714285714285716,24,3,9,0,0,0,DFF_Q_MAR_REG_1_,OUT_R_REG_2_,DFF_Q_MAR_REG_1_ -> U178 -> U195 -> U179 -> U203 -> U307 -> U266 -> U220 -> U271 -> U272 -> U273 -> U277 -> U185 -> OUT_R_REG_2_,b08
12,2.1666666666666665,20,4,6,0,0,0,DFF_Q_MAR_REG_1_,OUT_R_REG_2_,DFF_Q_MAR_REG_1_ -> U178 -> U195 -> U179 -> U270 -> U220 -> U271 -> U272 -> U176 -> U276 -> U185 -> OUT_R_REG_2_,b08
12,2.1666666666666665,20,3,7,0,0,0,DFF_Q_MAR_REG_1_,OUT_R_REG_2_,DFF_Q_MAR_REG_1_ -> U178 -> U195 -> U179 -> U270 -> U220 -> U271 -> U272 -> U273 -> U277 -> U185 -> OUT_R_REG_2_,b08
15,1.8666666666666667,25,3,9,1,0,0,DFF_Q_MAR_REG_1_,OUT_R_REG_2_,DFF_Q_MAR_REG_1_ -> U178 -> U195 -> U201 -> U262 -> U265 -> U308 -> U266 -> U220 -> U271 -> U272 -> U176 -> U276 -> U185 -> OUT_R_REG_2_,b08
15,1.8666666666666667,25,2,10,1,0,0,DFF_Q_MAR_REG_1_,OUT_R_REG_2_,DFF_Q_MAR_REG_1_ -> U178 -> U195 -> U201 -> U262 -> U265 -> U308 -> U266 -> U220 -> U271 -> U272 -> U273 -> U277 -> U185 -> OUT_R_REG_2_,b08
15,1.8666666666666667,25,3,9,1,0,0,DFF_Q_MAR_REG_1_,OUT_R_REG_2_,DFF_Q_MAR_REG_1_ -> U178 -> U195 -> U201 -> U262 -> U267 -> U309 -> U269 -> U220 -> U271 -> U272 -> U176 -> U276 -> U185 -> OUT_R_REG_2_,b08
15,1.8666666666666667,25,2,10,1,0,0,DFF_Q_MAR_REG_1_,OUT_R_REG_2_,DFF_Q_MAR_REG_1_ -> U178 -> U195 -> U201 -> U262 -> U267 -> U309 -> U269 -> U220 -> U271 -> U272 -> U273 -> U277 -> U185 -> OUT_R_REG_2_,b08
12,2.0,20,2,8,0,0,0,DFF_Q_MAR_REG_1_,OUT_R_REG_2_,DFF_Q_MAR_REG_1_ -> U178 -> U195 -> U201 -> U311 -> U264 -> U271 -> U272 -> U176 -> U276 -> U185 -> OUT_R_REG_2_,b08
12,2.0,20,1,9,0,0,0,DFF_Q_MAR_REG_1_,OUT_R_REG_2_,DFF_Q_MAR_REG_1_ -> U178 -> U195 -> U201 -> U311 -> U264 -> U271 -> U272 -> U273 -> U277 -> U185 -> OUT_R_REG_2_,b08
17,2.235294117647059,28,3,10,2,0,0,DFF_Q_MAR_REG_1_,OUT_R_REG_2_,DFF_Q_MAR_REG_1_ -> U178 -> U198 -> U200 -> U253 -> U201 -> U262 -> U265 -> U308 -> U266 -> U220 -> U271 -> U272 -> U176 -> U276 -> U185 -> OUT_R_REG_2_,b08
17,2.235294117647059,28,2,11,2,0,0,DFF_Q_MAR_REG_1_,OUT_R_REG_2_,DFF_Q_MAR_REG_1_ -> U178 -> U198 -> U200 -> U253 -> U201 -> U262 -> U265 -> U308 -> U266 -> U220 -> U271 -> U272 -> U273 -> U277 -> U185 -> OUT_R_REG_2_,b08
17,2.235294117647059,28,3,10,2,0,0,DFF_Q_MAR_REG_1_,OUT_R_REG_2_,DFF_Q_MAR_REG_1_ -> U178 -> U198 -> U200 -> U253 -> U201 -> U262 -> U267 -> U309 -> U269 -> U220 -> U271 -> U272 -> U176 -> U276 -> U185 -> OUT_R_REG_2_,b08
17,2.235294117647059,28,2,11,2,0,0,DFF_Q_MAR_REG_1_,OUT_R_REG_2_,DFF_Q_MAR_REG_1_ -> U178 -> U198 -> U200 -> U253 -> U201 -> U262 -> U267 -> U309 -> U269 -> U220 -> U271 -> U272 -> U273 -> U277 -> U185 -> OUT_R_REG_2_,b08
14,2.4285714285714284,23,2,9,1,0,0,DFF_Q_MAR_REG_1_,OUT_R_REG_2_,DFF_Q_MAR_REG_1_ -> U178 -> U198 -> U200 -> U253 -> U201 -> U311 -> U264 -> U271 -> U272 -> U176 -> U276 -> U185 -> OUT_R_REG_2_,b08
14,2.4285714285714284,23,1,10,1,0,0,DFF_Q_MAR_REG_1_,OUT_R_REG_2_,DFF_Q_MAR_REG_1_ -> U178 -> U198 -> U200 -> U253 -> U201 -> U311 -> U264 -> U271 -> U272 -> U273 -> U277 -> U185 -> OUT_R_REG_2_,b08
16,2.25,26,4,8,2,0,0,DFF_Q_MAR_REG_1_,OUT_R_REG_2_,DFF_Q_MAR_REG_1_ -> U178 -> U198 -> U200 -> U253 -> U203 -> U259 -> U306 -> U221 -> U220 -> U271 -> U272 -> U176 -> U276 -> U185 -> OUT_R_REG_2_,b08
16,2.25,26,3,9,2,0,0,DFF_Q_MAR_REG_1_,OUT_R_REG_2_,DFF_Q_MAR_REG_1_ -> U178 -> U198 -> U200 -> U253 -> U203 -> U259 -> U306 -> U221 -> U220 -> U271 -> U272 -> U273 -> U277 -> U185 -> OUT_R_REG_2_,b08
15,2.3333333333333335,25,3,9,1,0,0,DFF_Q_MAR_REG_1_,OUT_R_REG_2_,DFF_Q_MAR_REG_1_ -> U178 -> U198 -> U200 -> U253 -> U203 -> U307 -> U266 -> U220 -> U271 -> U272 -> U176 -> U276 -> U185 -> OUT_R_REG_2_,b08
15,2.3333333333333335,25,2,10,1,0,0,DFF_Q_MAR_REG_1_,OUT_R_REG_2_,DFF_Q_MAR_REG_1_ -> U178 -> U198 -> U200 -> U253 -> U203 -> U307 -> U266 -> U220 -> U271 -> U272 -> U273 -> U277 -> U185 -> OUT_R_REG_2_,b08
14,2.4285714285714284,23,2,9,1,0,0,DFF_Q_MAR_REG_1_,OUT_R_REG_2_,DFF_Q_MAR_REG_1_ -> U178 -> U198 -> U200 -> U253 -> U256 -> U313 -> U258 -> U271 -> U272 -> U176 -> U276 -> U185 -> OUT_R_REG_2_,b08
14,2.4285714285714284,23,1,10,1,0,0,DFF_Q_MAR_REG_1_,OUT_R_REG_2_,DFF_Q_MAR_REG_1_ -> U178 -> U198 -> U200 -> U253 -> U256 -> U313 -> U258 -> U271 -> U272 -> U273 -> U277 -> U185 -> OUT_R_REG_2_,b08
14,2.357142857142857,23,4,7,1,0,0,DFF_Q_MAR_REG_1_,OUT_R_REG_2_,DFF_Q_MAR_REG_1_ -> U178 -> U198 -> U200 -> U253 -> U304 -> U221 -> U220 -> U271 -> U272 -> U176 -> U276 -> U185 -> OUT_R_REG_2_,b08
14,2.357142857142857,23,3,8,1,0,0,DFF_Q_MAR_REG_1_,OUT_R_REG_2_,DFF_Q_MAR_REG_1_ -> U178 -> U198 -> U200 -> U253 -> U304 -> U221 -> U220 -> U271 -> U272 -> U273 -> U277 -> U185 -> OUT_R_REG_2_,b08
14,2.357142857142857,23,4,7,1,0,0,DFF_Q_MAR_REG_1_,OUT_R_REG_2_,DFF_Q_MAR_REG_1_ -> U178 -> U198 -> U200 -> U253 -> U305 -> U221 -> U220 -> U271 -> U272 -> U176 -> U276 -> U185 -> OUT_R_REG_2_,b08
14,2.357142857142857,23,3,8,1,0,0,DFF_Q_MAR_REG_1_,OUT_R_REG_2_,DFF_Q_MAR_REG_1_ -> U178 -> U198 -> U200 -> U253 -> U305 -> U221 -> U220 -> U271 -> U272 -> U273 -> U277 -> U185 -> OUT_R_REG_2_,b08
12,2.25,20,2,8,0,0,0,DFF_Q_MAR_REG_1_,OUT_R_REG_2_,DFF_Q_MAR_REG_1_ -> U178 -> U198 -> U200 -> U315 -> U261 -> U271 -> U272 -> U176 -> U276 -> U185 -> OUT_R_REG_2_,b08
12,2.25,20,1,9,0,0,0,DFF_Q_MAR_REG_1_,OUT_R_REG_2_,DFF_Q_MAR_REG_1_ -> U178 -> U198 -> U200 -> U315 -> U261 -> U271 -> U272 -> U273 -> U277 -> U185 -> OUT_R_REG_2_,b08
12,2.1666666666666665,20,2,8,0,0,0,DFF_Q_MAR_REG_1_,OUT_R_REG_2_,DFF_Q_MAR_REG_1_ -> U178 -> U198 -> U257 -> U314 -> U258 -> U271 -> U272 -> U176 -> U276 -> U185 -> OUT_R_REG_2_,b08
12,2.1666666666666665,20,1,9,0,0,0,DFF_Q_MAR_REG_1_,OUT_R_REG_2_,DFF_Q_MAR_REG_1_ -> U178 -> U198 -> U257 -> U314 -> U258 -> U271 -> U272 -> U273 -> U277 -> U185 -> OUT_R_REG_2_,b08
13,2.076923076923077,22,3,8,0,0,0,DFF_Q_MAR_REG_1_,OUT_R_REG_2_,DFF_Q_MAR_REG_1_ -> U178 -> U198 -> U268 -> U310 -> U269 -> U220 -> U271 -> U272 -> U176 -> U276 -> U185 -> OUT_R_REG_2_,b08
13,2.076923076923077,22,2,9,0,0,0,DFF_Q_MAR_REG_1_,OUT_R_REG_2_,DFF_Q_MAR_REG_1_ -> U178 -> U198 -> U268 -> U310 -> U269 -> U220 -> U271 -> U272 -> U273 -> U277 -> U185 -> OUT_R_REG_2_,b08
11,2.272727272727273,18,3,6,0,0,0,DFF_Q_MAR_REG_1_,OUT_R_REG_2_,DFF_Q_MAR_REG_1_ -> U178 -> U198 -> U270 -> U220 -> U271 -> U272 -> U176 -> U276 -> U185 -> OUT_R_REG_2_,b08
11,2.272727272727273,18,2,7,0,0,0,DFF_Q_MAR_REG_1_,OUT_R_REG_2_,DFF_Q_MAR_REG_1_ -> U178 -> U198 -> U270 -> U220 -> U271 -> U272 -> U273 -> U277 -> U185 -> OUT_R_REG_2_,b08
18,2.1666666666666665,29,3,10,3,0,0,DFF_Q_MAR_REG_1_,OUT_R_REG_2_,DFF_Q_MAR_REG_1_ -> U192 -> U248 -> U181 -> U200 -> U253 -> U201 -> U262 -> U265 -> U308 -> U266 -> U220 -> U271 -> U272 -> U176 -> U276 -> U185 -> OUT_R_REG_2_,b08
18,2.1666666666666665,29,2,11,3,0,0,DFF_Q_MAR_REG_1_,OUT_R_REG_2_,DFF_Q_MAR_REG_1_ -> U192 -> U248 -> U181 -> U200 -> U253 -> U201 -> U262 -> U265 -> U308 -> U266 -> U220 -> U271 -> U272 -> U273 -> U277 -> U185 -> OUT_R_REG_2_,b08
18,2.1666666666666665,29,3,10,3,0,0,DFF_Q_MAR_REG_1_,OUT_R_REG_2_,DFF_Q_MAR_REG_1_ -> U192 -> U248 -> U181 -> U200 -> U253 -> U201 -> U262 -> U267 -> U309 -> U269 -> U220 -> U271 -> U272 -> U176 -> U276 -> U185 -> OUT_R_REG_2_,b08
18,2.1666666666666665,29,2,11,3,0,0,DFF_Q_MAR_REG_1_,OUT_R_REG_2_,DFF_Q_MAR_REG_1_ -> U192 -> U248 -> U181 -> U200 -> U253 -> U201 -> U262 -> U267 -> U309 -> U269 -> U220 -> U271 -> U272 -> U273 -> U277 -> U185 -> OUT_R_REG_2_,b08
15,2.3333333333333335,24,2,9,2,0,0,DFF_Q_MAR_REG_1_,OUT_R_REG_2_,DFF_Q_MAR_REG_1_ -> U192 -> U248 -> U181 -> U200 -> U253 -> U201 -> U311 -> U264 -> U271 -> U272 -> U176 -> U276 -> U185 -> OUT_R_REG_2_,b08
15,2.3333333333333335,24,1,10,2,0,0,DFF_Q_MAR_REG_1_,OUT_R_REG_2_,DFF_Q_MAR_REG_1_ -> U192 -> U248 -> U181 -> U200 -> U253 -> U201 -> U311 -> U264 -> U271 -> U272 -> U273 -> U277 -> U185 -> OUT_R_REG_2_,b08
17,2.176470588235294,27,4,8,3,0,0,DFF_Q_MAR_REG_1_,OUT_R_REG_2_,DFF_Q_MAR_REG_1_ -> U192 -> U248 -> U181 -> U200 -> U253 -> U203 -> U259 -> U306 -> U221 -> U220 -> U271 -> U272 -> U176 -> U276 -> U185 -> OUT_R_REG_2_,b08
17,2.176470588235294,27,3,9,3,0,0,DFF_Q_MAR_REG_1_,OUT_R_REG_2_,DFF_Q_MAR_REG_1_ -> U192 -> U248 -> U181 -> U200 -> U253 -> U203 -> U259 -> U306 -> U221 -> U220 -> U271 -> U272 -> U273 -> U277 -> U185 -> OUT_R_REG_2_,b08
16,2.25,26,3,9,2,0,0,DFF_Q_MAR_REG_1_,OUT_R_REG_2_,DFF_Q_MAR_REG_1_ -> U192 -> U248 -> U181 -> U200 -> U253 -> U203 -> U307 -> U266 -> U220 -> U271 -> U272 -> U176 -> U276 -> U185 -> OUT_R_REG_2_,b08
16,2.25,26,2,10,2,0,0,DFF_Q_MAR_REG_1_,OUT_R_REG_2_,DFF_Q_MAR_REG_1_ -> U192 -> U248 -> U181 -> U200 -> U253 -> U203 -> U307 -> U266 -> U220 -> U271 -> U272 -> U273 -> U277 -> U185 -> OUT_R_REG_2_,b08
15,2.3333333333333335,24,2,9,2,0,0,DFF_Q_MAR_REG_1_,OUT_R_REG_2_,DFF_Q_MAR_REG_1_ -> U192 -> U248 -> U181 -> U200 -> U253 -> U256 -> U313 -> U258 -> U271 -> U272 -> U176 -> U276 -> U185 -> OUT_R_REG_2_,b08
15,2.3333333333333335,24,1,10,2,0,0,DFF_Q_MAR_REG_1_,OUT_R_REG_2_,DFF_Q_MAR_REG_1_ -> U192 -> U248 -> U181 -> U200 -> U253 -> U256 -> U313 -> U258 -> U271 -> U272 -> U273 -> U277 -> U185 -> OUT_R_REG_2_,b08
15,2.2666666666666666,24,4,7,2,0,0,DFF_Q_MAR_REG_1_,OUT_R_REG_2_,DFF_Q_MAR_REG_1_ -> U192 -> U248 -> U181 -> U200 -> U253 -> U304 -> U221 -> U220 -> U271 -> U272 -> U176 -> U276 -> U185 -> OUT_R_REG_2_,b08
15,2.2666666666666666,24,3,8,2,0,0,DFF_Q_MAR_REG_1_,OUT_R_REG_2_,DFF_Q_MAR_REG_1_ -> U192 -> U248 -> U181 -> U200 -> U253 -> U304 -> U221 -> U220 -> U271 -> U272 -> U273 -> U277 -> U185 -> OUT_R_REG_2_,b08
15,2.2666666666666666,24,4,7,2,0,0,DFF_Q_MAR_REG_1_,OUT_R_REG_2_,DFF_Q_MAR_REG_1_ -> U192 -> U248 -> U181 -> U200 -> U253 -> U305 -> U221 -> U220 -> U271 -> U272 -> U176 -> U276 -> U185 -> OUT_R_REG_2_,b08
15,2.2666666666666666,24,3,8,2,0,0,DFF_Q_MAR_REG_1_,OUT_R_REG_2_,DFF_Q_MAR_REG_1_ -> U192 -> U248 -> U181 -> U200 -> U253 -> U305 -> U221 -> U220 -> U271 -> U272 -> U273 -> U277 -> U185 -> OUT_R_REG_2_,b08
13,2.1538461538461537,21,2,8,1,0,0,DFF_Q_MAR_REG_1_,OUT_R_REG_2_,DFF_Q_MAR_REG_1_ -> U192 -> U248 -> U181 -> U200 -> U315 -> U261 -> U271 -> U272 -> U176 -> U276 -> U185 -> OUT_R_REG_2_,b08
13,2.1538461538461537,21,1,9,1,0,0,DFF_Q_MAR_REG_1_,OUT_R_REG_2_,DFF_Q_MAR_REG_1_ -> U192 -> U248 -> U181 -> U200 -> U315 -> U261 -> U271 -> U272 -> U273 -> U277 -> U185 -> OUT_R_REG_2_,b08
13,2.076923076923077,21,2,8,1,0,0,DFF_Q_MAR_REG_1_,OUT_R_REG_2_,DFF_Q_MAR_REG_1_ -> U192 -> U248 -> U181 -> U260 -> U316 -> U261 -> U271 -> U272 -> U176 -> U276 -> U185 -> OUT_R_REG_2_,b08
13,2.076923076923077,21,1,9,1,0,0,DFF_Q_MAR_REG_1_,OUT_R_REG_2_,DFF_Q_MAR_REG_1_ -> U192 -> U248 -> U181 -> U260 -> U316 -> U261 -> U271 -> U272 -> U273 -> U277 -> U185 -> OUT_R_REG_2_,b08
11,2.1818181818181817,17,2,6,1,0,0,DFF_Q_MAR_REG_1_,OUT_R_REG_2_,DFF_Q_MAR_REG_1_ -> U192 -> U248 -> U270 -> U220 -> U271 -> U272 -> U176 -> U276 -> U185 -> OUT_R_REG_2_,b08
11,2.1818181818181817,17,1,7,1,0,0,DFF_Q_MAR_REG_1_,OUT_R_REG_2_,DFF_Q_MAR_REG_1_ -> U192 -> U248 -> U270 -> U220 -> U271 -> U272 -> U273 -> U277 -> U185 -> OUT_R_REG_2_,b08
12,2.0833333333333335,19,3,6,1,0,0,DFF_Q_MAR_REG_1_,OUT_R_REG_2_,DFF_Q_MAR_REG_1_ -> U192 -> U248 -> U303 -> U221 -> U220 -> U271 -> U272 -> U176 -> U276 -> U185 -> OUT_R_REG_2_,b08
12,2.0833333333333335,19,2,7,1,0,0,DFF_Q_MAR_REG_1_,OUT_R_REG_2_,DFF_Q_MAR_REG_1_ -> U192 -> U248 -> U303 -> U221 -> U220 -> U271 -> U272 -> U273 -> U277 -> U185 -> OUT_R_REG_2_,b08
13,2.3076923076923075,21,2,8,1,0,0,DFF_Q_MAR_REG_1_,OUT_R_REG_2_,DFF_Q_MAR_REG_1_ -> U192 -> U249 -> U180 -> U257 -> U314 -> U258 -> U271 -> U272 -> U176 -> U276 -> U185 -> OUT_R_REG_2_,b08
13,2.3076923076923075,21,1,9,1,0,0,DFF_Q_MAR_REG_1_,OUT_R_REG_2_,DFF_Q_MAR_REG_1_ -> U192 -> U249 -> U180 -> U257 -> U314 -> U258 -> U271 -> U272 -> U273 -> U277 -> U185 -> OUT_R_REG_2_,b08
13,2.3076923076923075,21,2,8,1,0,0,DFF_Q_MAR_REG_1_,OUT_R_REG_2_,DFF_Q_MAR_REG_1_ -> U192 -> U249 -> U180 -> U263 -> U312 -> U264 -> U271 -> U272 -> U176 -> U276 -> U185 -> OUT_R_REG_2_,b08
13,2.3076923076923075,21,1,9,1,0,0,DFF_Q_MAR_REG_1_,OUT_R_REG_2_,DFF_Q_MAR_REG_1_ -> U192 -> U249 -> U180 -> U263 -> U312 -> U264 -> U271 -> U272 -> U273 -> U277 -> U185 -> OUT_R_REG_2_,b08
13,2.3076923076923075,21,4,6,1,0,0,DFF_Q_MAR_REG_1_,OUT_R_REG_2_,DFF_Q_MAR_REG_1_ -> U192 -> U249 -> U180 -> U303 -> U221 -> U220 -> U271 -> U272 -> U176 -> U276 -> U185 -> OUT_R_REG_2_,b08
13,2.3076923076923075,21,3,7,1,0,0,DFF_Q_MAR_REG_1_,OUT_R_REG_2_,DFF_Q_MAR_REG_1_ -> U192 -> U249 -> U180 -> U303 -> U221 -> U220 -> U271 -> U272 -> U273 -> U277 -> U185 -> OUT_R_REG_2_,b08
14,2.142857142857143,22,3,7,2,0,0,DFF_Q_MAR_REG_1_,OUT_R_REG_2_,DFF_Q_MAR_REG_1_ -> U192 -> U249 -> U203 -> U259 -> U306 -> U221 -> U220 -> U271 -> U272 -> U176 -> U276 -> U185 -> OUT_R_REG_2_,b08
14,2.142857142857143,22,2,8,2,0,0,DFF_Q_MAR_REG_1_,OUT_R_REG_2_,DFF_Q_MAR_REG_1_ -> U192 -> U249 -> U203 -> U259 -> U306 -> U221 -> U220 -> U271 -> U272 -> U273 -> U277 -> U185 -> OUT_R_REG_2_,b08
13,2.230769230769231,21,2,8,1,0,0,DFF_Q_MAR_REG_1_,OUT_R_REG_2_,DFF_Q_MAR_REG_1_ -> U192 -> U249 -> U203 -> U307 -> U266 -> U220 -> U271 -> U272 -> U176 -> U276 -> U185 -> OUT_R_REG_2_,b08
13,2.230769230769231,21,1,9,1,0,0,DFF_Q_MAR_REG_1_,OUT_R_REG_2_,DFF_Q_MAR_REG_1_ -> U192 -> U249 -> U203 -> U307 -> U266 -> U220 -> U271 -> U272 -> U273 -> U277 -> U185 -> OUT_R_REG_2_,b08
10,2.5,15,1,6,1,0,0,DFF_Q_MAR_REG_1_,OUT_R_REG_2_,DFF_Q_MAR_REG_1_ -> U192 -> U249 -> U261 -> U271 -> U272 -> U176 -> U276 -> U185 -> OUT_R_REG_2_,b08
10,2.5,15,0,7,1,0,0,DFF_Q_MAR_REG_1_,OUT_R_REG_2_,DFF_Q_MAR_REG_1_ -> U192 -> U249 -> U261 -> U271 -> U272 -> U273 -> U277 -> U185 -> OUT_R_REG_2_,b08
13,2.1538461538461537,21,2,8,1,0,0,DFF_Q_MAR_REG_1_,OUT_R_REG_2_,DFF_Q_MAR_REG_1_ -> U192 -> U249 -> U267 -> U309 -> U269 -> U220 -> U271 -> U272 -> U176 -> U276 -> U185 -> OUT_R_REG_2_,b08
13,2.1538461538461537,21,1,9,1,0,0,DFF_Q_MAR_REG_1_,OUT_R_REG_2_,DFF_Q_MAR_REG_1_ -> U192 -> U249 -> U267 -> U309 -> U269 -> U220 -> U271 -> U272 -> U273 -> U277 -> U185 -> OUT_R_REG_2_,b08
18,2.1666666666666665,29,3,10,3,0,0,DFF_Q_MAR_REG_1_,OUT_R_REG_2_,DFF_Q_MAR_REG_1_ -> U192 -> U250 -> U181 -> U200 -> U253 -> U201 -> U262 -> U265 -> U308 -> U266 -> U220 -> U271 -> U272 -> U176 -> U276 -> U185 -> OUT_R_REG_2_,b08
18,2.1666666666666665,29,2,11,3,0,0,DFF_Q_MAR_REG_1_,OUT_R_REG_2_,DFF_Q_MAR_REG_1_ -> U192 -> U250 -> U181 -> U200 -> U253 -> U201 -> U262 -> U265 -> U308 -> U266 -> U220 -> U271 -> U272 -> U273 -> U277 -> U185 -> OUT_R_REG_2_,b08
18,2.1666666666666665,29,3,10,3,0,0,DFF_Q_MAR_REG_1_,OUT_R_REG_2_,DFF_Q_MAR_REG_1_ -> U192 -> U250 -> U181 -> U200 -> U253 -> U201 -> U262 -> U267 -> U309 -> U269 -> U220 -> U271 -> U272 -> U176 -> U276 -> U185 -> OUT_R_REG_2_,b08
18,2.1666666666666665,29,2,11,3,0,0,DFF_Q_MAR_REG_1_,OUT_R_REG_2_,DFF_Q_MAR_REG_1_ -> U192 -> U250 -> U181 -> U200 -> U253 -> U201 -> U262 -> U267 -> U309 -> U269 -> U220 -> U271 -> U272 -> U273 -> U277 -> U185 -> OUT_R_REG_2_,b08
15,2.3333333333333335,24,2,9,2,0,0,DFF_Q_MAR_REG_1_,OUT_R_REG_2_,DFF_Q_MAR_REG_1_ -> U192 -> U250 -> U181 -> U200 -> U253 -> U201 -> U311 -> U264 -> U271 -> U272 -> U176 -> U276 -> U185 -> OUT_R_REG_2_,b08
15,2.3333333333333335,24,1,10,2,0,0,DFF_Q_MAR_REG_1_,OUT_R_REG_2_,DFF_Q_MAR_REG_1_ -> U192 -> U250 -> U181 -> U200 -> U253 -> U201 -> U311 -> U264 -> U271 -> U272 -> U273 -> U277 -> U185 -> OUT_R_REG_2_,b08
17,2.176470588235294,27,4,8,3,0,0,DFF_Q_MAR_REG_1_,OUT_R_REG_2_,DFF_Q_MAR_REG_1_ -> U192 -> U250 -> U181 -> U200 -> U253 -> U203 -> U259 -> U306 -> U221 -> U220 -> U271 -> U272 -> U176 -> U276 -> U185 -> OUT_R_REG_2_,b08
17,2.176470588235294,27,3,9,3,0,0,DFF_Q_MAR_REG_1_,OUT_R_REG_2_,DFF_Q_MAR_REG_1_ -> U192 -> U250 -> U181 -> U200 -> U253 -> U203 -> U259 -> U306 -> U221 -> U220 -> U271 -> U272 -> U273 -> U277 -> U185 -> OUT_R_REG_2_,b08
16,2.25,26,3,9,2,0,0,DFF_Q_MAR_REG_1_,OUT_R_REG_2_,DFF_Q_MAR_REG_1_ -> U192 -> U250 -> U181 -> U200 -> U253 -> U203 -> U307 -> U266 -> U220 -> U271 -> U272 -> U176 -> U276 -> U185 -> OUT_R_REG_2_,b08
16,2.25,26,2,10,2,0,0,DFF_Q_MAR_REG_1_,OUT_R_REG_2_,DFF_Q_MAR_REG_1_ -> U192 -> U250 -> U181 -> U200 -> U253 -> U203 -> U307 -> U266 -> U220 -> U271 -> U272 -> U273 -> U277 -> U185 -> OUT_R_REG_2_,b08
15,2.3333333333333335,24,2,9,2,0,0,DFF_Q_MAR_REG_1_,OUT_R_REG_2_,DFF_Q_MAR_REG_1_ -> U192 -> U250 -> U181 -> U200 -> U253 -> U256 -> U313 -> U258 -> U271 -> U272 -> U176 -> U276 -> U185 -> OUT_R_REG_2_,b08
15,2.3333333333333335,24,1,10,2,0,0,DFF_Q_MAR_REG_1_,OUT_R_REG_2_,DFF_Q_MAR_REG_1_ -> U192 -> U250 -> U181 -> U200 -> U253 -> U256 -> U313 -> U258 -> U271 -> U272 -> U273 -> U277 -> U185 -> OUT_R_REG_2_,b08
15,2.2666666666666666,24,4,7,2,0,0,DFF_Q_MAR_REG_1_,OUT_R_REG_2_,DFF_Q_MAR_REG_1_ -> U192 -> U250 -> U181 -> U200 -> U253 -> U304 -> U221 -> U220 -> U271 -> U272 -> U176 -> U276 -> U185 -> OUT_R_REG_2_,b08
15,2.2666666666666666,24,3,8,2,0,0,DFF_Q_MAR_REG_1_,OUT_R_REG_2_,DFF_Q_MAR_REG_1_ -> U192 -> U250 -> U181 -> U200 -> U253 -> U304 -> U221 -> U220 -> U271 -> U272 -> U273 -> U277 -> U185 -> OUT_R_REG_2_,b08
15,2.2666666666666666,24,4,7,2,0,0,DFF_Q_MAR_REG_1_,OUT_R_REG_2_,DFF_Q_MAR_REG_1_ -> U192 -> U250 -> U181 -> U200 -> U253 -> U305 -> U221 -> U220 -> U271 -> U272 -> U176 -> U276 -> U185 -> OUT_R_REG_2_,b08
15,2.2666666666666666,24,3,8,2,0,0,DFF_Q_MAR_REG_1_,OUT_R_REG_2_,DFF_Q_MAR_REG_1_ -> U192 -> U250 -> U181 -> U200 -> U253 -> U305 -> U221 -> U220 -> U271 -> U272 -> U273 -> U277 -> U185 -> OUT_R_REG_2_,b08
13,2.1538461538461537,21,2,8,1,0,0,DFF_Q_MAR_REG_1_,OUT_R_REG_2_,DFF_Q_MAR_REG_1_ -> U192 -> U250 -> U181 -> U200 -> U315 -> U261 -> U271 -> U272 -> U176 -> U276 -> U185 -> OUT_R_REG_2_,b08
13,2.1538461538461537,21,1,9,1,0,0,DFF_Q_MAR_REG_1_,OUT_R_REG_2_,DFF_Q_MAR_REG_1_ -> U192 -> U250 -> U181 -> U200 -> U315 -> U261 -> U271 -> U272 -> U273 -> U277 -> U185 -> OUT_R_REG_2_,b08
13,2.076923076923077,21,2,8,1,0,0,DFF_Q_MAR_REG_1_,OUT_R_REG_2_,DFF_Q_MAR_REG_1_ -> U192 -> U250 -> U181 -> U260 -> U316 -> U261 -> U271 -> U272 -> U176 -> U276 -> U185 -> OUT_R_REG_2_,b08
13,2.076923076923077,21,1,9,1,0,0,DFF_Q_MAR_REG_1_,OUT_R_REG_2_,DFF_Q_MAR_REG_1_ -> U192 -> U250 -> U181 -> U260 -> U316 -> U261 -> U271 -> U272 -> U273 -> U277 -> U185 -> OUT_R_REG_2_,b08
15,2.066666666666667,24,2,9,2,0,0,DFF_Q_MAR_REG_1_,OUT_R_REG_2_,DFF_Q_MAR_REG_1_ -> U192 -> U250 -> U199 -> U252 -> U180 -> U257 -> U314 -> U258 -> U271 -> U272 -> U176 -> U276 -> U185 -> OUT_R_REG_2_,b08
15,2.066666666666667,24,1,10,2,0,0,DFF_Q_MAR_REG_1_,OUT_R_REG_2_,DFF_Q_MAR_REG_1_ -> U192 -> U250 -> U199 -> U252 -> U180 -> U257 -> U314 -> U258 -> U271 -> U272 -> U273 -> U277 -> U185 -> OUT_R_REG_2_,b08
15,2.066666666666667,24,2,9,2,0,0,DFF_Q_MAR_REG_1_,OUT_R_REG_2_,DFF_Q_MAR_REG_1_ -> U192 -> U250 -> U199 -> U252 -> U180 -> U263 -> U312 -> U264 -> U271 -> U272 -> U176 -> U276 -> U185 -> OUT_R_REG_2_,b08
15,2.066666666666667,24,1,10,2,0,0,DFF_Q_MAR_REG_1_,OUT_R_REG_2_,DFF_Q_MAR_REG_1_ -> U192 -> U250 -> U199 -> U252 -> U180 -> U263 -> U312 -> U264 -> U271 -> U272 -> U273 -> U277 -> U185 -> OUT_R_REG_2_,b08
15,2.066666666666667,24,4,7,2,0,0,DFF_Q_MAR_REG_1_,OUT_R_REG_2_,DFF_Q_MAR_REG_1_ -> U192 -> U250 -> U199 -> U252 -> U180 -> U303 -> U221 -> U220 -> U271 -> U272 -> U176 -> U276 -> U185 -> OUT_R_REG_2_,b08
15,2.066666666666667,24,3,8,2,0,0,DFF_Q_MAR_REG_1_,OUT_R_REG_2_,DFF_Q_MAR_REG_1_ -> U192 -> U250 -> U199 -> U252 -> U180 -> U303 -> U221 -> U220 -> U271 -> U272 -> U273 -> U277 -> U185 -> OUT_R_REG_2_,b08
7,2.4285714285714284,9,0,4,1,0,0,DFF_Q_MAR_REG_1_,OUT_R_REG_2_,DFF_Q_MAR_REG_1_ -> U192 -> U250 -> U199 -> U276 -> U185 -> OUT_R_REG_2_,b08
11,2.4545454545454546,18,1,7,0,1,0,DFF_Q_MAR_REG_1_,OUT_R_REG_2_,DFF_Q_MAR_REG_1_ -> U247 -> U256 -> U313 -> U258 -> U271 -> U272 -> U176 -> U276 -> U185 -> OUT_R_REG_2_,b08
11,2.4545454545454546,18,0,8,0,1,0,DFF_Q_MAR_REG_1_,OUT_R_REG_2_,DFF_Q_MAR_REG_1_ -> U247 -> U256 -> U313 -> U258 -> U271 -> U272 -> U273 -> U277 -> U185 -> OUT_R_REG_2_,b08
9,2.6666666666666665,14,1,5,0,1,0,DFF_Q_MAR_REG_1_,OUT_R_REG_2_,DFF_Q_MAR_REG_1_ -> U247 -> U261 -> U271 -> U272 -> U176 -> U276 -> U185 -> OUT_R_REG_2_,b08
9,2.6666666666666665,14,0,6,0,1,0,DFF_Q_MAR_REG_1_,OUT_R_REG_2_,DFF_Q_MAR_REG_1_ -> U247 -> U261 -> U271 -> U272 -> U273 -> U277 -> U185 -> OUT_R_REG_2_,b08
9,2.6666666666666665,14,1,5,0,1,0,DFF_Q_MAR_REG_1_,OUT_R_REG_2_,DFF_Q_MAR_REG_1_ -> U247 -> U264 -> U271 -> U272 -> U176 -> U276 -> U185 -> OUT_R_REG_2_,b08
9,2.6666666666666665,14,0,6,0,1,0,DFF_Q_MAR_REG_1_,OUT_R_REG_2_,DFF_Q_MAR_REG_1_ -> U247 -> U264 -> U271 -> U272 -> U273 -> U277 -> U185 -> OUT_R_REG_2_,b08
10,2.5,16,2,5,0,1,0,DFF_Q_MAR_REG_1_,OUT_R_REG_2_,DFF_Q_MAR_REG_1_ -> U247 -> U266 -> U220 -> U271 -> U272 -> U176 -> U276 -> U185 -> OUT_R_REG_2_,b08
10,2.5,16,1,6,0,1,0,DFF_Q_MAR_REG_1_,OUT_R_REG_2_,DFF_Q_MAR_REG_1_ -> U247 -> U266 -> U220 -> U271 -> U272 -> U273 -> U277 -> U185 -> OUT_R_REG_2_,b08
10,2.5,16,2,5,0,1,0,DFF_Q_MAR_REG_1_,OUT_R_REG_2_,DFF_Q_MAR_REG_1_ -> U247 -> U269 -> U220 -> U271 -> U272 -> U176 -> U276 -> U185 -> OUT_R_REG_2_,b08
10,2.5,16,1,6,0,1,0,DFF_Q_MAR_REG_1_,OUT_R_REG_2_,DFF_Q_MAR_REG_1_ -> U247 -> U269 -> U220 -> U271 -> U272 -> U273 -> U277 -> U185 -> OUT_R_REG_2_,b08
11,2.3636363636363638,18,3,5,0,1,0,DFF_Q_MAR_REG_1_,OUT_R_REG_2_,DFF_Q_MAR_REG_1_ -> U247 -> U303 -> U221 -> U220 -> U271 -> U272 -> U176 -> U276 -> U185 -> OUT_R_REG_2_,b08
11,2.3636363636363638,18,2,6,0,1,0,DFF_Q_MAR_REG_1_,OUT_R_REG_2_,DFF_Q_MAR_REG_1_ -> U247 -> U303 -> U221 -> U220 -> U271 -> U272 -> U273 -> U277 -> U185 -> OUT_R_REG_2_,b08
11,2.3636363636363638,18,3,5,0,1,0,DFF_Q_MAR_REG_1_,OUT_R_REG_2_,DFF_Q_MAR_REG_1_ -> U247 -> U306 -> U221 -> U220 -> U271 -> U272 -> U176 -> U276 -> U185 -> OUT_R_REG_2_,b08
11,2.3636363636363638,18,2,6,0,1,0,DFF_Q_MAR_REG_1_,OUT_R_REG_2_,DFF_Q_MAR_REG_1_ -> U247 -> U306 -> U221 -> U220 -> U271 -> U272 -> U273 -> U277 -> U185 -> OUT_R_REG_2_,b08
13,2.076923076923077,22,3,8,0,0,0,DFF_Q_MAR_REG_1_,OUT_R_REG_2_,DFF_Q_MAR_REG_1_ -> U251 -> U179 -> U182 -> U260 -> U316 -> U261 -> U271 -> U272 -> U176 -> U276 -> U185 -> OUT_R_REG_2_,b08
13,2.076923076923077,22,2,9,0,0,0,DFF_Q_MAR_REG_1_,OUT_R_REG_2_,DFF_Q_MAR_REG_1_ -> U251 -> U179 -> U182 -> U260 -> U316 -> U261 -> U271 -> U272 -> U273 -> U277 -> U185 -> OUT_R_REG_2_,b08
14,2.0,24,4,8,0,0,0,DFF_Q_MAR_REG_1_,OUT_R_REG_2_,DFF_Q_MAR_REG_1_ -> U251 -> U179 -> U182 -> U268 -> U310 -> U269 -> U220 -> U271 -> U272 -> U176 -> U276 -> U185 -> OUT_R_REG_2_,b08
14,2.0,24,3,9,0,0,0,DFF_Q_MAR_REG_1_,OUT_R_REG_2_,DFF_Q_MAR_REG_1_ -> U251 -> U179 -> U182 -> U268 -> U310 -> U269 -> U220 -> U271 -> U272 -> U273 -> U277 -> U185 -> OUT_R_REG_2_,b08
13,2.076923076923077,22,5,6,0,0,0,DFF_Q_MAR_REG_1_,OUT_R_REG_2_,DFF_Q_MAR_REG_1_ -> U251 -> U179 -> U182 -> U305 -> U221 -> U220 -> U271 -> U272 -> U176 -> U276 -> U185 -> OUT_R_REG_2_,b08
13,2.076923076923077,22,4,7,0,0,0,DFF_Q_MAR_REG_1_,OUT_R_REG_2_,DFF_Q_MAR_REG_1_ -> U251 -> U179 -> U182 -> U305 -> U221 -> U220 -> U271 -> U272 -> U273 -> U277 -> U185 -> OUT_R_REG_2_,b08
15,2.0,25,3,9,1,0,0,DFF_Q_MAR_REG_1_,OUT_R_REG_2_,DFF_Q_MAR_REG_1_ -> U251 -> U179 -> U199 -> U252 -> U180 -> U257 -> U314 -> U258 -> U271 -> U272 -> U176 -> U276 -> U185 -> OUT_R_REG_2_,b08
15,2.0,25,2,10,1,0,0,DFF_Q_MAR_REG_1_,OUT_R_REG_2_,DFF_Q_MAR_REG_1_ -> U251 -> U179 -> U199 -> U252 -> U180 -> U257 -> U314 -> U258 -> U271 -> U272 -> U273 -> U277 -> U185 -> OUT_R_REG_2_,b08
15,2.0,25,3,9,1,0,0,DFF_Q_MAR_REG_1_,OUT_R_REG_2_,DFF_Q_MAR_REG_1_ -> U251 -> U179 -> U199 -> U252 -> U180 -> U263 -> U312 -> U264 -> U271 -> U272 -> U176 -> U276 -> U185 -> OUT_R_REG_2_,b08
15,2.0,25,2,10,1,0,0,DFF_Q_MAR_REG_1_,OUT_R_REG_2_,DFF_Q_MAR_REG_1_ -> U251 -> U179 -> U199 -> U252 -> U180 -> U263 -> U312 -> U264 -> U271 -> U272 -> U273 -> U277 -> U185 -> OUT_R_REG_2_,b08
15,2.0,25,5,7,1,0,0,DFF_Q_MAR_REG_1_,OUT_R_REG_2_,DFF_Q_MAR_REG_1_ -> U251 -> U179 -> U199 -> U252 -> U180 -> U303 -> U221 -> U220 -> U271 -> U272 -> U176 -> U276 -> U185 -> OUT_R_REG_2_,b08
15,2.0,25,4,8,1,0,0,DFF_Q_MAR_REG_1_,OUT_R_REG_2_,DFF_Q_MAR_REG_1_ -> U251 -> U179 -> U199 -> U252 -> U180 -> U303 -> U221 -> U220 -> U271 -> U272 -> U273 -> U277 -> U185 -> OUT_R_REG_2_,b08
7,2.2857142857142856,10,1,4,0,0,0,DFF_Q_MAR_REG_1_,OUT_R_REG_2_,DFF_Q_MAR_REG_1_ -> U251 -> U179 -> U199 -> U276 -> U185 -> OUT_R_REG_2_,b08
14,1.9285714285714286,23,4,7,1,0,0,DFF_Q_MAR_REG_1_,OUT_R_REG_2_,DFF_Q_MAR_REG_1_ -> U251 -> U179 -> U203 -> U259 -> U306 -> U221 -> U220 -> U271 -> U272 -> U176 -> U276 -> U185 -> OUT_R_REG_2_,b08
14,1.9285714285714286,23,3,8,1,0,0,DFF_Q_MAR_REG_1_,OUT_R_REG_2_,DFF_Q_MAR_REG_1_ -> U251 -> U179 -> U203 -> U259 -> U306 -> U221 -> U220 -> U271 -> U272 -> U273 -> U277 -> U185 -> OUT_R_REG_2_,b08
13,2.0,22,3,8,0,0,0,DFF_Q_MAR_REG_1_,OUT_R_REG_2_,DFF_Q_MAR_REG_1_ -> U251 -> U179 -> U203 -> U307 -> U266 -> U220 -> U271 -> U272 -> U176 -> U276 -> U185 -> OUT_R_REG_2_,b08
13,2.0,22,2,9,0,0,0,DFF_Q_MAR_REG_1_,OUT_R_REG_2_,DFF_Q_MAR_REG_1_ -> U251 -> U179 -> U203 -> U307 -> U266 -> U220 -> U271 -> U272 -> U273 -> U277 -> U185 -> OUT_R_REG_2_,b08
11,2.090909090909091,18,3,6,0,0,0,DFF_Q_MAR_REG_1_,OUT_R_REG_2_,DFF_Q_MAR_REG_1_ -> U251 -> U179 -> U270 -> U220 -> U271 -> U272 -> U176 -> U276 -> U185 -> OUT_R_REG_2_,b08
11,2.090909090909091,18,2,7,0,0,0,DFF_Q_MAR_REG_1_,OUT_R_REG_2_,DFF_Q_MAR_REG_1_ -> U251 -> U179 -> U270 -> U220 -> U271 -> U272 -> U273 -> U277 -> U185 -> OUT_R_REG_2_,b08
13,1.7692307692307692,21,3,7,1,0,0,DFF_Q_MAR_REG_1_,OUT_R_REG_2_,DFF_Q_MAR_REG_1_ -> U251 -> U202 -> U255 -> U304 -> U221 -> U220 -> U271 -> U272 -> U176 -> U276 -> U185 -> OUT_R_REG_2_,b08
13,1.7692307692307692,21,2,8,1,0,0,DFF_Q_MAR_REG_1_,OUT_R_REG_2_,DFF_Q_MAR_REG_1_ -> U251 -> U202 -> U255 -> U304 -> U221 -> U220 -> U271 -> U272 -> U273 -> U277 -> U185 -> OUT_R_REG_2_,b08
12,2.1666666666666665,20,2,8,0,0,0,DFF_Q_MAR_REG_1_,OUT_R_REG_2_,DFF_Q_MAR_REG_1_ -> U254 -> U182 -> U260 -> U316 -> U261 -> U271 -> U272 -> U176 -> U276 -> U185 -> OUT_R_REG_2_,b08
12,2.1666666666666665,20,1,9,0,0,0,DFF_Q_MAR_REG_1_,OUT_R_REG_2_,DFF_Q_MAR_REG_1_ -> U254 -> U182 -> U260 -> U316 -> U261 -> U271 -> U272 -> U273 -> U277 -> U185 -> OUT_R_REG_2_,b08
13,2.076923076923077,22,3,8,0,0,0,DFF_Q_MAR_REG_1_,OUT_R_REG_2_,DFF_Q_MAR_REG_1_ -> U254 -> U182 -> U268 -> U310 -> U269 -> U220 -> U271 -> U272 -> U176 -> U276 -> U185 -> OUT_R_REG_2_,b08
13,2.076923076923077,22,2,9,0,0,0,DFF_Q_MAR_REG_1_,OUT_R_REG_2_,DFF_Q_MAR_REG_1_ -> U254 -> U182 -> U268 -> U310 -> U269 -> U220 -> U271 -> U272 -> U273 -> U277 -> U185 -> OUT_R_REG_2_,b08
12,2.1666666666666665,20,4,6,0,0,0,DFF_Q_MAR_REG_1_,OUT_R_REG_2_,DFF_Q_MAR_REG_1_ -> U254 -> U182 -> U305 -> U221 -> U220 -> U271 -> U272 -> U176 -> U276 -> U185 -> OUT_R_REG_2_,b08
12,2.1666666666666665,20,3,7,0,0,0,DFF_Q_MAR_REG_1_,OUT_R_REG_2_,DFF_Q_MAR_REG_1_ -> U254 -> U182 -> U305 -> U221 -> U220 -> U271 -> U272 -> U273 -> U277 -> U185 -> OUT_R_REG_2_,b08
13,2.0,21,3,7,1,0,0,DFF_Q_MAR_REG_1_,OUT_R_REG_2_,DFF_Q_MAR_REG_1_ -> U254 -> U202 -> U255 -> U304 -> U221 -> U220 -> U271 -> U272 -> U176 -> U276 -> U185 -> OUT_R_REG_2_,b08
13,2.0,21,2,8,1,0,0,DFF_Q_MAR_REG_1_,OUT_R_REG_2_,DFF_Q_MAR_REG_1_ -> U254 -> U202 -> U255 -> U304 -> U221 -> U220 -> U271 -> U272 -> U273 -> U277 -> U185 -> OUT_R_REG_2_,b08
9,2.3333333333333335,14,1,6,0,0,0,DFF_Q_MAR_REG_1_,OUT_R_REG_2_,DFF_Q_MAR_REG_1_ -> U254 -> U258 -> U271 -> U272 -> U176 -> U276 -> U185 -> OUT_R_REG_2_,b08
9,2.3333333333333335,14,0,7,0,0,0,DFF_Q_MAR_REG_1_,OUT_R_REG_2_,DFF_Q_MAR_REG_1_ -> U254 -> U258 -> U271 -> U272 -> U273 -> U277 -> U185 -> OUT_R_REG_2_,b08
11,2.090909090909091,18,1,8,0,0,0,DFF_Q_MAR_REG_1_,OUT_R_REG_2_,DFF_Q_MAR_REG_1_ -> U254 -> U263 -> U312 -> U264 -> U271 -> U272 -> U176 -> U276 -> U185 -> OUT_R_REG_2_,b08
11,2.090909090909091,18,0,9,0,0,0,DFF_Q_MAR_REG_1_,OUT_R_REG_2_,DFF_Q_MAR_REG_1_ -> U254 -> U263 -> U312 -> U264 -> U271 -> U272 -> U273 -> U277 -> U185 -> OUT_R_REG_2_,b08
12,2.0,20,2,8,0,0,0,DFF_Q_MAR_REG_1_,OUT_R_REG_2_,DFF_Q_MAR_REG_1_ -> U254 -> U265 -> U308 -> U266 -> U220 -> U271 -> U272 -> U176 -> U276 -> U185 -> OUT_R_REG_2_,b08
12,2.0,20,1,9,0,0,0,DFF_Q_MAR_REG_1_,OUT_R_REG_2_,DFF_Q_MAR_REG_1_ -> U254 -> U265 -> U308 -> U266 -> U220 -> U271 -> U272 -> U273 -> U277 -> U185 -> OUT_R_REG_2_,b08
14,2.2857142857142856,24,4,8,0,0,0,DFF_Q_MAR_REG_1_,OUT_R_REG_1_,DFF_Q_MAR_REG_1_ -> U178 -> U195 -> U179 -> U182 -> U260 -> U316 -> U261 -> U271 -> U272 -> U176 -> U232 -> U184 -> OUT_R_REG_1_,b08
14,2.142857142857143,24,4,8,0,0,0,DFF_Q_MAR_REG_1_,OUT_R_REG_1_,DFF_Q_MAR_REG_1_ -> U178 -> U195 -> U179 -> U182 -> U260 -> U316 -> U261 -> U271 -> U272 -> U176 -> U279 -> U184 -> OUT_R_REG_1_,b08
14,2.142857142857143,24,3,9,0,0,0,DFF_Q_MAR_REG_1_,OUT_R_REG_1_,DFF_Q_MAR_REG_1_ -> U178 -> U195 -> U179 -> U182 -> U260 -> U316 -> U261 -> U271 -> U272 -> U273 -> U280 -> U184 -> OUT_R_REG_1_,b08
15,2.2,26,5,8,0,0,0,DFF_Q_MAR_REG_1_,OUT_R_REG_1_,DFF_Q_MAR_REG_1_ -> U178 -> U195 -> U179 -> U182 -> U268 -> U310 -> U269 -> U220 -> U271 -> U272 -> U176 -> U232 -> U184 -> OUT_R_REG_1_,b08
15,2.066666666666667,26,5,8,0,0,0,DFF_Q_MAR_REG_1_,OUT_R_REG_1_,DFF_Q_MAR_REG_1_ -> U178 -> U195 -> U179 -> U182 -> U268 -> U310 -> U269 -> U220 -> U271 -> U272 -> U176 -> U279 -> U184 -> OUT_R_REG_1_,b08
15,2.066666666666667,26,4,9,0,0,0,DFF_Q_MAR_REG_1_,OUT_R_REG_1_,DFF_Q_MAR_REG_1_ -> U178 -> U195 -> U179 -> U182 -> U268 -> U310 -> U269 -> U220 -> U271 -> U272 -> U273 -> U280 -> U184 -> OUT_R_REG_1_,b08
14,2.2857142857142856,24,6,6,0,0,0,DFF_Q_MAR_REG_1_,OUT_R_REG_1_,DFF_Q_MAR_REG_1_ -> U178 -> U195 -> U179 -> U182 -> U305 -> U221 -> U220 -> U271 -> U272 -> U176 -> U232 -> U184 -> OUT_R_REG_1_,b08
14,2.142857142857143,24,6,6,0,0,0,DFF_Q_MAR_REG_1_,OUT_R_REG_1_,DFF_Q_MAR_REG_1_ -> U178 -> U195 -> U179 -> U182 -> U305 -> U221 -> U220 -> U271 -> U272 -> U176 -> U279 -> U184 -> OUT_R_REG_1_,b08
14,2.142857142857143,24,5,7,0,0,0,DFF_Q_MAR_REG_1_,OUT_R_REG_1_,DFF_Q_MAR_REG_1_ -> U178 -> U195 -> U179 -> U182 -> U305 -> U221 -> U220 -> U271 -> U272 -> U273 -> U280 -> U184 -> OUT_R_REG_1_,b08
16,2.1875,27,4,9,1,0,0,DFF_Q_MAR_REG_1_,OUT_R_REG_1_,DFF_Q_MAR_REG_1_ -> U178 -> U195 -> U179 -> U199 -> U252 -> U180 -> U257 -> U314 -> U258 -> U271 -> U272 -> U176 -> U232 -> U184 -> OUT_R_REG_1_,b08
16,2.0625,27,4,9,1,0,0,DFF_Q_MAR_REG_1_,OUT_R_REG_1_,DFF_Q_MAR_REG_1_ -> U178 -> U195 -> U179 -> U199 -> U252 -> U180 -> U257 -> U314 -> U258 -> U271 -> U272 -> U176 -> U279 -> U184 -> OUT_R_REG_1_,b08
16,2.0625,27,3,10,1,0,0,DFF_Q_MAR_REG_1_,OUT_R_REG_1_,DFF_Q_MAR_REG_1_ -> U178 -> U195 -> U179 -> U199 -> U252 -> U180 -> U257 -> U314 -> U258 -> U271 -> U272 -> U273 -> U280 -> U184 -> OUT_R_REG_1_,b08
16,2.1875,27,4,9,1,0,0,DFF_Q_MAR_REG_1_,OUT_R_REG_1_,DFF_Q_MAR_REG_1_ -> U178 -> U195 -> U179 -> U199 -> U252 -> U180 -> U263 -> U312 -> U264 -> U271 -> U272 -> U176 -> U232 -> U184 -> OUT_R_REG_1_,b08
16,2.0625,27,4,9,1,0,0,DFF_Q_MAR_REG_1_,OUT_R_REG_1_,DFF_Q_MAR_REG_1_ -> U178 -> U195 -> U179 -> U199 -> U252 -> U180 -> U263 -> U312 -> U264 -> U271 -> U272 -> U176 -> U279 -> U184 -> OUT_R_REG_1_,b08
16,2.0625,27,3,10,1,0,0,DFF_Q_MAR_REG_1_,OUT_R_REG_1_,DFF_Q_MAR_REG_1_ -> U178 -> U195 -> U179 -> U199 -> U252 -> U180 -> U263 -> U312 -> U264 -> U271 -> U272 -> U273 -> U280 -> U184 -> OUT_R_REG_1_,b08
16,2.1875,27,6,7,1,0,0,DFF_Q_MAR_REG_1_,OUT_R_REG_1_,DFF_Q_MAR_REG_1_ -> U178 -> U195 -> U179 -> U199 -> U252 -> U180 -> U303 -> U221 -> U220 -> U271 -> U272 -> U176 -> U232 -> U184 -> OUT_R_REG_1_,b08
16,2.0625,27,6,7,1,0,0,DFF_Q_MAR_REG_1_,OUT_R_REG_1_,DFF_Q_MAR_REG_1_ -> U178 -> U195 -> U179 -> U199 -> U252 -> U180 -> U303 -> U221 -> U220 -> U271 -> U272 -> U176 -> U279 -> U184 -> OUT_R_REG_1_,b08
16,2.0625,27,5,8,1,0,0,DFF_Q_MAR_REG_1_,OUT_R_REG_1_,DFF_Q_MAR_REG_1_ -> U178 -> U195 -> U179 -> U199 -> U252 -> U180 -> U303 -> U221 -> U220 -> U271 -> U272 -> U273 -> U280 -> U184 -> OUT_R_REG_1_,b08
15,2.1333333333333333,25,5,7,1,0,0,DFF_Q_MAR_REG_1_,OUT_R_REG_1_,DFF_Q_MAR_REG_1_ -> U178 -> U195 -> U179 -> U203 -> U259 -> U306 -> U221 -> U220 -> U271 -> U272 -> U176 -> U232 -> U184 -> OUT_R_REG_1_,b08
15,2.0,25,5,7,1,0,0,DFF_Q_MAR_REG_1_,OUT_R_REG_1_,DFF_Q_MAR_REG_1_ -> U178 -> U195 -> U179 -> U203 -> U259 -> U306 -> U221 -> U220 -> U271 -> U272 -> U176 -> U279 -> U184 -> OUT_R_REG_1_,b08
15,2.0,25,4,8,1,0,0,DFF_Q_MAR_REG_1_,OUT_R_REG_1_,DFF_Q_MAR_REG_1_ -> U178 -> U195 -> U179 -> U203 -> U259 -> U306 -> U221 -> U220 -> U271 -> U272 -> U273 -> U280 -> U184 -> OUT_R_REG_1_,b08
14,2.2142857142857144,24,4,8,0,0,0,DFF_Q_MAR_REG_1_,OUT_R_REG_1_,DFF_Q_MAR_REG_1_ -> U178 -> U195 -> U179 -> U203 -> U307 -> U266 -> U220 -> U271 -> U272 -> U176 -> U232 -> U184 -> OUT_R_REG_1_,b08
14,2.0714285714285716,24,4,8,0,0,0,DFF_Q_MAR_REG_1_,OUT_R_REG_1_,DFF_Q_MAR_REG_1_ -> U178 -> U195 -> U179 -> U203 -> U307 -> U266 -> U220 -> U271 -> U272 -> U176 -> U279 -> U184 -> OUT_R_REG_1_,b08
14,2.0714285714285716,24,3,9,0,0,0,DFF_Q_MAR_REG_1_,OUT_R_REG_1_,DFF_Q_MAR_REG_1_ -> U178 -> U195 -> U179 -> U203 -> U307 -> U266 -> U220 -> U271 -> U272 -> U273 -> U280 -> U184 -> OUT_R_REG_1_,b08
12,2.3333333333333335,20,4,6,0,0,0,DFF_Q_MAR_REG_1_,OUT_R_REG_1_,DFF_Q_MAR_REG_1_ -> U178 -> U195 -> U179 -> U270 -> U220 -> U271 -> U272 -> U176 -> U232 -> U184 -> OUT_R_REG_1_,b08
12,2.1666666666666665,20,4,6,0,0,0,DFF_Q_MAR_REG_1_,OUT_R_REG_1_,DFF_Q_MAR_REG_1_ -> U178 -> U195 -> U179 -> U270 -> U220 -> U271 -> U272 -> U176 -> U279 -> U184 -> OUT_R_REG_1_,b08
12,2.1666666666666665,20,3,7,0,0,0,DFF_Q_MAR_REG_1_,OUT_R_REG_1_,DFF_Q_MAR_REG_1_ -> U178 -> U195 -> U179 -> U270 -> U220 -> U271 -> U272 -> U273 -> U280 -> U184 -> OUT_R_REG_1_,b08
15,2.0,25,3,9,1,0,0,DFF_Q_MAR_REG_1_,OUT_R_REG_1_,DFF_Q_MAR_REG_1_ -> U178 -> U195 -> U201 -> U262 -> U265 -> U308 -> U266 -> U220 -> U271 -> U272 -> U176 -> U232 -> U184 -> OUT_R_REG_1_,b08
15,1.8666666666666667,25,3,9,1,0,0,DFF_Q_MAR_REG_1_,OUT_R_REG_1_,DFF_Q_MAR_REG_1_ -> U178 -> U195 -> U201 -> U262 -> U265 -> U308 -> U266 -> U220 -> U271 -> U272 -> U176 -> U279 -> U184 -> OUT_R_REG_1_,b08
15,1.8666666666666667,25,2,10,1,0,0,DFF_Q_MAR_REG_1_,OUT_R_REG_1_,DFF_Q_MAR_REG_1_ -> U178 -> U195 -> U201 -> U262 -> U265 -> U308 -> U266 -> U220 -> U271 -> U272 -> U273 -> U280 -> U184 -> OUT_R_REG_1_,b08
15,2.0,25,3,9,1,0,0,DFF_Q_MAR_REG_1_,OUT_R_REG_1_,DFF_Q_MAR_REG_1_ -> U178 -> U195 -> U201 -> U262 -> U267 -> U309 -> U269 -> U220 -> U271 -> U272 -> U176 -> U232 -> U184 -> OUT_R_REG_1_,b08
15,1.8666666666666667,25,3,9,1,0,0,DFF_Q_MAR_REG_1_,OUT_R_REG_1_,DFF_Q_MAR_REG_1_ -> U178 -> U195 -> U201 -> U262 -> U267 -> U309 -> U269 -> U220 -> U271 -> U272 -> U176 -> U279 -> U184 -> OUT_R_REG_1_,b08
15,1.8666666666666667,25,2,10,1,0,0,DFF_Q_MAR_REG_1_,OUT_R_REG_1_,DFF_Q_MAR_REG_1_ -> U178 -> U195 -> U201 -> U262 -> U267 -> U309 -> U269 -> U220 -> U271 -> U272 -> U273 -> U280 -> U184 -> OUT_R_REG_1_,b08
12,2.1666666666666665,20,2,8,0,0,0,DFF_Q_MAR_REG_1_,OUT_R_REG_1_,DFF_Q_MAR_REG_1_ -> U178 -> U195 -> U201 -> U311 -> U264 -> U271 -> U272 -> U176 -> U232 -> U184 -> OUT_R_REG_1_,b08
12,2.0,20,2,8,0,0,0,DFF_Q_MAR_REG_1_,OUT_R_REG_1_,DFF_Q_MAR_REG_1_ -> U178 -> U195 -> U201 -> U311 -> U264 -> U271 -> U272 -> U176 -> U279 -> U184 -> OUT_R_REG_1_,b08
12,2.0,20,1,9,0,0,0,DFF_Q_MAR_REG_1_,OUT_R_REG_1_,DFF_Q_MAR_REG_1_ -> U178 -> U195 -> U201 -> U311 -> U264 -> U271 -> U272 -> U273 -> U280 -> U184 -> OUT_R_REG_1_,b08
17,2.3529411764705883,28,3,10,2,0,0,DFF_Q_MAR_REG_1_,OUT_R_REG_1_,DFF_Q_MAR_REG_1_ -> U178 -> U198 -> U200 -> U253 -> U201 -> U262 -> U265 -> U308 -> U266 -> U220 -> U271 -> U272 -> U176 -> U232 -> U184 -> OUT_R_REG_1_,b08
17,2.235294117647059,28,3,10,2,0,0,DFF_Q_MAR_REG_1_,OUT_R_REG_1_,DFF_Q_MAR_REG_1_ -> U178 -> U198 -> U200 -> U253 -> U201 -> U262 -> U265 -> U308 -> U266 -> U220 -> U271 -> U272 -> U176 -> U279 -> U184 -> OUT_R_REG_1_,b08
17,2.235294117647059,28,2,11,2,0,0,DFF_Q_MAR_REG_1_,OUT_R_REG_1_,DFF_Q_MAR_REG_1_ -> U178 -> U198 -> U200 -> U253 -> U201 -> U262 -> U265 -> U308 -> U266 -> U220 -> U271 -> U272 -> U273 -> U280 -> U184 -> OUT_R_REG_1_,b08
17,2.3529411764705883,28,3,10,2,0,0,DFF_Q_MAR_REG_1_,OUT_R_REG_1_,DFF_Q_MAR_REG_1_ -> U178 -> U198 -> U200 -> U253 -> U201 -> U262 -> U267 -> U309 -> U269 -> U220 -> U271 -> U272 -> U176 -> U232 -> U184 -> OUT_R_REG_1_,b08
17,2.235294117647059,28,3,10,2,0,0,DFF_Q_MAR_REG_1_,OUT_R_REG_1_,DFF_Q_MAR_REG_1_ -> U178 -> U198 -> U200 -> U253 -> U201 -> U262 -> U267 -> U309 -> U269 -> U220 -> U271 -> U272 -> U176 -> U279 -> U184 -> OUT_R_REG_1_,b08
17,2.235294117647059,28,2,11,2,0,0,DFF_Q_MAR_REG_1_,OUT_R_REG_1_,DFF_Q_MAR_REG_1_ -> U178 -> U198 -> U200 -> U253 -> U201 -> U262 -> U267 -> U309 -> U269 -> U220 -> U271 -> U272 -> U273 -> U280 -> U184 -> OUT_R_REG_1_,b08
14,2.5714285714285716,23,2,9,1,0,0,DFF_Q_MAR_REG_1_,OUT_R_REG_1_,DFF_Q_MAR_REG_1_ -> U178 -> U198 -> U200 -> U253 -> U201 -> U311 -> U264 -> U271 -> U272 -> U176 -> U232 -> U184 -> OUT_R_REG_1_,b08
14,2.4285714285714284,23,2,9,1,0,0,DFF_Q_MAR_REG_1_,OUT_R_REG_1_,DFF_Q_MAR_REG_1_ -> U178 -> U198 -> U200 -> U253 -> U201 -> U311 -> U264 -> U271 -> U272 -> U176 -> U279 -> U184 -> OUT_R_REG_1_,b08
14,2.4285714285714284,23,1,10,1,0,0,DFF_Q_MAR_REG_1_,OUT_R_REG_1_,DFF_Q_MAR_REG_1_ -> U178 -> U198 -> U200 -> U253 -> U201 -> U311 -> U264 -> U271 -> U272 -> U273 -> U280 -> U184 -> OUT_R_REG_1_,b08
16,2.375,26,4,8,2,0,0,DFF_Q_MAR_REG_1_,OUT_R_REG_1_,DFF_Q_MAR_REG_1_ -> U178 -> U198 -> U200 -> U253 -> U203 -> U259 -> U306 -> U221 -> U220 -> U271 -> U272 -> U176 -> U232 -> U184 -> OUT_R_REG_1_,b08
16,2.25,26,4,8,2,0,0,DFF_Q_MAR_REG_1_,OUT_R_REG_1_,DFF_Q_MAR_REG_1_ -> U178 -> U198 -> U200 -> U253 -> U203 -> U259 -> U306 -> U221 -> U220 -> U271 -> U272 -> U176 -> U279 -> U184 -> OUT_R_REG_1_,b08
16,2.25,26,3,9,2,0,0,DFF_Q_MAR_REG_1_,OUT_R_REG_1_,DFF_Q_MAR_REG_1_ -> U178 -> U198 -> U200 -> U253 -> U203 -> U259 -> U306 -> U221 -> U220 -> U271 -> U272 -> U273 -> U280 -> U184 -> OUT_R_REG_1_,b08
15,2.466666666666667,25,3,9,1,0,0,DFF_Q_MAR_REG_1_,OUT_R_REG_1_,DFF_Q_MAR_REG_1_ -> U178 -> U198 -> U200 -> U253 -> U203 -> U307 -> U266 -> U220 -> U271 -> U272 -> U176 -> U232 -> U184 -> OUT_R_REG_1_,b08
15,2.3333333333333335,25,3,9,1,0,0,DFF_Q_MAR_REG_1_,OUT_R_REG_1_,DFF_Q_MAR_REG_1_ -> U178 -> U198 -> U200 -> U253 -> U203 -> U307 -> U266 -> U220 -> U271 -> U272 -> U176 -> U279 -> U184 -> OUT_R_REG_1_,b08
15,2.3333333333333335,25,2,10,1,0,0,DFF_Q_MAR_REG_1_,OUT_R_REG_1_,DFF_Q_MAR_REG_1_ -> U178 -> U198 -> U200 -> U253 -> U203 -> U307 -> U266 -> U220 -> U271 -> U272 -> U273 -> U280 -> U184 -> OUT_R_REG_1_,b08
14,2.5714285714285716,23,2,9,1,0,0,DFF_Q_MAR_REG_1_,OUT_R_REG_1_,DFF_Q_MAR_REG_1_ -> U178 -> U198 -> U200 -> U253 -> U256 -> U313 -> U258 -> U271 -> U272 -> U176 -> U232 -> U184 -> OUT_R_REG_1_,b08
14,2.4285714285714284,23,2,9,1,0,0,DFF_Q_MAR_REG_1_,OUT_R_REG_1_,DFF_Q_MAR_REG_1_ -> U178 -> U198 -> U200 -> U253 -> U256 -> U313 -> U258 -> U271 -> U272 -> U176 -> U279 -> U184 -> OUT_R_REG_1_,b08
14,2.4285714285714284,23,1,10,1,0,0,DFF_Q_MAR_REG_1_,OUT_R_REG_1_,DFF_Q_MAR_REG_1_ -> U178 -> U198 -> U200 -> U253 -> U256 -> U313 -> U258 -> U271 -> U272 -> U273 -> U280 -> U184 -> OUT_R_REG_1_,b08
14,2.5,23,4,7,1,0,0,DFF_Q_MAR_REG_1_,OUT_R_REG_1_,DFF_Q_MAR_REG_1_ -> U178 -> U198 -> U200 -> U253 -> U304 -> U221 -> U220 -> U271 -> U272 -> U176 -> U232 -> U184 -> OUT_R_REG_1_,b08
14,2.357142857142857,23,4,7,1,0,0,DFF_Q_MAR_REG_1_,OUT_R_REG_1_,DFF_Q_MAR_REG_1_ -> U178 -> U198 -> U200 -> U253 -> U304 -> U221 -> U220 -> U271 -> U272 -> U176 -> U279 -> U184 -> OUT_R_REG_1_,b08
14,2.357142857142857,23,3,8,1,0,0,DFF_Q_MAR_REG_1_,OUT_R_REG_1_,DFF_Q_MAR_REG_1_ -> U178 -> U198 -> U200 -> U253 -> U304 -> U221 -> U220 -> U271 -> U272 -> U273 -> U280 -> U184 -> OUT_R_REG_1_,b08
14,2.5,23,4,7,1,0,0,DFF_Q_MAR_REG_1_,OUT_R_REG_1_,DFF_Q_MAR_REG_1_ -> U178 -> U198 -> U200 -> U253 -> U305 -> U221 -> U220 -> U271 -> U272 -> U176 -> U232 -> U184 -> OUT_R_REG_1_,b08
14,2.357142857142857,23,4,7,1,0,0,DFF_Q_MAR_REG_1_,OUT_R_REG_1_,DFF_Q_MAR_REG_1_ -> U178 -> U198 -> U200 -> U253 -> U305 -> U221 -> U220 -> U271 -> U272 -> U176 -> U279 -> U184 -> OUT_R_REG_1_,b08
14,2.357142857142857,23,3,8,1,0,0,DFF_Q_MAR_REG_1_,OUT_R_REG_1_,DFF_Q_MAR_REG_1_ -> U178 -> U198 -> U200 -> U253 -> U305 -> U221 -> U220 -> U271 -> U272 -> U273 -> U280 -> U184 -> OUT_R_REG_1_,b08
12,2.4166666666666665,20,2,8,0,0,0,DFF_Q_MAR_REG_1_,OUT_R_REG_1_,DFF_Q_MAR_REG_1_ -> U178 -> U198 -> U200 -> U315 -> U261 -> U271 -> U272 -> U176 -> U232 -> U184 -> OUT_R_REG_1_,b08
12,2.25,20,2,8,0,0,0,DFF_Q_MAR_REG_1_,OUT_R_REG_1_,DFF_Q_MAR_REG_1_ -> U178 -> U198 -> U200 -> U315 -> U261 -> U271 -> U272 -> U176 -> U279 -> U184 -> OUT_R_REG_1_,b08
12,2.25,20,1,9,0,0,0,DFF_Q_MAR_REG_1_,OUT_R_REG_1_,DFF_Q_MAR_REG_1_ -> U178 -> U198 -> U200 -> U315 -> U261 -> U271 -> U272 -> U273 -> U280 -> U184 -> OUT_R_REG_1_,b08
12,2.3333333333333335,20,2,8,0,0,0,DFF_Q_MAR_REG_1_,OUT_R_REG_1_,DFF_Q_MAR_REG_1_ -> U178 -> U198 -> U257 -> U314 -> U258 -> U271 -> U272 -> U176 -> U232 -> U184 -> OUT_R_REG_1_,b08
12,2.1666666666666665,20,2,8,0,0,0,DFF_Q_MAR_REG_1_,OUT_R_REG_1_,DFF_Q_MAR_REG_1_ -> U178 -> U198 -> U257 -> U314 -> U258 -> U271 -> U272 -> U176 -> U279 -> U184 -> OUT_R_REG_1_,b08
12,2.1666666666666665,20,1,9,0,0,0,DFF_Q_MAR_REG_1_,OUT_R_REG_1_,DFF_Q_MAR_REG_1_ -> U178 -> U198 -> U257 -> U314 -> U258 -> U271 -> U272 -> U273 -> U280 -> U184 -> OUT_R_REG_1_,b08
13,2.230769230769231,22,3,8,0,0,0,DFF_Q_MAR_REG_1_,OUT_R_REG_1_,DFF_Q_MAR_REG_1_ -> U178 -> U198 -> U268 -> U310 -> U269 -> U220 -> U271 -> U272 -> U176 -> U232 -> U184 -> OUT_R_REG_1_,b08
13,2.076923076923077,22,3,8,0,0,0,DFF_Q_MAR_REG_1_,OUT_R_REG_1_,DFF_Q_MAR_REG_1_ -> U178 -> U198 -> U268 -> U310 -> U269 -> U220 -> U271 -> U272 -> U176 -> U279 -> U184 -> OUT_R_REG_1_,b08
13,2.076923076923077,22,2,9,0,0,0,DFF_Q_MAR_REG_1_,OUT_R_REG_1_,DFF_Q_MAR_REG_1_ -> U178 -> U198 -> U268 -> U310 -> U269 -> U220 -> U271 -> U272 -> U273 -> U280 -> U184 -> OUT_R_REG_1_,b08
11,2.4545454545454546,18,3,6,0,0,0,DFF_Q_MAR_REG_1_,OUT_R_REG_1_,DFF_Q_MAR_REG_1_ -> U178 -> U198 -> U270 -> U220 -> U271 -> U272 -> U176 -> U232 -> U184 -> OUT_R_REG_1_,b08
11,2.272727272727273,18,3,6,0,0,0,DFF_Q_MAR_REG_1_,OUT_R_REG_1_,DFF_Q_MAR_REG_1_ -> U178 -> U198 -> U270 -> U220 -> U271 -> U272 -> U176 -> U279 -> U184 -> OUT_R_REG_1_,b08
11,2.272727272727273,18,2,7,0,0,0,DFF_Q_MAR_REG_1_,OUT_R_REG_1_,DFF_Q_MAR_REG_1_ -> U178 -> U198 -> U270 -> U220 -> U271 -> U272 -> U273 -> U280 -> U184 -> OUT_R_REG_1_,b08
7,2.4285714285714284,10,1,4,0,0,0,DFF_Q_MAR_REG_1_,OUT_R_REG_1_,DFF_Q_MAR_REG_1_ -> U178 -> U198 -> U278 -> U279 -> U184 -> OUT_R_REG_1_,b08
18,2.2777777777777777,29,3,10,3,0,0,DFF_Q_MAR_REG_1_,OUT_R_REG_1_,DFF_Q_MAR_REG_1_ -> U192 -> U248 -> U181 -> U200 -> U253 -> U201 -> U262 -> U265 -> U308 -> U266 -> U220 -> U271 -> U272 -> U176 -> U232 -> U184 -> OUT_R_REG_1_,b08
18,2.1666666666666665,29,3,10,3,0,0,DFF_Q_MAR_REG_1_,OUT_R_REG_1_,DFF_Q_MAR_REG_1_ -> U192 -> U248 -> U181 -> U200 -> U253 -> U201 -> U262 -> U265 -> U308 -> U266 -> U220 -> U271 -> U272 -> U176 -> U279 -> U184 -> OUT_R_REG_1_,b08
18,2.1666666666666665,29,2,11,3,0,0,DFF_Q_MAR_REG_1_,OUT_R_REG_1_,DFF_Q_MAR_REG_1_ -> U192 -> U248 -> U181 -> U200 -> U253 -> U201 -> U262 -> U265 -> U308 -> U266 -> U220 -> U271 -> U272 -> U273 -> U280 -> U184 -> OUT_R_REG_1_,b08
18,2.2777777777777777,29,3,10,3,0,0,DFF_Q_MAR_REG_1_,OUT_R_REG_1_,DFF_Q_MAR_REG_1_ -> U192 -> U248 -> U181 -> U200 -> U253 -> U201 -> U262 -> U267 -> U309 -> U269 -> U220 -> U271 -> U272 -> U176 -> U232 -> U184 -> OUT_R_REG_1_,b08
18,2.1666666666666665,29,3,10,3,0,0,DFF_Q_MAR_REG_1_,OUT_R_REG_1_,DFF_Q_MAR_REG_1_ -> U192 -> U248 -> U181 -> U200 -> U253 -> U201 -> U262 -> U267 -> U309 -> U269 -> U220 -> U271 -> U272 -> U176 -> U279 -> U184 -> OUT_R_REG_1_,b08
18,2.1666666666666665,29,2,11,3,0,0,DFF_Q_MAR_REG_1_,OUT_R_REG_1_,DFF_Q_MAR_REG_1_ -> U192 -> U248 -> U181 -> U200 -> U253 -> U201 -> U262 -> U267 -> U309 -> U269 -> U220 -> U271 -> U272 -> U273 -> U280 -> U184 -> OUT_R_REG_1_,b08
15,2.466666666666667,24,2,9,2,0,0,DFF_Q_MAR_REG_1_,OUT_R_REG_1_,DFF_Q_MAR_REG_1_ -> U192 -> U248 -> U181 -> U200 -> U253 -> U201 -> U311 -> U264 -> U271 -> U272 -> U176 -> U232 -> U184 -> OUT_R_REG_1_,b08
15,2.3333333333333335,24,2,9,2,0,0,DFF_Q_MAR_REG_1_,OUT_R_REG_1_,DFF_Q_MAR_REG_1_ -> U192 -> U248 -> U181 -> U200 -> U253 -> U201 -> U311 -> U264 -> U271 -> U272 -> U176 -> U279 -> U184 -> OUT_R_REG_1_,b08
15,2.3333333333333335,24,1,10,2,0,0,DFF_Q_MAR_REG_1_,OUT_R_REG_1_,DFF_Q_MAR_REG_1_ -> U192 -> U248 -> U181 -> U200 -> U253 -> U201 -> U311 -> U264 -> U271 -> U272 -> U273 -> U280 -> U184 -> OUT_R_REG_1_,b08
17,2.2941176470588234,27,4,8,3,0,0,DFF_Q_MAR_REG_1_,OUT_R_REG_1_,DFF_Q_MAR_REG_1_ -> U192 -> U248 -> U181 -> U200 -> U253 -> U203 -> U259 -> U306 -> U221 -> U220 -> U271 -> U272 -> U176 -> U232 -> U184 -> OUT_R_REG_1_,b08
17,2.176470588235294,27,4,8,3,0,0,DFF_Q_MAR_REG_1_,OUT_R_REG_1_,DFF_Q_MAR_REG_1_ -> U192 -> U248 -> U181 -> U200 -> U253 -> U203 -> U259 -> U306 -> U221 -> U220 -> U271 -> U272 -> U176 -> U279 -> U184 -> OUT_R_REG_1_,b08
17,2.176470588235294,27,3,9,3,0,0,DFF_Q_MAR_REG_1_,OUT_R_REG_1_,DFF_Q_MAR_REG_1_ -> U192 -> U248 -> U181 -> U200 -> U253 -> U203 -> U259 -> U306 -> U221 -> U220 -> U271 -> U272 -> U273 -> U280 -> U184 -> OUT_R_REG_1_,b08
16,2.375,26,3,9,2,0,0,DFF_Q_MAR_REG_1_,OUT_R_REG_1_,DFF_Q_MAR_REG_1_ -> U192 -> U248 -> U181 -> U200 -> U253 -> U203 -> U307 -> U266 -> U220 -> U271 -> U272 -> U176 -> U232 -> U184 -> OUT_R_REG_1_,b08
16,2.25,26,3,9,2,0,0,DFF_Q_MAR_REG_1_,OUT_R_REG_1_,DFF_Q_MAR_REG_1_ -> U192 -> U248 -> U181 -> U200 -> U253 -> U203 -> U307 -> U266 -> U220 -> U271 -> U272 -> U176 -> U279 -> U184 -> OUT_R_REG_1_,b08
16,2.25,26,2,10,2,0,0,DFF_Q_MAR_REG_1_,OUT_R_REG_1_,DFF_Q_MAR_REG_1_ -> U192 -> U248 -> U181 -> U200 -> U253 -> U203 -> U307 -> U266 -> U220 -> U271 -> U272 -> U273 -> U280 -> U184 -> OUT_R_REG_1_,b08
15,2.466666666666667,24,2,9,2,0,0,DFF_Q_MAR_REG_1_,OUT_R_REG_1_,DFF_Q_MAR_REG_1_ -> U192 -> U248 -> U181 -> U200 -> U253 -> U256 -> U313 -> U258 -> U271 -> U272 -> U176 -> U232 -> U184 -> OUT_R_REG_1_,b08
15,2.3333333333333335,24,2,9,2,0,0,DFF_Q_MAR_REG_1_,OUT_R_REG_1_,DFF_Q_MAR_REG_1_ -> U192 -> U248 -> U181 -> U200 -> U253 -> U256 -> U313 -> U258 -> U271 -> U272 -> U176 -> U279 -> U184 -> OUT_R_REG_1_,b08
15,2.3333333333333335,24,1,10,2,0,0,DFF_Q_MAR_REG_1_,OUT_R_REG_1_,DFF_Q_MAR_REG_1_ -> U192 -> U248 -> U181 -> U200 -> U253 -> U256 -> U313 -> U258 -> U271 -> U272 -> U273 -> U280 -> U184 -> OUT_R_REG_1_,b08
15,2.4,24,4,7,2,0,0,DFF_Q_MAR_REG_1_,OUT_R_REG_1_,DFF_Q_MAR_REG_1_ -> U192 -> U248 -> U181 -> U200 -> U253 -> U304 -> U221 -> U220 -> U271 -> U272 -> U176 -> U232 -> U184 -> OUT_R_REG_1_,b08
15,2.2666666666666666,24,4,7,2,0,0,DFF_Q_MAR_REG_1_,OUT_R_REG_1_,DFF_Q_MAR_REG_1_ -> U192 -> U248 -> U181 -> U200 -> U253 -> U304 -> U221 -> U220 -> U271 -> U272 -> U176 -> U279 -> U184 -> OUT_R_REG_1_,b08
15,2.2666666666666666,24,3,8,2,0,0,DFF_Q_MAR_REG_1_,OUT_R_REG_1_,DFF_Q_MAR_REG_1_ -> U192 -> U248 -> U181 -> U200 -> U253 -> U304 -> U221 -> U220 -> U271 -> U272 -> U273 -> U280 -> U184 -> OUT_R_REG_1_,b08
15,2.4,24,4,7,2,0,0,DFF_Q_MAR_REG_1_,OUT_R_REG_1_,DFF_Q_MAR_REG_1_ -> U192 -> U248 -> U181 -> U200 -> U253 -> U305 -> U221 -> U220 -> U271 -> U272 -> U176 -> U232 -> U184 -> OUT_R_REG_1_,b08
15,2.2666666666666666,24,4,7,2,0,0,DFF_Q_MAR_REG_1_,OUT_R_REG_1_,DFF_Q_MAR_REG_1_ -> U192 -> U248 -> U181 -> U200 -> U253 -> U305 -> U221 -> U220 -> U271 -> U272 -> U176 -> U279 -> U184 -> OUT_R_REG_1_,b08
15,2.2666666666666666,24,3,8,2,0,0,DFF_Q_MAR_REG_1_,OUT_R_REG_1_,DFF_Q_MAR_REG_1_ -> U192 -> U248 -> U181 -> U200 -> U253 -> U305 -> U221 -> U220 -> U271 -> U272 -> U273 -> U280 -> U184 -> OUT_R_REG_1_,b08
13,2.3076923076923075,21,2,8,1,0,0,DFF_Q_MAR_REG_1_,OUT_R_REG_1_,DFF_Q_MAR_REG_1_ -> U192 -> U248 -> U181 -> U200 -> U315 -> U261 -> U271 -> U272 -> U176 -> U232 -> U184 -> OUT_R_REG_1_,b08
13,2.1538461538461537,21,2,8,1,0,0,DFF_Q_MAR_REG_1_,OUT_R_REG_1_,DFF_Q_MAR_REG_1_ -> U192 -> U248 -> U181 -> U200 -> U315 -> U261 -> U271 -> U272 -> U176 -> U279 -> U184 -> OUT_R_REG_1_,b08
13,2.1538461538461537,21,1,9,1,0,0,DFF_Q_MAR_REG_1_,OUT_R_REG_1_,DFF_Q_MAR_REG_1_ -> U192 -> U248 -> U181 -> U200 -> U315 -> U261 -> U271 -> U272 -> U273 -> U280 -> U184 -> OUT_R_REG_1_,b08
13,2.230769230769231,21,2,8,1,0,0,DFF_Q_MAR_REG_1_,OUT_R_REG_1_,DFF_Q_MAR_REG_1_ -> U192 -> U248 -> U181 -> U260 -> U316 -> U261 -> U271 -> U272 -> U176 -> U232 -> U184 -> OUT_R_REG_1_,b08
13,2.076923076923077,21,2,8,1,0,0,DFF_Q_MAR_REG_1_,OUT_R_REG_1_,DFF_Q_MAR_REG_1_ -> U192 -> U248 -> U181 -> U260 -> U316 -> U261 -> U271 -> U272 -> U176 -> U279 -> U184 -> OUT_R_REG_1_,b08
13,2.076923076923077,21,1,9,1,0,0,DFF_Q_MAR_REG_1_,OUT_R_REG_1_,DFF_Q_MAR_REG_1_ -> U192 -> U248 -> U181 -> U260 -> U316 -> U261 -> U271 -> U272 -> U273 -> U280 -> U184 -> OUT_R_REG_1_,b08
11,2.3636363636363638,17,2,6,1,0,0,DFF_Q_MAR_REG_1_,OUT_R_REG_1_,DFF_Q_MAR_REG_1_ -> U192 -> U248 -> U270 -> U220 -> U271 -> U272 -> U176 -> U232 -> U184 -> OUT_R_REG_1_,b08
11,2.1818181818181817,17,2,6,1,0,0,DFF_Q_MAR_REG_1_,OUT_R_REG_1_,DFF_Q_MAR_REG_1_ -> U192 -> U248 -> U270 -> U220 -> U271 -> U272 -> U176 -> U279 -> U184 -> OUT_R_REG_1_,b08
11,2.1818181818181817,17,1,7,1,0,0,DFF_Q_MAR_REG_1_,OUT_R_REG_1_,DFF_Q_MAR_REG_1_ -> U192 -> U248 -> U270 -> U220 -> U271 -> U272 -> U273 -> U280 -> U184 -> OUT_R_REG_1_,b08
12,2.25,19,3,6,1,0,0,DFF_Q_MAR_REG_1_,OUT_R_REG_1_,DFF_Q_MAR_REG_1_ -> U192 -> U248 -> U303 -> U221 -> U220 -> U271 -> U272 -> U176 -> U232 -> U184 -> OUT_R_REG_1_,b08
12,2.0833333333333335,19,3,6,1,0,0,DFF_Q_MAR_REG_1_,OUT_R_REG_1_,DFF_Q_MAR_REG_1_ -> U192 -> U248 -> U303 -> U221 -> U220 -> U271 -> U272 -> U176 -> U279 -> U184 -> OUT_R_REG_1_,b08
12,2.0833333333333335,19,2,7,1,0,0,DFF_Q_MAR_REG_1_,OUT_R_REG_1_,DFF_Q_MAR_REG_1_ -> U192 -> U248 -> U303 -> U221 -> U220 -> U271 -> U272 -> U273 -> U280 -> U184 -> OUT_R_REG_1_,b08
13,2.4615384615384617,21,2,8,1,0,0,DFF_Q_MAR_REG_1_,OUT_R_REG_1_,DFF_Q_MAR_REG_1_ -> U192 -> U249 -> U180 -> U257 -> U314 -> U258 -> U271 -> U272 -> U176 -> U232 -> U184 -> OUT_R_REG_1_,b08
13,2.3076923076923075,21,2,8,1,0,0,DFF_Q_MAR_REG_1_,OUT_R_REG_1_,DFF_Q_MAR_REG_1_ -> U192 -> U249 -> U180 -> U257 -> U314 -> U258 -> U271 -> U272 -> U176 -> U279 -> U184 -> OUT_R_REG_1_,b08
13,2.3076923076923075,21,1,9,1,0,0,DFF_Q_MAR_REG_1_,OUT_R_REG_1_,DFF_Q_MAR_REG_1_ -> U192 -> U249 -> U180 -> U257 -> U314 -> U258 -> U271 -> U272 -> U273 -> U280 -> U184 -> OUT_R_REG_1_,b08
13,2.4615384615384617,21,2,8,1,0,0,DFF_Q_MAR_REG_1_,OUT_R_REG_1_,DFF_Q_MAR_REG_1_ -> U192 -> U249 -> U180 -> U263 -> U312 -> U264 -> U271 -> U272 -> U176 -> U232 -> U184 -> OUT_R_REG_1_,b08
13,2.3076923076923075,21,2,8,1,0,0,DFF_Q_MAR_REG_1_,OUT_R_REG_1_,DFF_Q_MAR_REG_1_ -> U192 -> U249 -> U180 -> U263 -> U312 -> U264 -> U271 -> U272 -> U176 -> U279 -> U184 -> OUT_R_REG_1_,b08
13,2.3076923076923075,21,1,9,1,0,0,DFF_Q_MAR_REG_1_,OUT_R_REG_1_,DFF_Q_MAR_REG_1_ -> U192 -> U249 -> U180 -> U263 -> U312 -> U264 -> U271 -> U272 -> U273 -> U280 -> U184 -> OUT_R_REG_1_,b08
13,2.4615384615384617,21,4,6,1,0,0,DFF_Q_MAR_REG_1_,OUT_R_REG_1_,DFF_Q_MAR_REG_1_ -> U192 -> U249 -> U180 -> U303 -> U221 -> U220 -> U271 -> U272 -> U176 -> U232 -> U184 -> OUT_R_REG_1_,b08
13,2.3076923076923075,21,4,6,1,0,0,DFF_Q_MAR_REG_1_,OUT_R_REG_1_,DFF_Q_MAR_REG_1_ -> U192 -> U249 -> U180 -> U303 -> U221 -> U220 -> U271 -> U272 -> U176 -> U279 -> U184 -> OUT_R_REG_1_,b08
13,2.3076923076923075,21,3,7,1,0,0,DFF_Q_MAR_REG_1_,OUT_R_REG_1_,DFF_Q_MAR_REG_1_ -> U192 -> U249 -> U180 -> U303 -> U221 -> U220 -> U271 -> U272 -> U273 -> U280 -> U184 -> OUT_R_REG_1_,b08
14,2.2857142857142856,22,3,7,2,0,0,DFF_Q_MAR_REG_1_,OUT_R_REG_1_,DFF_Q_MAR_REG_1_ -> U192 -> U249 -> U203 -> U259 -> U306 -> U221 -> U220 -> U271 -> U272 -> U176 -> U232 -> U184 -> OUT_R_REG_1_,b08
14,2.142857142857143,22,3,7,2,0,0,DFF_Q_MAR_REG_1_,OUT_R_REG_1_,DFF_Q_MAR_REG_1_ -> U192 -> U249 -> U203 -> U259 -> U306 -> U221 -> U220 -> U271 -> U272 -> U176 -> U279 -> U184 -> OUT_R_REG_1_,b08
14,2.142857142857143,22,2,8,2,0,0,DFF_Q_MAR_REG_1_,OUT_R_REG_1_,DFF_Q_MAR_REG_1_ -> U192 -> U249 -> U203 -> U259 -> U306 -> U221 -> U220 -> U271 -> U272 -> U273 -> U280 -> U184 -> OUT_R_REG_1_,b08
13,2.3846153846153846,21,2,8,1,0,0,DFF_Q_MAR_REG_1_,OUT_R_REG_1_,DFF_Q_MAR_REG_1_ -> U192 -> U249 -> U203 -> U307 -> U266 -> U220 -> U271 -> U272 -> U176 -> U232 -> U184 -> OUT_R_REG_1_,b08
13,2.230769230769231,21,2,8,1,0,0,DFF_Q_MAR_REG_1_,OUT_R_REG_1_,DFF_Q_MAR_REG_1_ -> U192 -> U249 -> U203 -> U307 -> U266 -> U220 -> U271 -> U272 -> U176 -> U279 -> U184 -> OUT_R_REG_1_,b08
13,2.230769230769231,21,1,9,1,0,0,DFF_Q_MAR_REG_1_,OUT_R_REG_1_,DFF_Q_MAR_REG_1_ -> U192 -> U249 -> U203 -> U307 -> U266 -> U220 -> U271 -> U272 -> U273 -> U280 -> U184 -> OUT_R_REG_1_,b08
10,2.7,15,1,6,1,0,0,DFF_Q_MAR_REG_1_,OUT_R_REG_1_,DFF_Q_MAR_REG_1_ -> U192 -> U249 -> U261 -> U271 -> U272 -> U176 -> U232 -> U184 -> OUT_R_REG_1_,b08
10,2.5,15,1,6,1,0,0,DFF_Q_MAR_REG_1_,OUT_R_REG_1_,DFF_Q_MAR_REG_1_ -> U192 -> U249 -> U261 -> U271 -> U272 -> U176 -> U279 -> U184 -> OUT_R_REG_1_,b08
10,2.5,15,0,7,1,0,0,DFF_Q_MAR_REG_1_,OUT_R_REG_1_,DFF_Q_MAR_REG_1_ -> U192 -> U249 -> U261 -> U271 -> U272 -> U273 -> U280 -> U184 -> OUT_R_REG_1_,b08
13,2.3076923076923075,21,2,8,1,0,0,DFF_Q_MAR_REG_1_,OUT_R_REG_1_,DFF_Q_MAR_REG_1_ -> U192 -> U249 -> U267 -> U309 -> U269 -> U220 -> U271 -> U272 -> U176 -> U232 -> U184 -> OUT_R_REG_1_,b08
13,2.1538461538461537,21,2,8,1,0,0,DFF_Q_MAR_REG_1_,OUT_R_REG_1_,DFF_Q_MAR_REG_1_ -> U192 -> U249 -> U267 -> U309 -> U269 -> U220 -> U271 -> U272 -> U176 -> U279 -> U184 -> OUT_R_REG_1_,b08
13,2.1538461538461537,21,1,9,1,0,0,DFF_Q_MAR_REG_1_,OUT_R_REG_1_,DFF_Q_MAR_REG_1_ -> U192 -> U249 -> U267 -> U309 -> U269 -> U220 -> U271 -> U272 -> U273 -> U280 -> U184 -> OUT_R_REG_1_,b08
7,2.5714285714285716,9,0,4,1,0,0,DFF_Q_MAR_REG_1_,OUT_R_REG_1_,DFF_Q_MAR_REG_1_ -> U192 -> U249 -> U278 -> U279 -> U184 -> OUT_R_REG_1_,b08
18,2.2777777777777777,29,3,10,3,0,0,DFF_Q_MAR_REG_1_,OUT_R_REG_1_,DFF_Q_MAR_REG_1_ -> U192 -> U250 -> U181 -> U200 -> U253 -> U201 -> U262 -> U265 -> U308 -> U266 -> U220 -> U271 -> U272 -> U176 -> U232 -> U184 -> OUT_R_REG_1_,b08
18,2.1666666666666665,29,3,10,3,0,0,DFF_Q_MAR_REG_1_,OUT_R_REG_1_,DFF_Q_MAR_REG_1_ -> U192 -> U250 -> U181 -> U200 -> U253 -> U201 -> U262 -> U265 -> U308 -> U266 -> U220 -> U271 -> U272 -> U176 -> U279 -> U184 -> OUT_R_REG_1_,b08
18,2.1666666666666665,29,2,11,3,0,0,DFF_Q_MAR_REG_1_,OUT_R_REG_1_,DFF_Q_MAR_REG_1_ -> U192 -> U250 -> U181 -> U200 -> U253 -> U201 -> U262 -> U265 -> U308 -> U266 -> U220 -> U271 -> U272 -> U273 -> U280 -> U184 -> OUT_R_REG_1_,b08
18,2.2777777777777777,29,3,10,3,0,0,DFF_Q_MAR_REG_1_,OUT_R_REG_1_,DFF_Q_MAR_REG_1_ -> U192 -> U250 -> U181 -> U200 -> U253 -> U201 -> U262 -> U267 -> U309 -> U269 -> U220 -> U271 -> U272 -> U176 -> U232 -> U184 -> OUT_R_REG_1_,b08
18,2.1666666666666665,29,3,10,3,0,0,DFF_Q_MAR_REG_1_,OUT_R_REG_1_,DFF_Q_MAR_REG_1_ -> U192 -> U250 -> U181 -> U200 -> U253 -> U201 -> U262 -> U267 -> U309 -> U269 -> U220 -> U271 -> U272 -> U176 -> U279 -> U184 -> OUT_R_REG_1_,b08
18,2.1666666666666665,29,2,11,3,0,0,DFF_Q_MAR_REG_1_,OUT_R_REG_1_,DFF_Q_MAR_REG_1_ -> U192 -> U250 -> U181 -> U200 -> U253 -> U201 -> U262 -> U267 -> U309 -> U269 -> U220 -> U271 -> U272 -> U273 -> U280 -> U184 -> OUT_R_REG_1_,b08
15,2.466666666666667,24,2,9,2,0,0,DFF_Q_MAR_REG_1_,OUT_R_REG_1_,DFF_Q_MAR_REG_1_ -> U192 -> U250 -> U181 -> U200 -> U253 -> U201 -> U311 -> U264 -> U271 -> U272 -> U176 -> U232 -> U184 -> OUT_R_REG_1_,b08
15,2.3333333333333335,24,2,9,2,0,0,DFF_Q_MAR_REG_1_,OUT_R_REG_1_,DFF_Q_MAR_REG_1_ -> U192 -> U250 -> U181 -> U200 -> U253 -> U201 -> U311 -> U264 -> U271 -> U272 -> U176 -> U279 -> U184 -> OUT_R_REG_1_,b08
15,2.3333333333333335,24,1,10,2,0,0,DFF_Q_MAR_REG_1_,OUT_R_REG_1_,DFF_Q_MAR_REG_1_ -> U192 -> U250 -> U181 -> U200 -> U253 -> U201 -> U311 -> U264 -> U271 -> U272 -> U273 -> U280 -> U184 -> OUT_R_REG_1_,b08
17,2.2941176470588234,27,4,8,3,0,0,DFF_Q_MAR_REG_1_,OUT_R_REG_1_,DFF_Q_MAR_REG_1_ -> U192 -> U250 -> U181 -> U200 -> U253 -> U203 -> U259 -> U306 -> U221 -> U220 -> U271 -> U272 -> U176 -> U232 -> U184 -> OUT_R_REG_1_,b08
17,2.176470588235294,27,4,8,3,0,0,DFF_Q_MAR_REG_1_,OUT_R_REG_1_,DFF_Q_MAR_REG_1_ -> U192 -> U250 -> U181 -> U200 -> U253 -> U203 -> U259 -> U306 -> U221 -> U220 -> U271 -> U272 -> U176 -> U279 -> U184 -> OUT_R_REG_1_,b08
17,2.176470588235294,27,3,9,3,0,0,DFF_Q_MAR_REG_1_,OUT_R_REG_1_,DFF_Q_MAR_REG_1_ -> U192 -> U250 -> U181 -> U200 -> U253 -> U203 -> U259 -> U306 -> U221 -> U220 -> U271 -> U272 -> U273 -> U280 -> U184 -> OUT_R_REG_1_,b08
16,2.375,26,3,9,2,0,0,DFF_Q_MAR_REG_1_,OUT_R_REG_1_,DFF_Q_MAR_REG_1_ -> U192 -> U250 -> U181 -> U200 -> U253 -> U203 -> U307 -> U266 -> U220 -> U271 -> U272 -> U176 -> U232 -> U184 -> OUT_R_REG_1_,b08
16,2.25,26,3,9,2,0,0,DFF_Q_MAR_REG_1_,OUT_R_REG_1_,DFF_Q_MAR_REG_1_ -> U192 -> U250 -> U181 -> U200 -> U253 -> U203 -> U307 -> U266 -> U220 -> U271 -> U272 -> U176 -> U279 -> U184 -> OUT_R_REG_1_,b08
16,2.25,26,2,10,2,0,0,DFF_Q_MAR_REG_1_,OUT_R_REG_1_,DFF_Q_MAR_REG_1_ -> U192 -> U250 -> U181 -> U200 -> U253 -> U203 -> U307 -> U266 -> U220 -> U271 -> U272 -> U273 -> U280 -> U184 -> OUT_R_REG_1_,b08
15,2.466666666666667,24,2,9,2,0,0,DFF_Q_MAR_REG_1_,OUT_R_REG_1_,DFF_Q_MAR_REG_1_ -> U192 -> U250 -> U181 -> U200 -> U253 -> U256 -> U313 -> U258 -> U271 -> U272 -> U176 -> U232 -> U184 -> OUT_R_REG_1_,b08
15,2.3333333333333335,24,2,9,2,0,0,DFF_Q_MAR_REG_1_,OUT_R_REG_1_,DFF_Q_MAR_REG_1_ -> U192 -> U250 -> U181 -> U200 -> U253 -> U256 -> U313 -> U258 -> U271 -> U272 -> U176 -> U279 -> U184 -> OUT_R_REG_1_,b08
15,2.3333333333333335,24,1,10,2,0,0,DFF_Q_MAR_REG_1_,OUT_R_REG_1_,DFF_Q_MAR_REG_1_ -> U192 -> U250 -> U181 -> U200 -> U253 -> U256 -> U313 -> U258 -> U271 -> U272 -> U273 -> U280 -> U184 -> OUT_R_REG_1_,b08
15,2.4,24,4,7,2,0,0,DFF_Q_MAR_REG_1_,OUT_R_REG_1_,DFF_Q_MAR_REG_1_ -> U192 -> U250 -> U181 -> U200 -> U253 -> U304 -> U221 -> U220 -> U271 -> U272 -> U176 -> U232 -> U184 -> OUT_R_REG_1_,b08
15,2.2666666666666666,24,4,7,2,0,0,DFF_Q_MAR_REG_1_,OUT_R_REG_1_,DFF_Q_MAR_REG_1_ -> U192 -> U250 -> U181 -> U200 -> U253 -> U304 -> U221 -> U220 -> U271 -> U272 -> U176 -> U279 -> U184 -> OUT_R_REG_1_,b08
15,2.2666666666666666,24,3,8,2,0,0,DFF_Q_MAR_REG_1_,OUT_R_REG_1_,DFF_Q_MAR_REG_1_ -> U192 -> U250 -> U181 -> U200 -> U253 -> U304 -> U221 -> U220 -> U271 -> U272 -> U273 -> U280 -> U184 -> OUT_R_REG_1_,b08
15,2.4,24,4,7,2,0,0,DFF_Q_MAR_REG_1_,OUT_R_REG_1_,DFF_Q_MAR_REG_1_ -> U192 -> U250 -> U181 -> U200 -> U253 -> U305 -> U221 -> U220 -> U271 -> U272 -> U176 -> U232 -> U184 -> OUT_R_REG_1_,b08
15,2.2666666666666666,24,4,7,2,0,0,DFF_Q_MAR_REG_1_,OUT_R_REG_1_,DFF_Q_MAR_REG_1_ -> U192 -> U250 -> U181 -> U200 -> U253 -> U305 -> U221 -> U220 -> U271 -> U272 -> U176 -> U279 -> U184 -> OUT_R_REG_1_,b08
15,2.2666666666666666,24,3,8,2,0,0,DFF_Q_MAR_REG_1_,OUT_R_REG_1_,DFF_Q_MAR_REG_1_ -> U192 -> U250 -> U181 -> U200 -> U253 -> U305 -> U221 -> U220 -> U271 -> U272 -> U273 -> U280 -> U184 -> OUT_R_REG_1_,b08
13,2.3076923076923075,21,2,8,1,0,0,DFF_Q_MAR_REG_1_,OUT_R_REG_1_,DFF_Q_MAR_REG_1_ -> U192 -> U250 -> U181 -> U200 -> U315 -> U261 -> U271 -> U272 -> U176 -> U232 -> U184 -> OUT_R_REG_1_,b08
13,2.1538461538461537,21,2,8,1,0,0,DFF_Q_MAR_REG_1_,OUT_R_REG_1_,DFF_Q_MAR_REG_1_ -> U192 -> U250 -> U181 -> U200 -> U315 -> U261 -> U271 -> U272 -> U176 -> U279 -> U184 -> OUT_R_REG_1_,b08
13,2.1538461538461537,21,1,9,1,0,0,DFF_Q_MAR_REG_1_,OUT_R_REG_1_,DFF_Q_MAR_REG_1_ -> U192 -> U250 -> U181 -> U200 -> U315 -> U261 -> U271 -> U272 -> U273 -> U280 -> U184 -> OUT_R_REG_1_,b08
13,2.230769230769231,21,2,8,1,0,0,DFF_Q_MAR_REG_1_,OUT_R_REG_1_,DFF_Q_MAR_REG_1_ -> U192 -> U250 -> U181 -> U260 -> U316 -> U261 -> U271 -> U272 -> U176 -> U232 -> U184 -> OUT_R_REG_1_,b08
13,2.076923076923077,21,2,8,1,0,0,DFF_Q_MAR_REG_1_,OUT_R_REG_1_,DFF_Q_MAR_REG_1_ -> U192 -> U250 -> U181 -> U260 -> U316 -> U261 -> U271 -> U272 -> U176 -> U279 -> U184 -> OUT_R_REG_1_,b08
13,2.076923076923077,21,1,9,1,0,0,DFF_Q_MAR_REG_1_,OUT_R_REG_1_,DFF_Q_MAR_REG_1_ -> U192 -> U250 -> U181 -> U260 -> U316 -> U261 -> U271 -> U272 -> U273 -> U280 -> U184 -> OUT_R_REG_1_,b08
15,2.2,24,2,9,2,0,0,DFF_Q_MAR_REG_1_,OUT_R_REG_1_,DFF_Q_MAR_REG_1_ -> U192 -> U250 -> U199 -> U252 -> U180 -> U257 -> U314 -> U258 -> U271 -> U272 -> U176 -> U232 -> U184 -> OUT_R_REG_1_,b08
15,2.066666666666667,24,2,9,2,0,0,DFF_Q_MAR_REG_1_,OUT_R_REG_1_,DFF_Q_MAR_REG_1_ -> U192 -> U250 -> U199 -> U252 -> U180 -> U257 -> U314 -> U258 -> U271 -> U272 -> U176 -> U279 -> U184 -> OUT_R_REG_1_,b08
15,2.066666666666667,24,1,10,2,0,0,DFF_Q_MAR_REG_1_,OUT_R_REG_1_,DFF_Q_MAR_REG_1_ -> U192 -> U250 -> U199 -> U252 -> U180 -> U257 -> U314 -> U258 -> U271 -> U272 -> U273 -> U280 -> U184 -> OUT_R_REG_1_,b08
15,2.2,24,2,9,2,0,0,DFF_Q_MAR_REG_1_,OUT_R_REG_1_,DFF_Q_MAR_REG_1_ -> U192 -> U250 -> U199 -> U252 -> U180 -> U263 -> U312 -> U264 -> U271 -> U272 -> U176 -> U232 -> U184 -> OUT_R_REG_1_,b08
15,2.066666666666667,24,2,9,2,0,0,DFF_Q_MAR_REG_1_,OUT_R_REG_1_,DFF_Q_MAR_REG_1_ -> U192 -> U250 -> U199 -> U252 -> U180 -> U263 -> U312 -> U264 -> U271 -> U272 -> U176 -> U279 -> U184 -> OUT_R_REG_1_,b08
15,2.066666666666667,24,1,10,2,0,0,DFF_Q_MAR_REG_1_,OUT_R_REG_1_,DFF_Q_MAR_REG_1_ -> U192 -> U250 -> U199 -> U252 -> U180 -> U263 -> U312 -> U264 -> U271 -> U272 -> U273 -> U280 -> U184 -> OUT_R_REG_1_,b08
15,2.2,24,4,7,2,0,0,DFF_Q_MAR_REG_1_,OUT_R_REG_1_,DFF_Q_MAR_REG_1_ -> U192 -> U250 -> U199 -> U252 -> U180 -> U303 -> U221 -> U220 -> U271 -> U272 -> U176 -> U232 -> U184 -> OUT_R_REG_1_,b08
15,2.066666666666667,24,4,7,2,0,0,DFF_Q_MAR_REG_1_,OUT_R_REG_1_,DFF_Q_MAR_REG_1_ -> U192 -> U250 -> U199 -> U252 -> U180 -> U303 -> U221 -> U220 -> U271 -> U272 -> U176 -> U279 -> U184 -> OUT_R_REG_1_,b08
15,2.066666666666667,24,3,8,2,0,0,DFF_Q_MAR_REG_1_,OUT_R_REG_1_,DFF_Q_MAR_REG_1_ -> U192 -> U250 -> U199 -> U252 -> U180 -> U303 -> U221 -> U220 -> U271 -> U272 -> U273 -> U280 -> U184 -> OUT_R_REG_1_,b08
7,2.2857142857142856,9,0,4,1,0,0,DFF_Q_MAR_REG_1_,OUT_R_REG_1_,DFF_Q_MAR_REG_1_ -> U192 -> U250 -> U278 -> U279 -> U184 -> OUT_R_REG_1_,b08
11,2.6363636363636362,18,1,7,0,1,0,DFF_Q_MAR_REG_1_,OUT_R_REG_1_,DFF_Q_MAR_REG_1_ -> U247 -> U256 -> U313 -> U258 -> U271 -> U272 -> U176 -> U232 -> U184 -> OUT_R_REG_1_,b08
11,2.4545454545454546,18,1,7,0,1,0,DFF_Q_MAR_REG_1_,OUT_R_REG_1_,DFF_Q_MAR_REG_1_ -> U247 -> U256 -> U313 -> U258 -> U271 -> U272 -> U176 -> U279 -> U184 -> OUT_R_REG_1_,b08
11,2.4545454545454546,18,0,8,0,1,0,DFF_Q_MAR_REG_1_,OUT_R_REG_1_,DFF_Q_MAR_REG_1_ -> U247 -> U256 -> U313 -> U258 -> U271 -> U272 -> U273 -> U280 -> U184 -> OUT_R_REG_1_,b08
9,2.888888888888889,14,1,5,0,1,0,DFF_Q_MAR_REG_1_,OUT_R_REG_1_,DFF_Q_MAR_REG_1_ -> U247 -> U261 -> U271 -> U272 -> U176 -> U232 -> U184 -> OUT_R_REG_1_,b08
9,2.6666666666666665,14,1,5,0,1,0,DFF_Q_MAR_REG_1_,OUT_R_REG_1_,DFF_Q_MAR_REG_1_ -> U247 -> U261 -> U271 -> U272 -> U176 -> U279 -> U184 -> OUT_R_REG_1_,b08
9,2.6666666666666665,14,0,6,0,1,0,DFF_Q_MAR_REG_1_,OUT_R_REG_1_,DFF_Q_MAR_REG_1_ -> U247 -> U261 -> U271 -> U272 -> U273 -> U280 -> U184 -> OUT_R_REG_1_,b08
9,2.888888888888889,14,1,5,0,1,0,DFF_Q_MAR_REG_1_,OUT_R_REG_1_,DFF_Q_MAR_REG_1_ -> U247 -> U264 -> U271 -> U272 -> U176 -> U232 -> U184 -> OUT_R_REG_1_,b08
9,2.6666666666666665,14,1,5,0,1,0,DFF_Q_MAR_REG_1_,OUT_R_REG_1_,DFF_Q_MAR_REG_1_ -> U247 -> U264 -> U271 -> U272 -> U176 -> U279 -> U184 -> OUT_R_REG_1_,b08
9,2.6666666666666665,14,0,6,0,1,0,DFF_Q_MAR_REG_1_,OUT_R_REG_1_,DFF_Q_MAR_REG_1_ -> U247 -> U264 -> U271 -> U272 -> U273 -> U280 -> U184 -> OUT_R_REG_1_,b08
10,2.7,16,2,5,0,1,0,DFF_Q_MAR_REG_1_,OUT_R_REG_1_,DFF_Q_MAR_REG_1_ -> U247 -> U266 -> U220 -> U271 -> U272 -> U176 -> U232 -> U184 -> OUT_R_REG_1_,b08
10,2.5,16,2,5,0,1,0,DFF_Q_MAR_REG_1_,OUT_R_REG_1_,DFF_Q_MAR_REG_1_ -> U247 -> U266 -> U220 -> U271 -> U272 -> U176 -> U279 -> U184 -> OUT_R_REG_1_,b08
10,2.5,16,1,6,0,1,0,DFF_Q_MAR_REG_1_,OUT_R_REG_1_,DFF_Q_MAR_REG_1_ -> U247 -> U266 -> U220 -> U271 -> U272 -> U273 -> U280 -> U184 -> OUT_R_REG_1_,b08
10,2.7,16,2,5,0,1,0,DFF_Q_MAR_REG_1_,OUT_R_REG_1_,DFF_Q_MAR_REG_1_ -> U247 -> U269 -> U220 -> U271 -> U272 -> U176 -> U232 -> U184 -> OUT_R_REG_1_,b08
10,2.5,16,2,5,0,1,0,DFF_Q_MAR_REG_1_,OUT_R_REG_1_,DFF_Q_MAR_REG_1_ -> U247 -> U269 -> U220 -> U271 -> U272 -> U176 -> U279 -> U184 -> OUT_R_REG_1_,b08
10,2.5,16,1,6,0,1,0,DFF_Q_MAR_REG_1_,OUT_R_REG_1_,DFF_Q_MAR_REG_1_ -> U247 -> U269 -> U220 -> U271 -> U272 -> U273 -> U280 -> U184 -> OUT_R_REG_1_,b08
6,2.8333333333333335,8,0,3,0,1,0,DFF_Q_MAR_REG_1_,OUT_R_REG_1_,DFF_Q_MAR_REG_1_ -> U247 -> U278 -> U279 -> U184 -> OUT_R_REG_1_,b08
11,2.5454545454545454,18,3,5,0,1,0,DFF_Q_MAR_REG_1_,OUT_R_REG_1_,DFF_Q_MAR_REG_1_ -> U247 -> U303 -> U221 -> U220 -> U271 -> U272 -> U176 -> U232 -> U184 -> OUT_R_REG_1_,b08
11,2.3636363636363638,18,3,5,0,1,0,DFF_Q_MAR_REG_1_,OUT_R_REG_1_,DFF_Q_MAR_REG_1_ -> U247 -> U303 -> U221 -> U220 -> U271 -> U272 -> U176 -> U279 -> U184 -> OUT_R_REG_1_,b08
11,2.3636363636363638,18,2,6,0,1,0,DFF_Q_MAR_REG_1_,OUT_R_REG_1_,DFF_Q_MAR_REG_1_ -> U247 -> U303 -> U221 -> U220 -> U271 -> U272 -> U273 -> U280 -> U184 -> OUT_R_REG_1_,b08
11,2.5454545454545454,18,3,5,0,1,0,DFF_Q_MAR_REG_1_,OUT_R_REG_1_,DFF_Q_MAR_REG_1_ -> U247 -> U306 -> U221 -> U220 -> U271 -> U272 -> U176 -> U232 -> U184 -> OUT_R_REG_1_,b08
11,2.3636363636363638,18,3,5,0,1,0,DFF_Q_MAR_REG_1_,OUT_R_REG_1_,DFF_Q_MAR_REG_1_ -> U247 -> U306 -> U221 -> U220 -> U271 -> U272 -> U176 -> U279 -> U184 -> OUT_R_REG_1_,b08
11,2.3636363636363638,18,2,6,0,1,0,DFF_Q_MAR_REG_1_,OUT_R_REG_1_,DFF_Q_MAR_REG_1_ -> U247 -> U306 -> U221 -> U220 -> U271 -> U272 -> U273 -> U280 -> U184 -> OUT_R_REG_1_,b08
13,2.230769230769231,22,3,8,0,0,0,DFF_Q_MAR_REG_1_,OUT_R_REG_1_,DFF_Q_MAR_REG_1_ -> U251 -> U179 -> U182 -> U260 -> U316 -> U261 -> U271 -> U272 -> U176 -> U232 -> U184 -> OUT_R_REG_1_,b08
13,2.076923076923077,22,3,8,0,0,0,DFF_Q_MAR_REG_1_,OUT_R_REG_1_,DFF_Q_MAR_REG_1_ -> U251 -> U179 -> U182 -> U260 -> U316 -> U261 -> U271 -> U272 -> U176 -> U279 -> U184 -> OUT_R_REG_1_,b08
13,2.076923076923077,22,2,9,0,0,0,DFF_Q_MAR_REG_1_,OUT_R_REG_1_,DFF_Q_MAR_REG_1_ -> U251 -> U179 -> U182 -> U260 -> U316 -> U261 -> U271 -> U272 -> U273 -> U280 -> U184 -> OUT_R_REG_1_,b08
14,2.142857142857143,24,4,8,0,0,0,DFF_Q_MAR_REG_1_,OUT_R_REG_1_,DFF_Q_MAR_REG_1_ -> U251 -> U179 -> U182 -> U268 -> U310 -> U269 -> U220 -> U271 -> U272 -> U176 -> U232 -> U184 -> OUT_R_REG_1_,b08
14,2.0,24,4,8,0,0,0,DFF_Q_MAR_REG_1_,OUT_R_REG_1_,DFF_Q_MAR_REG_1_ -> U251 -> U179 -> U182 -> U268 -> U310 -> U269 -> U220 -> U271 -> U272 -> U176 -> U279 -> U184 -> OUT_R_REG_1_,b08
14,2.0,24,3,9,0,0,0,DFF_Q_MAR_REG_1_,OUT_R_REG_1_,DFF_Q_MAR_REG_1_ -> U251 -> U179 -> U182 -> U268 -> U310 -> U269 -> U220 -> U271 -> U272 -> U273 -> U280 -> U184 -> OUT_R_REG_1_,b08
13,2.230769230769231,22,5,6,0,0,0,DFF_Q_MAR_REG_1_,OUT_R_REG_1_,DFF_Q_MAR_REG_1_ -> U251 -> U179 -> U182 -> U305 -> U221 -> U220 -> U271 -> U272 -> U176 -> U232 -> U184 -> OUT_R_REG_1_,b08
13,2.076923076923077,22,5,6,0,0,0,DFF_Q_MAR_REG_1_,OUT_R_REG_1_,DFF_Q_MAR_REG_1_ -> U251 -> U179 -> U182 -> U305 -> U221 -> U220 -> U271 -> U272 -> U176 -> U279 -> U184 -> OUT_R_REG_1_,b08
13,2.076923076923077,22,4,7,0,0,0,DFF_Q_MAR_REG_1_,OUT_R_REG_1_,DFF_Q_MAR_REG_1_ -> U251 -> U179 -> U182 -> U305 -> U221 -> U220 -> U271 -> U272 -> U273 -> U280 -> U184 -> OUT_R_REG_1_,b08
15,2.1333333333333333,25,3,9,1,0,0,DFF_Q_MAR_REG_1_,OUT_R_REG_1_,DFF_Q_MAR_REG_1_ -> U251 -> U179 -> U199 -> U252 -> U180 -> U257 -> U314 -> U258 -> U271 -> U272 -> U176 -> U232 -> U184 -> OUT_R_REG_1_,b08
15,2.0,25,3,9,1,0,0,DFF_Q_MAR_REG_1_,OUT_R_REG_1_,DFF_Q_MAR_REG_1_ -> U251 -> U179 -> U199 -> U252 -> U180 -> U257 -> U314 -> U258 -> U271 -> U272 -> U176 -> U279 -> U184 -> OUT_R_REG_1_,b08
15,2.0,25,2,10,1,0,0,DFF_Q_MAR_REG_1_,OUT_R_REG_1_,DFF_Q_MAR_REG_1_ -> U251 -> U179 -> U199 -> U252 -> U180 -> U257 -> U314 -> U258 -> U271 -> U272 -> U273 -> U280 -> U184 -> OUT_R_REG_1_,b08
15,2.1333333333333333,25,3,9,1,0,0,DFF_Q_MAR_REG_1_,OUT_R_REG_1_,DFF_Q_MAR_REG_1_ -> U251 -> U179 -> U199 -> U252 -> U180 -> U263 -> U312 -> U264 -> U271 -> U272 -> U176 -> U232 -> U184 -> OUT_R_REG_1_,b08
15,2.0,25,3,9,1,0,0,DFF_Q_MAR_REG_1_,OUT_R_REG_1_,DFF_Q_MAR_REG_1_ -> U251 -> U179 -> U199 -> U252 -> U180 -> U263 -> U312 -> U264 -> U271 -> U272 -> U176 -> U279 -> U184 -> OUT_R_REG_1_,b08
15,2.0,25,2,10,1,0,0,DFF_Q_MAR_REG_1_,OUT_R_REG_1_,DFF_Q_MAR_REG_1_ -> U251 -> U179 -> U199 -> U252 -> U180 -> U263 -> U312 -> U264 -> U271 -> U272 -> U273 -> U280 -> U184 -> OUT_R_REG_1_,b08
15,2.1333333333333333,25,5,7,1,0,0,DFF_Q_MAR_REG_1_,OUT_R_REG_1_,DFF_Q_MAR_REG_1_ -> U251 -> U179 -> U199 -> U252 -> U180 -> U303 -> U221 -> U220 -> U271 -> U272 -> U176 -> U232 -> U184 -> OUT_R_REG_1_,b08
15,2.0,25,5,7,1,0,0,DFF_Q_MAR_REG_1_,OUT_R_REG_1_,DFF_Q_MAR_REG_1_ -> U251 -> U179 -> U199 -> U252 -> U180 -> U303 -> U221 -> U220 -> U271 -> U272 -> U176 -> U279 -> U184 -> OUT_R_REG_1_,b08
15,2.0,25,4,8,1,0,0,DFF_Q_MAR_REG_1_,OUT_R_REG_1_,DFF_Q_MAR_REG_1_ -> U251 -> U179 -> U199 -> U252 -> U180 -> U303 -> U221 -> U220 -> U271 -> U272 -> U273 -> U280 -> U184 -> OUT_R_REG_1_,b08
14,2.0714285714285716,23,4,7,1,0,0,DFF_Q_MAR_REG_1_,OUT_R_REG_1_,DFF_Q_MAR_REG_1_ -> U251 -> U179 -> U203 -> U259 -> U306 -> U221 -> U220 -> U271 -> U272 -> U176 -> U232 -> U184 -> OUT_R_REG_1_,b08
14,1.9285714285714286,23,4,7,1,0,0,DFF_Q_MAR_REG_1_,OUT_R_REG_1_,DFF_Q_MAR_REG_1_ -> U251 -> U179 -> U203 -> U259 -> U306 -> U221 -> U220 -> U271 -> U272 -> U176 -> U279 -> U184 -> OUT_R_REG_1_,b08
14,1.9285714285714286,23,3,8,1,0,0,DFF_Q_MAR_REG_1_,OUT_R_REG_1_,DFF_Q_MAR_REG_1_ -> U251 -> U179 -> U203 -> U259 -> U306 -> U221 -> U220 -> U271 -> U272 -> U273 -> U280 -> U184 -> OUT_R_REG_1_,b08
13,2.1538461538461537,22,3,8,0,0,0,DFF_Q_MAR_REG_1_,OUT_R_REG_1_,DFF_Q_MAR_REG_1_ -> U251 -> U179 -> U203 -> U307 -> U266 -> U220 -> U271 -> U272 -> U176 -> U232 -> U184 -> OUT_R_REG_1_,b08
13,2.0,22,3,8,0,0,0,DFF_Q_MAR_REG_1_,OUT_R_REG_1_,DFF_Q_MAR_REG_1_ -> U251 -> U179 -> U203 -> U307 -> U266 -> U220 -> U271 -> U272 -> U176 -> U279 -> U184 -> OUT_R_REG_1_,b08
13,2.0,22,2,9,0,0,0,DFF_Q_MAR_REG_1_,OUT_R_REG_1_,DFF_Q_MAR_REG_1_ -> U251 -> U179 -> U203 -> U307 -> U266 -> U220 -> U271 -> U272 -> U273 -> U280 -> U184 -> OUT_R_REG_1_,b08
11,2.272727272727273,18,3,6,0,0,0,DFF_Q_MAR_REG_1_,OUT_R_REG_1_,DFF_Q_MAR_REG_1_ -> U251 -> U179 -> U270 -> U220 -> U271 -> U272 -> U176 -> U232 -> U184 -> OUT_R_REG_1_,b08
11,2.090909090909091,18,3,6,0,0,0,DFF_Q_MAR_REG_1_,OUT_R_REG_1_,DFF_Q_MAR_REG_1_ -> U251 -> U179 -> U270 -> U220 -> U271 -> U272 -> U176 -> U279 -> U184 -> OUT_R_REG_1_,b08
11,2.090909090909091,18,2,7,0,0,0,DFF_Q_MAR_REG_1_,OUT_R_REG_1_,DFF_Q_MAR_REG_1_ -> U251 -> U179 -> U270 -> U220 -> U271 -> U272 -> U273 -> U280 -> U184 -> OUT_R_REG_1_,b08
6,2.3333333333333335,8,0,4,0,0,0,DFF_Q_MAR_REG_1_,OUT_R_REG_1_,DFF_Q_MAR_REG_1_ -> U251 -> U202 -> U232 -> U184 -> OUT_R_REG_1_,b08
13,1.9230769230769231,21,3,7,1,0,0,DFF_Q_MAR_REG_1_,OUT_R_REG_1_,DFF_Q_MAR_REG_1_ -> U251 -> U202 -> U255 -> U304 -> U221 -> U220 -> U271 -> U272 -> U176 -> U232 -> U184 -> OUT_R_REG_1_,b08
13,1.7692307692307692,21,3,7,1,0,0,DFF_Q_MAR_REG_1_,OUT_R_REG_1_,DFF_Q_MAR_REG_1_ -> U251 -> U202 -> U255 -> U304 -> U221 -> U220 -> U271 -> U272 -> U176 -> U279 -> U184 -> OUT_R_REG_1_,b08
13,1.7692307692307692,21,2,8,1,0,0,DFF_Q_MAR_REG_1_,OUT_R_REG_1_,DFF_Q_MAR_REG_1_ -> U251 -> U202 -> U255 -> U304 -> U221 -> U220 -> U271 -> U272 -> U273 -> U280 -> U184 -> OUT_R_REG_1_,b08
12,2.3333333333333335,20,2,8,0,0,0,DFF_Q_MAR_REG_1_,OUT_R_REG_1_,DFF_Q_MAR_REG_1_ -> U254 -> U182 -> U260 -> U316 -> U261 -> U271 -> U272 -> U176 -> U232 -> U184 -> OUT_R_REG_1_,b08
12,2.1666666666666665,20,2,8,0,0,0,DFF_Q_MAR_REG_1_,OUT_R_REG_1_,DFF_Q_MAR_REG_1_ -> U254 -> U182 -> U260 -> U316 -> U261 -> U271 -> U272 -> U176 -> U279 -> U184 -> OUT_R_REG_1_,b08
12,2.1666666666666665,20,1,9,0,0,0,DFF_Q_MAR_REG_1_,OUT_R_REG_1_,DFF_Q_MAR_REG_1_ -> U254 -> U182 -> U260 -> U316 -> U261 -> U271 -> U272 -> U273 -> U280 -> U184 -> OUT_R_REG_1_,b08
13,2.230769230769231,22,3,8,0,0,0,DFF_Q_MAR_REG_1_,OUT_R_REG_1_,DFF_Q_MAR_REG_1_ -> U254 -> U182 -> U268 -> U310 -> U269 -> U220 -> U271 -> U272 -> U176 -> U232 -> U184 -> OUT_R_REG_1_,b08
13,2.076923076923077,22,3,8,0,0,0,DFF_Q_MAR_REG_1_,OUT_R_REG_1_,DFF_Q_MAR_REG_1_ -> U254 -> U182 -> U268 -> U310 -> U269 -> U220 -> U271 -> U272 -> U176 -> U279 -> U184 -> OUT_R_REG_1_,b08
13,2.076923076923077,22,2,9,0,0,0,DFF_Q_MAR_REG_1_,OUT_R_REG_1_,DFF_Q_MAR_REG_1_ -> U254 -> U182 -> U268 -> U310 -> U269 -> U220 -> U271 -> U272 -> U273 -> U280 -> U184 -> OUT_R_REG_1_,b08
12,2.3333333333333335,20,4,6,0,0,0,DFF_Q_MAR_REG_1_,OUT_R_REG_1_,DFF_Q_MAR_REG_1_ -> U254 -> U182 -> U305 -> U221 -> U220 -> U271 -> U272 -> U176 -> U232 -> U184 -> OUT_R_REG_1_,b08
12,2.1666666666666665,20,4,6,0,0,0,DFF_Q_MAR_REG_1_,OUT_R_REG_1_,DFF_Q_MAR_REG_1_ -> U254 -> U182 -> U305 -> U221 -> U220 -> U271 -> U272 -> U176 -> U279 -> U184 -> OUT_R_REG_1_,b08
12,2.1666666666666665,20,3,7,0,0,0,DFF_Q_MAR_REG_1_,OUT_R_REG_1_,DFF_Q_MAR_REG_1_ -> U254 -> U182 -> U305 -> U221 -> U220 -> U271 -> U272 -> U273 -> U280 -> U184 -> OUT_R_REG_1_,b08
6,2.8333333333333335,8,0,4,0,0,0,DFF_Q_MAR_REG_1_,OUT_R_REG_1_,DFF_Q_MAR_REG_1_ -> U254 -> U202 -> U232 -> U184 -> OUT_R_REG_1_,b08
13,2.1538461538461537,21,3,7,1,0,0,DFF_Q_MAR_REG_1_,OUT_R_REG_1_,DFF_Q_MAR_REG_1_ -> U254 -> U202 -> U255 -> U304 -> U221 -> U220 -> U271 -> U272 -> U176 -> U232 -> U184 -> OUT_R_REG_1_,b08
13,2.0,21,3,7,1,0,0,DFF_Q_MAR_REG_1_,OUT_R_REG_1_,DFF_Q_MAR_REG_1_ -> U254 -> U202 -> U255 -> U304 -> U221 -> U220 -> U271 -> U272 -> U176 -> U279 -> U184 -> OUT_R_REG_1_,b08
13,2.0,21,2,8,1,0,0,DFF_Q_MAR_REG_1_,OUT_R_REG_1_,DFF_Q_MAR_REG_1_ -> U254 -> U202 -> U255 -> U304 -> U221 -> U220 -> U271 -> U272 -> U273 -> U280 -> U184 -> OUT_R_REG_1_,b08
9,2.5555555555555554,14,1,6,0,0,0,DFF_Q_MAR_REG_1_,OUT_R_REG_1_,DFF_Q_MAR_REG_1_ -> U254 -> U258 -> U271 -> U272 -> U176 -> U232 -> U184 -> OUT_R_REG_1_,b08
9,2.3333333333333335,14,1,6,0,0,0,DFF_Q_MAR_REG_1_,OUT_R_REG_1_,DFF_Q_MAR_REG_1_ -> U254 -> U258 -> U271 -> U272 -> U176 -> U279 -> U184 -> OUT_R_REG_1_,b08
9,2.3333333333333335,14,0,7,0,0,0,DFF_Q_MAR_REG_1_,OUT_R_REG_1_,DFF_Q_MAR_REG_1_ -> U254 -> U258 -> U271 -> U272 -> U273 -> U280 -> U184 -> OUT_R_REG_1_,b08
11,2.272727272727273,18,1,8,0,0,0,DFF_Q_MAR_REG_1_,OUT_R_REG_1_,DFF_Q_MAR_REG_1_ -> U254 -> U263 -> U312 -> U264 -> U271 -> U272 -> U176 -> U232 -> U184 -> OUT_R_REG_1_,b08
11,2.090909090909091,18,1,8,0,0,0,DFF_Q_MAR_REG_1_,OUT_R_REG_1_,DFF_Q_MAR_REG_1_ -> U254 -> U263 -> U312 -> U264 -> U271 -> U272 -> U176 -> U279 -> U184 -> OUT_R_REG_1_,b08
11,2.090909090909091,18,0,9,0,0,0,DFF_Q_MAR_REG_1_,OUT_R_REG_1_,DFF_Q_MAR_REG_1_ -> U254 -> U263 -> U312 -> U264 -> U271 -> U272 -> U273 -> U280 -> U184 -> OUT_R_REG_1_,b08
12,2.1666666666666665,20,2,8,0,0,0,DFF_Q_MAR_REG_1_,OUT_R_REG_1_,DFF_Q_MAR_REG_1_ -> U254 -> U265 -> U308 -> U266 -> U220 -> U271 -> U272 -> U176 -> U232 -> U184 -> OUT_R_REG_1_,b08
12,2.0,20,2,8,0,0,0,DFF_Q_MAR_REG_1_,OUT_R_REG_1_,DFF_Q_MAR_REG_1_ -> U254 -> U265 -> U308 -> U266 -> U220 -> U271 -> U272 -> U176 -> U279 -> U184 -> OUT_R_REG_1_,b08
12,2.0,20,1,9,0,0,0,DFF_Q_MAR_REG_1_,OUT_R_REG_1_,DFF_Q_MAR_REG_1_ -> U254 -> U265 -> U308 -> U266 -> U220 -> U271 -> U272 -> U273 -> U280 -> U184 -> OUT_R_REG_1_,b08
14,2.2857142857142856,24,4,8,0,0,0,DFF_Q_MAR_REG_1_,OUT_R_REG_0_,DFF_Q_MAR_REG_1_ -> U178 -> U195 -> U179 -> U182 -> U260 -> U316 -> U261 -> U271 -> U272 -> U176 -> U232 -> U183 -> OUT_R_REG_0_,b08
14,2.142857142857143,24,3,9,0,0,0,DFF_Q_MAR_REG_1_,OUT_R_REG_0_,DFF_Q_MAR_REG_1_ -> U178 -> U195 -> U179 -> U182 -> U260 -> U316 -> U261 -> U271 -> U272 -> U273 -> U281 -> U183 -> OUT_R_REG_0_,b08
15,2.2,26,5,8,0,0,0,DFF_Q_MAR_REG_1_,OUT_R_REG_0_,DFF_Q_MAR_REG_1_ -> U178 -> U195 -> U179 -> U182 -> U268 -> U310 -> U269 -> U220 -> U271 -> U272 -> U176 -> U232 -> U183 -> OUT_R_REG_0_,b08
15,2.066666666666667,26,4,9,0,0,0,DFF_Q_MAR_REG_1_,OUT_R_REG_0_,DFF_Q_MAR_REG_1_ -> U178 -> U195 -> U179 -> U182 -> U268 -> U310 -> U269 -> U220 -> U271 -> U272 -> U273 -> U281 -> U183 -> OUT_R_REG_0_,b08
14,2.2857142857142856,24,6,6,0,0,0,DFF_Q_MAR_REG_1_,OUT_R_REG_0_,DFF_Q_MAR_REG_1_ -> U178 -> U195 -> U179 -> U182 -> U305 -> U221 -> U220 -> U271 -> U272 -> U176 -> U232 -> U183 -> OUT_R_REG_0_,b08
14,2.142857142857143,24,5,7,0,0,0,DFF_Q_MAR_REG_1_,OUT_R_REG_0_,DFF_Q_MAR_REG_1_ -> U178 -> U195 -> U179 -> U182 -> U305 -> U221 -> U220 -> U271 -> U272 -> U273 -> U281 -> U183 -> OUT_R_REG_0_,b08
16,2.1875,27,4,9,1,0,0,DFF_Q_MAR_REG_1_,OUT_R_REG_0_,DFF_Q_MAR_REG_1_ -> U178 -> U195 -> U179 -> U199 -> U252 -> U180 -> U257 -> U314 -> U258 -> U271 -> U272 -> U176 -> U232 -> U183 -> OUT_R_REG_0_,b08
16,2.0625,27,3,10,1,0,0,DFF_Q_MAR_REG_1_,OUT_R_REG_0_,DFF_Q_MAR_REG_1_ -> U178 -> U195 -> U179 -> U199 -> U252 -> U180 -> U257 -> U314 -> U258 -> U271 -> U272 -> U273 -> U281 -> U183 -> OUT_R_REG_0_,b08
16,2.1875,27,4,9,1,0,0,DFF_Q_MAR_REG_1_,OUT_R_REG_0_,DFF_Q_MAR_REG_1_ -> U178 -> U195 -> U179 -> U199 -> U252 -> U180 -> U263 -> U312 -> U264 -> U271 -> U272 -> U176 -> U232 -> U183 -> OUT_R_REG_0_,b08
16,2.0625,27,3,10,1,0,0,DFF_Q_MAR_REG_1_,OUT_R_REG_0_,DFF_Q_MAR_REG_1_ -> U178 -> U195 -> U179 -> U199 -> U252 -> U180 -> U263 -> U312 -> U264 -> U271 -> U272 -> U273 -> U281 -> U183 -> OUT_R_REG_0_,b08
16,2.1875,27,6,7,1,0,0,DFF_Q_MAR_REG_1_,OUT_R_REG_0_,DFF_Q_MAR_REG_1_ -> U178 -> U195 -> U179 -> U199 -> U252 -> U180 -> U303 -> U221 -> U220 -> U271 -> U272 -> U176 -> U232 -> U183 -> OUT_R_REG_0_,b08
16,2.0625,27,5,8,1,0,0,DFF_Q_MAR_REG_1_,OUT_R_REG_0_,DFF_Q_MAR_REG_1_ -> U178 -> U195 -> U179 -> U199 -> U252 -> U180 -> U303 -> U221 -> U220 -> U271 -> U272 -> U273 -> U281 -> U183 -> OUT_R_REG_0_,b08
15,2.1333333333333333,25,5,7,1,0,0,DFF_Q_MAR_REG_1_,OUT_R_REG_0_,DFF_Q_MAR_REG_1_ -> U178 -> U195 -> U179 -> U203 -> U259 -> U306 -> U221 -> U220 -> U271 -> U272 -> U176 -> U232 -> U183 -> OUT_R_REG_0_,b08
15,2.0,25,4,8,1,0,0,DFF_Q_MAR_REG_1_,OUT_R_REG_0_,DFF_Q_MAR_REG_1_ -> U178 -> U195 -> U179 -> U203 -> U259 -> U306 -> U221 -> U220 -> U271 -> U272 -> U273 -> U281 -> U183 -> OUT_R_REG_0_,b08
14,2.2142857142857144,24,4,8,0,0,0,DFF_Q_MAR_REG_1_,OUT_R_REG_0_,DFF_Q_MAR_REG_1_ -> U178 -> U195 -> U179 -> U203 -> U307 -> U266 -> U220 -> U271 -> U272 -> U176 -> U232 -> U183 -> OUT_R_REG_0_,b08
14,2.0714285714285716,24,3,9,0,0,0,DFF_Q_MAR_REG_1_,OUT_R_REG_0_,DFF_Q_MAR_REG_1_ -> U178 -> U195 -> U179 -> U203 -> U307 -> U266 -> U220 -> U271 -> U272 -> U273 -> U281 -> U183 -> OUT_R_REG_0_,b08
12,2.3333333333333335,20,4,6,0,0,0,DFF_Q_MAR_REG_1_,OUT_R_REG_0_,DFF_Q_MAR_REG_1_ -> U178 -> U195 -> U179 -> U270 -> U220 -> U271 -> U272 -> U176 -> U232 -> U183 -> OUT_R_REG_0_,b08
12,2.1666666666666665,20,3,7,0,0,0,DFF_Q_MAR_REG_1_,OUT_R_REG_0_,DFF_Q_MAR_REG_1_ -> U178 -> U195 -> U179 -> U270 -> U220 -> U271 -> U272 -> U273 -> U281 -> U183 -> OUT_R_REG_0_,b08
15,2.0,25,3,9,1,0,0,DFF_Q_MAR_REG_1_,OUT_R_REG_0_,DFF_Q_MAR_REG_1_ -> U178 -> U195 -> U201 -> U262 -> U265 -> U308 -> U266 -> U220 -> U271 -> U272 -> U176 -> U232 -> U183 -> OUT_R_REG_0_,b08
15,1.8666666666666667,25,2,10,1,0,0,DFF_Q_MAR_REG_1_,OUT_R_REG_0_,DFF_Q_MAR_REG_1_ -> U178 -> U195 -> U201 -> U262 -> U265 -> U308 -> U266 -> U220 -> U271 -> U272 -> U273 -> U281 -> U183 -> OUT_R_REG_0_,b08
15,2.0,25,3,9,1,0,0,DFF_Q_MAR_REG_1_,OUT_R_REG_0_,DFF_Q_MAR_REG_1_ -> U178 -> U195 -> U201 -> U262 -> U267 -> U309 -> U269 -> U220 -> U271 -> U272 -> U176 -> U232 -> U183 -> OUT_R_REG_0_,b08
15,1.8666666666666667,25,2,10,1,0,0,DFF_Q_MAR_REG_1_,OUT_R_REG_0_,DFF_Q_MAR_REG_1_ -> U178 -> U195 -> U201 -> U262 -> U267 -> U309 -> U269 -> U220 -> U271 -> U272 -> U273 -> U281 -> U183 -> OUT_R_REG_0_,b08
12,2.1666666666666665,20,2,8,0,0,0,DFF_Q_MAR_REG_1_,OUT_R_REG_0_,DFF_Q_MAR_REG_1_ -> U178 -> U195 -> U201 -> U311 -> U264 -> U271 -> U272 -> U176 -> U232 -> U183 -> OUT_R_REG_0_,b08
12,2.0,20,1,9,0,0,0,DFF_Q_MAR_REG_1_,OUT_R_REG_0_,DFF_Q_MAR_REG_1_ -> U178 -> U195 -> U201 -> U311 -> U264 -> U271 -> U272 -> U273 -> U281 -> U183 -> OUT_R_REG_0_,b08
17,2.3529411764705883,28,3,10,2,0,0,DFF_Q_MAR_REG_1_,OUT_R_REG_0_,DFF_Q_MAR_REG_1_ -> U178 -> U198 -> U200 -> U253 -> U201 -> U262 -> U265 -> U308 -> U266 -> U220 -> U271 -> U272 -> U176 -> U232 -> U183 -> OUT_R_REG_0_,b08
17,2.235294117647059,28,2,11,2,0,0,DFF_Q_MAR_REG_1_,OUT_R_REG_0_,DFF_Q_MAR_REG_1_ -> U178 -> U198 -> U200 -> U253 -> U201 -> U262 -> U265 -> U308 -> U266 -> U220 -> U271 -> U272 -> U273 -> U281 -> U183 -> OUT_R_REG_0_,b08
17,2.3529411764705883,28,3,10,2,0,0,DFF_Q_MAR_REG_1_,OUT_R_REG_0_,DFF_Q_MAR_REG_1_ -> U178 -> U198 -> U200 -> U253 -> U201 -> U262 -> U267 -> U309 -> U269 -> U220 -> U271 -> U272 -> U176 -> U232 -> U183 -> OUT_R_REG_0_,b08
17,2.235294117647059,28,2,11,2,0,0,DFF_Q_MAR_REG_1_,OUT_R_REG_0_,DFF_Q_MAR_REG_1_ -> U178 -> U198 -> U200 -> U253 -> U201 -> U262 -> U267 -> U309 -> U269 -> U220 -> U271 -> U272 -> U273 -> U281 -> U183 -> OUT_R_REG_0_,b08
14,2.5714285714285716,23,2,9,1,0,0,DFF_Q_MAR_REG_1_,OUT_R_REG_0_,DFF_Q_MAR_REG_1_ -> U178 -> U198 -> U200 -> U253 -> U201 -> U311 -> U264 -> U271 -> U272 -> U176 -> U232 -> U183 -> OUT_R_REG_0_,b08
14,2.4285714285714284,23,1,10,1,0,0,DFF_Q_MAR_REG_1_,OUT_R_REG_0_,DFF_Q_MAR_REG_1_ -> U178 -> U198 -> U200 -> U253 -> U201 -> U311 -> U264 -> U271 -> U272 -> U273 -> U281 -> U183 -> OUT_R_REG_0_,b08
16,2.375,26,4,8,2,0,0,DFF_Q_MAR_REG_1_,OUT_R_REG_0_,DFF_Q_MAR_REG_1_ -> U178 -> U198 -> U200 -> U253 -> U203 -> U259 -> U306 -> U221 -> U220 -> U271 -> U272 -> U176 -> U232 -> U183 -> OUT_R_REG_0_,b08
16,2.25,26,3,9,2,0,0,DFF_Q_MAR_REG_1_,OUT_R_REG_0_,DFF_Q_MAR_REG_1_ -> U178 -> U198 -> U200 -> U253 -> U203 -> U259 -> U306 -> U221 -> U220 -> U271 -> U272 -> U273 -> U281 -> U183 -> OUT_R_REG_0_,b08
15,2.466666666666667,25,3,9,1,0,0,DFF_Q_MAR_REG_1_,OUT_R_REG_0_,DFF_Q_MAR_REG_1_ -> U178 -> U198 -> U200 -> U253 -> U203 -> U307 -> U266 -> U220 -> U271 -> U272 -> U176 -> U232 -> U183 -> OUT_R_REG_0_,b08
15,2.3333333333333335,25,2,10,1,0,0,DFF_Q_MAR_REG_1_,OUT_R_REG_0_,DFF_Q_MAR_REG_1_ -> U178 -> U198 -> U200 -> U253 -> U203 -> U307 -> U266 -> U220 -> U271 -> U272 -> U273 -> U281 -> U183 -> OUT_R_REG_0_,b08
14,2.5714285714285716,23,2,9,1,0,0,DFF_Q_MAR_REG_1_,OUT_R_REG_0_,DFF_Q_MAR_REG_1_ -> U178 -> U198 -> U200 -> U253 -> U256 -> U313 -> U258 -> U271 -> U272 -> U176 -> U232 -> U183 -> OUT_R_REG_0_,b08
14,2.4285714285714284,23,1,10,1,0,0,DFF_Q_MAR_REG_1_,OUT_R_REG_0_,DFF_Q_MAR_REG_1_ -> U178 -> U198 -> U200 -> U253 -> U256 -> U313 -> U258 -> U271 -> U272 -> U273 -> U281 -> U183 -> OUT_R_REG_0_,b08
14,2.5,23,4,7,1,0,0,DFF_Q_MAR_REG_1_,OUT_R_REG_0_,DFF_Q_MAR_REG_1_ -> U178 -> U198 -> U200 -> U253 -> U304 -> U221 -> U220 -> U271 -> U272 -> U176 -> U232 -> U183 -> OUT_R_REG_0_,b08
14,2.357142857142857,23,3,8,1,0,0,DFF_Q_MAR_REG_1_,OUT_R_REG_0_,DFF_Q_MAR_REG_1_ -> U178 -> U198 -> U200 -> U253 -> U304 -> U221 -> U220 -> U271 -> U272 -> U273 -> U281 -> U183 -> OUT_R_REG_0_,b08
14,2.5,23,4,7,1,0,0,DFF_Q_MAR_REG_1_,OUT_R_REG_0_,DFF_Q_MAR_REG_1_ -> U178 -> U198 -> U200 -> U253 -> U305 -> U221 -> U220 -> U271 -> U272 -> U176 -> U232 -> U183 -> OUT_R_REG_0_,b08
14,2.357142857142857,23,3,8,1,0,0,DFF_Q_MAR_REG_1_,OUT_R_REG_0_,DFF_Q_MAR_REG_1_ -> U178 -> U198 -> U200 -> U253 -> U305 -> U221 -> U220 -> U271 -> U272 -> U273 -> U281 -> U183 -> OUT_R_REG_0_,b08
12,2.4166666666666665,20,2,8,0,0,0,DFF_Q_MAR_REG_1_,OUT_R_REG_0_,DFF_Q_MAR_REG_1_ -> U178 -> U198 -> U200 -> U315 -> U261 -> U271 -> U272 -> U176 -> U232 -> U183 -> OUT_R_REG_0_,b08
12,2.25,20,1,9,0,0,0,DFF_Q_MAR_REG_1_,OUT_R_REG_0_,DFF_Q_MAR_REG_1_ -> U178 -> U198 -> U200 -> U315 -> U261 -> U271 -> U272 -> U273 -> U281 -> U183 -> OUT_R_REG_0_,b08
12,2.3333333333333335,20,2,8,0,0,0,DFF_Q_MAR_REG_1_,OUT_R_REG_0_,DFF_Q_MAR_REG_1_ -> U178 -> U198 -> U257 -> U314 -> U258 -> U271 -> U272 -> U176 -> U232 -> U183 -> OUT_R_REG_0_,b08
12,2.1666666666666665,20,1,9,0,0,0,DFF_Q_MAR_REG_1_,OUT_R_REG_0_,DFF_Q_MAR_REG_1_ -> U178 -> U198 -> U257 -> U314 -> U258 -> U271 -> U272 -> U273 -> U281 -> U183 -> OUT_R_REG_0_,b08
13,2.230769230769231,22,3,8,0,0,0,DFF_Q_MAR_REG_1_,OUT_R_REG_0_,DFF_Q_MAR_REG_1_ -> U178 -> U198 -> U268 -> U310 -> U269 -> U220 -> U271 -> U272 -> U176 -> U232 -> U183 -> OUT_R_REG_0_,b08
13,2.076923076923077,22,2,9,0,0,0,DFF_Q_MAR_REG_1_,OUT_R_REG_0_,DFF_Q_MAR_REG_1_ -> U178 -> U198 -> U268 -> U310 -> U269 -> U220 -> U271 -> U272 -> U273 -> U281 -> U183 -> OUT_R_REG_0_,b08
11,2.4545454545454546,18,3,6,0,0,0,DFF_Q_MAR_REG_1_,OUT_R_REG_0_,DFF_Q_MAR_REG_1_ -> U178 -> U198 -> U270 -> U220 -> U271 -> U272 -> U176 -> U232 -> U183 -> OUT_R_REG_0_,b08
11,2.272727272727273,18,2,7,0,0,0,DFF_Q_MAR_REG_1_,OUT_R_REG_0_,DFF_Q_MAR_REG_1_ -> U178 -> U198 -> U270 -> U220 -> U271 -> U272 -> U273 -> U281 -> U183 -> OUT_R_REG_0_,b08
18,2.2777777777777777,29,3,10,3,0,0,DFF_Q_MAR_REG_1_,OUT_R_REG_0_,DFF_Q_MAR_REG_1_ -> U192 -> U248 -> U181 -> U200 -> U253 -> U201 -> U262 -> U265 -> U308 -> U266 -> U220 -> U271 -> U272 -> U176 -> U232 -> U183 -> OUT_R_REG_0_,b08
18,2.1666666666666665,29,2,11,3,0,0,DFF_Q_MAR_REG_1_,OUT_R_REG_0_,DFF_Q_MAR_REG_1_ -> U192 -> U248 -> U181 -> U200 -> U253 -> U201 -> U262 -> U265 -> U308 -> U266 -> U220 -> U271 -> U272 -> U273 -> U281 -> U183 -> OUT_R_REG_0_,b08
18,2.2777777777777777,29,3,10,3,0,0,DFF_Q_MAR_REG_1_,OUT_R_REG_0_,DFF_Q_MAR_REG_1_ -> U192 -> U248 -> U181 -> U200 -> U253 -> U201 -> U262 -> U267 -> U309 -> U269 -> U220 -> U271 -> U272 -> U176 -> U232 -> U183 -> OUT_R_REG_0_,b08
18,2.1666666666666665,29,2,11,3,0,0,DFF_Q_MAR_REG_1_,OUT_R_REG_0_,DFF_Q_MAR_REG_1_ -> U192 -> U248 -> U181 -> U200 -> U253 -> U201 -> U262 -> U267 -> U309 -> U269 -> U220 -> U271 -> U272 -> U273 -> U281 -> U183 -> OUT_R_REG_0_,b08
15,2.466666666666667,24,2,9,2,0,0,DFF_Q_MAR_REG_1_,OUT_R_REG_0_,DFF_Q_MAR_REG_1_ -> U192 -> U248 -> U181 -> U200 -> U253 -> U201 -> U311 -> U264 -> U271 -> U272 -> U176 -> U232 -> U183 -> OUT_R_REG_0_,b08
15,2.3333333333333335,24,1,10,2,0,0,DFF_Q_MAR_REG_1_,OUT_R_REG_0_,DFF_Q_MAR_REG_1_ -> U192 -> U248 -> U181 -> U200 -> U253 -> U201 -> U311 -> U264 -> U271 -> U272 -> U273 -> U281 -> U183 -> OUT_R_REG_0_,b08
17,2.2941176470588234,27,4,8,3,0,0,DFF_Q_MAR_REG_1_,OUT_R_REG_0_,DFF_Q_MAR_REG_1_ -> U192 -> U248 -> U181 -> U200 -> U253 -> U203 -> U259 -> U306 -> U221 -> U220 -> U271 -> U272 -> U176 -> U232 -> U183 -> OUT_R_REG_0_,b08
17,2.176470588235294,27,3,9,3,0,0,DFF_Q_MAR_REG_1_,OUT_R_REG_0_,DFF_Q_MAR_REG_1_ -> U192 -> U248 -> U181 -> U200 -> U253 -> U203 -> U259 -> U306 -> U221 -> U220 -> U271 -> U272 -> U273 -> U281 -> U183 -> OUT_R_REG_0_,b08
16,2.375,26,3,9,2,0,0,DFF_Q_MAR_REG_1_,OUT_R_REG_0_,DFF_Q_MAR_REG_1_ -> U192 -> U248 -> U181 -> U200 -> U253 -> U203 -> U307 -> U266 -> U220 -> U271 -> U272 -> U176 -> U232 -> U183 -> OUT_R_REG_0_,b08
16,2.25,26,2,10,2,0,0,DFF_Q_MAR_REG_1_,OUT_R_REG_0_,DFF_Q_MAR_REG_1_ -> U192 -> U248 -> U181 -> U200 -> U253 -> U203 -> U307 -> U266 -> U220 -> U271 -> U272 -> U273 -> U281 -> U183 -> OUT_R_REG_0_,b08
15,2.466666666666667,24,2,9,2,0,0,DFF_Q_MAR_REG_1_,OUT_R_REG_0_,DFF_Q_MAR_REG_1_ -> U192 -> U248 -> U181 -> U200 -> U253 -> U256 -> U313 -> U258 -> U271 -> U272 -> U176 -> U232 -> U183 -> OUT_R_REG_0_,b08
15,2.3333333333333335,24,1,10,2,0,0,DFF_Q_MAR_REG_1_,OUT_R_REG_0_,DFF_Q_MAR_REG_1_ -> U192 -> U248 -> U181 -> U200 -> U253 -> U256 -> U313 -> U258 -> U271 -> U272 -> U273 -> U281 -> U183 -> OUT_R_REG_0_,b08
15,2.4,24,4,7,2,0,0,DFF_Q_MAR_REG_1_,OUT_R_REG_0_,DFF_Q_MAR_REG_1_ -> U192 -> U248 -> U181 -> U200 -> U253 -> U304 -> U221 -> U220 -> U271 -> U272 -> U176 -> U232 -> U183 -> OUT_R_REG_0_,b08
15,2.2666666666666666,24,3,8,2,0,0,DFF_Q_MAR_REG_1_,OUT_R_REG_0_,DFF_Q_MAR_REG_1_ -> U192 -> U248 -> U181 -> U200 -> U253 -> U304 -> U221 -> U220 -> U271 -> U272 -> U273 -> U281 -> U183 -> OUT_R_REG_0_,b08
15,2.4,24,4,7,2,0,0,DFF_Q_MAR_REG_1_,OUT_R_REG_0_,DFF_Q_MAR_REG_1_ -> U192 -> U248 -> U181 -> U200 -> U253 -> U305 -> U221 -> U220 -> U271 -> U272 -> U176 -> U232 -> U183 -> OUT_R_REG_0_,b08
15,2.2666666666666666,24,3,8,2,0,0,DFF_Q_MAR_REG_1_,OUT_R_REG_0_,DFF_Q_MAR_REG_1_ -> U192 -> U248 -> U181 -> U200 -> U253 -> U305 -> U221 -> U220 -> U271 -> U272 -> U273 -> U281 -> U183 -> OUT_R_REG_0_,b08
13,2.3076923076923075,21,2,8,1,0,0,DFF_Q_MAR_REG_1_,OUT_R_REG_0_,DFF_Q_MAR_REG_1_ -> U192 -> U248 -> U181 -> U200 -> U315 -> U261 -> U271 -> U272 -> U176 -> U232 -> U183 -> OUT_R_REG_0_,b08
13,2.1538461538461537,21,1,9,1,0,0,DFF_Q_MAR_REG_1_,OUT_R_REG_0_,DFF_Q_MAR_REG_1_ -> U192 -> U248 -> U181 -> U200 -> U315 -> U261 -> U271 -> U272 -> U273 -> U281 -> U183 -> OUT_R_REG_0_,b08
13,2.230769230769231,21,2,8,1,0,0,DFF_Q_MAR_REG_1_,OUT_R_REG_0_,DFF_Q_MAR_REG_1_ -> U192 -> U248 -> U181 -> U260 -> U316 -> U261 -> U271 -> U272 -> U176 -> U232 -> U183 -> OUT_R_REG_0_,b08
13,2.076923076923077,21,1,9,1,0,0,DFF_Q_MAR_REG_1_,OUT_R_REG_0_,DFF_Q_MAR_REG_1_ -> U192 -> U248 -> U181 -> U260 -> U316 -> U261 -> U271 -> U272 -> U273 -> U281 -> U183 -> OUT_R_REG_0_,b08
11,2.3636363636363638,17,2,6,1,0,0,DFF_Q_MAR_REG_1_,OUT_R_REG_0_,DFF_Q_MAR_REG_1_ -> U192 -> U248 -> U270 -> U220 -> U271 -> U272 -> U176 -> U232 -> U183 -> OUT_R_REG_0_,b08
11,2.1818181818181817,17,1,7,1,0,0,DFF_Q_MAR_REG_1_,OUT_R_REG_0_,DFF_Q_MAR_REG_1_ -> U192 -> U248 -> U270 -> U220 -> U271 -> U272 -> U273 -> U281 -> U183 -> OUT_R_REG_0_,b08
12,2.25,19,3,6,1,0,0,DFF_Q_MAR_REG_1_,OUT_R_REG_0_,DFF_Q_MAR_REG_1_ -> U192 -> U248 -> U303 -> U221 -> U220 -> U271 -> U272 -> U176 -> U232 -> U183 -> OUT_R_REG_0_,b08
12,2.0833333333333335,19,2,7,1,0,0,DFF_Q_MAR_REG_1_,OUT_R_REG_0_,DFF_Q_MAR_REG_1_ -> U192 -> U248 -> U303 -> U221 -> U220 -> U271 -> U272 -> U273 -> U281 -> U183 -> OUT_R_REG_0_,b08
13,2.4615384615384617,21,2,8,1,0,0,DFF_Q_MAR_REG_1_,OUT_R_REG_0_,DFF_Q_MAR_REG_1_ -> U192 -> U249 -> U180 -> U257 -> U314 -> U258 -> U271 -> U272 -> U176 -> U232 -> U183 -> OUT_R_REG_0_,b08
13,2.3076923076923075,21,1,9,1,0,0,DFF_Q_MAR_REG_1_,OUT_R_REG_0_,DFF_Q_MAR_REG_1_ -> U192 -> U249 -> U180 -> U257 -> U314 -> U258 -> U271 -> U272 -> U273 -> U281 -> U183 -> OUT_R_REG_0_,b08
13,2.4615384615384617,21,2,8,1,0,0,DFF_Q_MAR_REG_1_,OUT_R_REG_0_,DFF_Q_MAR_REG_1_ -> U192 -> U249 -> U180 -> U263 -> U312 -> U264 -> U271 -> U272 -> U176 -> U232 -> U183 -> OUT_R_REG_0_,b08
13,2.3076923076923075,21,1,9,1,0,0,DFF_Q_MAR_REG_1_,OUT_R_REG_0_,DFF_Q_MAR_REG_1_ -> U192 -> U249 -> U180 -> U263 -> U312 -> U264 -> U271 -> U272 -> U273 -> U281 -> U183 -> OUT_R_REG_0_,b08
13,2.4615384615384617,21,4,6,1,0,0,DFF_Q_MAR_REG_1_,OUT_R_REG_0_,DFF_Q_MAR_REG_1_ -> U192 -> U249 -> U180 -> U303 -> U221 -> U220 -> U271 -> U272 -> U176 -> U232 -> U183 -> OUT_R_REG_0_,b08
13,2.3076923076923075,21,3,7,1,0,0,DFF_Q_MAR_REG_1_,OUT_R_REG_0_,DFF_Q_MAR_REG_1_ -> U192 -> U249 -> U180 -> U303 -> U221 -> U220 -> U271 -> U272 -> U273 -> U281 -> U183 -> OUT_R_REG_0_,b08
14,2.2857142857142856,22,3,7,2,0,0,DFF_Q_MAR_REG_1_,OUT_R_REG_0_,DFF_Q_MAR_REG_1_ -> U192 -> U249 -> U203 -> U259 -> U306 -> U221 -> U220 -> U271 -> U272 -> U176 -> U232 -> U183 -> OUT_R_REG_0_,b08
14,2.142857142857143,22,2,8,2,0,0,DFF_Q_MAR_REG_1_,OUT_R_REG_0_,DFF_Q_MAR_REG_1_ -> U192 -> U249 -> U203 -> U259 -> U306 -> U221 -> U220 -> U271 -> U272 -> U273 -> U281 -> U183 -> OUT_R_REG_0_,b08
13,2.3846153846153846,21,2,8,1,0,0,DFF_Q_MAR_REG_1_,OUT_R_REG_0_,DFF_Q_MAR_REG_1_ -> U192 -> U249 -> U203 -> U307 -> U266 -> U220 -> U271 -> U272 -> U176 -> U232 -> U183 -> OUT_R_REG_0_,b08
13,2.230769230769231,21,1,9,1,0,0,DFF_Q_MAR_REG_1_,OUT_R_REG_0_,DFF_Q_MAR_REG_1_ -> U192 -> U249 -> U203 -> U307 -> U266 -> U220 -> U271 -> U272 -> U273 -> U281 -> U183 -> OUT_R_REG_0_,b08
10,2.7,15,1,6,1,0,0,DFF_Q_MAR_REG_1_,OUT_R_REG_0_,DFF_Q_MAR_REG_1_ -> U192 -> U249 -> U261 -> U271 -> U272 -> U176 -> U232 -> U183 -> OUT_R_REG_0_,b08
10,2.5,15,0,7,1,0,0,DFF_Q_MAR_REG_1_,OUT_R_REG_0_,DFF_Q_MAR_REG_1_ -> U192 -> U249 -> U261 -> U271 -> U272 -> U273 -> U281 -> U183 -> OUT_R_REG_0_,b08
13,2.3076923076923075,21,2,8,1,0,0,DFF_Q_MAR_REG_1_,OUT_R_REG_0_,DFF_Q_MAR_REG_1_ -> U192 -> U249 -> U267 -> U309 -> U269 -> U220 -> U271 -> U272 -> U176 -> U232 -> U183 -> OUT_R_REG_0_,b08
13,2.1538461538461537,21,1,9,1,0,0,DFF_Q_MAR_REG_1_,OUT_R_REG_0_,DFF_Q_MAR_REG_1_ -> U192 -> U249 -> U267 -> U309 -> U269 -> U220 -> U271 -> U272 -> U273 -> U281 -> U183 -> OUT_R_REG_0_,b08
18,2.2777777777777777,29,3,10,3,0,0,DFF_Q_MAR_REG_1_,OUT_R_REG_0_,DFF_Q_MAR_REG_1_ -> U192 -> U250 -> U181 -> U200 -> U253 -> U201 -> U262 -> U265 -> U308 -> U266 -> U220 -> U271 -> U272 -> U176 -> U232 -> U183 -> OUT_R_REG_0_,b08
18,2.1666666666666665,29,2,11,3,0,0,DFF_Q_MAR_REG_1_,OUT_R_REG_0_,DFF_Q_MAR_REG_1_ -> U192 -> U250 -> U181 -> U200 -> U253 -> U201 -> U262 -> U265 -> U308 -> U266 -> U220 -> U271 -> U272 -> U273 -> U281 -> U183 -> OUT_R_REG_0_,b08
18,2.2777777777777777,29,3,10,3,0,0,DFF_Q_MAR_REG_1_,OUT_R_REG_0_,DFF_Q_MAR_REG_1_ -> U192 -> U250 -> U181 -> U200 -> U253 -> U201 -> U262 -> U267 -> U309 -> U269 -> U220 -> U271 -> U272 -> U176 -> U232 -> U183 -> OUT_R_REG_0_,b08
18,2.1666666666666665,29,2,11,3,0,0,DFF_Q_MAR_REG_1_,OUT_R_REG_0_,DFF_Q_MAR_REG_1_ -> U192 -> U250 -> U181 -> U200 -> U253 -> U201 -> U262 -> U267 -> U309 -> U269 -> U220 -> U271 -> U272 -> U273 -> U281 -> U183 -> OUT_R_REG_0_,b08
15,2.466666666666667,24,2,9,2,0,0,DFF_Q_MAR_REG_1_,OUT_R_REG_0_,DFF_Q_MAR_REG_1_ -> U192 -> U250 -> U181 -> U200 -> U253 -> U201 -> U311 -> U264 -> U271 -> U272 -> U176 -> U232 -> U183 -> OUT_R_REG_0_,b08
15,2.3333333333333335,24,1,10,2,0,0,DFF_Q_MAR_REG_1_,OUT_R_REG_0_,DFF_Q_MAR_REG_1_ -> U192 -> U250 -> U181 -> U200 -> U253 -> U201 -> U311 -> U264 -> U271 -> U272 -> U273 -> U281 -> U183 -> OUT_R_REG_0_,b08
17,2.2941176470588234,27,4,8,3,0,0,DFF_Q_MAR_REG_1_,OUT_R_REG_0_,DFF_Q_MAR_REG_1_ -> U192 -> U250 -> U181 -> U200 -> U253 -> U203 -> U259 -> U306 -> U221 -> U220 -> U271 -> U272 -> U176 -> U232 -> U183 -> OUT_R_REG_0_,b08
17,2.176470588235294,27,3,9,3,0,0,DFF_Q_MAR_REG_1_,OUT_R_REG_0_,DFF_Q_MAR_REG_1_ -> U192 -> U250 -> U181 -> U200 -> U253 -> U203 -> U259 -> U306 -> U221 -> U220 -> U271 -> U272 -> U273 -> U281 -> U183 -> OUT_R_REG_0_,b08
16,2.375,26,3,9,2,0,0,DFF_Q_MAR_REG_1_,OUT_R_REG_0_,DFF_Q_MAR_REG_1_ -> U192 -> U250 -> U181 -> U200 -> U253 -> U203 -> U307 -> U266 -> U220 -> U271 -> U272 -> U176 -> U232 -> U183 -> OUT_R_REG_0_,b08
16,2.25,26,2,10,2,0,0,DFF_Q_MAR_REG_1_,OUT_R_REG_0_,DFF_Q_MAR_REG_1_ -> U192 -> U250 -> U181 -> U200 -> U253 -> U203 -> U307 -> U266 -> U220 -> U271 -> U272 -> U273 -> U281 -> U183 -> OUT_R_REG_0_,b08
15,2.466666666666667,24,2,9,2,0,0,DFF_Q_MAR_REG_1_,OUT_R_REG_0_,DFF_Q_MAR_REG_1_ -> U192 -> U250 -> U181 -> U200 -> U253 -> U256 -> U313 -> U258 -> U271 -> U272 -> U176 -> U232 -> U183 -> OUT_R_REG_0_,b08
15,2.3333333333333335,24,1,10,2,0,0,DFF_Q_MAR_REG_1_,OUT_R_REG_0_,DFF_Q_MAR_REG_1_ -> U192 -> U250 -> U181 -> U200 -> U253 -> U256 -> U313 -> U258 -> U271 -> U272 -> U273 -> U281 -> U183 -> OUT_R_REG_0_,b08
15,2.4,24,4,7,2,0,0,DFF_Q_MAR_REG_1_,OUT_R_REG_0_,DFF_Q_MAR_REG_1_ -> U192 -> U250 -> U181 -> U200 -> U253 -> U304 -> U221 -> U220 -> U271 -> U272 -> U176 -> U232 -> U183 -> OUT_R_REG_0_,b08
15,2.2666666666666666,24,3,8,2,0,0,DFF_Q_MAR_REG_1_,OUT_R_REG_0_,DFF_Q_MAR_REG_1_ -> U192 -> U250 -> U181 -> U200 -> U253 -> U304 -> U221 -> U220 -> U271 -> U272 -> U273 -> U281 -> U183 -> OUT_R_REG_0_,b08
15,2.4,24,4,7,2,0,0,DFF_Q_MAR_REG_1_,OUT_R_REG_0_,DFF_Q_MAR_REG_1_ -> U192 -> U250 -> U181 -> U200 -> U253 -> U305 -> U221 -> U220 -> U271 -> U272 -> U176 -> U232 -> U183 -> OUT_R_REG_0_,b08
15,2.2666666666666666,24,3,8,2,0,0,DFF_Q_MAR_REG_1_,OUT_R_REG_0_,DFF_Q_MAR_REG_1_ -> U192 -> U250 -> U181 -> U200 -> U253 -> U305 -> U221 -> U220 -> U271 -> U272 -> U273 -> U281 -> U183 -> OUT_R_REG_0_,b08
13,2.3076923076923075,21,2,8,1,0,0,DFF_Q_MAR_REG_1_,OUT_R_REG_0_,DFF_Q_MAR_REG_1_ -> U192 -> U250 -> U181 -> U200 -> U315 -> U261 -> U271 -> U272 -> U176 -> U232 -> U183 -> OUT_R_REG_0_,b08
13,2.1538461538461537,21,1,9,1,0,0,DFF_Q_MAR_REG_1_,OUT_R_REG_0_,DFF_Q_MAR_REG_1_ -> U192 -> U250 -> U181 -> U200 -> U315 -> U261 -> U271 -> U272 -> U273 -> U281 -> U183 -> OUT_R_REG_0_,b08
13,2.230769230769231,21,2,8,1,0,0,DFF_Q_MAR_REG_1_,OUT_R_REG_0_,DFF_Q_MAR_REG_1_ -> U192 -> U250 -> U181 -> U260 -> U316 -> U261 -> U271 -> U272 -> U176 -> U232 -> U183 -> OUT_R_REG_0_,b08
13,2.076923076923077,21,1,9,1,0,0,DFF_Q_MAR_REG_1_,OUT_R_REG_0_,DFF_Q_MAR_REG_1_ -> U192 -> U250 -> U181 -> U260 -> U316 -> U261 -> U271 -> U272 -> U273 -> U281 -> U183 -> OUT_R_REG_0_,b08
15,2.2,24,2,9,2,0,0,DFF_Q_MAR_REG_1_,OUT_R_REG_0_,DFF_Q_MAR_REG_1_ -> U192 -> U250 -> U199 -> U252 -> U180 -> U257 -> U314 -> U258 -> U271 -> U272 -> U176 -> U232 -> U183 -> OUT_R_REG_0_,b08
15,2.066666666666667,24,1,10,2,0,0,DFF_Q_MAR_REG_1_,OUT_R_REG_0_,DFF_Q_MAR_REG_1_ -> U192 -> U250 -> U199 -> U252 -> U180 -> U257 -> U314 -> U258 -> U271 -> U272 -> U273 -> U281 -> U183 -> OUT_R_REG_0_,b08
15,2.2,24,2,9,2,0,0,DFF_Q_MAR_REG_1_,OUT_R_REG_0_,DFF_Q_MAR_REG_1_ -> U192 -> U250 -> U199 -> U252 -> U180 -> U263 -> U312 -> U264 -> U271 -> U272 -> U176 -> U232 -> U183 -> OUT_R_REG_0_,b08
15,2.066666666666667,24,1,10,2,0,0,DFF_Q_MAR_REG_1_,OUT_R_REG_0_,DFF_Q_MAR_REG_1_ -> U192 -> U250 -> U199 -> U252 -> U180 -> U263 -> U312 -> U264 -> U271 -> U272 -> U273 -> U281 -> U183 -> OUT_R_REG_0_,b08
15,2.2,24,4,7,2,0,0,DFF_Q_MAR_REG_1_,OUT_R_REG_0_,DFF_Q_MAR_REG_1_ -> U192 -> U250 -> U199 -> U252 -> U180 -> U303 -> U221 -> U220 -> U271 -> U272 -> U176 -> U232 -> U183 -> OUT_R_REG_0_,b08
15,2.066666666666667,24,3,8,2,0,0,DFF_Q_MAR_REG_1_,OUT_R_REG_0_,DFF_Q_MAR_REG_1_ -> U192 -> U250 -> U199 -> U252 -> U180 -> U303 -> U221 -> U220 -> U271 -> U272 -> U273 -> U281 -> U183 -> OUT_R_REG_0_,b08
11,2.6363636363636362,18,1,7,0,1,0,DFF_Q_MAR_REG_1_,OUT_R_REG_0_,DFF_Q_MAR_REG_1_ -> U247 -> U256 -> U313 -> U258 -> U271 -> U272 -> U176 -> U232 -> U183 -> OUT_R_REG_0_,b08
11,2.4545454545454546,18,0,8,0,1,0,DFF_Q_MAR_REG_1_,OUT_R_REG_0_,DFF_Q_MAR_REG_1_ -> U247 -> U256 -> U313 -> U258 -> U271 -> U272 -> U273 -> U281 -> U183 -> OUT_R_REG_0_,b08
9,2.888888888888889,14,1,5,0,1,0,DFF_Q_MAR_REG_1_,OUT_R_REG_0_,DFF_Q_MAR_REG_1_ -> U247 -> U261 -> U271 -> U272 -> U176 -> U232 -> U183 -> OUT_R_REG_0_,b08
9,2.6666666666666665,14,0,6,0,1,0,DFF_Q_MAR_REG_1_,OUT_R_REG_0_,DFF_Q_MAR_REG_1_ -> U247 -> U261 -> U271 -> U272 -> U273 -> U281 -> U183 -> OUT_R_REG_0_,b08
9,2.888888888888889,14,1,5,0,1,0,DFF_Q_MAR_REG_1_,OUT_R_REG_0_,DFF_Q_MAR_REG_1_ -> U247 -> U264 -> U271 -> U272 -> U176 -> U232 -> U183 -> OUT_R_REG_0_,b08
9,2.6666666666666665,14,0,6,0,1,0,DFF_Q_MAR_REG_1_,OUT_R_REG_0_,DFF_Q_MAR_REG_1_ -> U247 -> U264 -> U271 -> U272 -> U273 -> U281 -> U183 -> OUT_R_REG_0_,b08
10,2.7,16,2,5,0,1,0,DFF_Q_MAR_REG_1_,OUT_R_REG_0_,DFF_Q_MAR_REG_1_ -> U247 -> U266 -> U220 -> U271 -> U272 -> U176 -> U232 -> U183 -> OUT_R_REG_0_,b08
10,2.5,16,1,6,0,1,0,DFF_Q_MAR_REG_1_,OUT_R_REG_0_,DFF_Q_MAR_REG_1_ -> U247 -> U266 -> U220 -> U271 -> U272 -> U273 -> U281 -> U183 -> OUT_R_REG_0_,b08
10,2.7,16,2,5,0,1,0,DFF_Q_MAR_REG_1_,OUT_R_REG_0_,DFF_Q_MAR_REG_1_ -> U247 -> U269 -> U220 -> U271 -> U272 -> U176 -> U232 -> U183 -> OUT_R_REG_0_,b08
10,2.5,16,1,6,0,1,0,DFF_Q_MAR_REG_1_,OUT_R_REG_0_,DFF_Q_MAR_REG_1_ -> U247 -> U269 -> U220 -> U271 -> U272 -> U273 -> U281 -> U183 -> OUT_R_REG_0_,b08
11,2.5454545454545454,18,3,5,0,1,0,DFF_Q_MAR_REG_1_,OUT_R_REG_0_,DFF_Q_MAR_REG_1_ -> U247 -> U303 -> U221 -> U220 -> U271 -> U272 -> U176 -> U232 -> U183 -> OUT_R_REG_0_,b08
11,2.3636363636363638,18,2,6,0,1,0,DFF_Q_MAR_REG_1_,OUT_R_REG_0_,DFF_Q_MAR_REG_1_ -> U247 -> U303 -> U221 -> U220 -> U271 -> U272 -> U273 -> U281 -> U183 -> OUT_R_REG_0_,b08
11,2.5454545454545454,18,3,5,0,1,0,DFF_Q_MAR_REG_1_,OUT_R_REG_0_,DFF_Q_MAR_REG_1_ -> U247 -> U306 -> U221 -> U220 -> U271 -> U272 -> U176 -> U232 -> U183 -> OUT_R_REG_0_,b08
11,2.3636363636363638,18,2,6,0,1,0,DFF_Q_MAR_REG_1_,OUT_R_REG_0_,DFF_Q_MAR_REG_1_ -> U247 -> U306 -> U221 -> U220 -> U271 -> U272 -> U273 -> U281 -> U183 -> OUT_R_REG_0_,b08
13,2.230769230769231,22,3,8,0,0,0,DFF_Q_MAR_REG_1_,OUT_R_REG_0_,DFF_Q_MAR_REG_1_ -> U251 -> U179 -> U182 -> U260 -> U316 -> U261 -> U271 -> U272 -> U176 -> U232 -> U183 -> OUT_R_REG_0_,b08
13,2.076923076923077,22,2,9,0,0,0,DFF_Q_MAR_REG_1_,OUT_R_REG_0_,DFF_Q_MAR_REG_1_ -> U251 -> U179 -> U182 -> U260 -> U316 -> U261 -> U271 -> U272 -> U273 -> U281 -> U183 -> OUT_R_REG_0_,b08
14,2.142857142857143,24,4,8,0,0,0,DFF_Q_MAR_REG_1_,OUT_R_REG_0_,DFF_Q_MAR_REG_1_ -> U251 -> U179 -> U182 -> U268 -> U310 -> U269 -> U220 -> U271 -> U272 -> U176 -> U232 -> U183 -> OUT_R_REG_0_,b08
14,2.0,24,3,9,0,0,0,DFF_Q_MAR_REG_1_,OUT_R_REG_0_,DFF_Q_MAR_REG_1_ -> U251 -> U179 -> U182 -> U268 -> U310 -> U269 -> U220 -> U271 -> U272 -> U273 -> U281 -> U183 -> OUT_R_REG_0_,b08
13,2.230769230769231,22,5,6,0,0,0,DFF_Q_MAR_REG_1_,OUT_R_REG_0_,DFF_Q_MAR_REG_1_ -> U251 -> U179 -> U182 -> U305 -> U221 -> U220 -> U271 -> U272 -> U176 -> U232 -> U183 -> OUT_R_REG_0_,b08
13,2.076923076923077,22,4,7,0,0,0,DFF_Q_MAR_REG_1_,OUT_R_REG_0_,DFF_Q_MAR_REG_1_ -> U251 -> U179 -> U182 -> U305 -> U221 -> U220 -> U271 -> U272 -> U273 -> U281 -> U183 -> OUT_R_REG_0_,b08
15,2.1333333333333333,25,3,9,1,0,0,DFF_Q_MAR_REG_1_,OUT_R_REG_0_,DFF_Q_MAR_REG_1_ -> U251 -> U179 -> U199 -> U252 -> U180 -> U257 -> U314 -> U258 -> U271 -> U272 -> U176 -> U232 -> U183 -> OUT_R_REG_0_,b08
15,2.0,25,2,10,1,0,0,DFF_Q_MAR_REG_1_,OUT_R_REG_0_,DFF_Q_MAR_REG_1_ -> U251 -> U179 -> U199 -> U252 -> U180 -> U257 -> U314 -> U258 -> U271 -> U272 -> U273 -> U281 -> U183 -> OUT_R_REG_0_,b08
15,2.1333333333333333,25,3,9,1,0,0,DFF_Q_MAR_REG_1_,OUT_R_REG_0_,DFF_Q_MAR_REG_1_ -> U251 -> U179 -> U199 -> U252 -> U180 -> U263 -> U312 -> U264 -> U271 -> U272 -> U176 -> U232 -> U183 -> OUT_R_REG_0_,b08
15,2.0,25,2,10,1,0,0,DFF_Q_MAR_REG_1_,OUT_R_REG_0_,DFF_Q_MAR_REG_1_ -> U251 -> U179 -> U199 -> U252 -> U180 -> U263 -> U312 -> U264 -> U271 -> U272 -> U273 -> U281 -> U183 -> OUT_R_REG_0_,b08
15,2.1333333333333333,25,5,7,1,0,0,DFF_Q_MAR_REG_1_,OUT_R_REG_0_,DFF_Q_MAR_REG_1_ -> U251 -> U179 -> U199 -> U252 -> U180 -> U303 -> U221 -> U220 -> U271 -> U272 -> U176 -> U232 -> U183 -> OUT_R_REG_0_,b08
15,2.0,25,4,8,1,0,0,DFF_Q_MAR_REG_1_,OUT_R_REG_0_,DFF_Q_MAR_REG_1_ -> U251 -> U179 -> U199 -> U252 -> U180 -> U303 -> U221 -> U220 -> U271 -> U272 -> U273 -> U281 -> U183 -> OUT_R_REG_0_,b08
14,2.0714285714285716,23,4,7,1,0,0,DFF_Q_MAR_REG_1_,OUT_R_REG_0_,DFF_Q_MAR_REG_1_ -> U251 -> U179 -> U203 -> U259 -> U306 -> U221 -> U220 -> U271 -> U272 -> U176 -> U232 -> U183 -> OUT_R_REG_0_,b08
14,1.9285714285714286,23,3,8,1,0,0,DFF_Q_MAR_REG_1_,OUT_R_REG_0_,DFF_Q_MAR_REG_1_ -> U251 -> U179 -> U203 -> U259 -> U306 -> U221 -> U220 -> U271 -> U272 -> U273 -> U281 -> U183 -> OUT_R_REG_0_,b08
13,2.1538461538461537,22,3,8,0,0,0,DFF_Q_MAR_REG_1_,OUT_R_REG_0_,DFF_Q_MAR_REG_1_ -> U251 -> U179 -> U203 -> U307 -> U266 -> U220 -> U271 -> U272 -> U176 -> U232 -> U183 -> OUT_R_REG_0_,b08
13,2.0,22,2,9,0,0,0,DFF_Q_MAR_REG_1_,OUT_R_REG_0_,DFF_Q_MAR_REG_1_ -> U251 -> U179 -> U203 -> U307 -> U266 -> U220 -> U271 -> U272 -> U273 -> U281 -> U183 -> OUT_R_REG_0_,b08
11,2.272727272727273,18,3,6,0,0,0,DFF_Q_MAR_REG_1_,OUT_R_REG_0_,DFF_Q_MAR_REG_1_ -> U251 -> U179 -> U270 -> U220 -> U271 -> U272 -> U176 -> U232 -> U183 -> OUT_R_REG_0_,b08
11,2.090909090909091,18,2,7,0,0,0,DFF_Q_MAR_REG_1_,OUT_R_REG_0_,DFF_Q_MAR_REG_1_ -> U251 -> U179 -> U270 -> U220 -> U271 -> U272 -> U273 -> U281 -> U183 -> OUT_R_REG_0_,b08
6,2.3333333333333335,8,0,4,0,0,0,DFF_Q_MAR_REG_1_,OUT_R_REG_0_,DFF_Q_MAR_REG_1_ -> U251 -> U202 -> U232 -> U183 -> OUT_R_REG_0_,b08
13,1.9230769230769231,21,3,7,1,0,0,DFF_Q_MAR_REG_1_,OUT_R_REG_0_,DFF_Q_MAR_REG_1_ -> U251 -> U202 -> U255 -> U304 -> U221 -> U220 -> U271 -> U272 -> U176 -> U232 -> U183 -> OUT_R_REG_0_,b08
13,1.7692307692307692,21,2,8,1,0,0,DFF_Q_MAR_REG_1_,OUT_R_REG_0_,DFF_Q_MAR_REG_1_ -> U251 -> U202 -> U255 -> U304 -> U221 -> U220 -> U271 -> U272 -> U273 -> U281 -> U183 -> OUT_R_REG_0_,b08
12,2.3333333333333335,20,2,8,0,0,0,DFF_Q_MAR_REG_1_,OUT_R_REG_0_,DFF_Q_MAR_REG_1_ -> U254 -> U182 -> U260 -> U316 -> U261 -> U271 -> U272 -> U176 -> U232 -> U183 -> OUT_R_REG_0_,b08
12,2.1666666666666665,20,1,9,0,0,0,DFF_Q_MAR_REG_1_,OUT_R_REG_0_,DFF_Q_MAR_REG_1_ -> U254 -> U182 -> U260 -> U316 -> U261 -> U271 -> U272 -> U273 -> U281 -> U183 -> OUT_R_REG_0_,b08
13,2.230769230769231,22,3,8,0,0,0,DFF_Q_MAR_REG_1_,OUT_R_REG_0_,DFF_Q_MAR_REG_1_ -> U254 -> U182 -> U268 -> U310 -> U269 -> U220 -> U271 -> U272 -> U176 -> U232 -> U183 -> OUT_R_REG_0_,b08
13,2.076923076923077,22,2,9,0,0,0,DFF_Q_MAR_REG_1_,OUT_R_REG_0_,DFF_Q_MAR_REG_1_ -> U254 -> U182 -> U268 -> U310 -> U269 -> U220 -> U271 -> U272 -> U273 -> U281 -> U183 -> OUT_R_REG_0_,b08
12,2.3333333333333335,20,4,6,0,0,0,DFF_Q_MAR_REG_1_,OUT_R_REG_0_,DFF_Q_MAR_REG_1_ -> U254 -> U182 -> U305 -> U221 -> U220 -> U271 -> U272 -> U176 -> U232 -> U183 -> OUT_R_REG_0_,b08
12,2.1666666666666665,20,3,7,0,0,0,DFF_Q_MAR_REG_1_,OUT_R_REG_0_,DFF_Q_MAR_REG_1_ -> U254 -> U182 -> U305 -> U221 -> U220 -> U271 -> U272 -> U273 -> U281 -> U183 -> OUT_R_REG_0_,b08
6,2.8333333333333335,8,0,4,0,0,0,DFF_Q_MAR_REG_1_,OUT_R_REG_0_,DFF_Q_MAR_REG_1_ -> U254 -> U202 -> U232 -> U183 -> OUT_R_REG_0_,b08
13,2.1538461538461537,21,3,7,1,0,0,DFF_Q_MAR_REG_1_,OUT_R_REG_0_,DFF_Q_MAR_REG_1_ -> U254 -> U202 -> U255 -> U304 -> U221 -> U220 -> U271 -> U272 -> U176 -> U232 -> U183 -> OUT_R_REG_0_,b08
13,2.0,21,2,8,1,0,0,DFF_Q_MAR_REG_1_,OUT_R_REG_0_,DFF_Q_MAR_REG_1_ -> U254 -> U202 -> U255 -> U304 -> U221 -> U220 -> U271 -> U272 -> U273 -> U281 -> U183 -> OUT_R_REG_0_,b08
9,2.5555555555555554,14,1,6,0,0,0,DFF_Q_MAR_REG_1_,OUT_R_REG_0_,DFF_Q_MAR_REG_1_ -> U254 -> U258 -> U271 -> U272 -> U176 -> U232 -> U183 -> OUT_R_REG_0_,b08
9,2.3333333333333335,14,0,7,0,0,0,DFF_Q_MAR_REG_1_,OUT_R_REG_0_,DFF_Q_MAR_REG_1_ -> U254 -> U258 -> U271 -> U272 -> U273 -> U281 -> U183 -> OUT_R_REG_0_,b08
11,2.272727272727273,18,1,8,0,0,0,DFF_Q_MAR_REG_1_,OUT_R_REG_0_,DFF_Q_MAR_REG_1_ -> U254 -> U263 -> U312 -> U264 -> U271 -> U272 -> U176 -> U232 -> U183 -> OUT_R_REG_0_,b08
11,2.090909090909091,18,0,9,0,0,0,DFF_Q_MAR_REG_1_,OUT_R_REG_0_,DFF_Q_MAR_REG_1_ -> U254 -> U263 -> U312 -> U264 -> U271 -> U272 -> U273 -> U281 -> U183 -> OUT_R_REG_0_,b08
12,2.1666666666666665,20,2,8,0,0,0,DFF_Q_MAR_REG_1_,OUT_R_REG_0_,DFF_Q_MAR_REG_1_ -> U254 -> U265 -> U308 -> U266 -> U220 -> U271 -> U272 -> U176 -> U232 -> U183 -> OUT_R_REG_0_,b08
12,2.0,20,1,9,0,0,0,DFF_Q_MAR_REG_1_,OUT_R_REG_0_,DFF_Q_MAR_REG_1_ -> U254 -> U265 -> U308 -> U266 -> U220 -> U271 -> U272 -> U273 -> U281 -> U183 -> OUT_R_REG_0_,b08
11,2.4545454545454546,15,1,5,3,0,0,DFF_Q_MAR_REG_1_,O_REG_3_,DFF_Q_MAR_REG_1_ -> U178 -> U195 -> U235 -> U205 -> U236 -> U231 -> U282 -> U318 -> U216 -> O_REG_3_,b08
10,2.3,14,1,5,2,0,0,DFF_Q_MAR_REG_1_,O_REG_3_,DFF_Q_MAR_REG_1_ -> U178 -> U195 -> U235 -> U205 -> U236 -> U231 -> U317 -> U216 -> O_REG_3_,b08
11,2.4545454545454546,15,1,5,3,0,0,DFF_Q_MAR_REG_1_,O_REG_2_,DFF_Q_MAR_REG_1_ -> U178 -> U195 -> U235 -> U205 -> U236 -> U231 -> U282 -> U320 -> U217 -> O_REG_2_,b08
10,2.3,14,1,5,2,0,0,DFF_Q_MAR_REG_1_,O_REG_2_,DFF_Q_MAR_REG_1_ -> U178 -> U195 -> U235 -> U205 -> U236 -> U231 -> U319 -> U217 -> O_REG_2_,b08
11,2.4545454545454546,15,1,5,3,0,0,DFF_Q_MAR_REG_1_,O_REG_1_,DFF_Q_MAR_REG_1_ -> U178 -> U195 -> U235 -> U205 -> U236 -> U231 -> U282 -> U322 -> U218 -> O_REG_1_,b08
10,2.3,14,1,5,2,0,0,DFF_Q_MAR_REG_1_,O_REG_1_,DFF_Q_MAR_REG_1_ -> U178 -> U195 -> U235 -> U205 -> U236 -> U231 -> U321 -> U218 -> O_REG_1_,b08
11,2.5454545454545454,15,1,5,3,0,0,DFF_Q_MAR_REG_0_,O_REG_0_,DFF_Q_MAR_REG_0_ -> U178 -> U195 -> U235 -> U205 -> U236 -> U231 -> U282 -> U324 -> U219 -> O_REG_0_,b08
10,2.4,14,1,5,2,0,0,DFF_Q_MAR_REG_0_,O_REG_0_,DFF_Q_MAR_REG_0_ -> U178 -> U195 -> U235 -> U205 -> U236 -> U231 -> U323 -> U219 -> O_REG_0_,b08
8,2.25,11,1,4,1,0,0,DFF_Q_MAR_REG_0_,STATO_REG_1_,DFF_Q_MAR_REG_0_ -> U178 -> U195 -> U235 -> U205 -> U237 -> U189 -> STATO_REG_1_,b08
9,2.2222222222222223,13,1,5,1,0,0,DFF_Q_MAR_REG_0_,STATO_REG_0_,DFF_Q_MAR_REG_0_ -> U178 -> U195 -> U235 -> U238 -> U197 -> U240 -> U188 -> STATO_REG_0_,b08
11,2.090909090909091,16,1,6,2,0,0,DFF_Q_MAR_REG_0_,MAR_REG_2_,DFF_Q_MAR_REG_0_ -> U178 -> U195 -> U235 -> U238 -> U197 -> U239 -> U242 -> U243 -> U187 -> MAR_REG_2_,b08
7,2.5714285714285716,9,1,3,1,0,0,DFF_Q_MAR_REG_0_,MAR_REG_2_,DFF_Q_MAR_REG_0_ -> U178 -> U198 -> U241 -> U244 -> U187 -> MAR_REG_2_,b08
11,2.090909090909091,16,1,6,2,0,0,DFF_Q_MAR_REG_0_,MAR_REG_1_,DFF_Q_MAR_REG_0_ -> U178 -> U195 -> U235 -> U238 -> U197 -> U239 -> U246 -> U283 -> U206 -> MAR_REG_1_,b08
7,2.2857142857142856,9,0,4,1,0,0,DFF_Q_MAR_REG_0_,MAR_REG_1_,DFF_Q_MAR_REG_0_ -> U193 -> U245 -> U246 -> U283 -> U206 -> MAR_REG_1_,b08
4,2.25,4,0,2,0,0,0,DFF_Q_MAR_REG_0_,MAR_REG_1_,DFF_Q_MAR_REG_0_ -> U284 -> U206 -> MAR_REG_1_,b08
9,2.2222222222222223,13,1,5,1,0,0,DFF_Q_MAR_REG_0_,MAR_REG_0_,DFF_Q_MAR_REG_0_ -> U178 -> U195 -> U235 -> U238 -> U197 -> U286 -> U207 -> MAR_REG_0_,b08
5,2.8,5,0,2,1,0,0,DFF_Q_MAR_REG_0_,MAR_REG_0_,DFF_Q_MAR_REG_0_ -> U193 -> U285 -> U207 -> MAR_REG_0_,b08
4,2.25,4,0,2,0,0,0,DFF_Q_MAR_REG_0_,MAR_REG_0_,DFF_Q_MAR_REG_0_ -> U286 -> U207 -> MAR_REG_0_,b08
14,2.357142857142857,24,4,8,0,0,0,DFF_Q_MAR_REG_0_,OUT_R_REG_3_,DFF_Q_MAR_REG_0_ -> U178 -> U195 -> U179 -> U182 -> U260 -> U316 -> U261 -> U271 -> U272 -> U176 -> U232 -> U186 -> OUT_R_REG_3_,b08
14,2.2142857142857144,24,4,8,0,0,0,DFF_Q_MAR_REG_0_,OUT_R_REG_3_,DFF_Q_MAR_REG_0_ -> U178 -> U195 -> U179 -> U182 -> U260 -> U316 -> U261 -> U271 -> U272 -> U176 -> U274 -> U186 -> OUT_R_REG_3_,b08
14,2.2142857142857144,24,3,9,0,0,0,DFF_Q_MAR_REG_0_,OUT_R_REG_3_,DFF_Q_MAR_REG_0_ -> U178 -> U195 -> U179 -> U182 -> U260 -> U316 -> U261 -> U271 -> U272 -> U273 -> U275 -> U186 -> OUT_R_REG_3_,b08
15,2.2666666666666666,26,5,8,0,0,0,DFF_Q_MAR_REG_0_,OUT_R_REG_3_,DFF_Q_MAR_REG_0_ -> U178 -> U195 -> U179 -> U182 -> U268 -> U310 -> U269 -> U220 -> U271 -> U272 -> U176 -> U232 -> U186 -> OUT_R_REG_3_,b08
15,2.1333333333333333,26,5,8,0,0,0,DFF_Q_MAR_REG_0_,OUT_R_REG_3_,DFF_Q_MAR_REG_0_ -> U178 -> U195 -> U179 -> U182 -> U268 -> U310 -> U269 -> U220 -> U271 -> U272 -> U176 -> U274 -> U186 -> OUT_R_REG_3_,b08
15,2.1333333333333333,26,4,9,0,0,0,DFF_Q_MAR_REG_0_,OUT_R_REG_3_,DFF_Q_MAR_REG_0_ -> U178 -> U195 -> U179 -> U182 -> U268 -> U310 -> U269 -> U220 -> U271 -> U272 -> U273 -> U275 -> U186 -> OUT_R_REG_3_,b08
14,2.357142857142857,24,6,6,0,0,0,DFF_Q_MAR_REG_0_,OUT_R_REG_3_,DFF_Q_MAR_REG_0_ -> U178 -> U195 -> U179 -> U182 -> U305 -> U221 -> U220 -> U271 -> U272 -> U176 -> U232 -> U186 -> OUT_R_REG_3_,b08
14,2.2142857142857144,24,6,6,0,0,0,DFF_Q_MAR_REG_0_,OUT_R_REG_3_,DFF_Q_MAR_REG_0_ -> U178 -> U195 -> U179 -> U182 -> U305 -> U221 -> U220 -> U271 -> U272 -> U176 -> U274 -> U186 -> OUT_R_REG_3_,b08
14,2.2142857142857144,24,5,7,0,0,0,DFF_Q_MAR_REG_0_,OUT_R_REG_3_,DFF_Q_MAR_REG_0_ -> U178 -> U195 -> U179 -> U182 -> U305 -> U221 -> U220 -> U271 -> U272 -> U273 -> U275 -> U186 -> OUT_R_REG_3_,b08
16,2.25,27,4,9,1,0,0,DFF_Q_MAR_REG_0_,OUT_R_REG_3_,DFF_Q_MAR_REG_0_ -> U178 -> U195 -> U179 -> U199 -> U252 -> U180 -> U257 -> U314 -> U258 -> U271 -> U272 -> U176 -> U232 -> U186 -> OUT_R_REG_3_,b08
16,2.125,27,4,9,1,0,0,DFF_Q_MAR_REG_0_,OUT_R_REG_3_,DFF_Q_MAR_REG_0_ -> U178 -> U195 -> U179 -> U199 -> U252 -> U180 -> U257 -> U314 -> U258 -> U271 -> U272 -> U176 -> U274 -> U186 -> OUT_R_REG_3_,b08
16,2.125,27,3,10,1,0,0,DFF_Q_MAR_REG_0_,OUT_R_REG_3_,DFF_Q_MAR_REG_0_ -> U178 -> U195 -> U179 -> U199 -> U252 -> U180 -> U257 -> U314 -> U258 -> U271 -> U272 -> U273 -> U275 -> U186 -> OUT_R_REG_3_,b08
16,2.25,27,4,9,1,0,0,DFF_Q_MAR_REG_0_,OUT_R_REG_3_,DFF_Q_MAR_REG_0_ -> U178 -> U195 -> U179 -> U199 -> U252 -> U180 -> U263 -> U312 -> U264 -> U271 -> U272 -> U176 -> U232 -> U186 -> OUT_R_REG_3_,b08
16,2.125,27,4,9,1,0,0,DFF_Q_MAR_REG_0_,OUT_R_REG_3_,DFF_Q_MAR_REG_0_ -> U178 -> U195 -> U179 -> U199 -> U252 -> U180 -> U263 -> U312 -> U264 -> U271 -> U272 -> U176 -> U274 -> U186 -> OUT_R_REG_3_,b08
16,2.125,27,3,10,1,0,0,DFF_Q_MAR_REG_0_,OUT_R_REG_3_,DFF_Q_MAR_REG_0_ -> U178 -> U195 -> U179 -> U199 -> U252 -> U180 -> U263 -> U312 -> U264 -> U271 -> U272 -> U273 -> U275 -> U186 -> OUT_R_REG_3_,b08
16,2.25,27,6,7,1,0,0,DFF_Q_MAR_REG_0_,OUT_R_REG_3_,DFF_Q_MAR_REG_0_ -> U178 -> U195 -> U179 -> U199 -> U252 -> U180 -> U303 -> U221 -> U220 -> U271 -> U272 -> U176 -> U232 -> U186 -> OUT_R_REG_3_,b08
16,2.125,27,6,7,1,0,0,DFF_Q_MAR_REG_0_,OUT_R_REG_3_,DFF_Q_MAR_REG_0_ -> U178 -> U195 -> U179 -> U199 -> U252 -> U180 -> U303 -> U221 -> U220 -> U271 -> U272 -> U176 -> U274 -> U186 -> OUT_R_REG_3_,b08
16,2.125,27,5,8,1,0,0,DFF_Q_MAR_REG_0_,OUT_R_REG_3_,DFF_Q_MAR_REG_0_ -> U178 -> U195 -> U179 -> U199 -> U252 -> U180 -> U303 -> U221 -> U220 -> U271 -> U272 -> U273 -> U275 -> U186 -> OUT_R_REG_3_,b08
15,2.2,25,5,7,1,0,0,DFF_Q_MAR_REG_0_,OUT_R_REG_3_,DFF_Q_MAR_REG_0_ -> U178 -> U195 -> U179 -> U203 -> U259 -> U306 -> U221 -> U220 -> U271 -> U272 -> U176 -> U232 -> U186 -> OUT_R_REG_3_,b08
15,2.066666666666667,25,5,7,1,0,0,DFF_Q_MAR_REG_0_,OUT_R_REG_3_,DFF_Q_MAR_REG_0_ -> U178 -> U195 -> U179 -> U203 -> U259 -> U306 -> U221 -> U220 -> U271 -> U272 -> U176 -> U274 -> U186 -> OUT_R_REG_3_,b08
15,2.066666666666667,25,4,8,1,0,0,DFF_Q_MAR_REG_0_,OUT_R_REG_3_,DFF_Q_MAR_REG_0_ -> U178 -> U195 -> U179 -> U203 -> U259 -> U306 -> U221 -> U220 -> U271 -> U272 -> U273 -> U275 -> U186 -> OUT_R_REG_3_,b08
14,2.2857142857142856,24,4,8,0,0,0,DFF_Q_MAR_REG_0_,OUT_R_REG_3_,DFF_Q_MAR_REG_0_ -> U178 -> U195 -> U179 -> U203 -> U307 -> U266 -> U220 -> U271 -> U272 -> U176 -> U232 -> U186 -> OUT_R_REG_3_,b08
14,2.142857142857143,24,4,8,0,0,0,DFF_Q_MAR_REG_0_,OUT_R_REG_3_,DFF_Q_MAR_REG_0_ -> U178 -> U195 -> U179 -> U203 -> U307 -> U266 -> U220 -> U271 -> U272 -> U176 -> U274 -> U186 -> OUT_R_REG_3_,b08
14,2.142857142857143,24,3,9,0,0,0,DFF_Q_MAR_REG_0_,OUT_R_REG_3_,DFF_Q_MAR_REG_0_ -> U178 -> U195 -> U179 -> U203 -> U307 -> U266 -> U220 -> U271 -> U272 -> U273 -> U275 -> U186 -> OUT_R_REG_3_,b08
12,2.4166666666666665,20,4,6,0,0,0,DFF_Q_MAR_REG_0_,OUT_R_REG_3_,DFF_Q_MAR_REG_0_ -> U178 -> U195 -> U179 -> U270 -> U220 -> U271 -> U272 -> U176 -> U232 -> U186 -> OUT_R_REG_3_,b08
12,2.25,20,4,6,0,0,0,DFF_Q_MAR_REG_0_,OUT_R_REG_3_,DFF_Q_MAR_REG_0_ -> U178 -> U195 -> U179 -> U270 -> U220 -> U271 -> U272 -> U176 -> U274 -> U186 -> OUT_R_REG_3_,b08
12,2.25,20,3,7,0,0,0,DFF_Q_MAR_REG_0_,OUT_R_REG_3_,DFF_Q_MAR_REG_0_ -> U178 -> U195 -> U179 -> U270 -> U220 -> U271 -> U272 -> U273 -> U275 -> U186 -> OUT_R_REG_3_,b08
15,2.066666666666667,25,3,9,1,0,0,DFF_Q_MAR_REG_0_,OUT_R_REG_3_,DFF_Q_MAR_REG_0_ -> U178 -> U195 -> U201 -> U262 -> U265 -> U308 -> U266 -> U220 -> U271 -> U272 -> U176 -> U232 -> U186 -> OUT_R_REG_3_,b08
15,1.9333333333333333,25,3,9,1,0,0,DFF_Q_MAR_REG_0_,OUT_R_REG_3_,DFF_Q_MAR_REG_0_ -> U178 -> U195 -> U201 -> U262 -> U265 -> U308 -> U266 -> U220 -> U271 -> U272 -> U176 -> U274 -> U186 -> OUT_R_REG_3_,b08
15,1.9333333333333333,25,2,10,1,0,0,DFF_Q_MAR_REG_0_,OUT_R_REG_3_,DFF_Q_MAR_REG_0_ -> U178 -> U195 -> U201 -> U262 -> U265 -> U308 -> U266 -> U220 -> U271 -> U272 -> U273 -> U275 -> U186 -> OUT_R_REG_3_,b08
15,2.066666666666667,25,3,9,1,0,0,DFF_Q_MAR_REG_0_,OUT_R_REG_3_,DFF_Q_MAR_REG_0_ -> U178 -> U195 -> U201 -> U262 -> U267 -> U309 -> U269 -> U220 -> U271 -> U272 -> U176 -> U232 -> U186 -> OUT_R_REG_3_,b08
15,1.9333333333333333,25,3,9,1,0,0,DFF_Q_MAR_REG_0_,OUT_R_REG_3_,DFF_Q_MAR_REG_0_ -> U178 -> U195 -> U201 -> U262 -> U267 -> U309 -> U269 -> U220 -> U271 -> U272 -> U176 -> U274 -> U186 -> OUT_R_REG_3_,b08
15,1.9333333333333333,25,2,10,1,0,0,DFF_Q_MAR_REG_0_,OUT_R_REG_3_,DFF_Q_MAR_REG_0_ -> U178 -> U195 -> U201 -> U262 -> U267 -> U309 -> U269 -> U220 -> U271 -> U272 -> U273 -> U275 -> U186 -> OUT_R_REG_3_,b08
12,2.25,20,2,8,0,0,0,DFF_Q_MAR_REG_0_,OUT_R_REG_3_,DFF_Q_MAR_REG_0_ -> U178 -> U195 -> U201 -> U311 -> U264 -> U271 -> U272 -> U176 -> U232 -> U186 -> OUT_R_REG_3_,b08
12,2.0833333333333335,20,2,8,0,0,0,DFF_Q_MAR_REG_0_,OUT_R_REG_3_,DFF_Q_MAR_REG_0_ -> U178 -> U195 -> U201 -> U311 -> U264 -> U271 -> U272 -> U176 -> U274 -> U186 -> OUT_R_REG_3_,b08
12,2.0833333333333335,20,1,9,0,0,0,DFF_Q_MAR_REG_0_,OUT_R_REG_3_,DFF_Q_MAR_REG_0_ -> U178 -> U195 -> U201 -> U311 -> U264 -> U271 -> U272 -> U273 -> U275 -> U186 -> OUT_R_REG_3_,b08
17,2.411764705882353,28,3,10,2,0,0,DFF_Q_MAR_REG_0_,OUT_R_REG_3_,DFF_Q_MAR_REG_0_ -> U178 -> U198 -> U200 -> U253 -> U201 -> U262 -> U265 -> U308 -> U266 -> U220 -> U271 -> U272 -> U176 -> U232 -> U186 -> OUT_R_REG_3_,b08
17,2.2941176470588234,28,3,10,2,0,0,DFF_Q_MAR_REG_0_,OUT_R_REG_3_,DFF_Q_MAR_REG_0_ -> U178 -> U198 -> U200 -> U253 -> U201 -> U262 -> U265 -> U308 -> U266 -> U220 -> U271 -> U272 -> U176 -> U274 -> U186 -> OUT_R_REG_3_,b08
17,2.2941176470588234,28,2,11,2,0,0,DFF_Q_MAR_REG_0_,OUT_R_REG_3_,DFF_Q_MAR_REG_0_ -> U178 -> U198 -> U200 -> U253 -> U201 -> U262 -> U265 -> U308 -> U266 -> U220 -> U271 -> U272 -> U273 -> U275 -> U186 -> OUT_R_REG_3_,b08
17,2.411764705882353,28,3,10,2,0,0,DFF_Q_MAR_REG_0_,OUT_R_REG_3_,DFF_Q_MAR_REG_0_ -> U178 -> U198 -> U200 -> U253 -> U201 -> U262 -> U267 -> U309 -> U269 -> U220 -> U271 -> U272 -> U176 -> U232 -> U186 -> OUT_R_REG_3_,b08
17,2.2941176470588234,28,3,10,2,0,0,DFF_Q_MAR_REG_0_,OUT_R_REG_3_,DFF_Q_MAR_REG_0_ -> U178 -> U198 -> U200 -> U253 -> U201 -> U262 -> U267 -> U309 -> U269 -> U220 -> U271 -> U272 -> U176 -> U274 -> U186 -> OUT_R_REG_3_,b08
17,2.2941176470588234,28,2,11,2,0,0,DFF_Q_MAR_REG_0_,OUT_R_REG_3_,DFF_Q_MAR_REG_0_ -> U178 -> U198 -> U200 -> U253 -> U201 -> U262 -> U267 -> U309 -> U269 -> U220 -> U271 -> U272 -> U273 -> U275 -> U186 -> OUT_R_REG_3_,b08
14,2.642857142857143,23,2,9,1,0,0,DFF_Q_MAR_REG_0_,OUT_R_REG_3_,DFF_Q_MAR_REG_0_ -> U178 -> U198 -> U200 -> U253 -> U201 -> U311 -> U264 -> U271 -> U272 -> U176 -> U232 -> U186 -> OUT_R_REG_3_,b08
14,2.5,23,2,9,1,0,0,DFF_Q_MAR_REG_0_,OUT_R_REG_3_,DFF_Q_MAR_REG_0_ -> U178 -> U198 -> U200 -> U253 -> U201 -> U311 -> U264 -> U271 -> U272 -> U176 -> U274 -> U186 -> OUT_R_REG_3_,b08
14,2.5,23,1,10,1,0,0,DFF_Q_MAR_REG_0_,OUT_R_REG_3_,DFF_Q_MAR_REG_0_ -> U178 -> U198 -> U200 -> U253 -> U201 -> U311 -> U264 -> U271 -> U272 -> U273 -> U275 -> U186 -> OUT_R_REG_3_,b08
16,2.4375,26,4,8,2,0,0,DFF_Q_MAR_REG_0_,OUT_R_REG_3_,DFF_Q_MAR_REG_0_ -> U178 -> U198 -> U200 -> U253 -> U203 -> U259 -> U306 -> U221 -> U220 -> U271 -> U272 -> U176 -> U232 -> U186 -> OUT_R_REG_3_,b08
16,2.3125,26,4,8,2,0,0,DFF_Q_MAR_REG_0_,OUT_R_REG_3_,DFF_Q_MAR_REG_0_ -> U178 -> U198 -> U200 -> U253 -> U203 -> U259 -> U306 -> U221 -> U220 -> U271 -> U272 -> U176 -> U274 -> U186 -> OUT_R_REG_3_,b08
16,2.3125,26,3,9,2,0,0,DFF_Q_MAR_REG_0_,OUT_R_REG_3_,DFF_Q_MAR_REG_0_ -> U178 -> U198 -> U200 -> U253 -> U203 -> U259 -> U306 -> U221 -> U220 -> U271 -> U272 -> U273 -> U275 -> U186 -> OUT_R_REG_3_,b08
15,2.533333333333333,25,3,9,1,0,0,DFF_Q_MAR_REG_0_,OUT_R_REG_3_,DFF_Q_MAR_REG_0_ -> U178 -> U198 -> U200 -> U253 -> U203 -> U307 -> U266 -> U220 -> U271 -> U272 -> U176 -> U232 -> U186 -> OUT_R_REG_3_,b08
15,2.4,25,3,9,1,0,0,DFF_Q_MAR_REG_0_,OUT_R_REG_3_,DFF_Q_MAR_REG_0_ -> U178 -> U198 -> U200 -> U253 -> U203 -> U307 -> U266 -> U220 -> U271 -> U272 -> U176 -> U274 -> U186 -> OUT_R_REG_3_,b08
15,2.4,25,2,10,1,0,0,DFF_Q_MAR_REG_0_,OUT_R_REG_3_,DFF_Q_MAR_REG_0_ -> U178 -> U198 -> U200 -> U253 -> U203 -> U307 -> U266 -> U220 -> U271 -> U272 -> U273 -> U275 -> U186 -> OUT_R_REG_3_,b08
9,2.888888888888889,13,1,5,1,0,0,DFF_Q_MAR_REG_0_,OUT_R_REG_3_,DFF_Q_MAR_REG_0_ -> U178 -> U198 -> U200 -> U253 -> U256 -> U274 -> U186 -> OUT_R_REG_3_,b08
14,2.642857142857143,23,2,9,1,0,0,DFF_Q_MAR_REG_0_,OUT_R_REG_3_,DFF_Q_MAR_REG_0_ -> U178 -> U198 -> U200 -> U253 -> U256 -> U313 -> U258 -> U271 -> U272 -> U176 -> U232 -> U186 -> OUT_R_REG_3_,b08
14,2.5,23,2,9,1,0,0,DFF_Q_MAR_REG_0_,OUT_R_REG_3_,DFF_Q_MAR_REG_0_ -> U178 -> U198 -> U200 -> U253 -> U256 -> U313 -> U258 -> U271 -> U272 -> U176 -> U274 -> U186 -> OUT_R_REG_3_,b08
14,2.5,23,1,10,1,0,0,DFF_Q_MAR_REG_0_,OUT_R_REG_3_,DFF_Q_MAR_REG_0_ -> U178 -> U198 -> U200 -> U253 -> U256 -> U313 -> U258 -> U271 -> U272 -> U273 -> U275 -> U186 -> OUT_R_REG_3_,b08
14,2.5714285714285716,23,4,7,1,0,0,DFF_Q_MAR_REG_0_,OUT_R_REG_3_,DFF_Q_MAR_REG_0_ -> U178 -> U198 -> U200 -> U253 -> U304 -> U221 -> U220 -> U271 -> U272 -> U176 -> U232 -> U186 -> OUT_R_REG_3_,b08
14,2.4285714285714284,23,4,7,1,0,0,DFF_Q_MAR_REG_0_,OUT_R_REG_3_,DFF_Q_MAR_REG_0_ -> U178 -> U198 -> U200 -> U253 -> U304 -> U221 -> U220 -> U271 -> U272 -> U176 -> U274 -> U186 -> OUT_R_REG_3_,b08
14,2.4285714285714284,23,3,8,1,0,0,DFF_Q_MAR_REG_0_,OUT_R_REG_3_,DFF_Q_MAR_REG_0_ -> U178 -> U198 -> U200 -> U253 -> U304 -> U221 -> U220 -> U271 -> U272 -> U273 -> U275 -> U186 -> OUT_R_REG_3_,b08
14,2.5714285714285716,23,4,7,1,0,0,DFF_Q_MAR_REG_0_,OUT_R_REG_3_,DFF_Q_MAR_REG_0_ -> U178 -> U198 -> U200 -> U253 -> U305 -> U221 -> U220 -> U271 -> U272 -> U176 -> U232 -> U186 -> OUT_R_REG_3_,b08
14,2.4285714285714284,23,4,7,1,0,0,DFF_Q_MAR_REG_0_,OUT_R_REG_3_,DFF_Q_MAR_REG_0_ -> U178 -> U198 -> U200 -> U253 -> U305 -> U221 -> U220 -> U271 -> U272 -> U176 -> U274 -> U186 -> OUT_R_REG_3_,b08
14,2.4285714285714284,23,3,8,1,0,0,DFF_Q_MAR_REG_0_,OUT_R_REG_3_,DFF_Q_MAR_REG_0_ -> U178 -> U198 -> U200 -> U253 -> U305 -> U221 -> U220 -> U271 -> U272 -> U273 -> U275 -> U186 -> OUT_R_REG_3_,b08
12,2.5,20,2,8,0,0,0,DFF_Q_MAR_REG_0_,OUT_R_REG_3_,DFF_Q_MAR_REG_0_ -> U178 -> U198 -> U200 -> U315 -> U261 -> U271 -> U272 -> U176 -> U232 -> U186 -> OUT_R_REG_3_,b08
12,2.3333333333333335,20,2,8,0,0,0,DFF_Q_MAR_REG_0_,OUT_R_REG_3_,DFF_Q_MAR_REG_0_ -> U178 -> U198 -> U200 -> U315 -> U261 -> U271 -> U272 -> U176 -> U274 -> U186 -> OUT_R_REG_3_,b08
12,2.3333333333333335,20,1,9,0,0,0,DFF_Q_MAR_REG_0_,OUT_R_REG_3_,DFF_Q_MAR_REG_0_ -> U178 -> U198 -> U200 -> U315 -> U261 -> U271 -> U272 -> U273 -> U275 -> U186 -> OUT_R_REG_3_,b08
12,2.4166666666666665,20,2,8,0,0,0,DFF_Q_MAR_REG_0_,OUT_R_REG_3_,DFF_Q_MAR_REG_0_ -> U178 -> U198 -> U257 -> U314 -> U258 -> U271 -> U272 -> U176 -> U232 -> U186 -> OUT_R_REG_3_,b08
12,2.25,20,2,8,0,0,0,DFF_Q_MAR_REG_0_,OUT_R_REG_3_,DFF_Q_MAR_REG_0_ -> U178 -> U198 -> U257 -> U314 -> U258 -> U271 -> U272 -> U176 -> U274 -> U186 -> OUT_R_REG_3_,b08
12,2.25,20,1,9,0,0,0,DFF_Q_MAR_REG_0_,OUT_R_REG_3_,DFF_Q_MAR_REG_0_ -> U178 -> U198 -> U257 -> U314 -> U258 -> U271 -> U272 -> U273 -> U275 -> U186 -> OUT_R_REG_3_,b08
13,2.3076923076923075,22,3,8,0,0,0,DFF_Q_MAR_REG_0_,OUT_R_REG_3_,DFF_Q_MAR_REG_0_ -> U178 -> U198 -> U268 -> U310 -> U269 -> U220 -> U271 -> U272 -> U176 -> U232 -> U186 -> OUT_R_REG_3_,b08
13,2.1538461538461537,22,3,8,0,0,0,DFF_Q_MAR_REG_0_,OUT_R_REG_3_,DFF_Q_MAR_REG_0_ -> U178 -> U198 -> U268 -> U310 -> U269 -> U220 -> U271 -> U272 -> U176 -> U274 -> U186 -> OUT_R_REG_3_,b08
13,2.1538461538461537,22,2,9,0,0,0,DFF_Q_MAR_REG_0_,OUT_R_REG_3_,DFF_Q_MAR_REG_0_ -> U178 -> U198 -> U268 -> U310 -> U269 -> U220 -> U271 -> U272 -> U273 -> U275 -> U186 -> OUT_R_REG_3_,b08
11,2.5454545454545454,18,3,6,0,0,0,DFF_Q_MAR_REG_0_,OUT_R_REG_3_,DFF_Q_MAR_REG_0_ -> U178 -> U198 -> U270 -> U220 -> U271 -> U272 -> U176 -> U232 -> U186 -> OUT_R_REG_3_,b08
11,2.3636363636363638,18,3,6,0,0,0,DFF_Q_MAR_REG_0_,OUT_R_REG_3_,DFF_Q_MAR_REG_0_ -> U178 -> U198 -> U270 -> U220 -> U271 -> U272 -> U176 -> U274 -> U186 -> OUT_R_REG_3_,b08
11,2.3636363636363638,18,2,7,0,0,0,DFF_Q_MAR_REG_0_,OUT_R_REG_3_,DFF_Q_MAR_REG_0_ -> U178 -> U198 -> U270 -> U220 -> U271 -> U272 -> U273 -> U275 -> U186 -> OUT_R_REG_3_,b08
18,2.388888888888889,29,3,10,3,0,0,DFF_Q_MAR_REG_0_,OUT_R_REG_3_,DFF_Q_MAR_REG_0_ -> U193 -> U250 -> U181 -> U200 -> U253 -> U201 -> U262 -> U265 -> U308 -> U266 -> U220 -> U271 -> U272 -> U176 -> U232 -> U186 -> OUT_R_REG_3_,b08
18,2.2777777777777777,29,3,10,3,0,0,DFF_Q_MAR_REG_0_,OUT_R_REG_3_,DFF_Q_MAR_REG_0_ -> U193 -> U250 -> U181 -> U200 -> U253 -> U201 -> U262 -> U265 -> U308 -> U266 -> U220 -> U271 -> U272 -> U176 -> U274 -> U186 -> OUT_R_REG_3_,b08
18,2.2777777777777777,29,2,11,3,0,0,DFF_Q_MAR_REG_0_,OUT_R_REG_3_,DFF_Q_MAR_REG_0_ -> U193 -> U250 -> U181 -> U200 -> U253 -> U201 -> U262 -> U265 -> U308 -> U266 -> U220 -> U271 -> U272 -> U273 -> U275 -> U186 -> OUT_R_REG_3_,b08
18,2.388888888888889,29,3,10,3,0,0,DFF_Q_MAR_REG_0_,OUT_R_REG_3_,DFF_Q_MAR_REG_0_ -> U193 -> U250 -> U181 -> U200 -> U253 -> U201 -> U262 -> U267 -> U309 -> U269 -> U220 -> U271 -> U272 -> U176 -> U232 -> U186 -> OUT_R_REG_3_,b08
18,2.2777777777777777,29,3,10,3,0,0,DFF_Q_MAR_REG_0_,OUT_R_REG_3_,DFF_Q_MAR_REG_0_ -> U193 -> U250 -> U181 -> U200 -> U253 -> U201 -> U262 -> U267 -> U309 -> U269 -> U220 -> U271 -> U272 -> U176 -> U274 -> U186 -> OUT_R_REG_3_,b08
18,2.2777777777777777,29,2,11,3,0,0,DFF_Q_MAR_REG_0_,OUT_R_REG_3_,DFF_Q_MAR_REG_0_ -> U193 -> U250 -> U181 -> U200 -> U253 -> U201 -> U262 -> U267 -> U309 -> U269 -> U220 -> U271 -> U272 -> U273 -> U275 -> U186 -> OUT_R_REG_3_,b08
15,2.6,24,2,9,2,0,0,DFF_Q_MAR_REG_0_,OUT_R_REG_3_,DFF_Q_MAR_REG_0_ -> U193 -> U250 -> U181 -> U200 -> U253 -> U201 -> U311 -> U264 -> U271 -> U272 -> U176 -> U232 -> U186 -> OUT_R_REG_3_,b08
15,2.466666666666667,24,2,9,2,0,0,DFF_Q_MAR_REG_0_,OUT_R_REG_3_,DFF_Q_MAR_REG_0_ -> U193 -> U250 -> U181 -> U200 -> U253 -> U201 -> U311 -> U264 -> U271 -> U272 -> U176 -> U274 -> U186 -> OUT_R_REG_3_,b08
15,2.466666666666667,24,1,10,2,0,0,DFF_Q_MAR_REG_0_,OUT_R_REG_3_,DFF_Q_MAR_REG_0_ -> U193 -> U250 -> U181 -> U200 -> U253 -> U201 -> U311 -> U264 -> U271 -> U272 -> U273 -> U275 -> U186 -> OUT_R_REG_3_,b08
17,2.411764705882353,27,4,8,3,0,0,DFF_Q_MAR_REG_0_,OUT_R_REG_3_,DFF_Q_MAR_REG_0_ -> U193 -> U250 -> U181 -> U200 -> U253 -> U203 -> U259 -> U306 -> U221 -> U220 -> U271 -> U272 -> U176 -> U232 -> U186 -> OUT_R_REG_3_,b08
17,2.2941176470588234,27,4,8,3,0,0,DFF_Q_MAR_REG_0_,OUT_R_REG_3_,DFF_Q_MAR_REG_0_ -> U193 -> U250 -> U181 -> U200 -> U253 -> U203 -> U259 -> U306 -> U221 -> U220 -> U271 -> U272 -> U176 -> U274 -> U186 -> OUT_R_REG_3_,b08
17,2.2941176470588234,27,3,9,3,0,0,DFF_Q_MAR_REG_0_,OUT_R_REG_3_,DFF_Q_MAR_REG_0_ -> U193 -> U250 -> U181 -> U200 -> U253 -> U203 -> U259 -> U306 -> U221 -> U220 -> U271 -> U272 -> U273 -> U275 -> U186 -> OUT_R_REG_3_,b08
16,2.5,26,3,9,2,0,0,DFF_Q_MAR_REG_0_,OUT_R_REG_3_,DFF_Q_MAR_REG_0_ -> U193 -> U250 -> U181 -> U200 -> U253 -> U203 -> U307 -> U266 -> U220 -> U271 -> U272 -> U176 -> U232 -> U186 -> OUT_R_REG_3_,b08
16,2.375,26,3,9,2,0,0,DFF_Q_MAR_REG_0_,OUT_R_REG_3_,DFF_Q_MAR_REG_0_ -> U193 -> U250 -> U181 -> U200 -> U253 -> U203 -> U307 -> U266 -> U220 -> U271 -> U272 -> U176 -> U274 -> U186 -> OUT_R_REG_3_,b08
16,2.375,26,2,10,2,0,0,DFF_Q_MAR_REG_0_,OUT_R_REG_3_,DFF_Q_MAR_REG_0_ -> U193 -> U250 -> U181 -> U200 -> U253 -> U203 -> U307 -> U266 -> U220 -> U271 -> U272 -> U273 -> U275 -> U186 -> OUT_R_REG_3_,b08
10,2.8,14,1,5,2,0,0,DFF_Q_MAR_REG_0_,OUT_R_REG_3_,DFF_Q_MAR_REG_0_ -> U193 -> U250 -> U181 -> U200 -> U253 -> U256 -> U274 -> U186 -> OUT_R_REG_3_,b08
15,2.6,24,2,9,2,0,0,DFF_Q_MAR_REG_0_,OUT_R_REG_3_,DFF_Q_MAR_REG_0_ -> U193 -> U250 -> U181 -> U200 -> U253 -> U256 -> U313 -> U258 -> U271 -> U272 -> U176 -> U232 -> U186 -> OUT_R_REG_3_,b08
15,2.466666666666667,24,2,9,2,0,0,DFF_Q_MAR_REG_0_,OUT_R_REG_3_,DFF_Q_MAR_REG_0_ -> U193 -> U250 -> U181 -> U200 -> U253 -> U256 -> U313 -> U258 -> U271 -> U272 -> U176 -> U274 -> U186 -> OUT_R_REG_3_,b08
15,2.466666666666667,24,1,10,2,0,0,DFF_Q_MAR_REG_0_,OUT_R_REG_3_,DFF_Q_MAR_REG_0_ -> U193 -> U250 -> U181 -> U200 -> U253 -> U256 -> U313 -> U258 -> U271 -> U272 -> U273 -> U275 -> U186 -> OUT_R_REG_3_,b08
15,2.533333333333333,24,4,7,2,0,0,DFF_Q_MAR_REG_0_,OUT_R_REG_3_,DFF_Q_MAR_REG_0_ -> U193 -> U250 -> U181 -> U200 -> U253 -> U304 -> U221 -> U220 -> U271 -> U272 -> U176 -> U232 -> U186 -> OUT_R_REG_3_,b08
15,2.4,24,4,7,2,0,0,DFF_Q_MAR_REG_0_,OUT_R_REG_3_,DFF_Q_MAR_REG_0_ -> U193 -> U250 -> U181 -> U200 -> U253 -> U304 -> U221 -> U220 -> U271 -> U272 -> U176 -> U274 -> U186 -> OUT_R_REG_3_,b08
15,2.4,24,3,8,2,0,0,DFF_Q_MAR_REG_0_,OUT_R_REG_3_,DFF_Q_MAR_REG_0_ -> U193 -> U250 -> U181 -> U200 -> U253 -> U304 -> U221 -> U220 -> U271 -> U272 -> U273 -> U275 -> U186 -> OUT_R_REG_3_,b08
15,2.533333333333333,24,4,7,2,0,0,DFF_Q_MAR_REG_0_,OUT_R_REG_3_,DFF_Q_MAR_REG_0_ -> U193 -> U250 -> U181 -> U200 -> U253 -> U305 -> U221 -> U220 -> U271 -> U272 -> U176 -> U232 -> U186 -> OUT_R_REG_3_,b08
15,2.4,24,4,7,2,0,0,DFF_Q_MAR_REG_0_,OUT_R_REG_3_,DFF_Q_MAR_REG_0_ -> U193 -> U250 -> U181 -> U200 -> U253 -> U305 -> U221 -> U220 -> U271 -> U272 -> U176 -> U274 -> U186 -> OUT_R_REG_3_,b08
15,2.4,24,3,8,2,0,0,DFF_Q_MAR_REG_0_,OUT_R_REG_3_,DFF_Q_MAR_REG_0_ -> U193 -> U250 -> U181 -> U200 -> U253 -> U305 -> U221 -> U220 -> U271 -> U272 -> U273 -> U275 -> U186 -> OUT_R_REG_3_,b08
13,2.4615384615384617,21,2,8,1,0,0,DFF_Q_MAR_REG_0_,OUT_R_REG_3_,DFF_Q_MAR_REG_0_ -> U193 -> U250 -> U181 -> U200 -> U315 -> U261 -> U271 -> U272 -> U176 -> U232 -> U186 -> OUT_R_REG_3_,b08
13,2.3076923076923075,21,2,8,1,0,0,DFF_Q_MAR_REG_0_,OUT_R_REG_3_,DFF_Q_MAR_REG_0_ -> U193 -> U250 -> U181 -> U200 -> U315 -> U261 -> U271 -> U272 -> U176 -> U274 -> U186 -> OUT_R_REG_3_,b08
13,2.3076923076923075,21,1,9,1,0,0,DFF_Q_MAR_REG_0_,OUT_R_REG_3_,DFF_Q_MAR_REG_0_ -> U193 -> U250 -> U181 -> U200 -> U315 -> U261 -> U271 -> U272 -> U273 -> U275 -> U186 -> OUT_R_REG_3_,b08
13,2.3846153846153846,21,2,8,1,0,0,DFF_Q_MAR_REG_0_,OUT_R_REG_3_,DFF_Q_MAR_REG_0_ -> U193 -> U250 -> U181 -> U260 -> U316 -> U261 -> U271 -> U272 -> U176 -> U232 -> U186 -> OUT_R_REG_3_,b08
13,2.230769230769231,21,2,8,1,0,0,DFF_Q_MAR_REG_0_,OUT_R_REG_3_,DFF_Q_MAR_REG_0_ -> U193 -> U250 -> U181 -> U260 -> U316 -> U261 -> U271 -> U272 -> U176 -> U274 -> U186 -> OUT_R_REG_3_,b08
13,2.230769230769231,21,1,9,1,0,0,DFF_Q_MAR_REG_0_,OUT_R_REG_3_,DFF_Q_MAR_REG_0_ -> U193 -> U250 -> U181 -> U260 -> U316 -> U261 -> U271 -> U272 -> U273 -> U275 -> U186 -> OUT_R_REG_3_,b08
15,2.3333333333333335,24,2,9,2,0,0,DFF_Q_MAR_REG_0_,OUT_R_REG_3_,DFF_Q_MAR_REG_0_ -> U193 -> U250 -> U199 -> U252 -> U180 -> U257 -> U314 -> U258 -> U271 -> U272 -> U176 -> U232 -> U186 -> OUT_R_REG_3_,b08
15,2.2,24,2,9,2,0,0,DFF_Q_MAR_REG_0_,OUT_R_REG_3_,DFF_Q_MAR_REG_0_ -> U193 -> U250 -> U199 -> U252 -> U180 -> U257 -> U314 -> U258 -> U271 -> U272 -> U176 -> U274 -> U186 -> OUT_R_REG_3_,b08
15,2.2,24,1,10,2,0,0,DFF_Q_MAR_REG_0_,OUT_R_REG_3_,DFF_Q_MAR_REG_0_ -> U193 -> U250 -> U199 -> U252 -> U180 -> U257 -> U314 -> U258 -> U271 -> U272 -> U273 -> U275 -> U186 -> OUT_R_REG_3_,b08
15,2.3333333333333335,24,2,9,2,0,0,DFF_Q_MAR_REG_0_,OUT_R_REG_3_,DFF_Q_MAR_REG_0_ -> U193 -> U250 -> U199 -> U252 -> U180 -> U263 -> U312 -> U264 -> U271 -> U272 -> U176 -> U232 -> U186 -> OUT_R_REG_3_,b08
15,2.2,24,2,9,2,0,0,DFF_Q_MAR_REG_0_,OUT_R_REG_3_,DFF_Q_MAR_REG_0_ -> U193 -> U250 -> U199 -> U252 -> U180 -> U263 -> U312 -> U264 -> U271 -> U272 -> U176 -> U274 -> U186 -> OUT_R_REG_3_,b08
15,2.2,24,1,10,2,0,0,DFF_Q_MAR_REG_0_,OUT_R_REG_3_,DFF_Q_MAR_REG_0_ -> U193 -> U250 -> U199 -> U252 -> U180 -> U263 -> U312 -> U264 -> U271 -> U272 -> U273 -> U275 -> U186 -> OUT_R_REG_3_,b08
15,2.3333333333333335,24,4,7,2,0,0,DFF_Q_MAR_REG_0_,OUT_R_REG_3_,DFF_Q_MAR_REG_0_ -> U193 -> U250 -> U199 -> U252 -> U180 -> U303 -> U221 -> U220 -> U271 -> U272 -> U176 -> U232 -> U186 -> OUT_R_REG_3_,b08
15,2.2,24,4,7,2,0,0,DFF_Q_MAR_REG_0_,OUT_R_REG_3_,DFF_Q_MAR_REG_0_ -> U193 -> U250 -> U199 -> U252 -> U180 -> U303 -> U221 -> U220 -> U271 -> U272 -> U176 -> U274 -> U186 -> OUT_R_REG_3_,b08
15,2.2,24,3,8,2,0,0,DFF_Q_MAR_REG_0_,OUT_R_REG_3_,DFF_Q_MAR_REG_0_ -> U193 -> U250 -> U199 -> U252 -> U180 -> U303 -> U221 -> U220 -> U271 -> U272 -> U273 -> U275 -> U186 -> OUT_R_REG_3_,b08
14,2.5,23,3,8,1,0,0,DFF_Q_MAR_REG_0_,OUT_R_REG_3_,DFF_Q_MAR_REG_0_ -> U193 -> U251 -> U179 -> U182 -> U260 -> U316 -> U261 -> U271 -> U272 -> U176 -> U232 -> U186 -> OUT_R_REG_3_,b08
14,2.357142857142857,23,3,8,1,0,0,DFF_Q_MAR_REG_0_,OUT_R_REG_3_,DFF_Q_MAR_REG_0_ -> U193 -> U251 -> U179 -> U182 -> U260 -> U316 -> U261 -> U271 -> U272 -> U176 -> U274 -> U186 -> OUT_R_REG_3_,b08
14,2.357142857142857,23,2,9,1,0,0,DFF_Q_MAR_REG_0_,OUT_R_REG_3_,DFF_Q_MAR_REG_0_ -> U193 -> U251 -> U179 -> U182 -> U260 -> U316 -> U261 -> U271 -> U272 -> U273 -> U275 -> U186 -> OUT_R_REG_3_,b08
15,2.4,25,4,8,1,0,0,DFF_Q_MAR_REG_0_,OUT_R_REG_3_,DFF_Q_MAR_REG_0_ -> U193 -> U251 -> U179 -> U182 -> U268 -> U310 -> U269 -> U220 -> U271 -> U272 -> U176 -> U232 -> U186 -> OUT_R_REG_3_,b08
15,2.2666666666666666,25,4,8,1,0,0,DFF_Q_MAR_REG_0_,OUT_R_REG_3_,DFF_Q_MAR_REG_0_ -> U193 -> U251 -> U179 -> U182 -> U268 -> U310 -> U269 -> U220 -> U271 -> U272 -> U176 -> U274 -> U186 -> OUT_R_REG_3_,b08
15,2.2666666666666666,25,3,9,1,0,0,DFF_Q_MAR_REG_0_,OUT_R_REG_3_,DFF_Q_MAR_REG_0_ -> U193 -> U251 -> U179 -> U182 -> U268 -> U310 -> U269 -> U220 -> U271 -> U272 -> U273 -> U275 -> U186 -> OUT_R_REG_3_,b08
14,2.5,23,5,6,1,0,0,DFF_Q_MAR_REG_0_,OUT_R_REG_3_,DFF_Q_MAR_REG_0_ -> U193 -> U251 -> U179 -> U182 -> U305 -> U221 -> U220 -> U271 -> U272 -> U176 -> U232 -> U186 -> OUT_R_REG_3_,b08
14,2.357142857142857,23,5,6,1,0,0,DFF_Q_MAR_REG_0_,OUT_R_REG_3_,DFF_Q_MAR_REG_0_ -> U193 -> U251 -> U179 -> U182 -> U305 -> U221 -> U220 -> U271 -> U272 -> U176 -> U274 -> U186 -> OUT_R_REG_3_,b08
14,2.357142857142857,23,4,7,1,0,0,DFF_Q_MAR_REG_0_,OUT_R_REG_3_,DFF_Q_MAR_REG_0_ -> U193 -> U251 -> U179 -> U182 -> U305 -> U221 -> U220 -> U271 -> U272 -> U273 -> U275 -> U186 -> OUT_R_REG_3_,b08
16,2.375,26,3,9,2,0,0,DFF_Q_MAR_REG_0_,OUT_R_REG_3_,DFF_Q_MAR_REG_0_ -> U193 -> U251 -> U179 -> U199 -> U252 -> U180 -> U257 -> U314 -> U258 -> U271 -> U272 -> U176 -> U232 -> U186 -> OUT_R_REG_3_,b08
16,2.25,26,3,9,2,0,0,DFF_Q_MAR_REG_0_,OUT_R_REG_3_,DFF_Q_MAR_REG_0_ -> U193 -> U251 -> U179 -> U199 -> U252 -> U180 -> U257 -> U314 -> U258 -> U271 -> U272 -> U176 -> U274 -> U186 -> OUT_R_REG_3_,b08
16,2.25,26,2,10,2,0,0,DFF_Q_MAR_REG_0_,OUT_R_REG_3_,DFF_Q_MAR_REG_0_ -> U193 -> U251 -> U179 -> U199 -> U252 -> U180 -> U257 -> U314 -> U258 -> U271 -> U272 -> U273 -> U275 -> U186 -> OUT_R_REG_3_,b08
16,2.375,26,3,9,2,0,0,DFF_Q_MAR_REG_0_,OUT_R_REG_3_,DFF_Q_MAR_REG_0_ -> U193 -> U251 -> U179 -> U199 -> U252 -> U180 -> U263 -> U312 -> U264 -> U271 -> U272 -> U176 -> U232 -> U186 -> OUT_R_REG_3_,b08
16,2.25,26,3,9,2,0,0,DFF_Q_MAR_REG_0_,OUT_R_REG_3_,DFF_Q_MAR_REG_0_ -> U193 -> U251 -> U179 -> U199 -> U252 -> U180 -> U263 -> U312 -> U264 -> U271 -> U272 -> U176 -> U274 -> U186 -> OUT_R_REG_3_,b08
16,2.25,26,2,10,2,0,0,DFF_Q_MAR_REG_0_,OUT_R_REG_3_,DFF_Q_MAR_REG_0_ -> U193 -> U251 -> U179 -> U199 -> U252 -> U180 -> U263 -> U312 -> U264 -> U271 -> U272 -> U273 -> U275 -> U186 -> OUT_R_REG_3_,b08
16,2.375,26,5,7,2,0,0,DFF_Q_MAR_REG_0_,OUT_R_REG_3_,DFF_Q_MAR_REG_0_ -> U193 -> U251 -> U179 -> U199 -> U252 -> U180 -> U303 -> U221 -> U220 -> U271 -> U272 -> U176 -> U232 -> U186 -> OUT_R_REG_3_,b08
16,2.25,26,5,7,2,0,0,DFF_Q_MAR_REG_0_,OUT_R_REG_3_,DFF_Q_MAR_REG_0_ -> U193 -> U251 -> U179 -> U199 -> U252 -> U180 -> U303 -> U221 -> U220 -> U271 -> U272 -> U176 -> U274 -> U186 -> OUT_R_REG_3_,b08
16,2.25,26,4,8,2,0,0,DFF_Q_MAR_REG_0_,OUT_R_REG_3_,DFF_Q_MAR_REG_0_ -> U193 -> U251 -> U179 -> U199 -> U252 -> U180 -> U303 -> U221 -> U220 -> U271 -> U272 -> U273 -> U275 -> U186 -> OUT_R_REG_3_,b08
15,2.3333333333333335,24,4,7,2,0,0,DFF_Q_MAR_REG_0_,OUT_R_REG_3_,DFF_Q_MAR_REG_0_ -> U193 -> U251 -> U179 -> U203 -> U259 -> U306 -> U221 -> U220 -> U271 -> U272 -> U176 -> U232 -> U186 -> OUT_R_REG_3_,b08
15,2.2,24,4,7,2,0,0,DFF_Q_MAR_REG_0_,OUT_R_REG_3_,DFF_Q_MAR_REG_0_ -> U193 -> U251 -> U179 -> U203 -> U259 -> U306 -> U221 -> U220 -> U271 -> U272 -> U176 -> U274 -> U186 -> OUT_R_REG_3_,b08
15,2.2,24,3,8,2,0,0,DFF_Q_MAR_REG_0_,OUT_R_REG_3_,DFF_Q_MAR_REG_0_ -> U193 -> U251 -> U179 -> U203 -> U259 -> U306 -> U221 -> U220 -> U271 -> U272 -> U273 -> U275 -> U186 -> OUT_R_REG_3_,b08
14,2.4285714285714284,23,3,8,1,0,0,DFF_Q_MAR_REG_0_,OUT_R_REG_3_,DFF_Q_MAR_REG_0_ -> U193 -> U251 -> U179 -> U203 -> U307 -> U266 -> U220 -> U271 -> U272 -> U176 -> U232 -> U186 -> OUT_R_REG_3_,b08
14,2.2857142857142856,23,3,8,1,0,0,DFF_Q_MAR_REG_0_,OUT_R_REG_3_,DFF_Q_MAR_REG_0_ -> U193 -> U251 -> U179 -> U203 -> U307 -> U266 -> U220 -> U271 -> U272 -> U176 -> U274 -> U186 -> OUT_R_REG_3_,b08
14,2.2857142857142856,23,2,9,1,0,0,DFF_Q_MAR_REG_0_,OUT_R_REG_3_,DFF_Q_MAR_REG_0_ -> U193 -> U251 -> U179 -> U203 -> U307 -> U266 -> U220 -> U271 -> U272 -> U273 -> U275 -> U186 -> OUT_R_REG_3_,b08
12,2.5833333333333335,19,3,6,1,0,0,DFF_Q_MAR_REG_0_,OUT_R_REG_3_,DFF_Q_MAR_REG_0_ -> U193 -> U251 -> U179 -> U270 -> U220 -> U271 -> U272 -> U176 -> U232 -> U186 -> OUT_R_REG_3_,b08
12,2.4166666666666665,19,3,6,1,0,0,DFF_Q_MAR_REG_0_,OUT_R_REG_3_,DFF_Q_MAR_REG_0_ -> U193 -> U251 -> U179 -> U270 -> U220 -> U271 -> U272 -> U176 -> U274 -> U186 -> OUT_R_REG_3_,b08
12,2.4166666666666665,19,2,7,1,0,0,DFF_Q_MAR_REG_0_,OUT_R_REG_3_,DFF_Q_MAR_REG_0_ -> U193 -> U251 -> U179 -> U270 -> U220 -> U271 -> U272 -> U273 -> U275 -> U186 -> OUT_R_REG_3_,b08
7,2.857142857142857,9,0,4,1,0,0,DFF_Q_MAR_REG_0_,OUT_R_REG_3_,DFF_Q_MAR_REG_0_ -> U193 -> U251 -> U202 -> U232 -> U186 -> OUT_R_REG_3_,b08
14,2.2142857142857144,22,3,7,2,0,0,DFF_Q_MAR_REG_0_,OUT_R_REG_3_,DFF_Q_MAR_REG_0_ -> U193 -> U251 -> U202 -> U255 -> U304 -> U221 -> U220 -> U271 -> U272 -> U176 -> U232 -> U186 -> OUT_R_REG_3_,b08
14,2.0714285714285716,22,3,7,2,0,0,DFF_Q_MAR_REG_0_,OUT_R_REG_3_,DFF_Q_MAR_REG_0_ -> U193 -> U251 -> U202 -> U255 -> U304 -> U221 -> U220 -> U271 -> U272 -> U176 -> U274 -> U186 -> OUT_R_REG_3_,b08
14,2.0714285714285716,22,2,8,2,0,0,DFF_Q_MAR_REG_0_,OUT_R_REG_3_,DFF_Q_MAR_REG_0_ -> U193 -> U251 -> U202 -> U255 -> U304 -> U221 -> U220 -> U271 -> U272 -> U273 -> U275 -> U186 -> OUT_R_REG_3_,b08
13,2.6153846153846154,21,2,8,1,0,0,DFF_Q_MAR_REG_0_,OUT_R_REG_3_,DFF_Q_MAR_REG_0_ -> U193 -> U254 -> U182 -> U260 -> U316 -> U261 -> U271 -> U272 -> U176 -> U232 -> U186 -> OUT_R_REG_3_,b08
13,2.4615384615384617,21,2,8,1,0,0,DFF_Q_MAR_REG_0_,OUT_R_REG_3_,DFF_Q_MAR_REG_0_ -> U193 -> U254 -> U182 -> U260 -> U316 -> U261 -> U271 -> U272 -> U176 -> U274 -> U186 -> OUT_R_REG_3_,b08
13,2.4615384615384617,21,1,9,1,0,0,DFF_Q_MAR_REG_0_,OUT_R_REG_3_,DFF_Q_MAR_REG_0_ -> U193 -> U254 -> U182 -> U260 -> U316 -> U261 -> U271 -> U272 -> U273 -> U275 -> U186 -> OUT_R_REG_3_,b08
14,2.5,23,3,8,1,0,0,DFF_Q_MAR_REG_0_,OUT_R_REG_3_,DFF_Q_MAR_REG_0_ -> U193 -> U254 -> U182 -> U268 -> U310 -> U269 -> U220 -> U271 -> U272 -> U176 -> U232 -> U186 -> OUT_R_REG_3_,b08
14,2.357142857142857,23,3,8,1,0,0,DFF_Q_MAR_REG_0_,OUT_R_REG_3_,DFF_Q_MAR_REG_0_ -> U193 -> U254 -> U182 -> U268 -> U310 -> U269 -> U220 -> U271 -> U272 -> U176 -> U274 -> U186 -> OUT_R_REG_3_,b08
14,2.357142857142857,23,2,9,1,0,0,DFF_Q_MAR_REG_0_,OUT_R_REG_3_,DFF_Q_MAR_REG_0_ -> U193 -> U254 -> U182 -> U268 -> U310 -> U269 -> U220 -> U271 -> U272 -> U273 -> U275 -> U186 -> OUT_R_REG_3_,b08
13,2.6153846153846154,21,4,6,1,0,0,DFF_Q_MAR_REG_0_,OUT_R_REG_3_,DFF_Q_MAR_REG_0_ -> U193 -> U254 -> U182 -> U305 -> U221 -> U220 -> U271 -> U272 -> U176 -> U232 -> U186 -> OUT_R_REG_3_,b08
13,2.4615384615384617,21,4,6,1,0,0,DFF_Q_MAR_REG_0_,OUT_R_REG_3_,DFF_Q_MAR_REG_0_ -> U193 -> U254 -> U182 -> U305 -> U221 -> U220 -> U271 -> U272 -> U176 -> U274 -> U186 -> OUT_R_REG_3_,b08
13,2.4615384615384617,21,3,7,1,0,0,DFF_Q_MAR_REG_0_,OUT_R_REG_3_,DFF_Q_MAR_REG_0_ -> U193 -> U254 -> U182 -> U305 -> U221 -> U220 -> U271 -> U272 -> U273 -> U275 -> U186 -> OUT_R_REG_3_,b08
7,3.2857142857142856,9,0,4,1,0,0,DFF_Q_MAR_REG_0_,OUT_R_REG_3_,DFF_Q_MAR_REG_0_ -> U193 -> U254 -> U202 -> U232 -> U186 -> OUT_R_REG_3_,b08
14,2.4285714285714284,22,3,7,2,0,0,DFF_Q_MAR_REG_0_,OUT_R_REG_3_,DFF_Q_MAR_REG_0_ -> U193 -> U254 -> U202 -> U255 -> U304 -> U221 -> U220 -> U271 -> U272 -> U176 -> U232 -> U186 -> OUT_R_REG_3_,b08
14,2.2857142857142856,22,3,7,2,0,0,DFF_Q_MAR_REG_0_,OUT_R_REG_3_,DFF_Q_MAR_REG_0_ -> U193 -> U254 -> U202 -> U255 -> U304 -> U221 -> U220 -> U271 -> U272 -> U176 -> U274 -> U186 -> OUT_R_REG_3_,b08
14,2.2857142857142856,22,2,8,2,0,0,DFF_Q_MAR_REG_0_,OUT_R_REG_3_,DFF_Q_MAR_REG_0_ -> U193 -> U254 -> U202 -> U255 -> U304 -> U221 -> U220 -> U271 -> U272 -> U273 -> U275 -> U186 -> OUT_R_REG_3_,b08
10,2.9,15,1,6,1,0,0,DFF_Q_MAR_REG_0_,OUT_R_REG_3_,DFF_Q_MAR_REG_0_ -> U193 -> U254 -> U258 -> U271 -> U272 -> U176 -> U232 -> U186 -> OUT_R_REG_3_,b08
10,2.7,15,1,6,1,0,0,DFF_Q_MAR_REG_0_,OUT_R_REG_3_,DFF_Q_MAR_REG_0_ -> U193 -> U254 -> U258 -> U271 -> U272 -> U176 -> U274 -> U186 -> OUT_R_REG_3_,b08
10,2.7,15,0,7,1,0,0,DFF_Q_MAR_REG_0_,OUT_R_REG_3_,DFF_Q_MAR_REG_0_ -> U193 -> U254 -> U258 -> U271 -> U272 -> U273 -> U275 -> U186 -> OUT_R_REG_3_,b08
12,2.5833333333333335,19,1,8,1,0,0,DFF_Q_MAR_REG_0_,OUT_R_REG_3_,DFF_Q_MAR_REG_0_ -> U193 -> U254 -> U263 -> U312 -> U264 -> U271 -> U272 -> U176 -> U232 -> U186 -> OUT_R_REG_3_,b08
12,2.4166666666666665,19,1,8,1,0,0,DFF_Q_MAR_REG_0_,OUT_R_REG_3_,DFF_Q_MAR_REG_0_ -> U193 -> U254 -> U263 -> U312 -> U264 -> U271 -> U272 -> U176 -> U274 -> U186 -> OUT_R_REG_3_,b08
12,2.4166666666666665,19,0,9,1,0,0,DFF_Q_MAR_REG_0_,OUT_R_REG_3_,DFF_Q_MAR_REG_0_ -> U193 -> U254 -> U263 -> U312 -> U264 -> U271 -> U272 -> U273 -> U275 -> U186 -> OUT_R_REG_3_,b08
13,2.4615384615384617,21,2,8,1,0,0,DFF_Q_MAR_REG_0_,OUT_R_REG_3_,DFF_Q_MAR_REG_0_ -> U193 -> U254 -> U265 -> U308 -> U266 -> U220 -> U271 -> U272 -> U176 -> U232 -> U186 -> OUT_R_REG_3_,b08
13,2.3076923076923075,21,2,8,1,0,0,DFF_Q_MAR_REG_0_,OUT_R_REG_3_,DFF_Q_MAR_REG_0_ -> U193 -> U254 -> U265 -> U308 -> U266 -> U220 -> U271 -> U272 -> U176 -> U274 -> U186 -> OUT_R_REG_3_,b08
13,2.3076923076923075,21,1,9,1,0,0,DFF_Q_MAR_REG_0_,OUT_R_REG_3_,DFF_Q_MAR_REG_0_ -> U193 -> U254 -> U265 -> U308 -> U266 -> U220 -> U271 -> U272 -> U273 -> U275 -> U186 -> OUT_R_REG_3_,b08
6,3.1666666666666665,8,0,3,0,1,0,DFF_Q_MAR_REG_0_,OUT_R_REG_3_,DFF_Q_MAR_REG_0_ -> U247 -> U256 -> U274 -> U186 -> OUT_R_REG_3_,b08
11,2.727272727272727,18,1,7,0,1,0,DFF_Q_MAR_REG_0_,OUT_R_REG_3_,DFF_Q_MAR_REG_0_ -> U247 -> U256 -> U313 -> U258 -> U271 -> U272 -> U176 -> U232 -> U186 -> OUT_R_REG_3_,b08
11,2.5454545454545454,18,1,7,0,1,0,DFF_Q_MAR_REG_0_,OUT_R_REG_3_,DFF_Q_MAR_REG_0_ -> U247 -> U256 -> U313 -> U258 -> U271 -> U272 -> U176 -> U274 -> U186 -> OUT_R_REG_3_,b08
11,2.5454545454545454,18,0,8,0,1,0,DFF_Q_MAR_REG_0_,OUT_R_REG_3_,DFF_Q_MAR_REG_0_ -> U247 -> U256 -> U313 -> U258 -> U271 -> U272 -> U273 -> U275 -> U186 -> OUT_R_REG_3_,b08
9,3.0,14,1,5,0,1,0,DFF_Q_MAR_REG_0_,OUT_R_REG_3_,DFF_Q_MAR_REG_0_ -> U247 -> U261 -> U271 -> U272 -> U176 -> U232 -> U186 -> OUT_R_REG_3_,b08
9,2.7777777777777777,14,1,5,0,1,0,DFF_Q_MAR_REG_0_,OUT_R_REG_3_,DFF_Q_MAR_REG_0_ -> U247 -> U261 -> U271 -> U272 -> U176 -> U274 -> U186 -> OUT_R_REG_3_,b08
9,2.7777777777777777,14,0,6,0,1,0,DFF_Q_MAR_REG_0_,OUT_R_REG_3_,DFF_Q_MAR_REG_0_ -> U247 -> U261 -> U271 -> U272 -> U273 -> U275 -> U186 -> OUT_R_REG_3_,b08
9,3.0,14,1,5,0,1,0,DFF_Q_MAR_REG_0_,OUT_R_REG_3_,DFF_Q_MAR_REG_0_ -> U247 -> U264 -> U271 -> U272 -> U176 -> U232 -> U186 -> OUT_R_REG_3_,b08
9,2.7777777777777777,14,1,5,0,1,0,DFF_Q_MAR_REG_0_,OUT_R_REG_3_,DFF_Q_MAR_REG_0_ -> U247 -> U264 -> U271 -> U272 -> U176 -> U274 -> U186 -> OUT_R_REG_3_,b08
9,2.7777777777777777,14,0,6,0,1,0,DFF_Q_MAR_REG_0_,OUT_R_REG_3_,DFF_Q_MAR_REG_0_ -> U247 -> U264 -> U271 -> U272 -> U273 -> U275 -> U186 -> OUT_R_REG_3_,b08
10,2.8,16,2,5,0,1,0,DFF_Q_MAR_REG_0_,OUT_R_REG_3_,DFF_Q_MAR_REG_0_ -> U247 -> U266 -> U220 -> U271 -> U272 -> U176 -> U232 -> U186 -> OUT_R_REG_3_,b08
10,2.6,16,2,5,0,1,0,DFF_Q_MAR_REG_0_,OUT_R_REG_3_,DFF_Q_MAR_REG_0_ -> U247 -> U266 -> U220 -> U271 -> U272 -> U176 -> U274 -> U186 -> OUT_R_REG_3_,b08
10,2.6,16,1,6,0,1,0,DFF_Q_MAR_REG_0_,OUT_R_REG_3_,DFF_Q_MAR_REG_0_ -> U247 -> U266 -> U220 -> U271 -> U272 -> U273 -> U275 -> U186 -> OUT_R_REG_3_,b08
10,2.8,16,2,5,0,1,0,DFF_Q_MAR_REG_0_,OUT_R_REG_3_,DFF_Q_MAR_REG_0_ -> U247 -> U269 -> U220 -> U271 -> U272 -> U176 -> U232 -> U186 -> OUT_R_REG_3_,b08
10,2.6,16,2,5,0,1,0,DFF_Q_MAR_REG_0_,OUT_R_REG_3_,DFF_Q_MAR_REG_0_ -> U247 -> U269 -> U220 -> U271 -> U272 -> U176 -> U274 -> U186 -> OUT_R_REG_3_,b08
10,2.6,16,1,6,0,1,0,DFF_Q_MAR_REG_0_,OUT_R_REG_3_,DFF_Q_MAR_REG_0_ -> U247 -> U269 -> U220 -> U271 -> U272 -> U273 -> U275 -> U186 -> OUT_R_REG_3_,b08
11,2.6363636363636362,18,3,5,0,1,0,DFF_Q_MAR_REG_0_,OUT_R_REG_3_,DFF_Q_MAR_REG_0_ -> U247 -> U303 -> U221 -> U220 -> U271 -> U272 -> U176 -> U232 -> U186 -> OUT_R_REG_3_,b08
11,2.4545454545454546,18,3,5,0,1,0,DFF_Q_MAR_REG_0_,OUT_R_REG_3_,DFF_Q_MAR_REG_0_ -> U247 -> U303 -> U221 -> U220 -> U271 -> U272 -> U176 -> U274 -> U186 -> OUT_R_REG_3_,b08
11,2.4545454545454546,18,2,6,0,1,0,DFF_Q_MAR_REG_0_,OUT_R_REG_3_,DFF_Q_MAR_REG_0_ -> U247 -> U303 -> U221 -> U220 -> U271 -> U272 -> U273 -> U275 -> U186 -> OUT_R_REG_3_,b08
11,2.6363636363636362,18,3,5,0,1,0,DFF_Q_MAR_REG_0_,OUT_R_REG_3_,DFF_Q_MAR_REG_0_ -> U247 -> U306 -> U221 -> U220 -> U271 -> U272 -> U176 -> U232 -> U186 -> OUT_R_REG_3_,b08
11,2.4545454545454546,18,3,5,0,1,0,DFF_Q_MAR_REG_0_,OUT_R_REG_3_,DFF_Q_MAR_REG_0_ -> U247 -> U306 -> U221 -> U220 -> U271 -> U272 -> U176 -> U274 -> U186 -> OUT_R_REG_3_,b08
11,2.4545454545454546,18,2,6,0,1,0,DFF_Q_MAR_REG_0_,OUT_R_REG_3_,DFF_Q_MAR_REG_0_ -> U247 -> U306 -> U221 -> U220 -> U271 -> U272 -> U273 -> U275 -> U186 -> OUT_R_REG_3_,b08
17,2.235294117647059,28,3,10,2,0,0,DFF_Q_MAR_REG_0_,OUT_R_REG_3_,DFF_Q_MAR_REG_0_ -> U248 -> U181 -> U200 -> U253 -> U201 -> U262 -> U265 -> U308 -> U266 -> U220 -> U271 -> U272 -> U176 -> U232 -> U186 -> OUT_R_REG_3_,b08
17,2.1176470588235294,28,3,10,2,0,0,DFF_Q_MAR_REG_0_,OUT_R_REG_3_,DFF_Q_MAR_REG_0_ -> U248 -> U181 -> U200 -> U253 -> U201 -> U262 -> U265 -> U308 -> U266 -> U220 -> U271 -> U272 -> U176 -> U274 -> U186 -> OUT_R_REG_3_,b08
17,2.1176470588235294,28,2,11,2,0,0,DFF_Q_MAR_REG_0_,OUT_R_REG_3_,DFF_Q_MAR_REG_0_ -> U248 -> U181 -> U200 -> U253 -> U201 -> U262 -> U265 -> U308 -> U266 -> U220 -> U271 -> U272 -> U273 -> U275 -> U186 -> OUT_R_REG_3_,b08
17,2.235294117647059,28,3,10,2,0,0,DFF_Q_MAR_REG_0_,OUT_R_REG_3_,DFF_Q_MAR_REG_0_ -> U248 -> U181 -> U200 -> U253 -> U201 -> U262 -> U267 -> U309 -> U269 -> U220 -> U271 -> U272 -> U176 -> U232 -> U186 -> OUT_R_REG_3_,b08
17,2.1176470588235294,28,3,10,2,0,0,DFF_Q_MAR_REG_0_,OUT_R_REG_3_,DFF_Q_MAR_REG_0_ -> U248 -> U181 -> U200 -> U253 -> U201 -> U262 -> U267 -> U309 -> U269 -> U220 -> U271 -> U272 -> U176 -> U274 -> U186 -> OUT_R_REG_3_,b08
17,2.1176470588235294,28,2,11,2,0,0,DFF_Q_MAR_REG_0_,OUT_R_REG_3_,DFF_Q_MAR_REG_0_ -> U248 -> U181 -> U200 -> U253 -> U201 -> U262 -> U267 -> U309 -> U269 -> U220 -> U271 -> U272 -> U273 -> U275 -> U186 -> OUT_R_REG_3_,b08
14,2.4285714285714284,23,2,9,1,0,0,DFF_Q_MAR_REG_0_,OUT_R_REG_3_,DFF_Q_MAR_REG_0_ -> U248 -> U181 -> U200 -> U253 -> U201 -> U311 -> U264 -> U271 -> U272 -> U176 -> U232 -> U186 -> OUT_R_REG_3_,b08
14,2.2857142857142856,23,2,9,1,0,0,DFF_Q_MAR_REG_0_,OUT_R_REG_3_,DFF_Q_MAR_REG_0_ -> U248 -> U181 -> U200 -> U253 -> U201 -> U311 -> U264 -> U271 -> U272 -> U176 -> U274 -> U186 -> OUT_R_REG_3_,b08
14,2.2857142857142856,23,1,10,1,0,0,DFF_Q_MAR_REG_0_,OUT_R_REG_3_,DFF_Q_MAR_REG_0_ -> U248 -> U181 -> U200 -> U253 -> U201 -> U311 -> U264 -> U271 -> U272 -> U273 -> U275 -> U186 -> OUT_R_REG_3_,b08
16,2.25,26,4,8,2,0,0,DFF_Q_MAR_REG_0_,OUT_R_REG_3_,DFF_Q_MAR_REG_0_ -> U248 -> U181 -> U200 -> U253 -> U203 -> U259 -> U306 -> U221 -> U220 -> U271 -> U272 -> U176 -> U232 -> U186 -> OUT_R_REG_3_,b08
16,2.125,26,4,8,2,0,0,DFF_Q_MAR_REG_0_,OUT_R_REG_3_,DFF_Q_MAR_REG_0_ -> U248 -> U181 -> U200 -> U253 -> U203 -> U259 -> U306 -> U221 -> U220 -> U271 -> U272 -> U176 -> U274 -> U186 -> OUT_R_REG_3_,b08
16,2.125,26,3,9,2,0,0,DFF_Q_MAR_REG_0_,OUT_R_REG_3_,DFF_Q_MAR_REG_0_ -> U248 -> U181 -> U200 -> U253 -> U203 -> U259 -> U306 -> U221 -> U220 -> U271 -> U272 -> U273 -> U275 -> U186 -> OUT_R_REG_3_,b08
15,2.3333333333333335,25,3,9,1,0,0,DFF_Q_MAR_REG_0_,OUT_R_REG_3_,DFF_Q_MAR_REG_0_ -> U248 -> U181 -> U200 -> U253 -> U203 -> U307 -> U266 -> U220 -> U271 -> U272 -> U176 -> U232 -> U186 -> OUT_R_REG_3_,b08
15,2.2,25,3,9,1,0,0,DFF_Q_MAR_REG_0_,OUT_R_REG_3_,DFF_Q_MAR_REG_0_ -> U248 -> U181 -> U200 -> U253 -> U203 -> U307 -> U266 -> U220 -> U271 -> U272 -> U176 -> U274 -> U186 -> OUT_R_REG_3_,b08
15,2.2,25,2,10,1,0,0,DFF_Q_MAR_REG_0_,OUT_R_REG_3_,DFF_Q_MAR_REG_0_ -> U248 -> U181 -> U200 -> U253 -> U203 -> U307 -> U266 -> U220 -> U271 -> U272 -> U273 -> U275 -> U186 -> OUT_R_REG_3_,b08
9,2.5555555555555554,13,1,5,1,0,0,DFF_Q_MAR_REG_0_,OUT_R_REG_3_,DFF_Q_MAR_REG_0_ -> U248 -> U181 -> U200 -> U253 -> U256 -> U274 -> U186 -> OUT_R_REG_3_,b08
14,2.4285714285714284,23,2,9,1,0,0,DFF_Q_MAR_REG_0_,OUT_R_REG_3_,DFF_Q_MAR_REG_0_ -> U248 -> U181 -> U200 -> U253 -> U256 -> U313 -> U258 -> U271 -> U272 -> U176 -> U232 -> U186 -> OUT_R_REG_3_,b08
14,2.2857142857142856,23,2,9,1,0,0,DFF_Q_MAR_REG_0_,OUT_R_REG_3_,DFF_Q_MAR_REG_0_ -> U248 -> U181 -> U200 -> U253 -> U256 -> U313 -> U258 -> U271 -> U272 -> U176 -> U274 -> U186 -> OUT_R_REG_3_,b08
14,2.2857142857142856,23,1,10,1,0,0,DFF_Q_MAR_REG_0_,OUT_R_REG_3_,DFF_Q_MAR_REG_0_ -> U248 -> U181 -> U200 -> U253 -> U256 -> U313 -> U258 -> U271 -> U272 -> U273 -> U275 -> U186 -> OUT_R_REG_3_,b08
14,2.357142857142857,23,4,7,1,0,0,DFF_Q_MAR_REG_0_,OUT_R_REG_3_,DFF_Q_MAR_REG_0_ -> U248 -> U181 -> U200 -> U253 -> U304 -> U221 -> U220 -> U271 -> U272 -> U176 -> U232 -> U186 -> OUT_R_REG_3_,b08
14,2.2142857142857144,23,4,7,1,0,0,DFF_Q_MAR_REG_0_,OUT_R_REG_3_,DFF_Q_MAR_REG_0_ -> U248 -> U181 -> U200 -> U253 -> U304 -> U221 -> U220 -> U271 -> U272 -> U176 -> U274 -> U186 -> OUT_R_REG_3_,b08
14,2.2142857142857144,23,3,8,1,0,0,DFF_Q_MAR_REG_0_,OUT_R_REG_3_,DFF_Q_MAR_REG_0_ -> U248 -> U181 -> U200 -> U253 -> U304 -> U221 -> U220 -> U271 -> U272 -> U273 -> U275 -> U186 -> OUT_R_REG_3_,b08
14,2.357142857142857,23,4,7,1,0,0,DFF_Q_MAR_REG_0_,OUT_R_REG_3_,DFF_Q_MAR_REG_0_ -> U248 -> U181 -> U200 -> U253 -> U305 -> U221 -> U220 -> U271 -> U272 -> U176 -> U232 -> U186 -> OUT_R_REG_3_,b08
14,2.2142857142857144,23,4,7,1,0,0,DFF_Q_MAR_REG_0_,OUT_R_REG_3_,DFF_Q_MAR_REG_0_ -> U248 -> U181 -> U200 -> U253 -> U305 -> U221 -> U220 -> U271 -> U272 -> U176 -> U274 -> U186 -> OUT_R_REG_3_,b08
14,2.2142857142857144,23,3,8,1,0,0,DFF_Q_MAR_REG_0_,OUT_R_REG_3_,DFF_Q_MAR_REG_0_ -> U248 -> U181 -> U200 -> U253 -> U305 -> U221 -> U220 -> U271 -> U272 -> U273 -> U275 -> U186 -> OUT_R_REG_3_,b08
12,2.25,20,2,8,0,0,0,DFF_Q_MAR_REG_0_,OUT_R_REG_3_,DFF_Q_MAR_REG_0_ -> U248 -> U181 -> U200 -> U315 -> U261 -> U271 -> U272 -> U176 -> U232 -> U186 -> OUT_R_REG_3_,b08
12,2.0833333333333335,20,2,8,0,0,0,DFF_Q_MAR_REG_0_,OUT_R_REG_3_,DFF_Q_MAR_REG_0_ -> U248 -> U181 -> U200 -> U315 -> U261 -> U271 -> U272 -> U176 -> U274 -> U186 -> OUT_R_REG_3_,b08
12,2.0833333333333335,20,1,9,0,0,0,DFF_Q_MAR_REG_0_,OUT_R_REG_3_,DFF_Q_MAR_REG_0_ -> U248 -> U181 -> U200 -> U315 -> U261 -> U271 -> U272 -> U273 -> U275 -> U186 -> OUT_R_REG_3_,b08
12,2.1666666666666665,20,2,8,0,0,0,DFF_Q_MAR_REG_0_,OUT_R_REG_3_,DFF_Q_MAR_REG_0_ -> U248 -> U181 -> U260 -> U316 -> U261 -> U271 -> U272 -> U176 -> U232 -> U186 -> OUT_R_REG_3_,b08
12,2.0,20,2,8,0,0,0,DFF_Q_MAR_REG_0_,OUT_R_REG_3_,DFF_Q_MAR_REG_0_ -> U248 -> U181 -> U260 -> U316 -> U261 -> U271 -> U272 -> U176 -> U274 -> U186 -> OUT_R_REG_3_,b08
12,2.0,20,1,9,0,0,0,DFF_Q_MAR_REG_0_,OUT_R_REG_3_,DFF_Q_MAR_REG_0_ -> U248 -> U181 -> U260 -> U316 -> U261 -> U271 -> U272 -> U273 -> U275 -> U186 -> OUT_R_REG_3_,b08
10,2.3,16,2,6,0,0,0,DFF_Q_MAR_REG_0_,OUT_R_REG_3_,DFF_Q_MAR_REG_0_ -> U248 -> U270 -> U220 -> U271 -> U272 -> U176 -> U232 -> U186 -> OUT_R_REG_3_,b08
10,2.1,16,2,6,0,0,0,DFF_Q_MAR_REG_0_,OUT_R_REG_3_,DFF_Q_MAR_REG_0_ -> U248 -> U270 -> U220 -> U271 -> U272 -> U176 -> U274 -> U186 -> OUT_R_REG_3_,b08
10,2.1,16,1,7,0,0,0,DFF_Q_MAR_REG_0_,OUT_R_REG_3_,DFF_Q_MAR_REG_0_ -> U248 -> U270 -> U220 -> U271 -> U272 -> U273 -> U275 -> U186 -> OUT_R_REG_3_,b08
11,2.1818181818181817,18,3,6,0,0,0,DFF_Q_MAR_REG_0_,OUT_R_REG_3_,DFF_Q_MAR_REG_0_ -> U248 -> U303 -> U221 -> U220 -> U271 -> U272 -> U176 -> U232 -> U186 -> OUT_R_REG_3_,b08
11,2.0,18,3,6,0,0,0,DFF_Q_MAR_REG_0_,OUT_R_REG_3_,DFF_Q_MAR_REG_0_ -> U248 -> U303 -> U221 -> U220 -> U271 -> U272 -> U176 -> U274 -> U186 -> OUT_R_REG_3_,b08
11,2.0,18,2,7,0,0,0,DFF_Q_MAR_REG_0_,OUT_R_REG_3_,DFF_Q_MAR_REG_0_ -> U248 -> U303 -> U221 -> U220 -> U271 -> U272 -> U273 -> U275 -> U186 -> OUT_R_REG_3_,b08
12,2.4166666666666665,20,2,8,0,0,0,DFF_Q_MAR_REG_0_,OUT_R_REG_3_,DFF_Q_MAR_REG_0_ -> U249 -> U180 -> U257 -> U314 -> U258 -> U271 -> U272 -> U176 -> U232 -> U186 -> OUT_R_REG_3_,b08
12,2.25,20,2,8,0,0,0,DFF_Q_MAR_REG_0_,OUT_R_REG_3_,DFF_Q_MAR_REG_0_ -> U249 -> U180 -> U257 -> U314 -> U258 -> U271 -> U272 -> U176 -> U274 -> U186 -> OUT_R_REG_3_,b08
12,2.25,20,1,9,0,0,0,DFF_Q_MAR_REG_0_,OUT_R_REG_3_,DFF_Q_MAR_REG_0_ -> U249 -> U180 -> U257 -> U314 -> U258 -> U271 -> U272 -> U273 -> U275 -> U186 -> OUT_R_REG_3_,b08
12,2.4166666666666665,20,2,8,0,0,0,DFF_Q_MAR_REG_0_,OUT_R_REG_3_,DFF_Q_MAR_REG_0_ -> U249 -> U180 -> U263 -> U312 -> U264 -> U271 -> U272 -> U176 -> U232 -> U186 -> OUT_R_REG_3_,b08
12,2.25,20,2,8,0,0,0,DFF_Q_MAR_REG_0_,OUT_R_REG_3_,DFF_Q_MAR_REG_0_ -> U249 -> U180 -> U263 -> U312 -> U264 -> U271 -> U272 -> U176 -> U274 -> U186 -> OUT_R_REG_3_,b08
12,2.25,20,1,9,0,0,0,DFF_Q_MAR_REG_0_,OUT_R_REG_3_,DFF_Q_MAR_REG_0_ -> U249 -> U180 -> U263 -> U312 -> U264 -> U271 -> U272 -> U273 -> U275 -> U186 -> OUT_R_REG_3_,b08
12,2.4166666666666665,20,4,6,0,0,0,DFF_Q_MAR_REG_0_,OUT_R_REG_3_,DFF_Q_MAR_REG_0_ -> U249 -> U180 -> U303 -> U221 -> U220 -> U271 -> U272 -> U176 -> U232 -> U186 -> OUT_R_REG_3_,b08
12,2.25,20,4,6,0,0,0,DFF_Q_MAR_REG_0_,OUT_R_REG_3_,DFF_Q_MAR_REG_0_ -> U249 -> U180 -> U303 -> U221 -> U220 -> U271 -> U272 -> U176 -> U274 -> U186 -> OUT_R_REG_3_,b08
12,2.25,20,3,7,0,0,0,DFF_Q_MAR_REG_0_,OUT_R_REG_3_,DFF_Q_MAR_REG_0_ -> U249 -> U180 -> U303 -> U221 -> U220 -> U271 -> U272 -> U273 -> U275 -> U186 -> OUT_R_REG_3_,b08
13,2.230769230769231,21,3,7,1,0,0,DFF_Q_MAR_REG_0_,OUT_R_REG_3_,DFF_Q_MAR_REG_0_ -> U249 -> U203 -> U259 -> U306 -> U221 -> U220 -> U271 -> U272 -> U176 -> U232 -> U186 -> OUT_R_REG_3_,b08
13,2.076923076923077,21,3,7,1,0,0,DFF_Q_MAR_REG_0_,OUT_R_REG_3_,DFF_Q_MAR_REG_0_ -> U249 -> U203 -> U259 -> U306 -> U221 -> U220 -> U271 -> U272 -> U176 -> U274 -> U186 -> OUT_R_REG_3_,b08
13,2.076923076923077,21,2,8,1,0,0,DFF_Q_MAR_REG_0_,OUT_R_REG_3_,DFF_Q_MAR_REG_0_ -> U249 -> U203 -> U259 -> U306 -> U221 -> U220 -> U271 -> U272 -> U273 -> U275 -> U186 -> OUT_R_REG_3_,b08
12,2.3333333333333335,20,2,8,0,0,0,DFF_Q_MAR_REG_0_,OUT_R_REG_3_,DFF_Q_MAR_REG_0_ -> U249 -> U203 -> U307 -> U266 -> U220 -> U271 -> U272 -> U176 -> U232 -> U186 -> OUT_R_REG_3_,b08
12,2.1666666666666665,20,2,8,0,0,0,DFF_Q_MAR_REG_0_,OUT_R_REG_3_,DFF_Q_MAR_REG_0_ -> U249 -> U203 -> U307 -> U266 -> U220 -> U271 -> U272 -> U176 -> U274 -> U186 -> OUT_R_REG_3_,b08
12,2.1666666666666665,20,1,9,0,0,0,DFF_Q_MAR_REG_0_,OUT_R_REG_3_,DFF_Q_MAR_REG_0_ -> U249 -> U203 -> U307 -> U266 -> U220 -> U271 -> U272 -> U273 -> U275 -> U186 -> OUT_R_REG_3_,b08
9,2.6666666666666665,14,1,6,0,0,0,DFF_Q_MAR_REG_0_,OUT_R_REG_3_,DFF_Q_MAR_REG_0_ -> U249 -> U261 -> U271 -> U272 -> U176 -> U232 -> U186 -> OUT_R_REG_3_,b08
9,2.4444444444444446,14,1,6,0,0,0,DFF_Q_MAR_REG_0_,OUT_R_REG_3_,DFF_Q_MAR_REG_0_ -> U249 -> U261 -> U271 -> U272 -> U176 -> U274 -> U186 -> OUT_R_REG_3_,b08
9,2.4444444444444446,14,0,7,0,0,0,DFF_Q_MAR_REG_0_,OUT_R_REG_3_,DFF_Q_MAR_REG_0_ -> U249 -> U261 -> U271 -> U272 -> U273 -> U275 -> U186 -> OUT_R_REG_3_,b08
12,2.25,20,2,8,0,0,0,DFF_Q_MAR_REG_0_,OUT_R_REG_3_,DFF_Q_MAR_REG_0_ -> U249 -> U267 -> U309 -> U269 -> U220 -> U271 -> U272 -> U176 -> U232 -> U186 -> OUT_R_REG_3_,b08
12,2.0833333333333335,20,2,8,0,0,0,DFF_Q_MAR_REG_0_,OUT_R_REG_3_,DFF_Q_MAR_REG_0_ -> U249 -> U267 -> U309 -> U269 -> U220 -> U271 -> U272 -> U176 -> U274 -> U186 -> OUT_R_REG_3_,b08
12,2.0833333333333335,20,1,9,0,0,0,DFF_Q_MAR_REG_0_,OUT_R_REG_3_,DFF_Q_MAR_REG_0_ -> U249 -> U267 -> U309 -> U269 -> U220 -> U271 -> U272 -> U273 -> U275 -> U186 -> OUT_R_REG_3_,b08
14,2.2142857142857144,24,4,8,0,0,0,DFF_Q_MAR_REG_0_,OUT_R_REG_2_,DFF_Q_MAR_REG_0_ -> U178 -> U195 -> U179 -> U182 -> U260 -> U316 -> U261 -> U271 -> U272 -> U176 -> U276 -> U185 -> OUT_R_REG_2_,b08
14,2.2142857142857144,24,3,9,0,0,0,DFF_Q_MAR_REG_0_,OUT_R_REG_2_,DFF_Q_MAR_REG_0_ -> U178 -> U195 -> U179 -> U182 -> U260 -> U316 -> U261 -> U271 -> U272 -> U273 -> U277 -> U185 -> OUT_R_REG_2_,b08
15,2.1333333333333333,26,5,8,0,0,0,DFF_Q_MAR_REG_0_,OUT_R_REG_2_,DFF_Q_MAR_REG_0_ -> U178 -> U195 -> U179 -> U182 -> U268 -> U310 -> U269 -> U220 -> U271 -> U272 -> U176 -> U276 -> U185 -> OUT_R_REG_2_,b08
15,2.1333333333333333,26,4,9,0,0,0,DFF_Q_MAR_REG_0_,OUT_R_REG_2_,DFF_Q_MAR_REG_0_ -> U178 -> U195 -> U179 -> U182 -> U268 -> U310 -> U269 -> U220 -> U271 -> U272 -> U273 -> U277 -> U185 -> OUT_R_REG_2_,b08
14,2.2142857142857144,24,6,6,0,0,0,DFF_Q_MAR_REG_0_,OUT_R_REG_2_,DFF_Q_MAR_REG_0_ -> U178 -> U195 -> U179 -> U182 -> U305 -> U221 -> U220 -> U271 -> U272 -> U176 -> U276 -> U185 -> OUT_R_REG_2_,b08
14,2.2142857142857144,24,5,7,0,0,0,DFF_Q_MAR_REG_0_,OUT_R_REG_2_,DFF_Q_MAR_REG_0_ -> U178 -> U195 -> U179 -> U182 -> U305 -> U221 -> U220 -> U271 -> U272 -> U273 -> U277 -> U185 -> OUT_R_REG_2_,b08
16,2.125,27,4,9,1,0,0,DFF_Q_MAR_REG_0_,OUT_R_REG_2_,DFF_Q_MAR_REG_0_ -> U178 -> U195 -> U179 -> U199 -> U252 -> U180 -> U257 -> U314 -> U258 -> U271 -> U272 -> U176 -> U276 -> U185 -> OUT_R_REG_2_,b08
16,2.125,27,3,10,1,0,0,DFF_Q_MAR_REG_0_,OUT_R_REG_2_,DFF_Q_MAR_REG_0_ -> U178 -> U195 -> U179 -> U199 -> U252 -> U180 -> U257 -> U314 -> U258 -> U271 -> U272 -> U273 -> U277 -> U185 -> OUT_R_REG_2_,b08
16,2.125,27,4,9,1,0,0,DFF_Q_MAR_REG_0_,OUT_R_REG_2_,DFF_Q_MAR_REG_0_ -> U178 -> U195 -> U179 -> U199 -> U252 -> U180 -> U263 -> U312 -> U264 -> U271 -> U272 -> U176 -> U276 -> U185 -> OUT_R_REG_2_,b08
16,2.125,27,3,10,1,0,0,DFF_Q_MAR_REG_0_,OUT_R_REG_2_,DFF_Q_MAR_REG_0_ -> U178 -> U195 -> U179 -> U199 -> U252 -> U180 -> U263 -> U312 -> U264 -> U271 -> U272 -> U273 -> U277 -> U185 -> OUT_R_REG_2_,b08
16,2.125,27,6,7,1,0,0,DFF_Q_MAR_REG_0_,OUT_R_REG_2_,DFF_Q_MAR_REG_0_ -> U178 -> U195 -> U179 -> U199 -> U252 -> U180 -> U303 -> U221 -> U220 -> U271 -> U272 -> U176 -> U276 -> U185 -> OUT_R_REG_2_,b08
16,2.125,27,5,8,1,0,0,DFF_Q_MAR_REG_0_,OUT_R_REG_2_,DFF_Q_MAR_REG_0_ -> U178 -> U195 -> U179 -> U199 -> U252 -> U180 -> U303 -> U221 -> U220 -> U271 -> U272 -> U273 -> U277 -> U185 -> OUT_R_REG_2_,b08
8,2.5,12,2,4,0,0,0,DFF_Q_MAR_REG_0_,OUT_R_REG_2_,DFF_Q_MAR_REG_0_ -> U178 -> U195 -> U179 -> U199 -> U276 -> U185 -> OUT_R_REG_2_,b08
15,2.066666666666667,25,5,7,1,0,0,DFF_Q_MAR_REG_0_,OUT_R_REG_2_,DFF_Q_MAR_REG_0_ -> U178 -> U195 -> U179 -> U203 -> U259 -> U306 -> U221 -> U220 -> U271 -> U272 -> U176 -> U276 -> U185 -> OUT_R_REG_2_,b08
15,2.066666666666667,25,4,8,1,0,0,DFF_Q_MAR_REG_0_,OUT_R_REG_2_,DFF_Q_MAR_REG_0_ -> U178 -> U195 -> U179 -> U203 -> U259 -> U306 -> U221 -> U220 -> U271 -> U272 -> U273 -> U277 -> U185 -> OUT_R_REG_2_,b08
14,2.142857142857143,24,4,8,0,0,0,DFF_Q_MAR_REG_0_,OUT_R_REG_2_,DFF_Q_MAR_REG_0_ -> U178 -> U195 -> U179 -> U203 -> U307 -> U266 -> U220 -> U271 -> U272 -> U176 -> U276 -> U185 -> OUT_R_REG_2_,b08
14,2.142857142857143,24,3,9,0,0,0,DFF_Q_MAR_REG_0_,OUT_R_REG_2_,DFF_Q_MAR_REG_0_ -> U178 -> U195 -> U179 -> U203 -> U307 -> U266 -> U220 -> U271 -> U272 -> U273 -> U277 -> U185 -> OUT_R_REG_2_,b08
12,2.25,20,4,6,0,0,0,DFF_Q_MAR_REG_0_,OUT_R_REG_2_,DFF_Q_MAR_REG_0_ -> U178 -> U195 -> U179 -> U270 -> U220 -> U271 -> U272 -> U176 -> U276 -> U185 -> OUT_R_REG_2_,b08
12,2.25,20,3,7,0,0,0,DFF_Q_MAR_REG_0_,OUT_R_REG_2_,DFF_Q_MAR_REG_0_ -> U178 -> U195 -> U179 -> U270 -> U220 -> U271 -> U272 -> U273 -> U277 -> U185 -> OUT_R_REG_2_,b08
15,1.9333333333333333,25,3,9,1,0,0,DFF_Q_MAR_REG_0_,OUT_R_REG_2_,DFF_Q_MAR_REG_0_ -> U178 -> U195 -> U201 -> U262 -> U265 -> U308 -> U266 -> U220 -> U271 -> U272 -> U176 -> U276 -> U185 -> OUT_R_REG_2_,b08
15,1.9333333333333333,25,2,10,1,0,0,DFF_Q_MAR_REG_0_,OUT_R_REG_2_,DFF_Q_MAR_REG_0_ -> U178 -> U195 -> U201 -> U262 -> U265 -> U308 -> U266 -> U220 -> U271 -> U272 -> U273 -> U277 -> U185 -> OUT_R_REG_2_,b08
15,1.9333333333333333,25,3,9,1,0,0,DFF_Q_MAR_REG_0_,OUT_R_REG_2_,DFF_Q_MAR_REG_0_ -> U178 -> U195 -> U201 -> U262 -> U267 -> U309 -> U269 -> U220 -> U271 -> U272 -> U176 -> U276 -> U185 -> OUT_R_REG_2_,b08
15,1.9333333333333333,25,2,10,1,0,0,DFF_Q_MAR_REG_0_,OUT_R_REG_2_,DFF_Q_MAR_REG_0_ -> U178 -> U195 -> U201 -> U262 -> U267 -> U309 -> U269 -> U220 -> U271 -> U272 -> U273 -> U277 -> U185 -> OUT_R_REG_2_,b08
12,2.0833333333333335,20,2,8,0,0,0,DFF_Q_MAR_REG_0_,OUT_R_REG_2_,DFF_Q_MAR_REG_0_ -> U178 -> U195 -> U201 -> U311 -> U264 -> U271 -> U272 -> U176 -> U276 -> U185 -> OUT_R_REG_2_,b08
12,2.0833333333333335,20,1,9,0,0,0,DFF_Q_MAR_REG_0_,OUT_R_REG_2_,DFF_Q_MAR_REG_0_ -> U178 -> U195 -> U201 -> U311 -> U264 -> U271 -> U272 -> U273 -> U277 -> U185 -> OUT_R_REG_2_,b08
17,2.2941176470588234,28,3,10,2,0,0,DFF_Q_MAR_REG_0_,OUT_R_REG_2_,DFF_Q_MAR_REG_0_ -> U178 -> U198 -> U200 -> U253 -> U201 -> U262 -> U265 -> U308 -> U266 -> U220 -> U271 -> U272 -> U176 -> U276 -> U185 -> OUT_R_REG_2_,b08
17,2.2941176470588234,28,2,11,2,0,0,DFF_Q_MAR_REG_0_,OUT_R_REG_2_,DFF_Q_MAR_REG_0_ -> U178 -> U198 -> U200 -> U253 -> U201 -> U262 -> U265 -> U308 -> U266 -> U220 -> U271 -> U272 -> U273 -> U277 -> U185 -> OUT_R_REG_2_,b08
17,2.2941176470588234,28,3,10,2,0,0,DFF_Q_MAR_REG_0_,OUT_R_REG_2_,DFF_Q_MAR_REG_0_ -> U178 -> U198 -> U200 -> U253 -> U201 -> U262 -> U267 -> U309 -> U269 -> U220 -> U271 -> U272 -> U176 -> U276 -> U185 -> OUT_R_REG_2_,b08
17,2.2941176470588234,28,2,11,2,0,0,DFF_Q_MAR_REG_0_,OUT_R_REG_2_,DFF_Q_MAR_REG_0_ -> U178 -> U198 -> U200 -> U253 -> U201 -> U262 -> U267 -> U309 -> U269 -> U220 -> U271 -> U272 -> U273 -> U277 -> U185 -> OUT_R_REG_2_,b08
14,2.5,23,2,9,1,0,0,DFF_Q_MAR_REG_0_,OUT_R_REG_2_,DFF_Q_MAR_REG_0_ -> U178 -> U198 -> U200 -> U253 -> U201 -> U311 -> U264 -> U271 -> U272 -> U176 -> U276 -> U185 -> OUT_R_REG_2_,b08
14,2.5,23,1,10,1,0,0,DFF_Q_MAR_REG_0_,OUT_R_REG_2_,DFF_Q_MAR_REG_0_ -> U178 -> U198 -> U200 -> U253 -> U201 -> U311 -> U264 -> U271 -> U272 -> U273 -> U277 -> U185 -> OUT_R_REG_2_,b08
16,2.3125,26,4,8,2,0,0,DFF_Q_MAR_REG_0_,OUT_R_REG_2_,DFF_Q_MAR_REG_0_ -> U178 -> U198 -> U200 -> U253 -> U203 -> U259 -> U306 -> U221 -> U220 -> U271 -> U272 -> U176 -> U276 -> U185 -> OUT_R_REG_2_,b08
16,2.3125,26,3,9,2,0,0,DFF_Q_MAR_REG_0_,OUT_R_REG_2_,DFF_Q_MAR_REG_0_ -> U178 -> U198 -> U200 -> U253 -> U203 -> U259 -> U306 -> U221 -> U220 -> U271 -> U272 -> U273 -> U277 -> U185 -> OUT_R_REG_2_,b08
15,2.4,25,3,9,1,0,0,DFF_Q_MAR_REG_0_,OUT_R_REG_2_,DFF_Q_MAR_REG_0_ -> U178 -> U198 -> U200 -> U253 -> U203 -> U307 -> U266 -> U220 -> U271 -> U272 -> U176 -> U276 -> U185 -> OUT_R_REG_2_,b08
15,2.4,25,2,10,1,0,0,DFF_Q_MAR_REG_0_,OUT_R_REG_2_,DFF_Q_MAR_REG_0_ -> U178 -> U198 -> U200 -> U253 -> U203 -> U307 -> U266 -> U220 -> U271 -> U272 -> U273 -> U277 -> U185 -> OUT_R_REG_2_,b08
14,2.5,23,2,9,1,0,0,DFF_Q_MAR_REG_0_,OUT_R_REG_2_,DFF_Q_MAR_REG_0_ -> U178 -> U198 -> U200 -> U253 -> U256 -> U313 -> U258 -> U271 -> U272 -> U176 -> U276 -> U185 -> OUT_R_REG_2_,b08
14,2.5,23,1,10,1,0,0,DFF_Q_MAR_REG_0_,OUT_R_REG_2_,DFF_Q_MAR_REG_0_ -> U178 -> U198 -> U200 -> U253 -> U256 -> U313 -> U258 -> U271 -> U272 -> U273 -> U277 -> U185 -> OUT_R_REG_2_,b08
14,2.4285714285714284,23,4,7,1,0,0,DFF_Q_MAR_REG_0_,OUT_R_REG_2_,DFF_Q_MAR_REG_0_ -> U178 -> U198 -> U200 -> U253 -> U304 -> U221 -> U220 -> U271 -> U272 -> U176 -> U276 -> U185 -> OUT_R_REG_2_,b08
14,2.4285714285714284,23,3,8,1,0,0,DFF_Q_MAR_REG_0_,OUT_R_REG_2_,DFF_Q_MAR_REG_0_ -> U178 -> U198 -> U200 -> U253 -> U304 -> U221 -> U220 -> U271 -> U272 -> U273 -> U277 -> U185 -> OUT_R_REG_2_,b08
14,2.4285714285714284,23,4,7,1,0,0,DFF_Q_MAR_REG_0_,OUT_R_REG_2_,DFF_Q_MAR_REG_0_ -> U178 -> U198 -> U200 -> U253 -> U305 -> U221 -> U220 -> U271 -> U272 -> U176 -> U276 -> U185 -> OUT_R_REG_2_,b08
14,2.4285714285714284,23,3,8,1,0,0,DFF_Q_MAR_REG_0_,OUT_R_REG_2_,DFF_Q_MAR_REG_0_ -> U178 -> U198 -> U200 -> U253 -> U305 -> U221 -> U220 -> U271 -> U272 -> U273 -> U277 -> U185 -> OUT_R_REG_2_,b08
12,2.3333333333333335,20,2,8,0,0,0,DFF_Q_MAR_REG_0_,OUT_R_REG_2_,DFF_Q_MAR_REG_0_ -> U178 -> U198 -> U200 -> U315 -> U261 -> U271 -> U272 -> U176 -> U276 -> U185 -> OUT_R_REG_2_,b08
12,2.3333333333333335,20,1,9,0,0,0,DFF_Q_MAR_REG_0_,OUT_R_REG_2_,DFF_Q_MAR_REG_0_ -> U178 -> U198 -> U200 -> U315 -> U261 -> U271 -> U272 -> U273 -> U277 -> U185 -> OUT_R_REG_2_,b08
12,2.25,20,2,8,0,0,0,DFF_Q_MAR_REG_0_,OUT_R_REG_2_,DFF_Q_MAR_REG_0_ -> U178 -> U198 -> U257 -> U314 -> U258 -> U271 -> U272 -> U176 -> U276 -> U185 -> OUT_R_REG_2_,b08
12,2.25,20,1,9,0,0,0,DFF_Q_MAR_REG_0_,OUT_R_REG_2_,DFF_Q_MAR_REG_0_ -> U178 -> U198 -> U257 -> U314 -> U258 -> U271 -> U272 -> U273 -> U277 -> U185 -> OUT_R_REG_2_,b08
13,2.1538461538461537,22,3,8,0,0,0,DFF_Q_MAR_REG_0_,OUT_R_REG_2_,DFF_Q_MAR_REG_0_ -> U178 -> U198 -> U268 -> U310 -> U269 -> U220 -> U271 -> U272 -> U176 -> U276 -> U185 -> OUT_R_REG_2_,b08
13,2.1538461538461537,22,2,9,0,0,0,DFF_Q_MAR_REG_0_,OUT_R_REG_2_,DFF_Q_MAR_REG_0_ -> U178 -> U198 -> U268 -> U310 -> U269 -> U220 -> U271 -> U272 -> U273 -> U277 -> U185 -> OUT_R_REG_2_,b08
11,2.3636363636363638,18,3,6,0,0,0,DFF_Q_MAR_REG_0_,OUT_R_REG_2_,DFF_Q_MAR_REG_0_ -> U178 -> U198 -> U270 -> U220 -> U271 -> U272 -> U176 -> U276 -> U185 -> OUT_R_REG_2_,b08
11,2.3636363636363638,18,2,7,0,0,0,DFF_Q_MAR_REG_0_,OUT_R_REG_2_,DFF_Q_MAR_REG_0_ -> U178 -> U198 -> U270 -> U220 -> U271 -> U272 -> U273 -> U277 -> U185 -> OUT_R_REG_2_,b08
18,2.2777777777777777,29,3,10,3,0,0,DFF_Q_MAR_REG_0_,OUT_R_REG_2_,DFF_Q_MAR_REG_0_ -> U193 -> U250 -> U181 -> U200 -> U253 -> U201 -> U262 -> U265 -> U308 -> U266 -> U220 -> U271 -> U272 -> U176 -> U276 -> U185 -> OUT_R_REG_2_,b08
18,2.2777777777777777,29,2,11,3,0,0,DFF_Q_MAR_REG_0_,OUT_R_REG_2_,DFF_Q_MAR_REG_0_ -> U193 -> U250 -> U181 -> U200 -> U253 -> U201 -> U262 -> U265 -> U308 -> U266 -> U220 -> U271 -> U272 -> U273 -> U277 -> U185 -> OUT_R_REG_2_,b08
18,2.2777777777777777,29,3,10,3,0,0,DFF_Q_MAR_REG_0_,OUT_R_REG_2_,DFF_Q_MAR_REG_0_ -> U193 -> U250 -> U181 -> U200 -> U253 -> U201 -> U262 -> U267 -> U309 -> U269 -> U220 -> U271 -> U272 -> U176 -> U276 -> U185 -> OUT_R_REG_2_,b08
18,2.2777777777777777,29,2,11,3,0,0,DFF_Q_MAR_REG_0_,OUT_R_REG_2_,DFF_Q_MAR_REG_0_ -> U193 -> U250 -> U181 -> U200 -> U253 -> U201 -> U262 -> U267 -> U309 -> U269 -> U220 -> U271 -> U272 -> U273 -> U277 -> U185 -> OUT_R_REG_2_,b08
15,2.466666666666667,24,2,9,2,0,0,DFF_Q_MAR_REG_0_,OUT_R_REG_2_,DFF_Q_MAR_REG_0_ -> U193 -> U250 -> U181 -> U200 -> U253 -> U201 -> U311 -> U264 -> U271 -> U272 -> U176 -> U276 -> U185 -> OUT_R_REG_2_,b08
15,2.466666666666667,24,1,10,2,0,0,DFF_Q_MAR_REG_0_,OUT_R_REG_2_,DFF_Q_MAR_REG_0_ -> U193 -> U250 -> U181 -> U200 -> U253 -> U201 -> U311 -> U264 -> U271 -> U272 -> U273 -> U277 -> U185 -> OUT_R_REG_2_,b08
17,2.2941176470588234,27,4,8,3,0,0,DFF_Q_MAR_REG_0_,OUT_R_REG_2_,DFF_Q_MAR_REG_0_ -> U193 -> U250 -> U181 -> U200 -> U253 -> U203 -> U259 -> U306 -> U221 -> U220 -> U271 -> U272 -> U176 -> U276 -> U185 -> OUT_R_REG_2_,b08
17,2.2941176470588234,27,3,9,3,0,0,DFF_Q_MAR_REG_0_,OUT_R_REG_2_,DFF_Q_MAR_REG_0_ -> U193 -> U250 -> U181 -> U200 -> U253 -> U203 -> U259 -> U306 -> U221 -> U220 -> U271 -> U272 -> U273 -> U277 -> U185 -> OUT_R_REG_2_,b08
16,2.375,26,3,9,2,0,0,DFF_Q_MAR_REG_0_,OUT_R_REG_2_,DFF_Q_MAR_REG_0_ -> U193 -> U250 -> U181 -> U200 -> U253 -> U203 -> U307 -> U266 -> U220 -> U271 -> U272 -> U176 -> U276 -> U185 -> OUT_R_REG_2_,b08
16,2.375,26,2,10,2,0,0,DFF_Q_MAR_REG_0_,OUT_R_REG_2_,DFF_Q_MAR_REG_0_ -> U193 -> U250 -> U181 -> U200 -> U253 -> U203 -> U307 -> U266 -> U220 -> U271 -> U272 -> U273 -> U277 -> U185 -> OUT_R_REG_2_,b08
15,2.466666666666667,24,2,9,2,0,0,DFF_Q_MAR_REG_0_,OUT_R_REG_2_,DFF_Q_MAR_REG_0_ -> U193 -> U250 -> U181 -> U200 -> U253 -> U256 -> U313 -> U258 -> U271 -> U272 -> U176 -> U276 -> U185 -> OUT_R_REG_2_,b08
15,2.466666666666667,24,1,10,2,0,0,DFF_Q_MAR_REG_0_,OUT_R_REG_2_,DFF_Q_MAR_REG_0_ -> U193 -> U250 -> U181 -> U200 -> U253 -> U256 -> U313 -> U258 -> U271 -> U272 -> U273 -> U277 -> U185 -> OUT_R_REG_2_,b08
15,2.4,24,4,7,2,0,0,DFF_Q_MAR_REG_0_,OUT_R_REG_2_,DFF_Q_MAR_REG_0_ -> U193 -> U250 -> U181 -> U200 -> U253 -> U304 -> U221 -> U220 -> U271 -> U272 -> U176 -> U276 -> U185 -> OUT_R_REG_2_,b08
15,2.4,24,3,8,2,0,0,DFF_Q_MAR_REG_0_,OUT_R_REG_2_,DFF_Q_MAR_REG_0_ -> U193 -> U250 -> U181 -> U200 -> U253 -> U304 -> U221 -> U220 -> U271 -> U272 -> U273 -> U277 -> U185 -> OUT_R_REG_2_,b08
15,2.4,24,4,7,2,0,0,DFF_Q_MAR_REG_0_,OUT_R_REG_2_,DFF_Q_MAR_REG_0_ -> U193 -> U250 -> U181 -> U200 -> U253 -> U305 -> U221 -> U220 -> U271 -> U272 -> U176 -> U276 -> U185 -> OUT_R_REG_2_,b08
15,2.4,24,3,8,2,0,0,DFF_Q_MAR_REG_0_,OUT_R_REG_2_,DFF_Q_MAR_REG_0_ -> U193 -> U250 -> U181 -> U200 -> U253 -> U305 -> U221 -> U220 -> U271 -> U272 -> U273 -> U277 -> U185 -> OUT_R_REG_2_,b08
13,2.3076923076923075,21,2,8,1,0,0,DFF_Q_MAR_REG_0_,OUT_R_REG_2_,DFF_Q_MAR_REG_0_ -> U193 -> U250 -> U181 -> U200 -> U315 -> U261 -> U271 -> U272 -> U176 -> U276 -> U185 -> OUT_R_REG_2_,b08
13,2.3076923076923075,21,1,9,1,0,0,DFF_Q_MAR_REG_0_,OUT_R_REG_2_,DFF_Q_MAR_REG_0_ -> U193 -> U250 -> U181 -> U200 -> U315 -> U261 -> U271 -> U272 -> U273 -> U277 -> U185 -> OUT_R_REG_2_,b08
13,2.230769230769231,21,2,8,1,0,0,DFF_Q_MAR_REG_0_,OUT_R_REG_2_,DFF_Q_MAR_REG_0_ -> U193 -> U250 -> U181 -> U260 -> U316 -> U261 -> U271 -> U272 -> U176 -> U276 -> U185 -> OUT_R_REG_2_,b08
13,2.230769230769231,21,1,9,1,0,0,DFF_Q_MAR_REG_0_,OUT_R_REG_2_,DFF_Q_MAR_REG_0_ -> U193 -> U250 -> U181 -> U260 -> U316 -> U261 -> U271 -> U272 -> U273 -> U277 -> U185 -> OUT_R_REG_2_,b08
15,2.2,24,2,9,2,0,0,DFF_Q_MAR_REG_0_,OUT_R_REG_2_,DFF_Q_MAR_REG_0_ -> U193 -> U250 -> U199 -> U252 -> U180 -> U257 -> U314 -> U258 -> U271 -> U272 -> U176 -> U276 -> U185 -> OUT_R_REG_2_,b08
15,2.2,24,1,10,2,0,0,DFF_Q_MAR_REG_0_,OUT_R_REG_2_,DFF_Q_MAR_REG_0_ -> U193 -> U250 -> U199 -> U252 -> U180 -> U257 -> U314 -> U258 -> U271 -> U272 -> U273 -> U277 -> U185 -> OUT_R_REG_2_,b08
15,2.2,24,2,9,2,0,0,DFF_Q_MAR_REG_0_,OUT_R_REG_2_,DFF_Q_MAR_REG_0_ -> U193 -> U250 -> U199 -> U252 -> U180 -> U263 -> U312 -> U264 -> U271 -> U272 -> U176 -> U276 -> U185 -> OUT_R_REG_2_,b08
15,2.2,24,1,10,2,0,0,DFF_Q_MAR_REG_0_,OUT_R_REG_2_,DFF_Q_MAR_REG_0_ -> U193 -> U250 -> U199 -> U252 -> U180 -> U263 -> U312 -> U264 -> U271 -> U272 -> U273 -> U277 -> U185 -> OUT_R_REG_2_,b08
15,2.2,24,4,7,2,0,0,DFF_Q_MAR_REG_0_,OUT_R_REG_2_,DFF_Q_MAR_REG_0_ -> U193 -> U250 -> U199 -> U252 -> U180 -> U303 -> U221 -> U220 -> U271 -> U272 -> U176 -> U276 -> U185 -> OUT_R_REG_2_,b08
15,2.2,24,3,8,2,0,0,DFF_Q_MAR_REG_0_,OUT_R_REG_2_,DFF_Q_MAR_REG_0_ -> U193 -> U250 -> U199 -> U252 -> U180 -> U303 -> U221 -> U220 -> U271 -> U272 -> U273 -> U277 -> U185 -> OUT_R_REG_2_,b08
7,2.7142857142857144,9,0,4,1,0,0,DFF_Q_MAR_REG_0_,OUT_R_REG_2_,DFF_Q_MAR_REG_0_ -> U193 -> U250 -> U199 -> U276 -> U185 -> OUT_R_REG_2_,b08
14,2.357142857142857,23,3,8,1,0,0,DFF_Q_MAR_REG_0_,OUT_R_REG_2_,DFF_Q_MAR_REG_0_ -> U193 -> U251 -> U179 -> U182 -> U260 -> U316 -> U261 -> U271 -> U272 -> U176 -> U276 -> U185 -> OUT_R_REG_2_,b08
14,2.357142857142857,23,2,9,1,0,0,DFF_Q_MAR_REG_0_,OUT_R_REG_2_,DFF_Q_MAR_REG_0_ -> U193 -> U251 -> U179 -> U182 -> U260 -> U316 -> U261 -> U271 -> U272 -> U273 -> U277 -> U185 -> OUT_R_REG_2_,b08
15,2.2666666666666666,25,4,8,1,0,0,DFF_Q_MAR_REG_0_,OUT_R_REG_2_,DFF_Q_MAR_REG_0_ -> U193 -> U251 -> U179 -> U182 -> U268 -> U310 -> U269 -> U220 -> U271 -> U272 -> U176 -> U276 -> U185 -> OUT_R_REG_2_,b08
15,2.2666666666666666,25,3,9,1,0,0,DFF_Q_MAR_REG_0_,OUT_R_REG_2_,DFF_Q_MAR_REG_0_ -> U193 -> U251 -> U179 -> U182 -> U268 -> U310 -> U269 -> U220 -> U271 -> U272 -> U273 -> U277 -> U185 -> OUT_R_REG_2_,b08
14,2.357142857142857,23,5,6,1,0,0,DFF_Q_MAR_REG_0_,OUT_R_REG_2_,DFF_Q_MAR_REG_0_ -> U193 -> U251 -> U179 -> U182 -> U305 -> U221 -> U220 -> U271 -> U272 -> U176 -> U276 -> U185 -> OUT_R_REG_2_,b08
14,2.357142857142857,23,4,7,1,0,0,DFF_Q_MAR_REG_0_,OUT_R_REG_2_,DFF_Q_MAR_REG_0_ -> U193 -> U251 -> U179 -> U182 -> U305 -> U221 -> U220 -> U271 -> U272 -> U273 -> U277 -> U185 -> OUT_R_REG_2_,b08
16,2.25,26,3,9,2,0,0,DFF_Q_MAR_REG_0_,OUT_R_REG_2_,DFF_Q_MAR_REG_0_ -> U193 -> U251 -> U179 -> U199 -> U252 -> U180 -> U257 -> U314 -> U258 -> U271 -> U272 -> U176 -> U276 -> U185 -> OUT_R_REG_2_,b08
16,2.25,26,2,10,2,0,0,DFF_Q_MAR_REG_0_,OUT_R_REG_2_,DFF_Q_MAR_REG_0_ -> U193 -> U251 -> U179 -> U199 -> U252 -> U180 -> U257 -> U314 -> U258 -> U271 -> U272 -> U273 -> U277 -> U185 -> OUT_R_REG_2_,b08
16,2.25,26,3,9,2,0,0,DFF_Q_MAR_REG_0_,OUT_R_REG_2_,DFF_Q_MAR_REG_0_ -> U193 -> U251 -> U179 -> U199 -> U252 -> U180 -> U263 -> U312 -> U264 -> U271 -> U272 -> U176 -> U276 -> U185 -> OUT_R_REG_2_,b08
16,2.25,26,2,10,2,0,0,DFF_Q_MAR_REG_0_,OUT_R_REG_2_,DFF_Q_MAR_REG_0_ -> U193 -> U251 -> U179 -> U199 -> U252 -> U180 -> U263 -> U312 -> U264 -> U271 -> U272 -> U273 -> U277 -> U185 -> OUT_R_REG_2_,b08
16,2.25,26,5,7,2,0,0,DFF_Q_MAR_REG_0_,OUT_R_REG_2_,DFF_Q_MAR_REG_0_ -> U193 -> U251 -> U179 -> U199 -> U252 -> U180 -> U303 -> U221 -> U220 -> U271 -> U272 -> U176 -> U276 -> U185 -> OUT_R_REG_2_,b08
16,2.25,26,4,8,2,0,0,DFF_Q_MAR_REG_0_,OUT_R_REG_2_,DFF_Q_MAR_REG_0_ -> U193 -> U251 -> U179 -> U199 -> U252 -> U180 -> U303 -> U221 -> U220 -> U271 -> U272 -> U273 -> U277 -> U185 -> OUT_R_REG_2_,b08
8,2.75,11,1,4,1,0,0,DFF_Q_MAR_REG_0_,OUT_R_REG_2_,DFF_Q_MAR_REG_0_ -> U193 -> U251 -> U179 -> U199 -> U276 -> U185 -> OUT_R_REG_2_,b08
15,2.2,24,4,7,2,0,0,DFF_Q_MAR_REG_0_,OUT_R_REG_2_,DFF_Q_MAR_REG_0_ -> U193 -> U251 -> U179 -> U203 -> U259 -> U306 -> U221 -> U220 -> U271 -> U272 -> U176 -> U276 -> U185 -> OUT_R_REG_2_,b08
15,2.2,24,3,8,2,0,0,DFF_Q_MAR_REG_0_,OUT_R_REG_2_,DFF_Q_MAR_REG_0_ -> U193 -> U251 -> U179 -> U203 -> U259 -> U306 -> U221 -> U220 -> U271 -> U272 -> U273 -> U277 -> U185 -> OUT_R_REG_2_,b08
14,2.2857142857142856,23,3,8,1,0,0,DFF_Q_MAR_REG_0_,OUT_R_REG_2_,DFF_Q_MAR_REG_0_ -> U193 -> U251 -> U179 -> U203 -> U307 -> U266 -> U220 -> U271 -> U272 -> U176 -> U276 -> U185 -> OUT_R_REG_2_,b08
14,2.2857142857142856,23,2,9,1,0,0,DFF_Q_MAR_REG_0_,OUT_R_REG_2_,DFF_Q_MAR_REG_0_ -> U193 -> U251 -> U179 -> U203 -> U307 -> U266 -> U220 -> U271 -> U272 -> U273 -> U277 -> U185 -> OUT_R_REG_2_,b08
12,2.4166666666666665,19,3,6,1,0,0,DFF_Q_MAR_REG_0_,OUT_R_REG_2_,DFF_Q_MAR_REG_0_ -> U193 -> U251 -> U179 -> U270 -> U220 -> U271 -> U272 -> U176 -> U276 -> U185 -> OUT_R_REG_2_,b08
12,2.4166666666666665,19,2,7,1,0,0,DFF_Q_MAR_REG_0_,OUT_R_REG_2_,DFF_Q_MAR_REG_0_ -> U193 -> U251 -> U179 -> U270 -> U220 -> U271 -> U272 -> U273 -> U277 -> U185 -> OUT_R_REG_2_,b08
14,2.0714285714285716,22,3,7,2,0,0,DFF_Q_MAR_REG_0_,OUT_R_REG_2_,DFF_Q_MAR_REG_0_ -> U193 -> U251 -> U202 -> U255 -> U304 -> U221 -> U220 -> U271 -> U272 -> U176 -> U276 -> U185 -> OUT_R_REG_2_,b08
14,2.0714285714285716,22,2,8,2,0,0,DFF_Q_MAR_REG_0_,OUT_R_REG_2_,DFF_Q_MAR_REG_0_ -> U193 -> U251 -> U202 -> U255 -> U304 -> U221 -> U220 -> U271 -> U272 -> U273 -> U277 -> U185 -> OUT_R_REG_2_,b08
13,2.4615384615384617,21,2,8,1,0,0,DFF_Q_MAR_REG_0_,OUT_R_REG_2_,DFF_Q_MAR_REG_0_ -> U193 -> U254 -> U182 -> U260 -> U316 -> U261 -> U271 -> U272 -> U176 -> U276 -> U185 -> OUT_R_REG_2_,b08
13,2.4615384615384617,21,1,9,1,0,0,DFF_Q_MAR_REG_0_,OUT_R_REG_2_,DFF_Q_MAR_REG_0_ -> U193 -> U254 -> U182 -> U260 -> U316 -> U261 -> U271 -> U272 -> U273 -> U277 -> U185 -> OUT_R_REG_2_,b08
14,2.357142857142857,23,3,8,1,0,0,DFF_Q_MAR_REG_0_,OUT_R_REG_2_,DFF_Q_MAR_REG_0_ -> U193 -> U254 -> U182 -> U268 -> U310 -> U269 -> U220 -> U271 -> U272 -> U176 -> U276 -> U185 -> OUT_R_REG_2_,b08
14,2.357142857142857,23,2,9,1,0,0,DFF_Q_MAR_REG_0_,OUT_R_REG_2_,DFF_Q_MAR_REG_0_ -> U193 -> U254 -> U182 -> U268 -> U310 -> U269 -> U220 -> U271 -> U272 -> U273 -> U277 -> U185 -> OUT_R_REG_2_,b08
13,2.4615384615384617,21,4,6,1,0,0,DFF_Q_MAR_REG_0_,OUT_R_REG_2_,DFF_Q_MAR_REG_0_ -> U193 -> U254 -> U182 -> U305 -> U221 -> U220 -> U271 -> U272 -> U176 -> U276 -> U185 -> OUT_R_REG_2_,b08
13,2.4615384615384617,21,3,7,1,0,0,DFF_Q_MAR_REG_0_,OUT_R_REG_2_,DFF_Q_MAR_REG_0_ -> U193 -> U254 -> U182 -> U305 -> U221 -> U220 -> U271 -> U272 -> U273 -> U277 -> U185 -> OUT_R_REG_2_,b08
14,2.2857142857142856,22,3,7,2,0,0,DFF_Q_MAR_REG_0_,OUT_R_REG_2_,DFF_Q_MAR_REG_0_ -> U193 -> U254 -> U202 -> U255 -> U304 -> U221 -> U220 -> U271 -> U272 -> U176 -> U276 -> U185 -> OUT_R_REG_2_,b08
14,2.2857142857142856,22,2,8,2,0,0,DFF_Q_MAR_REG_0_,OUT_R_REG_2_,DFF_Q_MAR_REG_0_ -> U193 -> U254 -> U202 -> U255 -> U304 -> U221 -> U220 -> U271 -> U272 -> U273 -> U277 -> U185 -> OUT_R_REG_2_,b08
10,2.7,15,1,6,1,0,0,DFF_Q_MAR_REG_0_,OUT_R_REG_2_,DFF_Q_MAR_REG_0_ -> U193 -> U254 -> U258 -> U271 -> U272 -> U176 -> U276 -> U185 -> OUT_R_REG_2_,b08
10,2.7,15,0,7,1,0,0,DFF_Q_MAR_REG_0_,OUT_R_REG_2_,DFF_Q_MAR_REG_0_ -> U193 -> U254 -> U258 -> U271 -> U272 -> U273 -> U277 -> U185 -> OUT_R_REG_2_,b08
12,2.4166666666666665,19,1,8,1,0,0,DFF_Q_MAR_REG_0_,OUT_R_REG_2_,DFF_Q_MAR_REG_0_ -> U193 -> U254 -> U263 -> U312 -> U264 -> U271 -> U272 -> U176 -> U276 -> U185 -> OUT_R_REG_2_,b08
12,2.4166666666666665,19,0,9,1,0,0,DFF_Q_MAR_REG_0_,OUT_R_REG_2_,DFF_Q_MAR_REG_0_ -> U193 -> U254 -> U263 -> U312 -> U264 -> U271 -> U272 -> U273 -> U277 -> U185 -> OUT_R_REG_2_,b08
13,2.3076923076923075,21,2,8,1,0,0,DFF_Q_MAR_REG_0_,OUT_R_REG_2_,DFF_Q_MAR_REG_0_ -> U193 -> U254 -> U265 -> U308 -> U266 -> U220 -> U271 -> U272 -> U176 -> U276 -> U185 -> OUT_R_REG_2_,b08
13,2.3076923076923075,21,1,9,1,0,0,DFF_Q_MAR_REG_0_,OUT_R_REG_2_,DFF_Q_MAR_REG_0_ -> U193 -> U254 -> U265 -> U308 -> U266 -> U220 -> U271 -> U272 -> U273 -> U277 -> U185 -> OUT_R_REG_2_,b08
11,2.5454545454545454,18,1,7,0,1,0,DFF_Q_MAR_REG_0_,OUT_R_REG_2_,DFF_Q_MAR_REG_0_ -> U247 -> U256 -> U313 -> U258 -> U271 -> U272 -> U176 -> U276 -> U185 -> OUT_R_REG_2_,b08
11,2.5454545454545454,18,0,8,0,1,0,DFF_Q_MAR_REG_0_,OUT_R_REG_2_,DFF_Q_MAR_REG_0_ -> U247 -> U256 -> U313 -> U258 -> U271 -> U272 -> U273 -> U277 -> U185 -> OUT_R_REG_2_,b08
9,2.7777777777777777,14,1,5,0,1,0,DFF_Q_MAR_REG_0_,OUT_R_REG_2_,DFF_Q_MAR_REG_0_ -> U247 -> U261 -> U271 -> U272 -> U176 -> U276 -> U185 -> OUT_R_REG_2_,b08
9,2.7777777777777777,14,0,6,0,1,0,DFF_Q_MAR_REG_0_,OUT_R_REG_2_,DFF_Q_MAR_REG_0_ -> U247 -> U261 -> U271 -> U272 -> U273 -> U277 -> U185 -> OUT_R_REG_2_,b08
9,2.7777777777777777,14,1,5,0,1,0,DFF_Q_MAR_REG_0_,OUT_R_REG_2_,DFF_Q_MAR_REG_0_ -> U247 -> U264 -> U271 -> U272 -> U176 -> U276 -> U185 -> OUT_R_REG_2_,b08
9,2.7777777777777777,14,0,6,0,1,0,DFF_Q_MAR_REG_0_,OUT_R_REG_2_,DFF_Q_MAR_REG_0_ -> U247 -> U264 -> U271 -> U272 -> U273 -> U277 -> U185 -> OUT_R_REG_2_,b08
10,2.6,16,2,5,0,1,0,DFF_Q_MAR_REG_0_,OUT_R_REG_2_,DFF_Q_MAR_REG_0_ -> U247 -> U266 -> U220 -> U271 -> U272 -> U176 -> U276 -> U185 -> OUT_R_REG_2_,b08
10,2.6,16,1,6,0,1,0,DFF_Q_MAR_REG_0_,OUT_R_REG_2_,DFF_Q_MAR_REG_0_ -> U247 -> U266 -> U220 -> U271 -> U272 -> U273 -> U277 -> U185 -> OUT_R_REG_2_,b08
10,2.6,16,2,5,0,1,0,DFF_Q_MAR_REG_0_,OUT_R_REG_2_,DFF_Q_MAR_REG_0_ -> U247 -> U269 -> U220 -> U271 -> U272 -> U176 -> U276 -> U185 -> OUT_R_REG_2_,b08
10,2.6,16,1,6,0,1,0,DFF_Q_MAR_REG_0_,OUT_R_REG_2_,DFF_Q_MAR_REG_0_ -> U247 -> U269 -> U220 -> U271 -> U272 -> U273 -> U277 -> U185 -> OUT_R_REG_2_,b08
11,2.4545454545454546,18,3,5,0,1,0,DFF_Q_MAR_REG_0_,OUT_R_REG_2_,DFF_Q_MAR_REG_0_ -> U247 -> U303 -> U221 -> U220 -> U271 -> U272 -> U176 -> U276 -> U185 -> OUT_R_REG_2_,b08
11,2.4545454545454546,18,2,6,0,1,0,DFF_Q_MAR_REG_0_,OUT_R_REG_2_,DFF_Q_MAR_REG_0_ -> U247 -> U303 -> U221 -> U220 -> U271 -> U272 -> U273 -> U277 -> U185 -> OUT_R_REG_2_,b08
11,2.4545454545454546,18,3,5,0,1,0,DFF_Q_MAR_REG_0_,OUT_R_REG_2_,DFF_Q_MAR_REG_0_ -> U247 -> U306 -> U221 -> U220 -> U271 -> U272 -> U176 -> U276 -> U185 -> OUT_R_REG_2_,b08
11,2.4545454545454546,18,2,6,0,1,0,DFF_Q_MAR_REG_0_,OUT_R_REG_2_,DFF_Q_MAR_REG_0_ -> U247 -> U306 -> U221 -> U220 -> U271 -> U272 -> U273 -> U277 -> U185 -> OUT_R_REG_2_,b08
17,2.1176470588235294,28,3,10,2,0,0,DFF_Q_MAR_REG_0_,OUT_R_REG_2_,DFF_Q_MAR_REG_0_ -> U248 -> U181 -> U200 -> U253 -> U201 -> U262 -> U265 -> U308 -> U266 -> U220 -> U271 -> U272 -> U176 -> U276 -> U185 -> OUT_R_REG_2_,b08
17,2.1176470588235294,28,2,11,2,0,0,DFF_Q_MAR_REG_0_,OUT_R_REG_2_,DFF_Q_MAR_REG_0_ -> U248 -> U181 -> U200 -> U253 -> U201 -> U262 -> U265 -> U308 -> U266 -> U220 -> U271 -> U272 -> U273 -> U277 -> U185 -> OUT_R_REG_2_,b08
17,2.1176470588235294,28,3,10,2,0,0,DFF_Q_MAR_REG_0_,OUT_R_REG_2_,DFF_Q_MAR_REG_0_ -> U248 -> U181 -> U200 -> U253 -> U201 -> U262 -> U267 -> U309 -> U269 -> U220 -> U271 -> U272 -> U176 -> U276 -> U185 -> OUT_R_REG_2_,b08
17,2.1176470588235294,28,2,11,2,0,0,DFF_Q_MAR_REG_0_,OUT_R_REG_2_,DFF_Q_MAR_REG_0_ -> U248 -> U181 -> U200 -> U253 -> U201 -> U262 -> U267 -> U309 -> U269 -> U220 -> U271 -> U272 -> U273 -> U277 -> U185 -> OUT_R_REG_2_,b08
14,2.2857142857142856,23,2,9,1,0,0,DFF_Q_MAR_REG_0_,OUT_R_REG_2_,DFF_Q_MAR_REG_0_ -> U248 -> U181 -> U200 -> U253 -> U201 -> U311 -> U264 -> U271 -> U272 -> U176 -> U276 -> U185 -> OUT_R_REG_2_,b08
14,2.2857142857142856,23,1,10,1,0,0,DFF_Q_MAR_REG_0_,OUT_R_REG_2_,DFF_Q_MAR_REG_0_ -> U248 -> U181 -> U200 -> U253 -> U201 -> U311 -> U264 -> U271 -> U272 -> U273 -> U277 -> U185 -> OUT_R_REG_2_,b08
16,2.125,26,4,8,2,0,0,DFF_Q_MAR_REG_0_,OUT_R_REG_2_,DFF_Q_MAR_REG_0_ -> U248 -> U181 -> U200 -> U253 -> U203 -> U259 -> U306 -> U221 -> U220 -> U271 -> U272 -> U176 -> U276 -> U185 -> OUT_R_REG_2_,b08
16,2.125,26,3,9,2,0,0,DFF_Q_MAR_REG_0_,OUT_R_REG_2_,DFF_Q_MAR_REG_0_ -> U248 -> U181 -> U200 -> U253 -> U203 -> U259 -> U306 -> U221 -> U220 -> U271 -> U272 -> U273 -> U277 -> U185 -> OUT_R_REG_2_,b08
15,2.2,25,3,9,1,0,0,DFF_Q_MAR_REG_0_,OUT_R_REG_2_,DFF_Q_MAR_REG_0_ -> U248 -> U181 -> U200 -> U253 -> U203 -> U307 -> U266 -> U220 -> U271 -> U272 -> U176 -> U276 -> U185 -> OUT_R_REG_2_,b08
15,2.2,25,2,10,1,0,0,DFF_Q_MAR_REG_0_,OUT_R_REG_2_,DFF_Q_MAR_REG_0_ -> U248 -> U181 -> U200 -> U253 -> U203 -> U307 -> U266 -> U220 -> U271 -> U272 -> U273 -> U277 -> U185 -> OUT_R_REG_2_,b08
14,2.2857142857142856,23,2,9,1,0,0,DFF_Q_MAR_REG_0_,OUT_R_REG_2_,DFF_Q_MAR_REG_0_ -> U248 -> U181 -> U200 -> U253 -> U256 -> U313 -> U258 -> U271 -> U272 -> U176 -> U276 -> U185 -> OUT_R_REG_2_,b08
14,2.2857142857142856,23,1,10,1,0,0,DFF_Q_MAR_REG_0_,OUT_R_REG_2_,DFF_Q_MAR_REG_0_ -> U248 -> U181 -> U200 -> U253 -> U256 -> U313 -> U258 -> U271 -> U272 -> U273 -> U277 -> U185 -> OUT_R_REG_2_,b08
14,2.2142857142857144,23,4,7,1,0,0,DFF_Q_MAR_REG_0_,OUT_R_REG_2_,DFF_Q_MAR_REG_0_ -> U248 -> U181 -> U200 -> U253 -> U304 -> U221 -> U220 -> U271 -> U272 -> U176 -> U276 -> U185 -> OUT_R_REG_2_,b08
14,2.2142857142857144,23,3,8,1,0,0,DFF_Q_MAR_REG_0_,OUT_R_REG_2_,DFF_Q_MAR_REG_0_ -> U248 -> U181 -> U200 -> U253 -> U304 -> U221 -> U220 -> U271 -> U272 -> U273 -> U277 -> U185 -> OUT_R_REG_2_,b08
14,2.2142857142857144,23,4,7,1,0,0,DFF_Q_MAR_REG_0_,OUT_R_REG_2_,DFF_Q_MAR_REG_0_ -> U248 -> U181 -> U200 -> U253 -> U305 -> U221 -> U220 -> U271 -> U272 -> U176 -> U276 -> U185 -> OUT_R_REG_2_,b08
14,2.2142857142857144,23,3,8,1,0,0,DFF_Q_MAR_REG_0_,OUT_R_REG_2_,DFF_Q_MAR_REG_0_ -> U248 -> U181 -> U200 -> U253 -> U305 -> U221 -> U220 -> U271 -> U272 -> U273 -> U277 -> U185 -> OUT_R_REG_2_,b08
12,2.0833333333333335,20,2,8,0,0,0,DFF_Q_MAR_REG_0_,OUT_R_REG_2_,DFF_Q_MAR_REG_0_ -> U248 -> U181 -> U200 -> U315 -> U261 -> U271 -> U272 -> U176 -> U276 -> U185 -> OUT_R_REG_2_,b08
12,2.0833333333333335,20,1,9,0,0,0,DFF_Q_MAR_REG_0_,OUT_R_REG_2_,DFF_Q_MAR_REG_0_ -> U248 -> U181 -> U200 -> U315 -> U261 -> U271 -> U272 -> U273 -> U277 -> U185 -> OUT_R_REG_2_,b08
12,2.0,20,2,8,0,0,0,DFF_Q_MAR_REG_0_,OUT_R_REG_2_,DFF_Q_MAR_REG_0_ -> U248 -> U181 -> U260 -> U316 -> U261 -> U271 -> U272 -> U176 -> U276 -> U185 -> OUT_R_REG_2_,b08
12,2.0,20,1,9,0,0,0,DFF_Q_MAR_REG_0_,OUT_R_REG_2_,DFF_Q_MAR_REG_0_ -> U248 -> U181 -> U260 -> U316 -> U261 -> U271 -> U272 -> U273 -> U277 -> U185 -> OUT_R_REG_2_,b08
10,2.1,16,2,6,0,0,0,DFF_Q_MAR_REG_0_,OUT_R_REG_2_,DFF_Q_MAR_REG_0_ -> U248 -> U270 -> U220 -> U271 -> U272 -> U176 -> U276 -> U185 -> OUT_R_REG_2_,b08
10,2.1,16,1,7,0,0,0,DFF_Q_MAR_REG_0_,OUT_R_REG_2_,DFF_Q_MAR_REG_0_ -> U248 -> U270 -> U220 -> U271 -> U272 -> U273 -> U277 -> U185 -> OUT_R_REG_2_,b08
11,2.0,18,3,6,0,0,0,DFF_Q_MAR_REG_0_,OUT_R_REG_2_,DFF_Q_MAR_REG_0_ -> U248 -> U303 -> U221 -> U220 -> U271 -> U272 -> U176 -> U276 -> U185 -> OUT_R_REG_2_,b08
11,2.0,18,2,7,0,0,0,DFF_Q_MAR_REG_0_,OUT_R_REG_2_,DFF_Q_MAR_REG_0_ -> U248 -> U303 -> U221 -> U220 -> U271 -> U272 -> U273 -> U277 -> U185 -> OUT_R_REG_2_,b08
12,2.25,20,2,8,0,0,0,DFF_Q_MAR_REG_0_,OUT_R_REG_2_,DFF_Q_MAR_REG_0_ -> U249 -> U180 -> U257 -> U314 -> U258 -> U271 -> U272 -> U176 -> U276 -> U185 -> OUT_R_REG_2_,b08
12,2.25,20,1,9,0,0,0,DFF_Q_MAR_REG_0_,OUT_R_REG_2_,DFF_Q_MAR_REG_0_ -> U249 -> U180 -> U257 -> U314 -> U258 -> U271 -> U272 -> U273 -> U277 -> U185 -> OUT_R_REG_2_,b08
12,2.25,20,2,8,0,0,0,DFF_Q_MAR_REG_0_,OUT_R_REG_2_,DFF_Q_MAR_REG_0_ -> U249 -> U180 -> U263 -> U312 -> U264 -> U271 -> U272 -> U176 -> U276 -> U185 -> OUT_R_REG_2_,b08
12,2.25,20,1,9,0,0,0,DFF_Q_MAR_REG_0_,OUT_R_REG_2_,DFF_Q_MAR_REG_0_ -> U249 -> U180 -> U263 -> U312 -> U264 -> U271 -> U272 -> U273 -> U277 -> U185 -> OUT_R_REG_2_,b08
12,2.25,20,4,6,0,0,0,DFF_Q_MAR_REG_0_,OUT_R_REG_2_,DFF_Q_MAR_REG_0_ -> U249 -> U180 -> U303 -> U221 -> U220 -> U271 -> U272 -> U176 -> U276 -> U185 -> OUT_R_REG_2_,b08
12,2.25,20,3,7,0,0,0,DFF_Q_MAR_REG_0_,OUT_R_REG_2_,DFF_Q_MAR_REG_0_ -> U249 -> U180 -> U303 -> U221 -> U220 -> U271 -> U272 -> U273 -> U277 -> U185 -> OUT_R_REG_2_,b08
13,2.076923076923077,21,3,7,1,0,0,DFF_Q_MAR_REG_0_,OUT_R_REG_2_,DFF_Q_MAR_REG_0_ -> U249 -> U203 -> U259 -> U306 -> U221 -> U220 -> U271 -> U272 -> U176 -> U276 -> U185 -> OUT_R_REG_2_,b08
13,2.076923076923077,21,2,8,1,0,0,DFF_Q_MAR_REG_0_,OUT_R_REG_2_,DFF_Q_MAR_REG_0_ -> U249 -> U203 -> U259 -> U306 -> U221 -> U220 -> U271 -> U272 -> U273 -> U277 -> U185 -> OUT_R_REG_2_,b08
12,2.1666666666666665,20,2,8,0,0,0,DFF_Q_MAR_REG_0_,OUT_R_REG_2_,DFF_Q_MAR_REG_0_ -> U249 -> U203 -> U307 -> U266 -> U220 -> U271 -> U272 -> U176 -> U276 -> U185 -> OUT_R_REG_2_,b08
12,2.1666666666666665,20,1,9,0,0,0,DFF_Q_MAR_REG_0_,OUT_R_REG_2_,DFF_Q_MAR_REG_0_ -> U249 -> U203 -> U307 -> U266 -> U220 -> U271 -> U272 -> U273 -> U277 -> U185 -> OUT_R_REG_2_,b08
9,2.4444444444444446,14,1,6,0,0,0,DFF_Q_MAR_REG_0_,OUT_R_REG_2_,DFF_Q_MAR_REG_0_ -> U249 -> U261 -> U271 -> U272 -> U176 -> U276 -> U185 -> OUT_R_REG_2_,b08
9,2.4444444444444446,14,0,7,0,0,0,DFF_Q_MAR_REG_0_,OUT_R_REG_2_,DFF_Q_MAR_REG_0_ -> U249 -> U261 -> U271 -> U272 -> U273 -> U277 -> U185 -> OUT_R_REG_2_,b08
12,2.0833333333333335,20,2,8,0,0,0,DFF_Q_MAR_REG_0_,OUT_R_REG_2_,DFF_Q_MAR_REG_0_ -> U249 -> U267 -> U309 -> U269 -> U220 -> U271 -> U272 -> U176 -> U276 -> U185 -> OUT_R_REG_2_,b08
12,2.0833333333333335,20,1,9,0,0,0,DFF_Q_MAR_REG_0_,OUT_R_REG_2_,DFF_Q_MAR_REG_0_ -> U249 -> U267 -> U309 -> U269 -> U220 -> U271 -> U272 -> U273 -> U277 -> U185 -> OUT_R_REG_2_,b08
14,2.357142857142857,24,4,8,0,0,0,DFF_Q_MAR_REG_0_,OUT_R_REG_1_,DFF_Q_MAR_REG_0_ -> U178 -> U195 -> U179 -> U182 -> U260 -> U316 -> U261 -> U271 -> U272 -> U176 -> U232 -> U184 -> OUT_R_REG_1_,b08
14,2.2142857142857144,24,4,8,0,0,0,DFF_Q_MAR_REG_0_,OUT_R_REG_1_,DFF_Q_MAR_REG_0_ -> U178 -> U195 -> U179 -> U182 -> U260 -> U316 -> U261 -> U271 -> U272 -> U176 -> U279 -> U184 -> OUT_R_REG_1_,b08
14,2.2142857142857144,24,3,9,0,0,0,DFF_Q_MAR_REG_0_,OUT_R_REG_1_,DFF_Q_MAR_REG_0_ -> U178 -> U195 -> U179 -> U182 -> U260 -> U316 -> U261 -> U271 -> U272 -> U273 -> U280 -> U184 -> OUT_R_REG_1_,b08
15,2.2666666666666666,26,5,8,0,0,0,DFF_Q_MAR_REG_0_,OUT_R_REG_1_,DFF_Q_MAR_REG_0_ -> U178 -> U195 -> U179 -> U182 -> U268 -> U310 -> U269 -> U220 -> U271 -> U272 -> U176 -> U232 -> U184 -> OUT_R_REG_1_,b08
15,2.1333333333333333,26,5,8,0,0,0,DFF_Q_MAR_REG_0_,OUT_R_REG_1_,DFF_Q_MAR_REG_0_ -> U178 -> U195 -> U179 -> U182 -> U268 -> U310 -> U269 -> U220 -> U271 -> U272 -> U176 -> U279 -> U184 -> OUT_R_REG_1_,b08
15,2.1333333333333333,26,4,9,0,0,0,DFF_Q_MAR_REG_0_,OUT_R_REG_1_,DFF_Q_MAR_REG_0_ -> U178 -> U195 -> U179 -> U182 -> U268 -> U310 -> U269 -> U220 -> U271 -> U272 -> U273 -> U280 -> U184 -> OUT_R_REG_1_,b08
14,2.357142857142857,24,6,6,0,0,0,DFF_Q_MAR_REG_0_,OUT_R_REG_1_,DFF_Q_MAR_REG_0_ -> U178 -> U195 -> U179 -> U182 -> U305 -> U221 -> U220 -> U271 -> U272 -> U176 -> U232 -> U184 -> OUT_R_REG_1_,b08
14,2.2142857142857144,24,6,6,0,0,0,DFF_Q_MAR_REG_0_,OUT_R_REG_1_,DFF_Q_MAR_REG_0_ -> U178 -> U195 -> U179 -> U182 -> U305 -> U221 -> U220 -> U271 -> U272 -> U176 -> U279 -> U184 -> OUT_R_REG_1_,b08
14,2.2142857142857144,24,5,7,0,0,0,DFF_Q_MAR_REG_0_,OUT_R_REG_1_,DFF_Q_MAR_REG_0_ -> U178 -> U195 -> U179 -> U182 -> U305 -> U221 -> U220 -> U271 -> U272 -> U273 -> U280 -> U184 -> OUT_R_REG_1_,b08
16,2.25,27,4,9,1,0,0,DFF_Q_MAR_REG_0_,OUT_R_REG_1_,DFF_Q_MAR_REG_0_ -> U178 -> U195 -> U179 -> U199 -> U252 -> U180 -> U257 -> U314 -> U258 -> U271 -> U272 -> U176 -> U232 -> U184 -> OUT_R_REG_1_,b08
16,2.125,27,4,9,1,0,0,DFF_Q_MAR_REG_0_,OUT_R_REG_1_,DFF_Q_MAR_REG_0_ -> U178 -> U195 -> U179 -> U199 -> U252 -> U180 -> U257 -> U314 -> U258 -> U271 -> U272 -> U176 -> U279 -> U184 -> OUT_R_REG_1_,b08
16,2.125,27,3,10,1,0,0,DFF_Q_MAR_REG_0_,OUT_R_REG_1_,DFF_Q_MAR_REG_0_ -> U178 -> U195 -> U179 -> U199 -> U252 -> U180 -> U257 -> U314 -> U258 -> U271 -> U272 -> U273 -> U280 -> U184 -> OUT_R_REG_1_,b08
16,2.25,27,4,9,1,0,0,DFF_Q_MAR_REG_0_,OUT_R_REG_1_,DFF_Q_MAR_REG_0_ -> U178 -> U195 -> U179 -> U199 -> U252 -> U180 -> U263 -> U312 -> U264 -> U271 -> U272 -> U176 -> U232 -> U184 -> OUT_R_REG_1_,b08
16,2.125,27,4,9,1,0,0,DFF_Q_MAR_REG_0_,OUT_R_REG_1_,DFF_Q_MAR_REG_0_ -> U178 -> U195 -> U179 -> U199 -> U252 -> U180 -> U263 -> U312 -> U264 -> U271 -> U272 -> U176 -> U279 -> U184 -> OUT_R_REG_1_,b08
16,2.125,27,3,10,1,0,0,DFF_Q_MAR_REG_0_,OUT_R_REG_1_,DFF_Q_MAR_REG_0_ -> U178 -> U195 -> U179 -> U199 -> U252 -> U180 -> U263 -> U312 -> U264 -> U271 -> U272 -> U273 -> U280 -> U184 -> OUT_R_REG_1_,b08
16,2.25,27,6,7,1,0,0,DFF_Q_MAR_REG_0_,OUT_R_REG_1_,DFF_Q_MAR_REG_0_ -> U178 -> U195 -> U179 -> U199 -> U252 -> U180 -> U303 -> U221 -> U220 -> U271 -> U272 -> U176 -> U232 -> U184 -> OUT_R_REG_1_,b08
16,2.125,27,6,7,1,0,0,DFF_Q_MAR_REG_0_,OUT_R_REG_1_,DFF_Q_MAR_REG_0_ -> U178 -> U195 -> U179 -> U199 -> U252 -> U180 -> U303 -> U221 -> U220 -> U271 -> U272 -> U176 -> U279 -> U184 -> OUT_R_REG_1_,b08
16,2.125,27,5,8,1,0,0,DFF_Q_MAR_REG_0_,OUT_R_REG_1_,DFF_Q_MAR_REG_0_ -> U178 -> U195 -> U179 -> U199 -> U252 -> U180 -> U303 -> U221 -> U220 -> U271 -> U272 -> U273 -> U280 -> U184 -> OUT_R_REG_1_,b08
15,2.2,25,5,7,1,0,0,DFF_Q_MAR_REG_0_,OUT_R_REG_1_,DFF_Q_MAR_REG_0_ -> U178 -> U195 -> U179 -> U203 -> U259 -> U306 -> U221 -> U220 -> U271 -> U272 -> U176 -> U232 -> U184 -> OUT_R_REG_1_,b08
15,2.066666666666667,25,5,7,1,0,0,DFF_Q_MAR_REG_0_,OUT_R_REG_1_,DFF_Q_MAR_REG_0_ -> U178 -> U195 -> U179 -> U203 -> U259 -> U306 -> U221 -> U220 -> U271 -> U272 -> U176 -> U279 -> U184 -> OUT_R_REG_1_,b08
15,2.066666666666667,25,4,8,1,0,0,DFF_Q_MAR_REG_0_,OUT_R_REG_1_,DFF_Q_MAR_REG_0_ -> U178 -> U195 -> U179 -> U203 -> U259 -> U306 -> U221 -> U220 -> U271 -> U272 -> U273 -> U280 -> U184 -> OUT_R_REG_1_,b08
14,2.2857142857142856,24,4,8,0,0,0,DFF_Q_MAR_REG_0_,OUT_R_REG_1_,DFF_Q_MAR_REG_0_ -> U178 -> U195 -> U179 -> U203 -> U307 -> U266 -> U220 -> U271 -> U272 -> U176 -> U232 -> U184 -> OUT_R_REG_1_,b08
14,2.142857142857143,24,4,8,0,0,0,DFF_Q_MAR_REG_0_,OUT_R_REG_1_,DFF_Q_MAR_REG_0_ -> U178 -> U195 -> U179 -> U203 -> U307 -> U266 -> U220 -> U271 -> U272 -> U176 -> U279 -> U184 -> OUT_R_REG_1_,b08
14,2.142857142857143,24,3,9,0,0,0,DFF_Q_MAR_REG_0_,OUT_R_REG_1_,DFF_Q_MAR_REG_0_ -> U178 -> U195 -> U179 -> U203 -> U307 -> U266 -> U220 -> U271 -> U272 -> U273 -> U280 -> U184 -> OUT_R_REG_1_,b08
12,2.4166666666666665,20,4,6,0,0,0,DFF_Q_MAR_REG_0_,OUT_R_REG_1_,DFF_Q_MAR_REG_0_ -> U178 -> U195 -> U179 -> U270 -> U220 -> U271 -> U272 -> U176 -> U232 -> U184 -> OUT_R_REG_1_,b08
12,2.25,20,4,6,0,0,0,DFF_Q_MAR_REG_0_,OUT_R_REG_1_,DFF_Q_MAR_REG_0_ -> U178 -> U195 -> U179 -> U270 -> U220 -> U271 -> U272 -> U176 -> U279 -> U184 -> OUT_R_REG_1_,b08
12,2.25,20,3,7,0,0,0,DFF_Q_MAR_REG_0_,OUT_R_REG_1_,DFF_Q_MAR_REG_0_ -> U178 -> U195 -> U179 -> U270 -> U220 -> U271 -> U272 -> U273 -> U280 -> U184 -> OUT_R_REG_1_,b08
15,2.066666666666667,25,3,9,1,0,0,DFF_Q_MAR_REG_0_,OUT_R_REG_1_,DFF_Q_MAR_REG_0_ -> U178 -> U195 -> U201 -> U262 -> U265 -> U308 -> U266 -> U220 -> U271 -> U272 -> U176 -> U232 -> U184 -> OUT_R_REG_1_,b08
15,1.9333333333333333,25,3,9,1,0,0,DFF_Q_MAR_REG_0_,OUT_R_REG_1_,DFF_Q_MAR_REG_0_ -> U178 -> U195 -> U201 -> U262 -> U265 -> U308 -> U266 -> U220 -> U271 -> U272 -> U176 -> U279 -> U184 -> OUT_R_REG_1_,b08
15,1.9333333333333333,25,2,10,1,0,0,DFF_Q_MAR_REG_0_,OUT_R_REG_1_,DFF_Q_MAR_REG_0_ -> U178 -> U195 -> U201 -> U262 -> U265 -> U308 -> U266 -> U220 -> U271 -> U272 -> U273 -> U280 -> U184 -> OUT_R_REG_1_,b08
15,2.066666666666667,25,3,9,1,0,0,DFF_Q_MAR_REG_0_,OUT_R_REG_1_,DFF_Q_MAR_REG_0_ -> U178 -> U195 -> U201 -> U262 -> U267 -> U309 -> U269 -> U220 -> U271 -> U272 -> U176 -> U232 -> U184 -> OUT_R_REG_1_,b08
15,1.9333333333333333,25,3,9,1,0,0,DFF_Q_MAR_REG_0_,OUT_R_REG_1_,DFF_Q_MAR_REG_0_ -> U178 -> U195 -> U201 -> U262 -> U267 -> U309 -> U269 -> U220 -> U271 -> U272 -> U176 -> U279 -> U184 -> OUT_R_REG_1_,b08
15,1.9333333333333333,25,2,10,1,0,0,DFF_Q_MAR_REG_0_,OUT_R_REG_1_,DFF_Q_MAR_REG_0_ -> U178 -> U195 -> U201 -> U262 -> U267 -> U309 -> U269 -> U220 -> U271 -> U272 -> U273 -> U280 -> U184 -> OUT_R_REG_1_,b08
12,2.25,20,2,8,0,0,0,DFF_Q_MAR_REG_0_,OUT_R_REG_1_,DFF_Q_MAR_REG_0_ -> U178 -> U195 -> U201 -> U311 -> U264 -> U271 -> U272 -> U176 -> U232 -> U184 -> OUT_R_REG_1_,b08
12,2.0833333333333335,20,2,8,0,0,0,DFF_Q_MAR_REG_0_,OUT_R_REG_1_,DFF_Q_MAR_REG_0_ -> U178 -> U195 -> U201 -> U311 -> U264 -> U271 -> U272 -> U176 -> U279 -> U184 -> OUT_R_REG_1_,b08
12,2.0833333333333335,20,1,9,0,0,0,DFF_Q_MAR_REG_0_,OUT_R_REG_1_,DFF_Q_MAR_REG_0_ -> U178 -> U195 -> U201 -> U311 -> U264 -> U271 -> U272 -> U273 -> U280 -> U184 -> OUT_R_REG_1_,b08
17,2.411764705882353,28,3,10,2,0,0,DFF_Q_MAR_REG_0_,OUT_R_REG_1_,DFF_Q_MAR_REG_0_ -> U178 -> U198 -> U200 -> U253 -> U201 -> U262 -> U265 -> U308 -> U266 -> U220 -> U271 -> U272 -> U176 -> U232 -> U184 -> OUT_R_REG_1_,b08
17,2.2941176470588234,28,3,10,2,0,0,DFF_Q_MAR_REG_0_,OUT_R_REG_1_,DFF_Q_MAR_REG_0_ -> U178 -> U198 -> U200 -> U253 -> U201 -> U262 -> U265 -> U308 -> U266 -> U220 -> U271 -> U272 -> U176 -> U279 -> U184 -> OUT_R_REG_1_,b08
17,2.2941176470588234,28,2,11,2,0,0,DFF_Q_MAR_REG_0_,OUT_R_REG_1_,DFF_Q_MAR_REG_0_ -> U178 -> U198 -> U200 -> U253 -> U201 -> U262 -> U265 -> U308 -> U266 -> U220 -> U271 -> U272 -> U273 -> U280 -> U184 -> OUT_R_REG_1_,b08
17,2.411764705882353,28,3,10,2,0,0,DFF_Q_MAR_REG_0_,OUT_R_REG_1_,DFF_Q_MAR_REG_0_ -> U178 -> U198 -> U200 -> U253 -> U201 -> U262 -> U267 -> U309 -> U269 -> U220 -> U271 -> U272 -> U176 -> U232 -> U184 -> OUT_R_REG_1_,b08
17,2.2941176470588234,28,3,10,2,0,0,DFF_Q_MAR_REG_0_,OUT_R_REG_1_,DFF_Q_MAR_REG_0_ -> U178 -> U198 -> U200 -> U253 -> U201 -> U262 -> U267 -> U309 -> U269 -> U220 -> U271 -> U272 -> U176 -> U279 -> U184 -> OUT_R_REG_1_,b08
17,2.2941176470588234,28,2,11,2,0,0,DFF_Q_MAR_REG_0_,OUT_R_REG_1_,DFF_Q_MAR_REG_0_ -> U178 -> U198 -> U200 -> U253 -> U201 -> U262 -> U267 -> U309 -> U269 -> U220 -> U271 -> U272 -> U273 -> U280 -> U184 -> OUT_R_REG_1_,b08
14,2.642857142857143,23,2,9,1,0,0,DFF_Q_MAR_REG_0_,OUT_R_REG_1_,DFF_Q_MAR_REG_0_ -> U178 -> U198 -> U200 -> U253 -> U201 -> U311 -> U264 -> U271 -> U272 -> U176 -> U232 -> U184 -> OUT_R_REG_1_,b08
14,2.5,23,2,9,1,0,0,DFF_Q_MAR_REG_0_,OUT_R_REG_1_,DFF_Q_MAR_REG_0_ -> U178 -> U198 -> U200 -> U253 -> U201 -> U311 -> U264 -> U271 -> U272 -> U176 -> U279 -> U184 -> OUT_R_REG_1_,b08
14,2.5,23,1,10,1,0,0,DFF_Q_MAR_REG_0_,OUT_R_REG_1_,DFF_Q_MAR_REG_0_ -> U178 -> U198 -> U200 -> U253 -> U201 -> U311 -> U264 -> U271 -> U272 -> U273 -> U280 -> U184 -> OUT_R_REG_1_,b08
16,2.4375,26,4,8,2,0,0,DFF_Q_MAR_REG_0_,OUT_R_REG_1_,DFF_Q_MAR_REG_0_ -> U178 -> U198 -> U200 -> U253 -> U203 -> U259 -> U306 -> U221 -> U220 -> U271 -> U272 -> U176 -> U232 -> U184 -> OUT_R_REG_1_,b08
16,2.3125,26,4,8,2,0,0,DFF_Q_MAR_REG_0_,OUT_R_REG_1_,DFF_Q_MAR_REG_0_ -> U178 -> U198 -> U200 -> U253 -> U203 -> U259 -> U306 -> U221 -> U220 -> U271 -> U272 -> U176 -> U279 -> U184 -> OUT_R_REG_1_,b08
16,2.3125,26,3,9,2,0,0,DFF_Q_MAR_REG_0_,OUT_R_REG_1_,DFF_Q_MAR_REG_0_ -> U178 -> U198 -> U200 -> U253 -> U203 -> U259 -> U306 -> U221 -> U220 -> U271 -> U272 -> U273 -> U280 -> U184 -> OUT_R_REG_1_,b08
15,2.533333333333333,25,3,9,1,0,0,DFF_Q_MAR_REG_0_,OUT_R_REG_1_,DFF_Q_MAR_REG_0_ -> U178 -> U198 -> U200 -> U253 -> U203 -> U307 -> U266 -> U220 -> U271 -> U272 -> U176 -> U232 -> U184 -> OUT_R_REG_1_,b08
15,2.4,25,3,9,1,0,0,DFF_Q_MAR_REG_0_,OUT_R_REG_1_,DFF_Q_MAR_REG_0_ -> U178 -> U198 -> U200 -> U253 -> U203 -> U307 -> U266 -> U220 -> U271 -> U272 -> U176 -> U279 -> U184 -> OUT_R_REG_1_,b08
15,2.4,25,2,10,1,0,0,DFF_Q_MAR_REG_0_,OUT_R_REG_1_,DFF_Q_MAR_REG_0_ -> U178 -> U198 -> U200 -> U253 -> U203 -> U307 -> U266 -> U220 -> U271 -> U272 -> U273 -> U280 -> U184 -> OUT_R_REG_1_,b08
14,2.642857142857143,23,2,9,1,0,0,DFF_Q_MAR_REG_0_,OUT_R_REG_1_,DFF_Q_MAR_REG_0_ -> U178 -> U198 -> U200 -> U253 -> U256 -> U313 -> U258 -> U271 -> U272 -> U176 -> U232 -> U184 -> OUT_R_REG_1_,b08
14,2.5,23,2,9,1,0,0,DFF_Q_MAR_REG_0_,OUT_R_REG_1_,DFF_Q_MAR_REG_0_ -> U178 -> U198 -> U200 -> U253 -> U256 -> U313 -> U258 -> U271 -> U272 -> U176 -> U279 -> U184 -> OUT_R_REG_1_,b08
14,2.5,23,1,10,1,0,0,DFF_Q_MAR_REG_0_,OUT_R_REG_1_,DFF_Q_MAR_REG_0_ -> U178 -> U198 -> U200 -> U253 -> U256 -> U313 -> U258 -> U271 -> U272 -> U273 -> U280 -> U184 -> OUT_R_REG_1_,b08
14,2.5714285714285716,23,4,7,1,0,0,DFF_Q_MAR_REG_0_,OUT_R_REG_1_,DFF_Q_MAR_REG_0_ -> U178 -> U198 -> U200 -> U253 -> U304 -> U221 -> U220 -> U271 -> U272 -> U176 -> U232 -> U184 -> OUT_R_REG_1_,b08
14,2.4285714285714284,23,4,7,1,0,0,DFF_Q_MAR_REG_0_,OUT_R_REG_1_,DFF_Q_MAR_REG_0_ -> U178 -> U198 -> U200 -> U253 -> U304 -> U221 -> U220 -> U271 -> U272 -> U176 -> U279 -> U184 -> OUT_R_REG_1_,b08
14,2.4285714285714284,23,3,8,1,0,0,DFF_Q_MAR_REG_0_,OUT_R_REG_1_,DFF_Q_MAR_REG_0_ -> U178 -> U198 -> U200 -> U253 -> U304 -> U221 -> U220 -> U271 -> U272 -> U273 -> U280 -> U184 -> OUT_R_REG_1_,b08
14,2.5714285714285716,23,4,7,1,0,0,DFF_Q_MAR_REG_0_,OUT_R_REG_1_,DFF_Q_MAR_REG_0_ -> U178 -> U198 -> U200 -> U253 -> U305 -> U221 -> U220 -> U271 -> U272 -> U176 -> U232 -> U184 -> OUT_R_REG_1_,b08
14,2.4285714285714284,23,4,7,1,0,0,DFF_Q_MAR_REG_0_,OUT_R_REG_1_,DFF_Q_MAR_REG_0_ -> U178 -> U198 -> U200 -> U253 -> U305 -> U221 -> U220 -> U271 -> U272 -> U176 -> U279 -> U184 -> OUT_R_REG_1_,b08
14,2.4285714285714284,23,3,8,1,0,0,DFF_Q_MAR_REG_0_,OUT_R_REG_1_,DFF_Q_MAR_REG_0_ -> U178 -> U198 -> U200 -> U253 -> U305 -> U221 -> U220 -> U271 -> U272 -> U273 -> U280 -> U184 -> OUT_R_REG_1_,b08
12,2.5,20,2,8,0,0,0,DFF_Q_MAR_REG_0_,OUT_R_REG_1_,DFF_Q_MAR_REG_0_ -> U178 -> U198 -> U200 -> U315 -> U261 -> U271 -> U272 -> U176 -> U232 -> U184 -> OUT_R_REG_1_,b08
12,2.3333333333333335,20,2,8,0,0,0,DFF_Q_MAR_REG_0_,OUT_R_REG_1_,DFF_Q_MAR_REG_0_ -> U178 -> U198 -> U200 -> U315 -> U261 -> U271 -> U272 -> U176 -> U279 -> U184 -> OUT_R_REG_1_,b08
12,2.3333333333333335,20,1,9,0,0,0,DFF_Q_MAR_REG_0_,OUT_R_REG_1_,DFF_Q_MAR_REG_0_ -> U178 -> U198 -> U200 -> U315 -> U261 -> U271 -> U272 -> U273 -> U280 -> U184 -> OUT_R_REG_1_,b08
12,2.4166666666666665,20,2,8,0,0,0,DFF_Q_MAR_REG_0_,OUT_R_REG_1_,DFF_Q_MAR_REG_0_ -> U178 -> U198 -> U257 -> U314 -> U258 -> U271 -> U272 -> U176 -> U232 -> U184 -> OUT_R_REG_1_,b08
12,2.25,20,2,8,0,0,0,DFF_Q_MAR_REG_0_,OUT_R_REG_1_,DFF_Q_MAR_REG_0_ -> U178 -> U198 -> U257 -> U314 -> U258 -> U271 -> U272 -> U176 -> U279 -> U184 -> OUT_R_REG_1_,b08
12,2.25,20,1,9,0,0,0,DFF_Q_MAR_REG_0_,OUT_R_REG_1_,DFF_Q_MAR_REG_0_ -> U178 -> U198 -> U257 -> U314 -> U258 -> U271 -> U272 -> U273 -> U280 -> U184 -> OUT_R_REG_1_,b08
13,2.3076923076923075,22,3,8,0,0,0,DFF_Q_MAR_REG_0_,OUT_R_REG_1_,DFF_Q_MAR_REG_0_ -> U178 -> U198 -> U268 -> U310 -> U269 -> U220 -> U271 -> U272 -> U176 -> U232 -> U184 -> OUT_R_REG_1_,b08
13,2.1538461538461537,22,3,8,0,0,0,DFF_Q_MAR_REG_0_,OUT_R_REG_1_,DFF_Q_MAR_REG_0_ -> U178 -> U198 -> U268 -> U310 -> U269 -> U220 -> U271 -> U272 -> U176 -> U279 -> U184 -> OUT_R_REG_1_,b08
13,2.1538461538461537,22,2,9,0,0,0,DFF_Q_MAR_REG_0_,OUT_R_REG_1_,DFF_Q_MAR_REG_0_ -> U178 -> U198 -> U268 -> U310 -> U269 -> U220 -> U271 -> U272 -> U273 -> U280 -> U184 -> OUT_R_REG_1_,b08
11,2.5454545454545454,18,3,6,0,0,0,DFF_Q_MAR_REG_0_,OUT_R_REG_1_,DFF_Q_MAR_REG_0_ -> U178 -> U198 -> U270 -> U220 -> U271 -> U272 -> U176 -> U232 -> U184 -> OUT_R_REG_1_,b08
11,2.3636363636363638,18,3,6,0,0,0,DFF_Q_MAR_REG_0_,OUT_R_REG_1_,DFF_Q_MAR_REG_0_ -> U178 -> U198 -> U270 -> U220 -> U271 -> U272 -> U176 -> U279 -> U184 -> OUT_R_REG_1_,b08
11,2.3636363636363638,18,2,7,0,0,0,DFF_Q_MAR_REG_0_,OUT_R_REG_1_,DFF_Q_MAR_REG_0_ -> U178 -> U198 -> U270 -> U220 -> U271 -> U272 -> U273 -> U280 -> U184 -> OUT_R_REG_1_,b08
7,2.5714285714285716,10,1,4,0,0,0,DFF_Q_MAR_REG_0_,OUT_R_REG_1_,DFF_Q_MAR_REG_0_ -> U178 -> U198 -> U278 -> U279 -> U184 -> OUT_R_REG_1_,b08
18,2.388888888888889,29,3,10,3,0,0,DFF_Q_MAR_REG_0_,OUT_R_REG_1_,DFF_Q_MAR_REG_0_ -> U193 -> U250 -> U181 -> U200 -> U253 -> U201 -> U262 -> U265 -> U308 -> U266 -> U220 -> U271 -> U272 -> U176 -> U232 -> U184 -> OUT_R_REG_1_,b08
18,2.2777777777777777,29,3,10,3,0,0,DFF_Q_MAR_REG_0_,OUT_R_REG_1_,DFF_Q_MAR_REG_0_ -> U193 -> U250 -> U181 -> U200 -> U253 -> U201 -> U262 -> U265 -> U308 -> U266 -> U220 -> U271 -> U272 -> U176 -> U279 -> U184 -> OUT_R_REG_1_,b08
18,2.2777777777777777,29,2,11,3,0,0,DFF_Q_MAR_REG_0_,OUT_R_REG_1_,DFF_Q_MAR_REG_0_ -> U193 -> U250 -> U181 -> U200 -> U253 -> U201 -> U262 -> U265 -> U308 -> U266 -> U220 -> U271 -> U272 -> U273 -> U280 -> U184 -> OUT_R_REG_1_,b08
18,2.388888888888889,29,3,10,3,0,0,DFF_Q_MAR_REG_0_,OUT_R_REG_1_,DFF_Q_MAR_REG_0_ -> U193 -> U250 -> U181 -> U200 -> U253 -> U201 -> U262 -> U267 -> U309 -> U269 -> U220 -> U271 -> U272 -> U176 -> U232 -> U184 -> OUT_R_REG_1_,b08
18,2.2777777777777777,29,3,10,3,0,0,DFF_Q_MAR_REG_0_,OUT_R_REG_1_,DFF_Q_MAR_REG_0_ -> U193 -> U250 -> U181 -> U200 -> U253 -> U201 -> U262 -> U267 -> U309 -> U269 -> U220 -> U271 -> U272 -> U176 -> U279 -> U184 -> OUT_R_REG_1_,b08
18,2.2777777777777777,29,2,11,3,0,0,DFF_Q_MAR_REG_0_,OUT_R_REG_1_,DFF_Q_MAR_REG_0_ -> U193 -> U250 -> U181 -> U200 -> U253 -> U201 -> U262 -> U267 -> U309 -> U269 -> U220 -> U271 -> U272 -> U273 -> U280 -> U184 -> OUT_R_REG_1_,b08
15,2.6,24,2,9,2,0,0,DFF_Q_MAR_REG_0_,OUT_R_REG_1_,DFF_Q_MAR_REG_0_ -> U193 -> U250 -> U181 -> U200 -> U253 -> U201 -> U311 -> U264 -> U271 -> U272 -> U176 -> U232 -> U184 -> OUT_R_REG_1_,b08
15,2.466666666666667,24,2,9,2,0,0,DFF_Q_MAR_REG_0_,OUT_R_REG_1_,DFF_Q_MAR_REG_0_ -> U193 -> U250 -> U181 -> U200 -> U253 -> U201 -> U311 -> U264 -> U271 -> U272 -> U176 -> U279 -> U184 -> OUT_R_REG_1_,b08
15,2.466666666666667,24,1,10,2,0,0,DFF_Q_MAR_REG_0_,OUT_R_REG_1_,DFF_Q_MAR_REG_0_ -> U193 -> U250 -> U181 -> U200 -> U253 -> U201 -> U311 -> U264 -> U271 -> U272 -> U273 -> U280 -> U184 -> OUT_R_REG_1_,b08
17,2.411764705882353,27,4,8,3,0,0,DFF_Q_MAR_REG_0_,OUT_R_REG_1_,DFF_Q_MAR_REG_0_ -> U193 -> U250 -> U181 -> U200 -> U253 -> U203 -> U259 -> U306 -> U221 -> U220 -> U271 -> U272 -> U176 -> U232 -> U184 -> OUT_R_REG_1_,b08
17,2.2941176470588234,27,4,8,3,0,0,DFF_Q_MAR_REG_0_,OUT_R_REG_1_,DFF_Q_MAR_REG_0_ -> U193 -> U250 -> U181 -> U200 -> U253 -> U203 -> U259 -> U306 -> U221 -> U220 -> U271 -> U272 -> U176 -> U279 -> U184 -> OUT_R_REG_1_,b08
17,2.2941176470588234,27,3,9,3,0,0,DFF_Q_MAR_REG_0_,OUT_R_REG_1_,DFF_Q_MAR_REG_0_ -> U193 -> U250 -> U181 -> U200 -> U253 -> U203 -> U259 -> U306 -> U221 -> U220 -> U271 -> U272 -> U273 -> U280 -> U184 -> OUT_R_REG_1_,b08
16,2.5,26,3,9,2,0,0,DFF_Q_MAR_REG_0_,OUT_R_REG_1_,DFF_Q_MAR_REG_0_ -> U193 -> U250 -> U181 -> U200 -> U253 -> U203 -> U307 -> U266 -> U220 -> U271 -> U272 -> U176 -> U232 -> U184 -> OUT_R_REG_1_,b08
16,2.375,26,3,9,2,0,0,DFF_Q_MAR_REG_0_,OUT_R_REG_1_,DFF_Q_MAR_REG_0_ -> U193 -> U250 -> U181 -> U200 -> U253 -> U203 -> U307 -> U266 -> U220 -> U271 -> U272 -> U176 -> U279 -> U184 -> OUT_R_REG_1_,b08
16,2.375,26,2,10,2,0,0,DFF_Q_MAR_REG_0_,OUT_R_REG_1_,DFF_Q_MAR_REG_0_ -> U193 -> U250 -> U181 -> U200 -> U253 -> U203 -> U307 -> U266 -> U220 -> U271 -> U272 -> U273 -> U280 -> U184 -> OUT_R_REG_1_,b08
15,2.6,24,2,9,2,0,0,DFF_Q_MAR_REG_0_,OUT_R_REG_1_,DFF_Q_MAR_REG_0_ -> U193 -> U250 -> U181 -> U200 -> U253 -> U256 -> U313 -> U258 -> U271 -> U272 -> U176 -> U232 -> U184 -> OUT_R_REG_1_,b08
15,2.466666666666667,24,2,9,2,0,0,DFF_Q_MAR_REG_0_,OUT_R_REG_1_,DFF_Q_MAR_REG_0_ -> U193 -> U250 -> U181 -> U200 -> U253 -> U256 -> U313 -> U258 -> U271 -> U272 -> U176 -> U279 -> U184 -> OUT_R_REG_1_,b08
15,2.466666666666667,24,1,10,2,0,0,DFF_Q_MAR_REG_0_,OUT_R_REG_1_,DFF_Q_MAR_REG_0_ -> U193 -> U250 -> U181 -> U200 -> U253 -> U256 -> U313 -> U258 -> U271 -> U272 -> U273 -> U280 -> U184 -> OUT_R_REG_1_,b08
15,2.533333333333333,24,4,7,2,0,0,DFF_Q_MAR_REG_0_,OUT_R_REG_1_,DFF_Q_MAR_REG_0_ -> U193 -> U250 -> U181 -> U200 -> U253 -> U304 -> U221 -> U220 -> U271 -> U272 -> U176 -> U232 -> U184 -> OUT_R_REG_1_,b08
15,2.4,24,4,7,2,0,0,DFF_Q_MAR_REG_0_,OUT_R_REG_1_,DFF_Q_MAR_REG_0_ -> U193 -> U250 -> U181 -> U200 -> U253 -> U304 -> U221 -> U220 -> U271 -> U272 -> U176 -> U279 -> U184 -> OUT_R_REG_1_,b08
15,2.4,24,3,8,2,0,0,DFF_Q_MAR_REG_0_,OUT_R_REG_1_,DFF_Q_MAR_REG_0_ -> U193 -> U250 -> U181 -> U200 -> U253 -> U304 -> U221 -> U220 -> U271 -> U272 -> U273 -> U280 -> U184 -> OUT_R_REG_1_,b08
15,2.533333333333333,24,4,7,2,0,0,DFF_Q_MAR_REG_0_,OUT_R_REG_1_,DFF_Q_MAR_REG_0_ -> U193 -> U250 -> U181 -> U200 -> U253 -> U305 -> U221 -> U220 -> U271 -> U272 -> U176 -> U232 -> U184 -> OUT_R_REG_1_,b08
15,2.4,24,4,7,2,0,0,DFF_Q_MAR_REG_0_,OUT_R_REG_1_,DFF_Q_MAR_REG_0_ -> U193 -> U250 -> U181 -> U200 -> U253 -> U305 -> U221 -> U220 -> U271 -> U272 -> U176 -> U279 -> U184 -> OUT_R_REG_1_,b08
15,2.4,24,3,8,2,0,0,DFF_Q_MAR_REG_0_,OUT_R_REG_1_,DFF_Q_MAR_REG_0_ -> U193 -> U250 -> U181 -> U200 -> U253 -> U305 -> U221 -> U220 -> U271 -> U272 -> U273 -> U280 -> U184 -> OUT_R_REG_1_,b08
13,2.4615384615384617,21,2,8,1,0,0,DFF_Q_MAR_REG_0_,OUT_R_REG_1_,DFF_Q_MAR_REG_0_ -> U193 -> U250 -> U181 -> U200 -> U315 -> U261 -> U271 -> U272 -> U176 -> U232 -> U184 -> OUT_R_REG_1_,b08
13,2.3076923076923075,21,2,8,1,0,0,DFF_Q_MAR_REG_0_,OUT_R_REG_1_,DFF_Q_MAR_REG_0_ -> U193 -> U250 -> U181 -> U200 -> U315 -> U261 -> U271 -> U272 -> U176 -> U279 -> U184 -> OUT_R_REG_1_,b08
13,2.3076923076923075,21,1,9,1,0,0,DFF_Q_MAR_REG_0_,OUT_R_REG_1_,DFF_Q_MAR_REG_0_ -> U193 -> U250 -> U181 -> U200 -> U315 -> U261 -> U271 -> U272 -> U273 -> U280 -> U184 -> OUT_R_REG_1_,b08
13,2.3846153846153846,21,2,8,1,0,0,DFF_Q_MAR_REG_0_,OUT_R_REG_1_,DFF_Q_MAR_REG_0_ -> U193 -> U250 -> U181 -> U260 -> U316 -> U261 -> U271 -> U272 -> U176 -> U232 -> U184 -> OUT_R_REG_1_,b08
13,2.230769230769231,21,2,8,1,0,0,DFF_Q_MAR_REG_0_,OUT_R_REG_1_,DFF_Q_MAR_REG_0_ -> U193 -> U250 -> U181 -> U260 -> U316 -> U261 -> U271 -> U272 -> U176 -> U279 -> U184 -> OUT_R_REG_1_,b08
13,2.230769230769231,21,1,9,1,0,0,DFF_Q_MAR_REG_0_,OUT_R_REG_1_,DFF_Q_MAR_REG_0_ -> U193 -> U250 -> U181 -> U260 -> U316 -> U261 -> U271 -> U272 -> U273 -> U280 -> U184 -> OUT_R_REG_1_,b08
15,2.3333333333333335,24,2,9,2,0,0,DFF_Q_MAR_REG_0_,OUT_R_REG_1_,DFF_Q_MAR_REG_0_ -> U193 -> U250 -> U199 -> U252 -> U180 -> U257 -> U314 -> U258 -> U271 -> U272 -> U176 -> U232 -> U184 -> OUT_R_REG_1_,b08
15,2.2,24,2,9,2,0,0,DFF_Q_MAR_REG_0_,OUT_R_REG_1_,DFF_Q_MAR_REG_0_ -> U193 -> U250 -> U199 -> U252 -> U180 -> U257 -> U314 -> U258 -> U271 -> U272 -> U176 -> U279 -> U184 -> OUT_R_REG_1_,b08
15,2.2,24,1,10,2,0,0,DFF_Q_MAR_REG_0_,OUT_R_REG_1_,DFF_Q_MAR_REG_0_ -> U193 -> U250 -> U199 -> U252 -> U180 -> U257 -> U314 -> U258 -> U271 -> U272 -> U273 -> U280 -> U184 -> OUT_R_REG_1_,b08
15,2.3333333333333335,24,2,9,2,0,0,DFF_Q_MAR_REG_0_,OUT_R_REG_1_,DFF_Q_MAR_REG_0_ -> U193 -> U250 -> U199 -> U252 -> U180 -> U263 -> U312 -> U264 -> U271 -> U272 -> U176 -> U232 -> U184 -> OUT_R_REG_1_,b08
15,2.2,24,2,9,2,0,0,DFF_Q_MAR_REG_0_,OUT_R_REG_1_,DFF_Q_MAR_REG_0_ -> U193 -> U250 -> U199 -> U252 -> U180 -> U263 -> U312 -> U264 -> U271 -> U272 -> U176 -> U279 -> U184 -> OUT_R_REG_1_,b08
15,2.2,24,1,10,2,0,0,DFF_Q_MAR_REG_0_,OUT_R_REG_1_,DFF_Q_MAR_REG_0_ -> U193 -> U250 -> U199 -> U252 -> U180 -> U263 -> U312 -> U264 -> U271 -> U272 -> U273 -> U280 -> U184 -> OUT_R_REG_1_,b08
15,2.3333333333333335,24,4,7,2,0,0,DFF_Q_MAR_REG_0_,OUT_R_REG_1_,DFF_Q_MAR_REG_0_ -> U193 -> U250 -> U199 -> U252 -> U180 -> U303 -> U221 -> U220 -> U271 -> U272 -> U176 -> U232 -> U184 -> OUT_R_REG_1_,b08
15,2.2,24,4,7,2,0,0,DFF_Q_MAR_REG_0_,OUT_R_REG_1_,DFF_Q_MAR_REG_0_ -> U193 -> U250 -> U199 -> U252 -> U180 -> U303 -> U221 -> U220 -> U271 -> U272 -> U176 -> U279 -> U184 -> OUT_R_REG_1_,b08
15,2.2,24,3,8,2,0,0,DFF_Q_MAR_REG_0_,OUT_R_REG_1_,DFF_Q_MAR_REG_0_ -> U193 -> U250 -> U199 -> U252 -> U180 -> U303 -> U221 -> U220 -> U271 -> U272 -> U273 -> U280 -> U184 -> OUT_R_REG_1_,b08
7,2.5714285714285716,9,0,4,1,0,0,DFF_Q_MAR_REG_0_,OUT_R_REG_1_,DFF_Q_MAR_REG_0_ -> U193 -> U250 -> U278 -> U279 -> U184 -> OUT_R_REG_1_,b08
14,2.5,23,3,8,1,0,0,DFF_Q_MAR_REG_0_,OUT_R_REG_1_,DFF_Q_MAR_REG_0_ -> U193 -> U251 -> U179 -> U182 -> U260 -> U316 -> U261 -> U271 -> U272 -> U176 -> U232 -> U184 -> OUT_R_REG_1_,b08
14,2.357142857142857,23,3,8,1,0,0,DFF_Q_MAR_REG_0_,OUT_R_REG_1_,DFF_Q_MAR_REG_0_ -> U193 -> U251 -> U179 -> U182 -> U260 -> U316 -> U261 -> U271 -> U272 -> U176 -> U279 -> U184 -> OUT_R_REG_1_,b08
14,2.357142857142857,23,2,9,1,0,0,DFF_Q_MAR_REG_0_,OUT_R_REG_1_,DFF_Q_MAR_REG_0_ -> U193 -> U251 -> U179 -> U182 -> U260 -> U316 -> U261 -> U271 -> U272 -> U273 -> U280 -> U184 -> OUT_R_REG_1_,b08
15,2.4,25,4,8,1,0,0,DFF_Q_MAR_REG_0_,OUT_R_REG_1_,DFF_Q_MAR_REG_0_ -> U193 -> U251 -> U179 -> U182 -> U268 -> U310 -> U269 -> U220 -> U271 -> U272 -> U176 -> U232 -> U184 -> OUT_R_REG_1_,b08
15,2.2666666666666666,25,4,8,1,0,0,DFF_Q_MAR_REG_0_,OUT_R_REG_1_,DFF_Q_MAR_REG_0_ -> U193 -> U251 -> U179 -> U182 -> U268 -> U310 -> U269 -> U220 -> U271 -> U272 -> U176 -> U279 -> U184 -> OUT_R_REG_1_,b08
15,2.2666666666666666,25,3,9,1,0,0,DFF_Q_MAR_REG_0_,OUT_R_REG_1_,DFF_Q_MAR_REG_0_ -> U193 -> U251 -> U179 -> U182 -> U268 -> U310 -> U269 -> U220 -> U271 -> U272 -> U273 -> U280 -> U184 -> OUT_R_REG_1_,b08
14,2.5,23,5,6,1,0,0,DFF_Q_MAR_REG_0_,OUT_R_REG_1_,DFF_Q_MAR_REG_0_ -> U193 -> U251 -> U179 -> U182 -> U305 -> U221 -> U220 -> U271 -> U272 -> U176 -> U232 -> U184 -> OUT_R_REG_1_,b08
14,2.357142857142857,23,5,6,1,0,0,DFF_Q_MAR_REG_0_,OUT_R_REG_1_,DFF_Q_MAR_REG_0_ -> U193 -> U251 -> U179 -> U182 -> U305 -> U221 -> U220 -> U271 -> U272 -> U176 -> U279 -> U184 -> OUT_R_REG_1_,b08
14,2.357142857142857,23,4,7,1,0,0,DFF_Q_MAR_REG_0_,OUT_R_REG_1_,DFF_Q_MAR_REG_0_ -> U193 -> U251 -> U179 -> U182 -> U305 -> U221 -> U220 -> U271 -> U272 -> U273 -> U280 -> U184 -> OUT_R_REG_1_,b08
16,2.375,26,3,9,2,0,0,DFF_Q_MAR_REG_0_,OUT_R_REG_1_,DFF_Q_MAR_REG_0_ -> U193 -> U251 -> U179 -> U199 -> U252 -> U180 -> U257 -> U314 -> U258 -> U271 -> U272 -> U176 -> U232 -> U184 -> OUT_R_REG_1_,b08
16,2.25,26,3,9,2,0,0,DFF_Q_MAR_REG_0_,OUT_R_REG_1_,DFF_Q_MAR_REG_0_ -> U193 -> U251 -> U179 -> U199 -> U252 -> U180 -> U257 -> U314 -> U258 -> U271 -> U272 -> U176 -> U279 -> U184 -> OUT_R_REG_1_,b08
16,2.25,26,2,10,2,0,0,DFF_Q_MAR_REG_0_,OUT_R_REG_1_,DFF_Q_MAR_REG_0_ -> U193 -> U251 -> U179 -> U199 -> U252 -> U180 -> U257 -> U314 -> U258 -> U271 -> U272 -> U273 -> U280 -> U184 -> OUT_R_REG_1_,b08
16,2.375,26,3,9,2,0,0,DFF_Q_MAR_REG_0_,OUT_R_REG_1_,DFF_Q_MAR_REG_0_ -> U193 -> U251 -> U179 -> U199 -> U252 -> U180 -> U263 -> U312 -> U264 -> U271 -> U272 -> U176 -> U232 -> U184 -> OUT_R_REG_1_,b08
16,2.25,26,3,9,2,0,0,DFF_Q_MAR_REG_0_,OUT_R_REG_1_,DFF_Q_MAR_REG_0_ -> U193 -> U251 -> U179 -> U199 -> U252 -> U180 -> U263 -> U312 -> U264 -> U271 -> U272 -> U176 -> U279 -> U184 -> OUT_R_REG_1_,b08
16,2.25,26,2,10,2,0,0,DFF_Q_MAR_REG_0_,OUT_R_REG_1_,DFF_Q_MAR_REG_0_ -> U193 -> U251 -> U179 -> U199 -> U252 -> U180 -> U263 -> U312 -> U264 -> U271 -> U272 -> U273 -> U280 -> U184 -> OUT_R_REG_1_,b08
16,2.375,26,5,7,2,0,0,DFF_Q_MAR_REG_0_,OUT_R_REG_1_,DFF_Q_MAR_REG_0_ -> U193 -> U251 -> U179 -> U199 -> U252 -> U180 -> U303 -> U221 -> U220 -> U271 -> U272 -> U176 -> U232 -> U184 -> OUT_R_REG_1_,b08
16,2.25,26,5,7,2,0,0,DFF_Q_MAR_REG_0_,OUT_R_REG_1_,DFF_Q_MAR_REG_0_ -> U193 -> U251 -> U179 -> U199 -> U252 -> U180 -> U303 -> U221 -> U220 -> U271 -> U272 -> U176 -> U279 -> U184 -> OUT_R_REG_1_,b08
16,2.25,26,4,8,2,0,0,DFF_Q_MAR_REG_0_,OUT_R_REG_1_,DFF_Q_MAR_REG_0_ -> U193 -> U251 -> U179 -> U199 -> U252 -> U180 -> U303 -> U221 -> U220 -> U271 -> U272 -> U273 -> U280 -> U184 -> OUT_R_REG_1_,b08
15,2.3333333333333335,24,4,7,2,0,0,DFF_Q_MAR_REG_0_,OUT_R_REG_1_,DFF_Q_MAR_REG_0_ -> U193 -> U251 -> U179 -> U203 -> U259 -> U306 -> U221 -> U220 -> U271 -> U272 -> U176 -> U232 -> U184 -> OUT_R_REG_1_,b08
15,2.2,24,4,7,2,0,0,DFF_Q_MAR_REG_0_,OUT_R_REG_1_,DFF_Q_MAR_REG_0_ -> U193 -> U251 -> U179 -> U203 -> U259 -> U306 -> U221 -> U220 -> U271 -> U272 -> U176 -> U279 -> U184 -> OUT_R_REG_1_,b08
15,2.2,24,3,8,2,0,0,DFF_Q_MAR_REG_0_,OUT_R_REG_1_,DFF_Q_MAR_REG_0_ -> U193 -> U251 -> U179 -> U203 -> U259 -> U306 -> U221 -> U220 -> U271 -> U272 -> U273 -> U280 -> U184 -> OUT_R_REG_1_,b08
14,2.4285714285714284,23,3,8,1,0,0,DFF_Q_MAR_REG_0_,OUT_R_REG_1_,DFF_Q_MAR_REG_0_ -> U193 -> U251 -> U179 -> U203 -> U307 -> U266 -> U220 -> U271 -> U272 -> U176 -> U232 -> U184 -> OUT_R_REG_1_,b08
14,2.2857142857142856,23,3,8,1,0,0,DFF_Q_MAR_REG_0_,OUT_R_REG_1_,DFF_Q_MAR_REG_0_ -> U193 -> U251 -> U179 -> U203 -> U307 -> U266 -> U220 -> U271 -> U272 -> U176 -> U279 -> U184 -> OUT_R_REG_1_,b08
14,2.2857142857142856,23,2,9,1,0,0,DFF_Q_MAR_REG_0_,OUT_R_REG_1_,DFF_Q_MAR_REG_0_ -> U193 -> U251 -> U179 -> U203 -> U307 -> U266 -> U220 -> U271 -> U272 -> U273 -> U280 -> U184 -> OUT_R_REG_1_,b08
12,2.5833333333333335,19,3,6,1,0,0,DFF_Q_MAR_REG_0_,OUT_R_REG_1_,DFF_Q_MAR_REG_0_ -> U193 -> U251 -> U179 -> U270 -> U220 -> U271 -> U272 -> U176 -> U232 -> U184 -> OUT_R_REG_1_,b08
12,2.4166666666666665,19,3,6,1,0,0,DFF_Q_MAR_REG_0_,OUT_R_REG_1_,DFF_Q_MAR_REG_0_ -> U193 -> U251 -> U179 -> U270 -> U220 -> U271 -> U272 -> U176 -> U279 -> U184 -> OUT_R_REG_1_,b08
12,2.4166666666666665,19,2,7,1,0,0,DFF_Q_MAR_REG_0_,OUT_R_REG_1_,DFF_Q_MAR_REG_0_ -> U193 -> U251 -> U179 -> U270 -> U220 -> U271 -> U272 -> U273 -> U280 -> U184 -> OUT_R_REG_1_,b08
7,2.857142857142857,9,0,4,1,0,0,DFF_Q_MAR_REG_0_,OUT_R_REG_1_,DFF_Q_MAR_REG_0_ -> U193 -> U251 -> U202 -> U232 -> U184 -> OUT_R_REG_1_,b08
14,2.2142857142857144,22,3,7,2,0,0,DFF_Q_MAR_REG_0_,OUT_R_REG_1_,DFF_Q_MAR_REG_0_ -> U193 -> U251 -> U202 -> U255 -> U304 -> U221 -> U220 -> U271 -> U272 -> U176 -> U232 -> U184 -> OUT_R_REG_1_,b08
14,2.0714285714285716,22,3,7,2,0,0,DFF_Q_MAR_REG_0_,OUT_R_REG_1_,DFF_Q_MAR_REG_0_ -> U193 -> U251 -> U202 -> U255 -> U304 -> U221 -> U220 -> U271 -> U272 -> U176 -> U279 -> U184 -> OUT_R_REG_1_,b08
14,2.0714285714285716,22,2,8,2,0,0,DFF_Q_MAR_REG_0_,OUT_R_REG_1_,DFF_Q_MAR_REG_0_ -> U193 -> U251 -> U202 -> U255 -> U304 -> U221 -> U220 -> U271 -> U272 -> U273 -> U280 -> U184 -> OUT_R_REG_1_,b08
13,2.6153846153846154,21,2,8,1,0,0,DFF_Q_MAR_REG_0_,OUT_R_REG_1_,DFF_Q_MAR_REG_0_ -> U193 -> U254 -> U182 -> U260 -> U316 -> U261 -> U271 -> U272 -> U176 -> U232 -> U184 -> OUT_R_REG_1_,b08
13,2.4615384615384617,21,2,8,1,0,0,DFF_Q_MAR_REG_0_,OUT_R_REG_1_,DFF_Q_MAR_REG_0_ -> U193 -> U254 -> U182 -> U260 -> U316 -> U261 -> U271 -> U272 -> U176 -> U279 -> U184 -> OUT_R_REG_1_,b08
13,2.4615384615384617,21,1,9,1,0,0,DFF_Q_MAR_REG_0_,OUT_R_REG_1_,DFF_Q_MAR_REG_0_ -> U193 -> U254 -> U182 -> U260 -> U316 -> U261 -> U271 -> U272 -> U273 -> U280 -> U184 -> OUT_R_REG_1_,b08
14,2.5,23,3,8,1,0,0,DFF_Q_MAR_REG_0_,OUT_R_REG_1_,DFF_Q_MAR_REG_0_ -> U193 -> U254 -> U182 -> U268 -> U310 -> U269 -> U220 -> U271 -> U272 -> U176 -> U232 -> U184 -> OUT_R_REG_1_,b08
14,2.357142857142857,23,3,8,1,0,0,DFF_Q_MAR_REG_0_,OUT_R_REG_1_,DFF_Q_MAR_REG_0_ -> U193 -> U254 -> U182 -> U268 -> U310 -> U269 -> U220 -> U271 -> U272 -> U176 -> U279 -> U184 -> OUT_R_REG_1_,b08
14,2.357142857142857,23,2,9,1,0,0,DFF_Q_MAR_REG_0_,OUT_R_REG_1_,DFF_Q_MAR_REG_0_ -> U193 -> U254 -> U182 -> U268 -> U310 -> U269 -> U220 -> U271 -> U272 -> U273 -> U280 -> U184 -> OUT_R_REG_1_,b08
13,2.6153846153846154,21,4,6,1,0,0,DFF_Q_MAR_REG_0_,OUT_R_REG_1_,DFF_Q_MAR_REG_0_ -> U193 -> U254 -> U182 -> U305 -> U221 -> U220 -> U271 -> U272 -> U176 -> U232 -> U184 -> OUT_R_REG_1_,b08
13,2.4615384615384617,21,4,6,1,0,0,DFF_Q_MAR_REG_0_,OUT_R_REG_1_,DFF_Q_MAR_REG_0_ -> U193 -> U254 -> U182 -> U305 -> U221 -> U220 -> U271 -> U272 -> U176 -> U279 -> U184 -> OUT_R_REG_1_,b08
13,2.4615384615384617,21,3,7,1,0,0,DFF_Q_MAR_REG_0_,OUT_R_REG_1_,DFF_Q_MAR_REG_0_ -> U193 -> U254 -> U182 -> U305 -> U221 -> U220 -> U271 -> U272 -> U273 -> U280 -> U184 -> OUT_R_REG_1_,b08
7,3.2857142857142856,9,0,4,1,0,0,DFF_Q_MAR_REG_0_,OUT_R_REG_1_,DFF_Q_MAR_REG_0_ -> U193 -> U254 -> U202 -> U232 -> U184 -> OUT_R_REG_1_,b08
14,2.4285714285714284,22,3,7,2,0,0,DFF_Q_MAR_REG_0_,OUT_R_REG_1_,DFF_Q_MAR_REG_0_ -> U193 -> U254 -> U202 -> U255 -> U304 -> U221 -> U220 -> U271 -> U272 -> U176 -> U232 -> U184 -> OUT_R_REG_1_,b08
14,2.2857142857142856,22,3,7,2,0,0,DFF_Q_MAR_REG_0_,OUT_R_REG_1_,DFF_Q_MAR_REG_0_ -> U193 -> U254 -> U202 -> U255 -> U304 -> U221 -> U220 -> U271 -> U272 -> U176 -> U279 -> U184 -> OUT_R_REG_1_,b08
14,2.2857142857142856,22,2,8,2,0,0,DFF_Q_MAR_REG_0_,OUT_R_REG_1_,DFF_Q_MAR_REG_0_ -> U193 -> U254 -> U202 -> U255 -> U304 -> U221 -> U220 -> U271 -> U272 -> U273 -> U280 -> U184 -> OUT_R_REG_1_,b08
10,2.9,15,1,6,1,0,0,DFF_Q_MAR_REG_0_,OUT_R_REG_1_,DFF_Q_MAR_REG_0_ -> U193 -> U254 -> U258 -> U271 -> U272 -> U176 -> U232 -> U184 -> OUT_R_REG_1_,b08
10,2.7,15,1,6,1,0,0,DFF_Q_MAR_REG_0_,OUT_R_REG_1_,DFF_Q_MAR_REG_0_ -> U193 -> U254 -> U258 -> U271 -> U272 -> U176 -> U279 -> U184 -> OUT_R_REG_1_,b08
10,2.7,15,0,7,1,0,0,DFF_Q_MAR_REG_0_,OUT_R_REG_1_,DFF_Q_MAR_REG_0_ -> U193 -> U254 -> U258 -> U271 -> U272 -> U273 -> U280 -> U184 -> OUT_R_REG_1_,b08
12,2.5833333333333335,19,1,8,1,0,0,DFF_Q_MAR_REG_0_,OUT_R_REG_1_,DFF_Q_MAR_REG_0_ -> U193 -> U254 -> U263 -> U312 -> U264 -> U271 -> U272 -> U176 -> U232 -> U184 -> OUT_R_REG_1_,b08
12,2.4166666666666665,19,1,8,1,0,0,DFF_Q_MAR_REG_0_,OUT_R_REG_1_,DFF_Q_MAR_REG_0_ -> U193 -> U254 -> U263 -> U312 -> U264 -> U271 -> U272 -> U176 -> U279 -> U184 -> OUT_R_REG_1_,b08
12,2.4166666666666665,19,0,9,1,0,0,DFF_Q_MAR_REG_0_,OUT_R_REG_1_,DFF_Q_MAR_REG_0_ -> U193 -> U254 -> U263 -> U312 -> U264 -> U271 -> U272 -> U273 -> U280 -> U184 -> OUT_R_REG_1_,b08
13,2.4615384615384617,21,2,8,1,0,0,DFF_Q_MAR_REG_0_,OUT_R_REG_1_,DFF_Q_MAR_REG_0_ -> U193 -> U254 -> U265 -> U308 -> U266 -> U220 -> U271 -> U272 -> U176 -> U232 -> U184 -> OUT_R_REG_1_,b08
13,2.3076923076923075,21,2,8,1,0,0,DFF_Q_MAR_REG_0_,OUT_R_REG_1_,DFF_Q_MAR_REG_0_ -> U193 -> U254 -> U265 -> U308 -> U266 -> U220 -> U271 -> U272 -> U176 -> U279 -> U184 -> OUT_R_REG_1_,b08
13,2.3076923076923075,21,1,9,1,0,0,DFF_Q_MAR_REG_0_,OUT_R_REG_1_,DFF_Q_MAR_REG_0_ -> U193 -> U254 -> U265 -> U308 -> U266 -> U220 -> U271 -> U272 -> U273 -> U280 -> U184 -> OUT_R_REG_1_,b08
11,2.727272727272727,18,1,7,0,1,0,DFF_Q_MAR_REG_0_,OUT_R_REG_1_,DFF_Q_MAR_REG_0_ -> U247 -> U256 -> U313 -> U258 -> U271 -> U272 -> U176 -> U232 -> U184 -> OUT_R_REG_1_,b08
11,2.5454545454545454,18,1,7,0,1,0,DFF_Q_MAR_REG_0_,OUT_R_REG_1_,DFF_Q_MAR_REG_0_ -> U247 -> U256 -> U313 -> U258 -> U271 -> U272 -> U176 -> U279 -> U184 -> OUT_R_REG_1_,b08
11,2.5454545454545454,18,0,8,0,1,0,DFF_Q_MAR_REG_0_,OUT_R_REG_1_,DFF_Q_MAR_REG_0_ -> U247 -> U256 -> U313 -> U258 -> U271 -> U272 -> U273 -> U280 -> U184 -> OUT_R_REG_1_,b08
9,3.0,14,1,5,0,1,0,DFF_Q_MAR_REG_0_,OUT_R_REG_1_,DFF_Q_MAR_REG_0_ -> U247 -> U261 -> U271 -> U272 -> U176 -> U232 -> U184 -> OUT_R_REG_1_,b08
9,2.7777777777777777,14,1,5,0,1,0,DFF_Q_MAR_REG_0_,OUT_R_REG_1_,DFF_Q_MAR_REG_0_ -> U247 -> U261 -> U271 -> U272 -> U176 -> U279 -> U184 -> OUT_R_REG_1_,b08
9,2.7777777777777777,14,0,6,0,1,0,DFF_Q_MAR_REG_0_,OUT_R_REG_1_,DFF_Q_MAR_REG_0_ -> U247 -> U261 -> U271 -> U272 -> U273 -> U280 -> U184 -> OUT_R_REG_1_,b08
9,3.0,14,1,5,0,1,0,DFF_Q_MAR_REG_0_,OUT_R_REG_1_,DFF_Q_MAR_REG_0_ -> U247 -> U264 -> U271 -> U272 -> U176 -> U232 -> U184 -> OUT_R_REG_1_,b08
9,2.7777777777777777,14,1,5,0,1,0,DFF_Q_MAR_REG_0_,OUT_R_REG_1_,DFF_Q_MAR_REG_0_ -> U247 -> U264 -> U271 -> U272 -> U176 -> U279 -> U184 -> OUT_R_REG_1_,b08
9,2.7777777777777777,14,0,6,0,1,0,DFF_Q_MAR_REG_0_,OUT_R_REG_1_,DFF_Q_MAR_REG_0_ -> U247 -> U264 -> U271 -> U272 -> U273 -> U280 -> U184 -> OUT_R_REG_1_,b08
10,2.8,16,2,5,0,1,0,DFF_Q_MAR_REG_0_,OUT_R_REG_1_,DFF_Q_MAR_REG_0_ -> U247 -> U266 -> U220 -> U271 -> U272 -> U176 -> U232 -> U184 -> OUT_R_REG_1_,b08
10,2.6,16,2,5,0,1,0,DFF_Q_MAR_REG_0_,OUT_R_REG_1_,DFF_Q_MAR_REG_0_ -> U247 -> U266 -> U220 -> U271 -> U272 -> U176 -> U279 -> U184 -> OUT_R_REG_1_,b08
10,2.6,16,1,6,0,1,0,DFF_Q_MAR_REG_0_,OUT_R_REG_1_,DFF_Q_MAR_REG_0_ -> U247 -> U266 -> U220 -> U271 -> U272 -> U273 -> U280 -> U184 -> OUT_R_REG_1_,b08
10,2.8,16,2,5,0,1,0,DFF_Q_MAR_REG_0_,OUT_R_REG_1_,DFF_Q_MAR_REG_0_ -> U247 -> U269 -> U220 -> U271 -> U272 -> U176 -> U232 -> U184 -> OUT_R_REG_1_,b08
10,2.6,16,2,5,0,1,0,DFF_Q_MAR_REG_0_,OUT_R_REG_1_,DFF_Q_MAR_REG_0_ -> U247 -> U269 -> U220 -> U271 -> U272 -> U176 -> U279 -> U184 -> OUT_R_REG_1_,b08
10,2.6,16,1,6,0,1,0,DFF_Q_MAR_REG_0_,OUT_R_REG_1_,DFF_Q_MAR_REG_0_ -> U247 -> U269 -> U220 -> U271 -> U272 -> U273 -> U280 -> U184 -> OUT_R_REG_1_,b08
6,3.0,8,0,3,0,1,0,DFF_Q_MAR_REG_0_,OUT_R_REG_1_,DFF_Q_MAR_REG_0_ -> U247 -> U278 -> U279 -> U184 -> OUT_R_REG_1_,b08
11,2.6363636363636362,18,3,5,0,1,0,DFF_Q_MAR_REG_0_,OUT_R_REG_1_,DFF_Q_MAR_REG_0_ -> U247 -> U303 -> U221 -> U220 -> U271 -> U272 -> U176 -> U232 -> U184 -> OUT_R_REG_1_,b08
11,2.4545454545454546,18,3,5,0,1,0,DFF_Q_MAR_REG_0_,OUT_R_REG_1_,DFF_Q_MAR_REG_0_ -> U247 -> U303 -> U221 -> U220 -> U271 -> U272 -> U176 -> U279 -> U184 -> OUT_R_REG_1_,b08
11,2.4545454545454546,18,2,6,0,1,0,DFF_Q_MAR_REG_0_,OUT_R_REG_1_,DFF_Q_MAR_REG_0_ -> U247 -> U303 -> U221 -> U220 -> U271 -> U272 -> U273 -> U280 -> U184 -> OUT_R_REG_1_,b08
11,2.6363636363636362,18,3,5,0,1,0,DFF_Q_MAR_REG_0_,OUT_R_REG_1_,DFF_Q_MAR_REG_0_ -> U247 -> U306 -> U221 -> U220 -> U271 -> U272 -> U176 -> U232 -> U184 -> OUT_R_REG_1_,b08
11,2.4545454545454546,18,3,5,0,1,0,DFF_Q_MAR_REG_0_,OUT_R_REG_1_,DFF_Q_MAR_REG_0_ -> U247 -> U306 -> U221 -> U220 -> U271 -> U272 -> U176 -> U279 -> U184 -> OUT_R_REG_1_,b08
11,2.4545454545454546,18,2,6,0,1,0,DFF_Q_MAR_REG_0_,OUT_R_REG_1_,DFF_Q_MAR_REG_0_ -> U247 -> U306 -> U221 -> U220 -> U271 -> U272 -> U273 -> U280 -> U184 -> OUT_R_REG_1_,b08
17,2.235294117647059,28,3,10,2,0,0,DFF_Q_MAR_REG_0_,OUT_R_REG_1_,DFF_Q_MAR_REG_0_ -> U248 -> U181 -> U200 -> U253 -> U201 -> U262 -> U265 -> U308 -> U266 -> U220 -> U271 -> U272 -> U176 -> U232 -> U184 -> OUT_R_REG_1_,b08
17,2.1176470588235294,28,3,10,2,0,0,DFF_Q_MAR_REG_0_,OUT_R_REG_1_,DFF_Q_MAR_REG_0_ -> U248 -> U181 -> U200 -> U253 -> U201 -> U262 -> U265 -> U308 -> U266 -> U220 -> U271 -> U272 -> U176 -> U279 -> U184 -> OUT_R_REG_1_,b08
17,2.1176470588235294,28,2,11,2,0,0,DFF_Q_MAR_REG_0_,OUT_R_REG_1_,DFF_Q_MAR_REG_0_ -> U248 -> U181 -> U200 -> U253 -> U201 -> U262 -> U265 -> U308 -> U266 -> U220 -> U271 -> U272 -> U273 -> U280 -> U184 -> OUT_R_REG_1_,b08
17,2.235294117647059,28,3,10,2,0,0,DFF_Q_MAR_REG_0_,OUT_R_REG_1_,DFF_Q_MAR_REG_0_ -> U248 -> U181 -> U200 -> U253 -> U201 -> U262 -> U267 -> U309 -> U269 -> U220 -> U271 -> U272 -> U176 -> U232 -> U184 -> OUT_R_REG_1_,b08
17,2.1176470588235294,28,3,10,2,0,0,DFF_Q_MAR_REG_0_,OUT_R_REG_1_,DFF_Q_MAR_REG_0_ -> U248 -> U181 -> U200 -> U253 -> U201 -> U262 -> U267 -> U309 -> U269 -> U220 -> U271 -> U272 -> U176 -> U279 -> U184 -> OUT_R_REG_1_,b08
17,2.1176470588235294,28,2,11,2,0,0,DFF_Q_MAR_REG_0_,OUT_R_REG_1_,DFF_Q_MAR_REG_0_ -> U248 -> U181 -> U200 -> U253 -> U201 -> U262 -> U267 -> U309 -> U269 -> U220 -> U271 -> U272 -> U273 -> U280 -> U184 -> OUT_R_REG_1_,b08
14,2.4285714285714284,23,2,9,1,0,0,DFF_Q_MAR_REG_0_,OUT_R_REG_1_,DFF_Q_MAR_REG_0_ -> U248 -> U181 -> U200 -> U253 -> U201 -> U311 -> U264 -> U271 -> U272 -> U176 -> U232 -> U184 -> OUT_R_REG_1_,b08
14,2.2857142857142856,23,2,9,1,0,0,DFF_Q_MAR_REG_0_,OUT_R_REG_1_,DFF_Q_MAR_REG_0_ -> U248 -> U181 -> U200 -> U253 -> U201 -> U311 -> U264 -> U271 -> U272 -> U176 -> U279 -> U184 -> OUT_R_REG_1_,b08
14,2.2857142857142856,23,1,10,1,0,0,DFF_Q_MAR_REG_0_,OUT_R_REG_1_,DFF_Q_MAR_REG_0_ -> U248 -> U181 -> U200 -> U253 -> U201 -> U311 -> U264 -> U271 -> U272 -> U273 -> U280 -> U184 -> OUT_R_REG_1_,b08
16,2.25,26,4,8,2,0,0,DFF_Q_MAR_REG_0_,OUT_R_REG_1_,DFF_Q_MAR_REG_0_ -> U248 -> U181 -> U200 -> U253 -> U203 -> U259 -> U306 -> U221 -> U220 -> U271 -> U272 -> U176 -> U232 -> U184 -> OUT_R_REG_1_,b08
16,2.125,26,4,8,2,0,0,DFF_Q_MAR_REG_0_,OUT_R_REG_1_,DFF_Q_MAR_REG_0_ -> U248 -> U181 -> U200 -> U253 -> U203 -> U259 -> U306 -> U221 -> U220 -> U271 -> U272 -> U176 -> U279 -> U184 -> OUT_R_REG_1_,b08
16,2.125,26,3,9,2,0,0,DFF_Q_MAR_REG_0_,OUT_R_REG_1_,DFF_Q_MAR_REG_0_ -> U248 -> U181 -> U200 -> U253 -> U203 -> U259 -> U306 -> U221 -> U220 -> U271 -> U272 -> U273 -> U280 -> U184 -> OUT_R_REG_1_,b08
15,2.3333333333333335,25,3,9,1,0,0,DFF_Q_MAR_REG_0_,OUT_R_REG_1_,DFF_Q_MAR_REG_0_ -> U248 -> U181 -> U200 -> U253 -> U203 -> U307 -> U266 -> U220 -> U271 -> U272 -> U176 -> U232 -> U184 -> OUT_R_REG_1_,b08
15,2.2,25,3,9,1,0,0,DFF_Q_MAR_REG_0_,OUT_R_REG_1_,DFF_Q_MAR_REG_0_ -> U248 -> U181 -> U200 -> U253 -> U203 -> U307 -> U266 -> U220 -> U271 -> U272 -> U176 -> U279 -> U184 -> OUT_R_REG_1_,b08
15,2.2,25,2,10,1,0,0,DFF_Q_MAR_REG_0_,OUT_R_REG_1_,DFF_Q_MAR_REG_0_ -> U248 -> U181 -> U200 -> U253 -> U203 -> U307 -> U266 -> U220 -> U271 -> U272 -> U273 -> U280 -> U184 -> OUT_R_REG_1_,b08
14,2.4285714285714284,23,2,9,1,0,0,DFF_Q_MAR_REG_0_,OUT_R_REG_1_,DFF_Q_MAR_REG_0_ -> U248 -> U181 -> U200 -> U253 -> U256 -> U313 -> U258 -> U271 -> U272 -> U176 -> U232 -> U184 -> OUT_R_REG_1_,b08
14,2.2857142857142856,23,2,9,1,0,0,DFF_Q_MAR_REG_0_,OUT_R_REG_1_,DFF_Q_MAR_REG_0_ -> U248 -> U181 -> U200 -> U253 -> U256 -> U313 -> U258 -> U271 -> U272 -> U176 -> U279 -> U184 -> OUT_R_REG_1_,b08
14,2.2857142857142856,23,1,10,1,0,0,DFF_Q_MAR_REG_0_,OUT_R_REG_1_,DFF_Q_MAR_REG_0_ -> U248 -> U181 -> U200 -> U253 -> U256 -> U313 -> U258 -> U271 -> U272 -> U273 -> U280 -> U184 -> OUT_R_REG_1_,b08
14,2.357142857142857,23,4,7,1,0,0,DFF_Q_MAR_REG_0_,OUT_R_REG_1_,DFF_Q_MAR_REG_0_ -> U248 -> U181 -> U200 -> U253 -> U304 -> U221 -> U220 -> U271 -> U272 -> U176 -> U232 -> U184 -> OUT_R_REG_1_,b08
14,2.2142857142857144,23,4,7,1,0,0,DFF_Q_MAR_REG_0_,OUT_R_REG_1_,DFF_Q_MAR_REG_0_ -> U248 -> U181 -> U200 -> U253 -> U304 -> U221 -> U220 -> U271 -> U272 -> U176 -> U279 -> U184 -> OUT_R_REG_1_,b08
14,2.2142857142857144,23,3,8,1,0,0,DFF_Q_MAR_REG_0_,OUT_R_REG_1_,DFF_Q_MAR_REG_0_ -> U248 -> U181 -> U200 -> U253 -> U304 -> U221 -> U220 -> U271 -> U272 -> U273 -> U280 -> U184 -> OUT_R_REG_1_,b08
14,2.357142857142857,23,4,7,1,0,0,DFF_Q_MAR_REG_0_,OUT_R_REG_1_,DFF_Q_MAR_REG_0_ -> U248 -> U181 -> U200 -> U253 -> U305 -> U221 -> U220 -> U271 -> U272 -> U176 -> U232 -> U184 -> OUT_R_REG_1_,b08
14,2.2142857142857144,23,4,7,1,0,0,DFF_Q_MAR_REG_0_,OUT_R_REG_1_,DFF_Q_MAR_REG_0_ -> U248 -> U181 -> U200 -> U253 -> U305 -> U221 -> U220 -> U271 -> U272 -> U176 -> U279 -> U184 -> OUT_R_REG_1_,b08
14,2.2142857142857144,23,3,8,1,0,0,DFF_Q_MAR_REG_0_,OUT_R_REG_1_,DFF_Q_MAR_REG_0_ -> U248 -> U181 -> U200 -> U253 -> U305 -> U221 -> U220 -> U271 -> U272 -> U273 -> U280 -> U184 -> OUT_R_REG_1_,b08
12,2.25,20,2,8,0,0,0,DFF_Q_MAR_REG_0_,OUT_R_REG_1_,DFF_Q_MAR_REG_0_ -> U248 -> U181 -> U200 -> U315 -> U261 -> U271 -> U272 -> U176 -> U232 -> U184 -> OUT_R_REG_1_,b08
12,2.0833333333333335,20,2,8,0,0,0,DFF_Q_MAR_REG_0_,OUT_R_REG_1_,DFF_Q_MAR_REG_0_ -> U248 -> U181 -> U200 -> U315 -> U261 -> U271 -> U272 -> U176 -> U279 -> U184 -> OUT_R_REG_1_,b08
12,2.0833333333333335,20,1,9,0,0,0,DFF_Q_MAR_REG_0_,OUT_R_REG_1_,DFF_Q_MAR_REG_0_ -> U248 -> U181 -> U200 -> U315 -> U261 -> U271 -> U272 -> U273 -> U280 -> U184 -> OUT_R_REG_1_,b08
12,2.1666666666666665,20,2,8,0,0,0,DFF_Q_MAR_REG_0_,OUT_R_REG_1_,DFF_Q_MAR_REG_0_ -> U248 -> U181 -> U260 -> U316 -> U261 -> U271 -> U272 -> U176 -> U232 -> U184 -> OUT_R_REG_1_,b08
12,2.0,20,2,8,0,0,0,DFF_Q_MAR_REG_0_,OUT_R_REG_1_,DFF_Q_MAR_REG_0_ -> U248 -> U181 -> U260 -> U316 -> U261 -> U271 -> U272 -> U176 -> U279 -> U184 -> OUT_R_REG_1_,b08
12,2.0,20,1,9,0,0,0,DFF_Q_MAR_REG_0_,OUT_R_REG_1_,DFF_Q_MAR_REG_0_ -> U248 -> U181 -> U260 -> U316 -> U261 -> U271 -> U272 -> U273 -> U280 -> U184 -> OUT_R_REG_1_,b08
10,2.3,16,2,6,0,0,0,DFF_Q_MAR_REG_0_,OUT_R_REG_1_,DFF_Q_MAR_REG_0_ -> U248 -> U270 -> U220 -> U271 -> U272 -> U176 -> U232 -> U184 -> OUT_R_REG_1_,b08
10,2.1,16,2,6,0,0,0,DFF_Q_MAR_REG_0_,OUT_R_REG_1_,DFF_Q_MAR_REG_0_ -> U248 -> U270 -> U220 -> U271 -> U272 -> U176 -> U279 -> U184 -> OUT_R_REG_1_,b08
10,2.1,16,1,7,0,0,0,DFF_Q_MAR_REG_0_,OUT_R_REG_1_,DFF_Q_MAR_REG_0_ -> U248 -> U270 -> U220 -> U271 -> U272 -> U273 -> U280 -> U184 -> OUT_R_REG_1_,b08
11,2.1818181818181817,18,3,6,0,0,0,DFF_Q_MAR_REG_0_,OUT_R_REG_1_,DFF_Q_MAR_REG_0_ -> U248 -> U303 -> U221 -> U220 -> U271 -> U272 -> U176 -> U232 -> U184 -> OUT_R_REG_1_,b08
11,2.0,18,3,6,0,0,0,DFF_Q_MAR_REG_0_,OUT_R_REG_1_,DFF_Q_MAR_REG_0_ -> U248 -> U303 -> U221 -> U220 -> U271 -> U272 -> U176 -> U279 -> U184 -> OUT_R_REG_1_,b08
11,2.0,18,2,7,0,0,0,DFF_Q_MAR_REG_0_,OUT_R_REG_1_,DFF_Q_MAR_REG_0_ -> U248 -> U303 -> U221 -> U220 -> U271 -> U272 -> U273 -> U280 -> U184 -> OUT_R_REG_1_,b08
12,2.4166666666666665,20,2,8,0,0,0,DFF_Q_MAR_REG_0_,OUT_R_REG_1_,DFF_Q_MAR_REG_0_ -> U249 -> U180 -> U257 -> U314 -> U258 -> U271 -> U272 -> U176 -> U232 -> U184 -> OUT_R_REG_1_,b08
12,2.25,20,2,8,0,0,0,DFF_Q_MAR_REG_0_,OUT_R_REG_1_,DFF_Q_MAR_REG_0_ -> U249 -> U180 -> U257 -> U314 -> U258 -> U271 -> U272 -> U176 -> U279 -> U184 -> OUT_R_REG_1_,b08
12,2.25,20,1,9,0,0,0,DFF_Q_MAR_REG_0_,OUT_R_REG_1_,DFF_Q_MAR_REG_0_ -> U249 -> U180 -> U257 -> U314 -> U258 -> U271 -> U272 -> U273 -> U280 -> U184 -> OUT_R_REG_1_,b08
12,2.4166666666666665,20,2,8,0,0,0,DFF_Q_MAR_REG_0_,OUT_R_REG_1_,DFF_Q_MAR_REG_0_ -> U249 -> U180 -> U263 -> U312 -> U264 -> U271 -> U272 -> U176 -> U232 -> U184 -> OUT_R_REG_1_,b08
12,2.25,20,2,8,0,0,0,DFF_Q_MAR_REG_0_,OUT_R_REG_1_,DFF_Q_MAR_REG_0_ -> U249 -> U180 -> U263 -> U312 -> U264 -> U271 -> U272 -> U176 -> U279 -> U184 -> OUT_R_REG_1_,b08
12,2.25,20,1,9,0,0,0,DFF_Q_MAR_REG_0_,OUT_R_REG_1_,DFF_Q_MAR_REG_0_ -> U249 -> U180 -> U263 -> U312 -> U264 -> U271 -> U272 -> U273 -> U280 -> U184 -> OUT_R_REG_1_,b08
12,2.4166666666666665,20,4,6,0,0,0,DFF_Q_MAR_REG_0_,OUT_R_REG_1_,DFF_Q_MAR_REG_0_ -> U249 -> U180 -> U303 -> U221 -> U220 -> U271 -> U272 -> U176 -> U232 -> U184 -> OUT_R_REG_1_,b08
12,2.25,20,4,6,0,0,0,DFF_Q_MAR_REG_0_,OUT_R_REG_1_,DFF_Q_MAR_REG_0_ -> U249 -> U180 -> U303 -> U221 -> U220 -> U271 -> U272 -> U176 -> U279 -> U184 -> OUT_R_REG_1_,b08
12,2.25,20,3,7,0,0,0,DFF_Q_MAR_REG_0_,OUT_R_REG_1_,DFF_Q_MAR_REG_0_ -> U249 -> U180 -> U303 -> U221 -> U220 -> U271 -> U272 -> U273 -> U280 -> U184 -> OUT_R_REG_1_,b08
13,2.230769230769231,21,3,7,1,0,0,DFF_Q_MAR_REG_0_,OUT_R_REG_1_,DFF_Q_MAR_REG_0_ -> U249 -> U203 -> U259 -> U306 -> U221 -> U220 -> U271 -> U272 -> U176 -> U232 -> U184 -> OUT_R_REG_1_,b08
13,2.076923076923077,21,3,7,1,0,0,DFF_Q_MAR_REG_0_,OUT_R_REG_1_,DFF_Q_MAR_REG_0_ -> U249 -> U203 -> U259 -> U306 -> U221 -> U220 -> U271 -> U272 -> U176 -> U279 -> U184 -> OUT_R_REG_1_,b08
13,2.076923076923077,21,2,8,1,0,0,DFF_Q_MAR_REG_0_,OUT_R_REG_1_,DFF_Q_MAR_REG_0_ -> U249 -> U203 -> U259 -> U306 -> U221 -> U220 -> U271 -> U272 -> U273 -> U280 -> U184 -> OUT_R_REG_1_,b08
12,2.3333333333333335,20,2,8,0,0,0,DFF_Q_MAR_REG_0_,OUT_R_REG_1_,DFF_Q_MAR_REG_0_ -> U249 -> U203 -> U307 -> U266 -> U220 -> U271 -> U272 -> U176 -> U232 -> U184 -> OUT_R_REG_1_,b08
12,2.1666666666666665,20,2,8,0,0,0,DFF_Q_MAR_REG_0_,OUT_R_REG_1_,DFF_Q_MAR_REG_0_ -> U249 -> U203 -> U307 -> U266 -> U220 -> U271 -> U272 -> U176 -> U279 -> U184 -> OUT_R_REG_1_,b08
12,2.1666666666666665,20,1,9,0,0,0,DFF_Q_MAR_REG_0_,OUT_R_REG_1_,DFF_Q_MAR_REG_0_ -> U249 -> U203 -> U307 -> U266 -> U220 -> U271 -> U272 -> U273 -> U280 -> U184 -> OUT_R_REG_1_,b08
9,2.6666666666666665,14,1,6,0,0,0,DFF_Q_MAR_REG_0_,OUT_R_REG_1_,DFF_Q_MAR_REG_0_ -> U249 -> U261 -> U271 -> U272 -> U176 -> U232 -> U184 -> OUT_R_REG_1_,b08
9,2.4444444444444446,14,1,6,0,0,0,DFF_Q_MAR_REG_0_,OUT_R_REG_1_,DFF_Q_MAR_REG_0_ -> U249 -> U261 -> U271 -> U272 -> U176 -> U279 -> U184 -> OUT_R_REG_1_,b08
9,2.4444444444444446,14,0,7,0,0,0,DFF_Q_MAR_REG_0_,OUT_R_REG_1_,DFF_Q_MAR_REG_0_ -> U249 -> U261 -> U271 -> U272 -> U273 -> U280 -> U184 -> OUT_R_REG_1_,b08
12,2.25,20,2,8,0,0,0,DFF_Q_MAR_REG_0_,OUT_R_REG_1_,DFF_Q_MAR_REG_0_ -> U249 -> U267 -> U309 -> U269 -> U220 -> U271 -> U272 -> U176 -> U232 -> U184 -> OUT_R_REG_1_,b08
12,2.0833333333333335,20,2,8,0,0,0,DFF_Q_MAR_REG_0_,OUT_R_REG_1_,DFF_Q_MAR_REG_0_ -> U249 -> U267 -> U309 -> U269 -> U220 -> U271 -> U272 -> U176 -> U279 -> U184 -> OUT_R_REG_1_,b08
12,2.0833333333333335,20,1,9,0,0,0,DFF_Q_MAR_REG_0_,OUT_R_REG_1_,DFF_Q_MAR_REG_0_ -> U249 -> U267 -> U309 -> U269 -> U220 -> U271 -> U272 -> U273 -> U280 -> U184 -> OUT_R_REG_1_,b08
6,2.5,8,0,4,0,0,0,DFF_Q_MAR_REG_0_,OUT_R_REG_1_,DFF_Q_MAR_REG_0_ -> U249 -> U278 -> U279 -> U184 -> OUT_R_REG_1_,b08
14,2.357142857142857,24,4,8,0,0,0,DFF_Q_MAR_REG_0_,OUT_R_REG_0_,DFF_Q_MAR_REG_0_ -> U178 -> U195 -> U179 -> U182 -> U260 -> U316 -> U261 -> U271 -> U272 -> U176 -> U232 -> U183 -> OUT_R_REG_0_,b08
14,2.2142857142857144,24,3,9,0,0,0,DFF_Q_MAR_REG_0_,OUT_R_REG_0_,DFF_Q_MAR_REG_0_ -> U178 -> U195 -> U179 -> U182 -> U260 -> U316 -> U261 -> U271 -> U272 -> U273 -> U281 -> U183 -> OUT_R_REG_0_,b08
15,2.2666666666666666,26,5,8,0,0,0,DFF_Q_MAR_REG_0_,OUT_R_REG_0_,DFF_Q_MAR_REG_0_ -> U178 -> U195 -> U179 -> U182 -> U268 -> U310 -> U269 -> U220 -> U271 -> U272 -> U176 -> U232 -> U183 -> OUT_R_REG_0_,b08
15,2.1333333333333333,26,4,9,0,0,0,DFF_Q_MAR_REG_0_,OUT_R_REG_0_,DFF_Q_MAR_REG_0_ -> U178 -> U195 -> U179 -> U182 -> U268 -> U310 -> U269 -> U220 -> U271 -> U272 -> U273 -> U281 -> U183 -> OUT_R_REG_0_,b08
14,2.357142857142857,24,6,6,0,0,0,DFF_Q_MAR_REG_0_,OUT_R_REG_0_,DFF_Q_MAR_REG_0_ -> U178 -> U195 -> U179 -> U182 -> U305 -> U221 -> U220 -> U271 -> U272 -> U176 -> U232 -> U183 -> OUT_R_REG_0_,b08
14,2.2142857142857144,24,5,7,0,0,0,DFF_Q_MAR_REG_0_,OUT_R_REG_0_,DFF_Q_MAR_REG_0_ -> U178 -> U195 -> U179 -> U182 -> U305 -> U221 -> U220 -> U271 -> U272 -> U273 -> U281 -> U183 -> OUT_R_REG_0_,b08
16,2.25,27,4,9,1,0,0,DFF_Q_MAR_REG_0_,OUT_R_REG_0_,DFF_Q_MAR_REG_0_ -> U178 -> U195 -> U179 -> U199 -> U252 -> U180 -> U257 -> U314 -> U258 -> U271 -> U272 -> U176 -> U232 -> U183 -> OUT_R_REG_0_,b08
16,2.125,27,3,10,1,0,0,DFF_Q_MAR_REG_0_,OUT_R_REG_0_,DFF_Q_MAR_REG_0_ -> U178 -> U195 -> U179 -> U199 -> U252 -> U180 -> U257 -> U314 -> U258 -> U271 -> U272 -> U273 -> U281 -> U183 -> OUT_R_REG_0_,b08
16,2.25,27,4,9,1,0,0,DFF_Q_MAR_REG_0_,OUT_R_REG_0_,DFF_Q_MAR_REG_0_ -> U178 -> U195 -> U179 -> U199 -> U252 -> U180 -> U263 -> U312 -> U264 -> U271 -> U272 -> U176 -> U232 -> U183 -> OUT_R_REG_0_,b08
16,2.125,27,3,10,1,0,0,DFF_Q_MAR_REG_0_,OUT_R_REG_0_,DFF_Q_MAR_REG_0_ -> U178 -> U195 -> U179 -> U199 -> U252 -> U180 -> U263 -> U312 -> U264 -> U271 -> U272 -> U273 -> U281 -> U183 -> OUT_R_REG_0_,b08
16,2.25,27,6,7,1,0,0,DFF_Q_MAR_REG_0_,OUT_R_REG_0_,DFF_Q_MAR_REG_0_ -> U178 -> U195 -> U179 -> U199 -> U252 -> U180 -> U303 -> U221 -> U220 -> U271 -> U272 -> U176 -> U232 -> U183 -> OUT_R_REG_0_,b08
16,2.125,27,5,8,1,0,0,DFF_Q_MAR_REG_0_,OUT_R_REG_0_,DFF_Q_MAR_REG_0_ -> U178 -> U195 -> U179 -> U199 -> U252 -> U180 -> U303 -> U221 -> U220 -> U271 -> U272 -> U273 -> U281 -> U183 -> OUT_R_REG_0_,b08
15,2.2,25,5,7,1,0,0,DFF_Q_MAR_REG_0_,OUT_R_REG_0_,DFF_Q_MAR_REG_0_ -> U178 -> U195 -> U179 -> U203 -> U259 -> U306 -> U221 -> U220 -> U271 -> U272 -> U176 -> U232 -> U183 -> OUT_R_REG_0_,b08
15,2.066666666666667,25,4,8,1,0,0,DFF_Q_MAR_REG_0_,OUT_R_REG_0_,DFF_Q_MAR_REG_0_ -> U178 -> U195 -> U179 -> U203 -> U259 -> U306 -> U221 -> U220 -> U271 -> U272 -> U273 -> U281 -> U183 -> OUT_R_REG_0_,b08
14,2.2857142857142856,24,4,8,0,0,0,DFF_Q_MAR_REG_0_,OUT_R_REG_0_,DFF_Q_MAR_REG_0_ -> U178 -> U195 -> U179 -> U203 -> U307 -> U266 -> U220 -> U271 -> U272 -> U176 -> U232 -> U183 -> OUT_R_REG_0_,b08
14,2.142857142857143,24,3,9,0,0,0,DFF_Q_MAR_REG_0_,OUT_R_REG_0_,DFF_Q_MAR_REG_0_ -> U178 -> U195 -> U179 -> U203 -> U307 -> U266 -> U220 -> U271 -> U272 -> U273 -> U281 -> U183 -> OUT_R_REG_0_,b08
12,2.4166666666666665,20,4,6,0,0,0,DFF_Q_MAR_REG_0_,OUT_R_REG_0_,DFF_Q_MAR_REG_0_ -> U178 -> U195 -> U179 -> U270 -> U220 -> U271 -> U272 -> U176 -> U232 -> U183 -> OUT_R_REG_0_,b08
12,2.25,20,3,7,0,0,0,DFF_Q_MAR_REG_0_,OUT_R_REG_0_,DFF_Q_MAR_REG_0_ -> U178 -> U195 -> U179 -> U270 -> U220 -> U271 -> U272 -> U273 -> U281 -> U183 -> OUT_R_REG_0_,b08
15,2.066666666666667,25,3,9,1,0,0,DFF_Q_MAR_REG_0_,OUT_R_REG_0_,DFF_Q_MAR_REG_0_ -> U178 -> U195 -> U201 -> U262 -> U265 -> U308 -> U266 -> U220 -> U271 -> U272 -> U176 -> U232 -> U183 -> OUT_R_REG_0_,b08
15,1.9333333333333333,25,2,10,1,0,0,DFF_Q_MAR_REG_0_,OUT_R_REG_0_,DFF_Q_MAR_REG_0_ -> U178 -> U195 -> U201 -> U262 -> U265 -> U308 -> U266 -> U220 -> U271 -> U272 -> U273 -> U281 -> U183 -> OUT_R_REG_0_,b08
15,2.066666666666667,25,3,9,1,0,0,DFF_Q_MAR_REG_0_,OUT_R_REG_0_,DFF_Q_MAR_REG_0_ -> U178 -> U195 -> U201 -> U262 -> U267 -> U309 -> U269 -> U220 -> U271 -> U272 -> U176 -> U232 -> U183 -> OUT_R_REG_0_,b08
15,1.9333333333333333,25,2,10,1,0,0,DFF_Q_MAR_REG_0_,OUT_R_REG_0_,DFF_Q_MAR_REG_0_ -> U178 -> U195 -> U201 -> U262 -> U267 -> U309 -> U269 -> U220 -> U271 -> U272 -> U273 -> U281 -> U183 -> OUT_R_REG_0_,b08
12,2.25,20,2,8,0,0,0,DFF_Q_MAR_REG_0_,OUT_R_REG_0_,DFF_Q_MAR_REG_0_ -> U178 -> U195 -> U201 -> U311 -> U264 -> U271 -> U272 -> U176 -> U232 -> U183 -> OUT_R_REG_0_,b08
12,2.0833333333333335,20,1,9,0,0,0,DFF_Q_MAR_REG_0_,OUT_R_REG_0_,DFF_Q_MAR_REG_0_ -> U178 -> U195 -> U201 -> U311 -> U264 -> U271 -> U272 -> U273 -> U281 -> U183 -> OUT_R_REG_0_,b08
17,2.411764705882353,28,3,10,2,0,0,DFF_Q_MAR_REG_0_,OUT_R_REG_0_,DFF_Q_MAR_REG_0_ -> U178 -> U198 -> U200 -> U253 -> U201 -> U262 -> U265 -> U308 -> U266 -> U220 -> U271 -> U272 -> U176 -> U232 -> U183 -> OUT_R_REG_0_,b08
17,2.2941176470588234,28,2,11,2,0,0,DFF_Q_MAR_REG_0_,OUT_R_REG_0_,DFF_Q_MAR_REG_0_ -> U178 -> U198 -> U200 -> U253 -> U201 -> U262 -> U265 -> U308 -> U266 -> U220 -> U271 -> U272 -> U273 -> U281 -> U183 -> OUT_R_REG_0_,b08
17,2.411764705882353,28,3,10,2,0,0,DFF_Q_MAR_REG_0_,OUT_R_REG_0_,DFF_Q_MAR_REG_0_ -> U178 -> U198 -> U200 -> U253 -> U201 -> U262 -> U267 -> U309 -> U269 -> U220 -> U271 -> U272 -> U176 -> U232 -> U183 -> OUT_R_REG_0_,b08
17,2.2941176470588234,28,2,11,2,0,0,DFF_Q_MAR_REG_0_,OUT_R_REG_0_,DFF_Q_MAR_REG_0_ -> U178 -> U198 -> U200 -> U253 -> U201 -> U262 -> U267 -> U309 -> U269 -> U220 -> U271 -> U272 -> U273 -> U281 -> U183 -> OUT_R_REG_0_,b08
14,2.642857142857143,23,2,9,1,0,0,DFF_Q_MAR_REG_0_,OUT_R_REG_0_,DFF_Q_MAR_REG_0_ -> U178 -> U198 -> U200 -> U253 -> U201 -> U311 -> U264 -> U271 -> U272 -> U176 -> U232 -> U183 -> OUT_R_REG_0_,b08
14,2.5,23,1,10,1,0,0,DFF_Q_MAR_REG_0_,OUT_R_REG_0_,DFF_Q_MAR_REG_0_ -> U178 -> U198 -> U200 -> U253 -> U201 -> U311 -> U264 -> U271 -> U272 -> U273 -> U281 -> U183 -> OUT_R_REG_0_,b08
16,2.4375,26,4,8,2,0,0,DFF_Q_MAR_REG_0_,OUT_R_REG_0_,DFF_Q_MAR_REG_0_ -> U178 -> U198 -> U200 -> U253 -> U203 -> U259 -> U306 -> U221 -> U220 -> U271 -> U272 -> U176 -> U232 -> U183 -> OUT_R_REG_0_,b08
16,2.3125,26,3,9,2,0,0,DFF_Q_MAR_REG_0_,OUT_R_REG_0_,DFF_Q_MAR_REG_0_ -> U178 -> U198 -> U200 -> U253 -> U203 -> U259 -> U306 -> U221 -> U220 -> U271 -> U272 -> U273 -> U281 -> U183 -> OUT_R_REG_0_,b08
15,2.533333333333333,25,3,9,1,0,0,DFF_Q_MAR_REG_0_,OUT_R_REG_0_,DFF_Q_MAR_REG_0_ -> U178 -> U198 -> U200 -> U253 -> U203 -> U307 -> U266 -> U220 -> U271 -> U272 -> U176 -> U232 -> U183 -> OUT_R_REG_0_,b08
15,2.4,25,2,10,1,0,0,DFF_Q_MAR_REG_0_,OUT_R_REG_0_,DFF_Q_MAR_REG_0_ -> U178 -> U198 -> U200 -> U253 -> U203 -> U307 -> U266 -> U220 -> U271 -> U272 -> U273 -> U281 -> U183 -> OUT_R_REG_0_,b08
14,2.642857142857143,23,2,9,1,0,0,DFF_Q_MAR_REG_0_,OUT_R_REG_0_,DFF_Q_MAR_REG_0_ -> U178 -> U198 -> U200 -> U253 -> U256 -> U313 -> U258 -> U271 -> U272 -> U176 -> U232 -> U183 -> OUT_R_REG_0_,b08
14,2.5,23,1,10,1,0,0,DFF_Q_MAR_REG_0_,OUT_R_REG_0_,DFF_Q_MAR_REG_0_ -> U178 -> U198 -> U200 -> U253 -> U256 -> U313 -> U258 -> U271 -> U272 -> U273 -> U281 -> U183 -> OUT_R_REG_0_,b08
14,2.5714285714285716,23,4,7,1,0,0,DFF_Q_MAR_REG_0_,OUT_R_REG_0_,DFF_Q_MAR_REG_0_ -> U178 -> U198 -> U200 -> U253 -> U304 -> U221 -> U220 -> U271 -> U272 -> U176 -> U232 -> U183 -> OUT_R_REG_0_,b08
14,2.4285714285714284,23,3,8,1,0,0,DFF_Q_MAR_REG_0_,OUT_R_REG_0_,DFF_Q_MAR_REG_0_ -> U178 -> U198 -> U200 -> U253 -> U304 -> U221 -> U220 -> U271 -> U272 -> U273 -> U281 -> U183 -> OUT_R_REG_0_,b08
14,2.5714285714285716,23,4,7,1,0,0,DFF_Q_MAR_REG_0_,OUT_R_REG_0_,DFF_Q_MAR_REG_0_ -> U178 -> U198 -> U200 -> U253 -> U305 -> U221 -> U220 -> U271 -> U272 -> U176 -> U232 -> U183 -> OUT_R_REG_0_,b08
14,2.4285714285714284,23,3,8,1,0,0,DFF_Q_MAR_REG_0_,OUT_R_REG_0_,DFF_Q_MAR_REG_0_ -> U178 -> U198 -> U200 -> U253 -> U305 -> U221 -> U220 -> U271 -> U272 -> U273 -> U281 -> U183 -> OUT_R_REG_0_,b08
12,2.5,20,2,8,0,0,0,DFF_Q_MAR_REG_0_,OUT_R_REG_0_,DFF_Q_MAR_REG_0_ -> U178 -> U198 -> U200 -> U315 -> U261 -> U271 -> U272 -> U176 -> U232 -> U183 -> OUT_R_REG_0_,b08
12,2.3333333333333335,20,1,9,0,0,0,DFF_Q_MAR_REG_0_,OUT_R_REG_0_,DFF_Q_MAR_REG_0_ -> U178 -> U198 -> U200 -> U315 -> U261 -> U271 -> U272 -> U273 -> U281 -> U183 -> OUT_R_REG_0_,b08
12,2.4166666666666665,20,2,8,0,0,0,DFF_Q_MAR_REG_0_,OUT_R_REG_0_,DFF_Q_MAR_REG_0_ -> U178 -> U198 -> U257 -> U314 -> U258 -> U271 -> U272 -> U176 -> U232 -> U183 -> OUT_R_REG_0_,b08
12,2.25,20,1,9,0,0,0,DFF_Q_MAR_REG_0_,OUT_R_REG_0_,DFF_Q_MAR_REG_0_ -> U178 -> U198 -> U257 -> U314 -> U258 -> U271 -> U272 -> U273 -> U281 -> U183 -> OUT_R_REG_0_,b08
13,2.3076923076923075,22,3,8,0,0,0,DFF_Q_MAR_REG_0_,OUT_R_REG_0_,DFF_Q_MAR_REG_0_ -> U178 -> U198 -> U268 -> U310 -> U269 -> U220 -> U271 -> U272 -> U176 -> U232 -> U183 -> OUT_R_REG_0_,b08
13,2.1538461538461537,22,2,9,0,0,0,DFF_Q_MAR_REG_0_,OUT_R_REG_0_,DFF_Q_MAR_REG_0_ -> U178 -> U198 -> U268 -> U310 -> U269 -> U220 -> U271 -> U272 -> U273 -> U281 -> U183 -> OUT_R_REG_0_,b08
11,2.5454545454545454,18,3,6,0,0,0,DFF_Q_MAR_REG_0_,OUT_R_REG_0_,DFF_Q_MAR_REG_0_ -> U178 -> U198 -> U270 -> U220 -> U271 -> U272 -> U176 -> U232 -> U183 -> OUT_R_REG_0_,b08
11,2.3636363636363638,18,2,7,0,0,0,DFF_Q_MAR_REG_0_,OUT_R_REG_0_,DFF_Q_MAR_REG_0_ -> U178 -> U198 -> U270 -> U220 -> U271 -> U272 -> U273 -> U281 -> U183 -> OUT_R_REG_0_,b08
18,2.388888888888889,29,3,10,3,0,0,DFF_Q_MAR_REG_0_,OUT_R_REG_0_,DFF_Q_MAR_REG_0_ -> U193 -> U250 -> U181 -> U200 -> U253 -> U201 -> U262 -> U265 -> U308 -> U266 -> U220 -> U271 -> U272 -> U176 -> U232 -> U183 -> OUT_R_REG_0_,b08
18,2.2777777777777777,29,2,11,3,0,0,DFF_Q_MAR_REG_0_,OUT_R_REG_0_,DFF_Q_MAR_REG_0_ -> U193 -> U250 -> U181 -> U200 -> U253 -> U201 -> U262 -> U265 -> U308 -> U266 -> U220 -> U271 -> U272 -> U273 -> U281 -> U183 -> OUT_R_REG_0_,b08
18,2.388888888888889,29,3,10,3,0,0,DFF_Q_MAR_REG_0_,OUT_R_REG_0_,DFF_Q_MAR_REG_0_ -> U193 -> U250 -> U181 -> U200 -> U253 -> U201 -> U262 -> U267 -> U309 -> U269 -> U220 -> U271 -> U272 -> U176 -> U232 -> U183 -> OUT_R_REG_0_,b08
18,2.2777777777777777,29,2,11,3,0,0,DFF_Q_MAR_REG_0_,OUT_R_REG_0_,DFF_Q_MAR_REG_0_ -> U193 -> U250 -> U181 -> U200 -> U253 -> U201 -> U262 -> U267 -> U309 -> U269 -> U220 -> U271 -> U272 -> U273 -> U281 -> U183 -> OUT_R_REG_0_,b08
15,2.6,24,2,9,2,0,0,DFF_Q_MAR_REG_0_,OUT_R_REG_0_,DFF_Q_MAR_REG_0_ -> U193 -> U250 -> U181 -> U200 -> U253 -> U201 -> U311 -> U264 -> U271 -> U272 -> U176 -> U232 -> U183 -> OUT_R_REG_0_,b08
15,2.466666666666667,24,1,10,2,0,0,DFF_Q_MAR_REG_0_,OUT_R_REG_0_,DFF_Q_MAR_REG_0_ -> U193 -> U250 -> U181 -> U200 -> U253 -> U201 -> U311 -> U264 -> U271 -> U272 -> U273 -> U281 -> U183 -> OUT_R_REG_0_,b08
17,2.411764705882353,27,4,8,3,0,0,DFF_Q_MAR_REG_0_,OUT_R_REG_0_,DFF_Q_MAR_REG_0_ -> U193 -> U250 -> U181 -> U200 -> U253 -> U203 -> U259 -> U306 -> U221 -> U220 -> U271 -> U272 -> U176 -> U232 -> U183 -> OUT_R_REG_0_,b08
17,2.2941176470588234,27,3,9,3,0,0,DFF_Q_MAR_REG_0_,OUT_R_REG_0_,DFF_Q_MAR_REG_0_ -> U193 -> U250 -> U181 -> U200 -> U253 -> U203 -> U259 -> U306 -> U221 -> U220 -> U271 -> U272 -> U273 -> U281 -> U183 -> OUT_R_REG_0_,b08
16,2.5,26,3,9,2,0,0,DFF_Q_MAR_REG_0_,OUT_R_REG_0_,DFF_Q_MAR_REG_0_ -> U193 -> U250 -> U181 -> U200 -> U253 -> U203 -> U307 -> U266 -> U220 -> U271 -> U272 -> U176 -> U232 -> U183 -> OUT_R_REG_0_,b08
16,2.375,26,2,10,2,0,0,DFF_Q_MAR_REG_0_,OUT_R_REG_0_,DFF_Q_MAR_REG_0_ -> U193 -> U250 -> U181 -> U200 -> U253 -> U203 -> U307 -> U266 -> U220 -> U271 -> U272 -> U273 -> U281 -> U183 -> OUT_R_REG_0_,b08
15,2.6,24,2,9,2,0,0,DFF_Q_MAR_REG_0_,OUT_R_REG_0_,DFF_Q_MAR_REG_0_ -> U193 -> U250 -> U181 -> U200 -> U253 -> U256 -> U313 -> U258 -> U271 -> U272 -> U176 -> U232 -> U183 -> OUT_R_REG_0_,b08
15,2.466666666666667,24,1,10,2,0,0,DFF_Q_MAR_REG_0_,OUT_R_REG_0_,DFF_Q_MAR_REG_0_ -> U193 -> U250 -> U181 -> U200 -> U253 -> U256 -> U313 -> U258 -> U271 -> U272 -> U273 -> U281 -> U183 -> OUT_R_REG_0_,b08
15,2.533333333333333,24,4,7,2,0,0,DFF_Q_MAR_REG_0_,OUT_R_REG_0_,DFF_Q_MAR_REG_0_ -> U193 -> U250 -> U181 -> U200 -> U253 -> U304 -> U221 -> U220 -> U271 -> U272 -> U176 -> U232 -> U183 -> OUT_R_REG_0_,b08
15,2.4,24,3,8,2,0,0,DFF_Q_MAR_REG_0_,OUT_R_REG_0_,DFF_Q_MAR_REG_0_ -> U193 -> U250 -> U181 -> U200 -> U253 -> U304 -> U221 -> U220 -> U271 -> U272 -> U273 -> U281 -> U183 -> OUT_R_REG_0_,b08
15,2.533333333333333,24,4,7,2,0,0,DFF_Q_MAR_REG_0_,OUT_R_REG_0_,DFF_Q_MAR_REG_0_ -> U193 -> U250 -> U181 -> U200 -> U253 -> U305 -> U221 -> U220 -> U271 -> U272 -> U176 -> U232 -> U183 -> OUT_R_REG_0_,b08
15,2.4,24,3,8,2,0,0,DFF_Q_MAR_REG_0_,OUT_R_REG_0_,DFF_Q_MAR_REG_0_ -> U193 -> U250 -> U181 -> U200 -> U253 -> U305 -> U221 -> U220 -> U271 -> U272 -> U273 -> U281 -> U183 -> OUT_R_REG_0_,b08
13,2.4615384615384617,21,2,8,1,0,0,DFF_Q_MAR_REG_0_,OUT_R_REG_0_,DFF_Q_MAR_REG_0_ -> U193 -> U250 -> U181 -> U200 -> U315 -> U261 -> U271 -> U272 -> U176 -> U232 -> U183 -> OUT_R_REG_0_,b08
13,2.3076923076923075,21,1,9,1,0,0,DFF_Q_MAR_REG_0_,OUT_R_REG_0_,DFF_Q_MAR_REG_0_ -> U193 -> U250 -> U181 -> U200 -> U315 -> U261 -> U271 -> U272 -> U273 -> U281 -> U183 -> OUT_R_REG_0_,b08
13,2.3846153846153846,21,2,8,1,0,0,DFF_Q_MAR_REG_0_,OUT_R_REG_0_,DFF_Q_MAR_REG_0_ -> U193 -> U250 -> U181 -> U260 -> U316 -> U261 -> U271 -> U272 -> U176 -> U232 -> U183 -> OUT_R_REG_0_,b08
13,2.230769230769231,21,1,9,1,0,0,DFF_Q_MAR_REG_0_,OUT_R_REG_0_,DFF_Q_MAR_REG_0_ -> U193 -> U250 -> U181 -> U260 -> U316 -> U261 -> U271 -> U272 -> U273 -> U281 -> U183 -> OUT_R_REG_0_,b08
15,2.3333333333333335,24,2,9,2,0,0,DFF_Q_MAR_REG_0_,OUT_R_REG_0_,DFF_Q_MAR_REG_0_ -> U193 -> U250 -> U199 -> U252 -> U180 -> U257 -> U314 -> U258 -> U271 -> U272 -> U176 -> U232 -> U183 -> OUT_R_REG_0_,b08
15,2.2,24,1,10,2,0,0,DFF_Q_MAR_REG_0_,OUT_R_REG_0_,DFF_Q_MAR_REG_0_ -> U193 -> U250 -> U199 -> U252 -> U180 -> U257 -> U314 -> U258 -> U271 -> U272 -> U273 -> U281 -> U183 -> OUT_R_REG_0_,b08
15,2.3333333333333335,24,2,9,2,0,0,DFF_Q_MAR_REG_0_,OUT_R_REG_0_,DFF_Q_MAR_REG_0_ -> U193 -> U250 -> U199 -> U252 -> U180 -> U263 -> U312 -> U264 -> U271 -> U272 -> U176 -> U232 -> U183 -> OUT_R_REG_0_,b08
15,2.2,24,1,10,2,0,0,DFF_Q_MAR_REG_0_,OUT_R_REG_0_,DFF_Q_MAR_REG_0_ -> U193 -> U250 -> U199 -> U252 -> U180 -> U263 -> U312 -> U264 -> U271 -> U272 -> U273 -> U281 -> U183 -> OUT_R_REG_0_,b08
15,2.3333333333333335,24,4,7,2,0,0,DFF_Q_MAR_REG_0_,OUT_R_REG_0_,DFF_Q_MAR_REG_0_ -> U193 -> U250 -> U199 -> U252 -> U180 -> U303 -> U221 -> U220 -> U271 -> U272 -> U176 -> U232 -> U183 -> OUT_R_REG_0_,b08
15,2.2,24,3,8,2,0,0,DFF_Q_MAR_REG_0_,OUT_R_REG_0_,DFF_Q_MAR_REG_0_ -> U193 -> U250 -> U199 -> U252 -> U180 -> U303 -> U221 -> U220 -> U271 -> U272 -> U273 -> U281 -> U183 -> OUT_R_REG_0_,b08
14,2.5,23,3,8,1,0,0,DFF_Q_MAR_REG_0_,OUT_R_REG_0_,DFF_Q_MAR_REG_0_ -> U193 -> U251 -> U179 -> U182 -> U260 -> U316 -> U261 -> U271 -> U272 -> U176 -> U232 -> U183 -> OUT_R_REG_0_,b08
14,2.357142857142857,23,2,9,1,0,0,DFF_Q_MAR_REG_0_,OUT_R_REG_0_,DFF_Q_MAR_REG_0_ -> U193 -> U251 -> U179 -> U182 -> U260 -> U316 -> U261 -> U271 -> U272 -> U273 -> U281 -> U183 -> OUT_R_REG_0_,b08
15,2.4,25,4,8,1,0,0,DFF_Q_MAR_REG_0_,OUT_R_REG_0_,DFF_Q_MAR_REG_0_ -> U193 -> U251 -> U179 -> U182 -> U268 -> U310 -> U269 -> U220 -> U271 -> U272 -> U176 -> U232 -> U183 -> OUT_R_REG_0_,b08
15,2.2666666666666666,25,3,9,1,0,0,DFF_Q_MAR_REG_0_,OUT_R_REG_0_,DFF_Q_MAR_REG_0_ -> U193 -> U251 -> U179 -> U182 -> U268 -> U310 -> U269 -> U220 -> U271 -> U272 -> U273 -> U281 -> U183 -> OUT_R_REG_0_,b08
14,2.5,23,5,6,1,0,0,DFF_Q_MAR_REG_0_,OUT_R_REG_0_,DFF_Q_MAR_REG_0_ -> U193 -> U251 -> U179 -> U182 -> U305 -> U221 -> U220 -> U271 -> U272 -> U176 -> U232 -> U183 -> OUT_R_REG_0_,b08
14,2.357142857142857,23,4,7,1,0,0,DFF_Q_MAR_REG_0_,OUT_R_REG_0_,DFF_Q_MAR_REG_0_ -> U193 -> U251 -> U179 -> U182 -> U305 -> U221 -> U220 -> U271 -> U272 -> U273 -> U281 -> U183 -> OUT_R_REG_0_,b08
16,2.375,26,3,9,2,0,0,DFF_Q_MAR_REG_0_,OUT_R_REG_0_,DFF_Q_MAR_REG_0_ -> U193 -> U251 -> U179 -> U199 -> U252 -> U180 -> U257 -> U314 -> U258 -> U271 -> U272 -> U176 -> U232 -> U183 -> OUT_R_REG_0_,b08
16,2.25,26,2,10,2,0,0,DFF_Q_MAR_REG_0_,OUT_R_REG_0_,DFF_Q_MAR_REG_0_ -> U193 -> U251 -> U179 -> U199 -> U252 -> U180 -> U257 -> U314 -> U258 -> U271 -> U272 -> U273 -> U281 -> U183 -> OUT_R_REG_0_,b08
16,2.375,26,3,9,2,0,0,DFF_Q_MAR_REG_0_,OUT_R_REG_0_,DFF_Q_MAR_REG_0_ -> U193 -> U251 -> U179 -> U199 -> U252 -> U180 -> U263 -> U312 -> U264 -> U271 -> U272 -> U176 -> U232 -> U183 -> OUT_R_REG_0_,b08
16,2.25,26,2,10,2,0,0,DFF_Q_MAR_REG_0_,OUT_R_REG_0_,DFF_Q_MAR_REG_0_ -> U193 -> U251 -> U179 -> U199 -> U252 -> U180 -> U263 -> U312 -> U264 -> U271 -> U272 -> U273 -> U281 -> U183 -> OUT_R_REG_0_,b08
16,2.375,26,5,7,2,0,0,DFF_Q_MAR_REG_0_,OUT_R_REG_0_,DFF_Q_MAR_REG_0_ -> U193 -> U251 -> U179 -> U199 -> U252 -> U180 -> U303 -> U221 -> U220 -> U271 -> U272 -> U176 -> U232 -> U183 -> OUT_R_REG_0_,b08
16,2.25,26,4,8,2,0,0,DFF_Q_MAR_REG_0_,OUT_R_REG_0_,DFF_Q_MAR_REG_0_ -> U193 -> U251 -> U179 -> U199 -> U252 -> U180 -> U303 -> U221 -> U220 -> U271 -> U272 -> U273 -> U281 -> U183 -> OUT_R_REG_0_,b08
15,2.3333333333333335,24,4,7,2,0,0,DFF_Q_MAR_REG_0_,OUT_R_REG_0_,DFF_Q_MAR_REG_0_ -> U193 -> U251 -> U179 -> U203 -> U259 -> U306 -> U221 -> U220 -> U271 -> U272 -> U176 -> U232 -> U183 -> OUT_R_REG_0_,b08
15,2.2,24,3,8,2,0,0,DFF_Q_MAR_REG_0_,OUT_R_REG_0_,DFF_Q_MAR_REG_0_ -> U193 -> U251 -> U179 -> U203 -> U259 -> U306 -> U221 -> U220 -> U271 -> U272 -> U273 -> U281 -> U183 -> OUT_R_REG_0_,b08
14,2.4285714285714284,23,3,8,1,0,0,DFF_Q_MAR_REG_0_,OUT_R_REG_0_,DFF_Q_MAR_REG_0_ -> U193 -> U251 -> U179 -> U203 -> U307 -> U266 -> U220 -> U271 -> U272 -> U176 -> U232 -> U183 -> OUT_R_REG_0_,b08
14,2.2857142857142856,23,2,9,1,0,0,DFF_Q_MAR_REG_0_,OUT_R_REG_0_,DFF_Q_MAR_REG_0_ -> U193 -> U251 -> U179 -> U203 -> U307 -> U266 -> U220 -> U271 -> U272 -> U273 -> U281 -> U183 -> OUT_R_REG_0_,b08
12,2.5833333333333335,19,3,6,1,0,0,DFF_Q_MAR_REG_0_,OUT_R_REG_0_,DFF_Q_MAR_REG_0_ -> U193 -> U251 -> U179 -> U270 -> U220 -> U271 -> U272 -> U176 -> U232 -> U183 -> OUT_R_REG_0_,b08
12,2.4166666666666665,19,2,7,1,0,0,DFF_Q_MAR_REG_0_,OUT_R_REG_0_,DFF_Q_MAR_REG_0_ -> U193 -> U251 -> U179 -> U270 -> U220 -> U271 -> U272 -> U273 -> U281 -> U183 -> OUT_R_REG_0_,b08
7,2.857142857142857,9,0,4,1,0,0,DFF_Q_MAR_REG_0_,OUT_R_REG_0_,DFF_Q_MAR_REG_0_ -> U193 -> U251 -> U202 -> U232 -> U183 -> OUT_R_REG_0_,b08
14,2.2142857142857144,22,3,7,2,0,0,DFF_Q_MAR_REG_0_,OUT_R_REG_0_,DFF_Q_MAR_REG_0_ -> U193 -> U251 -> U202 -> U255 -> U304 -> U221 -> U220 -> U271 -> U272 -> U176 -> U232 -> U183 -> OUT_R_REG_0_,b08
14,2.0714285714285716,22,2,8,2,0,0,DFF_Q_MAR_REG_0_,OUT_R_REG_0_,DFF_Q_MAR_REG_0_ -> U193 -> U251 -> U202 -> U255 -> U304 -> U221 -> U220 -> U271 -> U272 -> U273 -> U281 -> U183 -> OUT_R_REG_0_,b08
13,2.6153846153846154,21,2,8,1,0,0,DFF_Q_MAR_REG_0_,OUT_R_REG_0_,DFF_Q_MAR_REG_0_ -> U193 -> U254 -> U182 -> U260 -> U316 -> U261 -> U271 -> U272 -> U176 -> U232 -> U183 -> OUT_R_REG_0_,b08
13,2.4615384615384617,21,1,9,1,0,0,DFF_Q_MAR_REG_0_,OUT_R_REG_0_,DFF_Q_MAR_REG_0_ -> U193 -> U254 -> U182 -> U260 -> U316 -> U261 -> U271 -> U272 -> U273 -> U281 -> U183 -> OUT_R_REG_0_,b08
14,2.5,23,3,8,1,0,0,DFF_Q_MAR_REG_0_,OUT_R_REG_0_,DFF_Q_MAR_REG_0_ -> U193 -> U254 -> U182 -> U268 -> U310 -> U269 -> U220 -> U271 -> U272 -> U176 -> U232 -> U183 -> OUT_R_REG_0_,b08
14,2.357142857142857,23,2,9,1,0,0,DFF_Q_MAR_REG_0_,OUT_R_REG_0_,DFF_Q_MAR_REG_0_ -> U193 -> U254 -> U182 -> U268 -> U310 -> U269 -> U220 -> U271 -> U272 -> U273 -> U281 -> U183 -> OUT_R_REG_0_,b08
13,2.6153846153846154,21,4,6,1,0,0,DFF_Q_MAR_REG_0_,OUT_R_REG_0_,DFF_Q_MAR_REG_0_ -> U193 -> U254 -> U182 -> U305 -> U221 -> U220 -> U271 -> U272 -> U176 -> U232 -> U183 -> OUT_R_REG_0_,b08
13,2.4615384615384617,21,3,7,1,0,0,DFF_Q_MAR_REG_0_,OUT_R_REG_0_,DFF_Q_MAR_REG_0_ -> U193 -> U254 -> U182 -> U305 -> U221 -> U220 -> U271 -> U272 -> U273 -> U281 -> U183 -> OUT_R_REG_0_,b08
7,3.2857142857142856,9,0,4,1,0,0,DFF_Q_MAR_REG_0_,OUT_R_REG_0_,DFF_Q_MAR_REG_0_ -> U193 -> U254 -> U202 -> U232 -> U183 -> OUT_R_REG_0_,b08
14,2.4285714285714284,22,3,7,2,0,0,DFF_Q_MAR_REG_0_,OUT_R_REG_0_,DFF_Q_MAR_REG_0_ -> U193 -> U254 -> U202 -> U255 -> U304 -> U221 -> U220 -> U271 -> U272 -> U176 -> U232 -> U183 -> OUT_R_REG_0_,b08
14,2.2857142857142856,22,2,8,2,0,0,DFF_Q_MAR_REG_0_,OUT_R_REG_0_,DFF_Q_MAR_REG_0_ -> U193 -> U254 -> U202 -> U255 -> U304 -> U221 -> U220 -> U271 -> U272 -> U273 -> U281 -> U183 -> OUT_R_REG_0_,b08
10,2.9,15,1,6,1,0,0,DFF_Q_MAR_REG_0_,OUT_R_REG_0_,DFF_Q_MAR_REG_0_ -> U193 -> U254 -> U258 -> U271 -> U272 -> U176 -> U232 -> U183 -> OUT_R_REG_0_,b08
10,2.7,15,0,7,1,0,0,DFF_Q_MAR_REG_0_,OUT_R_REG_0_,DFF_Q_MAR_REG_0_ -> U193 -> U254 -> U258 -> U271 -> U272 -> U273 -> U281 -> U183 -> OUT_R_REG_0_,b08
12,2.5833333333333335,19,1,8,1,0,0,DFF_Q_MAR_REG_0_,OUT_R_REG_0_,DFF_Q_MAR_REG_0_ -> U193 -> U254 -> U263 -> U312 -> U264 -> U271 -> U272 -> U176 -> U232 -> U183 -> OUT_R_REG_0_,b08
12,2.4166666666666665,19,0,9,1,0,0,DFF_Q_MAR_REG_0_,OUT_R_REG_0_,DFF_Q_MAR_REG_0_ -> U193 -> U254 -> U263 -> U312 -> U264 -> U271 -> U272 -> U273 -> U281 -> U183 -> OUT_R_REG_0_,b08
13,2.4615384615384617,21,2,8,1,0,0,DFF_Q_MAR_REG_0_,OUT_R_REG_0_,DFF_Q_MAR_REG_0_ -> U193 -> U254 -> U265 -> U308 -> U266 -> U220 -> U271 -> U272 -> U176 -> U232 -> U183 -> OUT_R_REG_0_,b08
13,2.3076923076923075,21,1,9,1,0,0,DFF_Q_MAR_REG_0_,OUT_R_REG_0_,DFF_Q_MAR_REG_0_ -> U193 -> U254 -> U265 -> U308 -> U266 -> U220 -> U271 -> U272 -> U273 -> U281 -> U183 -> OUT_R_REG_0_,b08
11,2.727272727272727,18,1,7,0,1,0,DFF_Q_MAR_REG_0_,OUT_R_REG_0_,DFF_Q_MAR_REG_0_ -> U247 -> U256 -> U313 -> U258 -> U271 -> U272 -> U176 -> U232 -> U183 -> OUT_R_REG_0_,b08
11,2.5454545454545454,18,0,8,0,1,0,DFF_Q_MAR_REG_0_,OUT_R_REG_0_,DFF_Q_MAR_REG_0_ -> U247 -> U256 -> U313 -> U258 -> U271 -> U272 -> U273 -> U281 -> U183 -> OUT_R_REG_0_,b08
9,3.0,14,1,5,0,1,0,DFF_Q_MAR_REG_0_,OUT_R_REG_0_,DFF_Q_MAR_REG_0_ -> U247 -> U261 -> U271 -> U272 -> U176 -> U232 -> U183 -> OUT_R_REG_0_,b08
9,2.7777777777777777,14,0,6,0,1,0,DFF_Q_MAR_REG_0_,OUT_R_REG_0_,DFF_Q_MAR_REG_0_ -> U247 -> U261 -> U271 -> U272 -> U273 -> U281 -> U183 -> OUT_R_REG_0_,b08
9,3.0,14,1,5,0,1,0,DFF_Q_MAR_REG_0_,OUT_R_REG_0_,DFF_Q_MAR_REG_0_ -> U247 -> U264 -> U271 -> U272 -> U176 -> U232 -> U183 -> OUT_R_REG_0_,b08
9,2.7777777777777777,14,0,6,0,1,0,DFF_Q_MAR_REG_0_,OUT_R_REG_0_,DFF_Q_MAR_REG_0_ -> U247 -> U264 -> U271 -> U272 -> U273 -> U281 -> U183 -> OUT_R_REG_0_,b08
10,2.8,16,2,5,0,1,0,DFF_Q_MAR_REG_0_,OUT_R_REG_0_,DFF_Q_MAR_REG_0_ -> U247 -> U266 -> U220 -> U271 -> U272 -> U176 -> U232 -> U183 -> OUT_R_REG_0_,b08
10,2.6,16,1,6,0,1,0,DFF_Q_MAR_REG_0_,OUT_R_REG_0_,DFF_Q_MAR_REG_0_ -> U247 -> U266 -> U220 -> U271 -> U272 -> U273 -> U281 -> U183 -> OUT_R_REG_0_,b08
10,2.8,16,2,5,0,1,0,DFF_Q_MAR_REG_0_,OUT_R_REG_0_,DFF_Q_MAR_REG_0_ -> U247 -> U269 -> U220 -> U271 -> U272 -> U176 -> U232 -> U183 -> OUT_R_REG_0_,b08
10,2.6,16,1,6,0,1,0,DFF_Q_MAR_REG_0_,OUT_R_REG_0_,DFF_Q_MAR_REG_0_ -> U247 -> U269 -> U220 -> U271 -> U272 -> U273 -> U281 -> U183 -> OUT_R_REG_0_,b08
11,2.6363636363636362,18,3,5,0,1,0,DFF_Q_MAR_REG_0_,OUT_R_REG_0_,DFF_Q_MAR_REG_0_ -> U247 -> U303 -> U221 -> U220 -> U271 -> U272 -> U176 -> U232 -> U183 -> OUT_R_REG_0_,b08
11,2.4545454545454546,18,2,6,0,1,0,DFF_Q_MAR_REG_0_,OUT_R_REG_0_,DFF_Q_MAR_REG_0_ -> U247 -> U303 -> U221 -> U220 -> U271 -> U272 -> U273 -> U281 -> U183 -> OUT_R_REG_0_,b08
11,2.6363636363636362,18,3,5,0,1,0,DFF_Q_MAR_REG_0_,OUT_R_REG_0_,DFF_Q_MAR_REG_0_ -> U247 -> U306 -> U221 -> U220 -> U271 -> U272 -> U176 -> U232 -> U183 -> OUT_R_REG_0_,b08
11,2.4545454545454546,18,2,6,0,1,0,DFF_Q_MAR_REG_0_,OUT_R_REG_0_,DFF_Q_MAR_REG_0_ -> U247 -> U306 -> U221 -> U220 -> U271 -> U272 -> U273 -> U281 -> U183 -> OUT_R_REG_0_,b08
17,2.235294117647059,28,3,10,2,0,0,DFF_Q_MAR_REG_0_,OUT_R_REG_0_,DFF_Q_MAR_REG_0_ -> U248 -> U181 -> U200 -> U253 -> U201 -> U262 -> U265 -> U308 -> U266 -> U220 -> U271 -> U272 -> U176 -> U232 -> U183 -> OUT_R_REG_0_,b08
17,2.1176470588235294,28,2,11,2,0,0,DFF_Q_MAR_REG_0_,OUT_R_REG_0_,DFF_Q_MAR_REG_0_ -> U248 -> U181 -> U200 -> U253 -> U201 -> U262 -> U265 -> U308 -> U266 -> U220 -> U271 -> U272 -> U273 -> U281 -> U183 -> OUT_R_REG_0_,b08
17,2.235294117647059,28,3,10,2,0,0,DFF_Q_MAR_REG_0_,OUT_R_REG_0_,DFF_Q_MAR_REG_0_ -> U248 -> U181 -> U200 -> U253 -> U201 -> U262 -> U267 -> U309 -> U269 -> U220 -> U271 -> U272 -> U176 -> U232 -> U183 -> OUT_R_REG_0_,b08
17,2.1176470588235294,28,2,11,2,0,0,DFF_Q_MAR_REG_0_,OUT_R_REG_0_,DFF_Q_MAR_REG_0_ -> U248 -> U181 -> U200 -> U253 -> U201 -> U262 -> U267 -> U309 -> U269 -> U220 -> U271 -> U272 -> U273 -> U281 -> U183 -> OUT_R_REG_0_,b08
14,2.4285714285714284,23,2,9,1,0,0,DFF_Q_MAR_REG_0_,OUT_R_REG_0_,DFF_Q_MAR_REG_0_ -> U248 -> U181 -> U200 -> U253 -> U201 -> U311 -> U264 -> U271 -> U272 -> U176 -> U232 -> U183 -> OUT_R_REG_0_,b08
14,2.2857142857142856,23,1,10,1,0,0,DFF_Q_MAR_REG_0_,OUT_R_REG_0_,DFF_Q_MAR_REG_0_ -> U248 -> U181 -> U200 -> U253 -> U201 -> U311 -> U264 -> U271 -> U272 -> U273 -> U281 -> U183 -> OUT_R_REG_0_,b08
16,2.25,26,4,8,2,0,0,DFF_Q_MAR_REG_0_,OUT_R_REG_0_,DFF_Q_MAR_REG_0_ -> U248 -> U181 -> U200 -> U253 -> U203 -> U259 -> U306 -> U221 -> U220 -> U271 -> U272 -> U176 -> U232 -> U183 -> OUT_R_REG_0_,b08
16,2.125,26,3,9,2,0,0,DFF_Q_MAR_REG_0_,OUT_R_REG_0_,DFF_Q_MAR_REG_0_ -> U248 -> U181 -> U200 -> U253 -> U203 -> U259 -> U306 -> U221 -> U220 -> U271 -> U272 -> U273 -> U281 -> U183 -> OUT_R_REG_0_,b08
15,2.3333333333333335,25,3,9,1,0,0,DFF_Q_MAR_REG_0_,OUT_R_REG_0_,DFF_Q_MAR_REG_0_ -> U248 -> U181 -> U200 -> U253 -> U203 -> U307 -> U266 -> U220 -> U271 -> U272 -> U176 -> U232 -> U183 -> OUT_R_REG_0_,b08
15,2.2,25,2,10,1,0,0,DFF_Q_MAR_REG_0_,OUT_R_REG_0_,DFF_Q_MAR_REG_0_ -> U248 -> U181 -> U200 -> U253 -> U203 -> U307 -> U266 -> U220 -> U271 -> U272 -> U273 -> U281 -> U183 -> OUT_R_REG_0_,b08
14,2.4285714285714284,23,2,9,1,0,0,DFF_Q_MAR_REG_0_,OUT_R_REG_0_,DFF_Q_MAR_REG_0_ -> U248 -> U181 -> U200 -> U253 -> U256 -> U313 -> U258 -> U271 -> U272 -> U176 -> U232 -> U183 -> OUT_R_REG_0_,b08
14,2.2857142857142856,23,1,10,1,0,0,DFF_Q_MAR_REG_0_,OUT_R_REG_0_,DFF_Q_MAR_REG_0_ -> U248 -> U181 -> U200 -> U253 -> U256 -> U313 -> U258 -> U271 -> U272 -> U273 -> U281 -> U183 -> OUT_R_REG_0_,b08
14,2.357142857142857,23,4,7,1,0,0,DFF_Q_MAR_REG_0_,OUT_R_REG_0_,DFF_Q_MAR_REG_0_ -> U248 -> U181 -> U200 -> U253 -> U304 -> U221 -> U220 -> U271 -> U272 -> U176 -> U232 -> U183 -> OUT_R_REG_0_,b08
14,2.2142857142857144,23,3,8,1,0,0,DFF_Q_MAR_REG_0_,OUT_R_REG_0_,DFF_Q_MAR_REG_0_ -> U248 -> U181 -> U200 -> U253 -> U304 -> U221 -> U220 -> U271 -> U272 -> U273 -> U281 -> U183 -> OUT_R_REG_0_,b08
14,2.357142857142857,23,4,7,1,0,0,DFF_Q_MAR_REG_0_,OUT_R_REG_0_,DFF_Q_MAR_REG_0_ -> U248 -> U181 -> U200 -> U253 -> U305 -> U221 -> U220 -> U271 -> U272 -> U176 -> U232 -> U183 -> OUT_R_REG_0_,b08
14,2.2142857142857144,23,3,8,1,0,0,DFF_Q_MAR_REG_0_,OUT_R_REG_0_,DFF_Q_MAR_REG_0_ -> U248 -> U181 -> U200 -> U253 -> U305 -> U221 -> U220 -> U271 -> U272 -> U273 -> U281 -> U183 -> OUT_R_REG_0_,b08
12,2.25,20,2,8,0,0,0,DFF_Q_MAR_REG_0_,OUT_R_REG_0_,DFF_Q_MAR_REG_0_ -> U248 -> U181 -> U200 -> U315 -> U261 -> U271 -> U272 -> U176 -> U232 -> U183 -> OUT_R_REG_0_,b08
12,2.0833333333333335,20,1,9,0,0,0,DFF_Q_MAR_REG_0_,OUT_R_REG_0_,DFF_Q_MAR_REG_0_ -> U248 -> U181 -> U200 -> U315 -> U261 -> U271 -> U272 -> U273 -> U281 -> U183 -> OUT_R_REG_0_,b08
12,2.1666666666666665,20,2,8,0,0,0,DFF_Q_MAR_REG_0_,OUT_R_REG_0_,DFF_Q_MAR_REG_0_ -> U248 -> U181 -> U260 -> U316 -> U261 -> U271 -> U272 -> U176 -> U232 -> U183 -> OUT_R_REG_0_,b08
12,2.0,20,1,9,0,0,0,DFF_Q_MAR_REG_0_,OUT_R_REG_0_,DFF_Q_MAR_REG_0_ -> U248 -> U181 -> U260 -> U316 -> U261 -> U271 -> U272 -> U273 -> U281 -> U183 -> OUT_R_REG_0_,b08
10,2.3,16,2,6,0,0,0,DFF_Q_MAR_REG_0_,OUT_R_REG_0_,DFF_Q_MAR_REG_0_ -> U248 -> U270 -> U220 -> U271 -> U272 -> U176 -> U232 -> U183 -> OUT_R_REG_0_,b08
10,2.1,16,1,7,0,0,0,DFF_Q_MAR_REG_0_,OUT_R_REG_0_,DFF_Q_MAR_REG_0_ -> U248 -> U270 -> U220 -> U271 -> U272 -> U273 -> U281 -> U183 -> OUT_R_REG_0_,b08
11,2.1818181818181817,18,3,6,0,0,0,DFF_Q_MAR_REG_0_,OUT_R_REG_0_,DFF_Q_MAR_REG_0_ -> U248 -> U303 -> U221 -> U220 -> U271 -> U272 -> U176 -> U232 -> U183 -> OUT_R_REG_0_,b08
11,2.0,18,2,7,0,0,0,DFF_Q_MAR_REG_0_,OUT_R_REG_0_,DFF_Q_MAR_REG_0_ -> U248 -> U303 -> U221 -> U220 -> U271 -> U272 -> U273 -> U281 -> U183 -> OUT_R_REG_0_,b08
12,2.4166666666666665,20,2,8,0,0,0,DFF_Q_MAR_REG_0_,OUT_R_REG_0_,DFF_Q_MAR_REG_0_ -> U249 -> U180 -> U257 -> U314 -> U258 -> U271 -> U272 -> U176 -> U232 -> U183 -> OUT_R_REG_0_,b08
12,2.25,20,1,9,0,0,0,DFF_Q_MAR_REG_0_,OUT_R_REG_0_,DFF_Q_MAR_REG_0_ -> U249 -> U180 -> U257 -> U314 -> U258 -> U271 -> U272 -> U273 -> U281 -> U183 -> OUT_R_REG_0_,b08
12,2.4166666666666665,20,2,8,0,0,0,DFF_Q_MAR_REG_0_,OUT_R_REG_0_,DFF_Q_MAR_REG_0_ -> U249 -> U180 -> U263 -> U312 -> U264 -> U271 -> U272 -> U176 -> U232 -> U183 -> OUT_R_REG_0_,b08
12,2.25,20,1,9,0,0,0,DFF_Q_MAR_REG_0_,OUT_R_REG_0_,DFF_Q_MAR_REG_0_ -> U249 -> U180 -> U263 -> U312 -> U264 -> U271 -> U272 -> U273 -> U281 -> U183 -> OUT_R_REG_0_,b08
12,2.4166666666666665,20,4,6,0,0,0,DFF_Q_MAR_REG_0_,OUT_R_REG_0_,DFF_Q_MAR_REG_0_ -> U249 -> U180 -> U303 -> U221 -> U220 -> U271 -> U272 -> U176 -> U232 -> U183 -> OUT_R_REG_0_,b08
12,2.25,20,3,7,0,0,0,DFF_Q_MAR_REG_0_,OUT_R_REG_0_,DFF_Q_MAR_REG_0_ -> U249 -> U180 -> U303 -> U221 -> U220 -> U271 -> U272 -> U273 -> U281 -> U183 -> OUT_R_REG_0_,b08
13,2.230769230769231,21,3,7,1,0,0,DFF_Q_MAR_REG_0_,OUT_R_REG_0_,DFF_Q_MAR_REG_0_ -> U249 -> U203 -> U259 -> U306 -> U221 -> U220 -> U271 -> U272 -> U176 -> U232 -> U183 -> OUT_R_REG_0_,b08
13,2.076923076923077,21,2,8,1,0,0,DFF_Q_MAR_REG_0_,OUT_R_REG_0_,DFF_Q_MAR_REG_0_ -> U249 -> U203 -> U259 -> U306 -> U221 -> U220 -> U271 -> U272 -> U273 -> U281 -> U183 -> OUT_R_REG_0_,b08
12,2.3333333333333335,20,2,8,0,0,0,DFF_Q_MAR_REG_0_,OUT_R_REG_0_,DFF_Q_MAR_REG_0_ -> U249 -> U203 -> U307 -> U266 -> U220 -> U271 -> U272 -> U176 -> U232 -> U183 -> OUT_R_REG_0_,b08
12,2.1666666666666665,20,1,9,0,0,0,DFF_Q_MAR_REG_0_,OUT_R_REG_0_,DFF_Q_MAR_REG_0_ -> U249 -> U203 -> U307 -> U266 -> U220 -> U271 -> U272 -> U273 -> U281 -> U183 -> OUT_R_REG_0_,b08
9,2.6666666666666665,14,1,6,0,0,0,DFF_Q_MAR_REG_0_,OUT_R_REG_0_,DFF_Q_MAR_REG_0_ -> U249 -> U261 -> U271 -> U272 -> U176 -> U232 -> U183 -> OUT_R_REG_0_,b08
9,2.4444444444444446,14,0,7,0,0,0,DFF_Q_MAR_REG_0_,OUT_R_REG_0_,DFF_Q_MAR_REG_0_ -> U249 -> U261 -> U271 -> U272 -> U273 -> U281 -> U183 -> OUT_R_REG_0_,b08
12,2.25,20,2,8,0,0,0,DFF_Q_MAR_REG_0_,OUT_R_REG_0_,DFF_Q_MAR_REG_0_ -> U249 -> U267 -> U309 -> U269 -> U220 -> U271 -> U272 -> U176 -> U232 -> U183 -> OUT_R_REG_0_,b08
12,2.0833333333333335,20,1,9,0,0,0,DFF_Q_MAR_REG_0_,OUT_R_REG_0_,DFF_Q_MAR_REG_0_ -> U249 -> U267 -> U309 -> U269 -> U220 -> U271 -> U272 -> U273 -> U281 -> U183 -> OUT_R_REG_0_,b08
11,2.5454545454545454,15,1,5,3,0,0,DFF_Q_MAR_REG_0_,O_REG_3_,DFF_Q_MAR_REG_0_ -> U178 -> U195 -> U235 -> U205 -> U236 -> U231 -> U282 -> U318 -> U216 -> O_REG_3_,b08
10,2.4,14,1,5,2,0,0,DFF_Q_MAR_REG_0_,O_REG_3_,DFF_Q_MAR_REG_0_ -> U178 -> U195 -> U235 -> U205 -> U236 -> U231 -> U317 -> U216 -> O_REG_3_,b08
11,2.5454545454545454,15,1,5,3,0,0,DFF_Q_MAR_REG_0_,O_REG_2_,DFF_Q_MAR_REG_0_ -> U178 -> U195 -> U235 -> U205 -> U236 -> U231 -> U282 -> U320 -> U217 -> O_REG_2_,b08
10,2.4,14,1,5,2,0,0,DFF_Q_MAR_REG_0_,O_REG_2_,DFF_Q_MAR_REG_0_ -> U178 -> U195 -> U235 -> U205 -> U236 -> U231 -> U319 -> U217 -> O_REG_2_,b08
11,2.5454545454545454,15,1,5,3,0,0,DFF_Q_MAR_REG_0_,O_REG_1_,DFF_Q_MAR_REG_0_ -> U178 -> U195 -> U235 -> U205 -> U236 -> U231 -> U282 -> U322 -> U218 -> O_REG_1_,b08
10,2.4,14,1,5,2,0,0,DFF_Q_MAR_REG_0_,O_REG_1_,DFF_Q_MAR_REG_0_ -> U178 -> U195 -> U235 -> U205 -> U236 -> U231 -> U321 -> U218 -> O_REG_1_,b08
4,1.25,4,0,2,0,0,0,DFF_Q_IN_R_REG_7_,IN_R_REG_7_,DFF_Q_IN_R_REG_7_ -> U287 -> U208 -> IN_R_REG_7_,b08
11,1.6363636363636365,17,3,5,1,0,0,DFF_Q_IN_R_REG_7_,OUT_R_REG_3_,DFF_Q_IN_R_REG_7_ -> U222 -> U303 -> U221 -> U220 -> U271 -> U272 -> U176 -> U232 -> U186 -> OUT_R_REG_3_,b08
11,1.4545454545454546,17,3,5,1,0,0,DFF_Q_IN_R_REG_7_,OUT_R_REG_3_,DFF_Q_IN_R_REG_7_ -> U222 -> U303 -> U221 -> U220 -> U271 -> U272 -> U176 -> U274 -> U186 -> OUT_R_REG_3_,b08
11,1.4545454545454546,17,2,6,1,0,0,DFF_Q_IN_R_REG_7_,OUT_R_REG_3_,DFF_Q_IN_R_REG_7_ -> U222 -> U303 -> U221 -> U220 -> U271 -> U272 -> U273 -> U275 -> U186 -> OUT_R_REG_3_,b08
10,1.7,16,3,5,0,0,0,DFF_Q_IN_R_REG_7_,OUT_R_REG_3_,DFF_Q_IN_R_REG_7_ -> U304 -> U221 -> U220 -> U271 -> U272 -> U176 -> U232 -> U186 -> OUT_R_REG_3_,b08
10,1.5,16,3,5,0,0,0,DFF_Q_IN_R_REG_7_,OUT_R_REG_3_,DFF_Q_IN_R_REG_7_ -> U304 -> U221 -> U220 -> U271 -> U272 -> U176 -> U274 -> U186 -> OUT_R_REG_3_,b08
10,1.5,16,2,6,0,0,0,DFF_Q_IN_R_REG_7_,OUT_R_REG_3_,DFF_Q_IN_R_REG_7_ -> U304 -> U221 -> U220 -> U271 -> U272 -> U273 -> U275 -> U186 -> OUT_R_REG_3_,b08
11,1.4545454545454546,17,3,5,1,0,0,DFF_Q_IN_R_REG_7_,OUT_R_REG_2_,DFF_Q_IN_R_REG_7_ -> U222 -> U303 -> U221 -> U220 -> U271 -> U272 -> U176 -> U276 -> U185 -> OUT_R_REG_2_,b08
11,1.4545454545454546,17,2,6,1,0,0,DFF_Q_IN_R_REG_7_,OUT_R_REG_2_,DFF_Q_IN_R_REG_7_ -> U222 -> U303 -> U221 -> U220 -> U271 -> U272 -> U273 -> U277 -> U185 -> OUT_R_REG_2_,b08
10,1.5,16,3,5,0,0,0,DFF_Q_IN_R_REG_7_,OUT_R_REG_2_,DFF_Q_IN_R_REG_7_ -> U304 -> U221 -> U220 -> U271 -> U272 -> U176 -> U276 -> U185 -> OUT_R_REG_2_,b08
10,1.5,16,2,6,0,0,0,DFF_Q_IN_R_REG_7_,OUT_R_REG_2_,DFF_Q_IN_R_REG_7_ -> U304 -> U221 -> U220 -> U271 -> U272 -> U273 -> U277 -> U185 -> OUT_R_REG_2_,b08
11,1.6363636363636365,17,3,5,1,0,0,DFF_Q_IN_R_REG_7_,OUT_R_REG_1_,DFF_Q_IN_R_REG_7_ -> U222 -> U303 -> U221 -> U220 -> U271 -> U272 -> U176 -> U232 -> U184 -> OUT_R_REG_1_,b08
11,1.4545454545454546,17,3,5,1,0,0,DFF_Q_IN_R_REG_7_,OUT_R_REG_1_,DFF_Q_IN_R_REG_7_ -> U222 -> U303 -> U221 -> U220 -> U271 -> U272 -> U176 -> U279 -> U184 -> OUT_R_REG_1_,b08
11,1.4545454545454546,17,2,6,1,0,0,DFF_Q_IN_R_REG_7_,OUT_R_REG_1_,DFF_Q_IN_R_REG_7_ -> U222 -> U303 -> U221 -> U220 -> U271 -> U272 -> U273 -> U280 -> U184 -> OUT_R_REG_1_,b08
10,1.7,16,3,5,0,0,0,DFF_Q_IN_R_REG_7_,OUT_R_REG_1_,DFF_Q_IN_R_REG_7_ -> U304 -> U221 -> U220 -> U271 -> U272 -> U176 -> U232 -> U184 -> OUT_R_REG_1_,b08
10,1.5,16,3,5,0,0,0,DFF_Q_IN_R_REG_7_,OUT_R_REG_1_,DFF_Q_IN_R_REG_7_ -> U304 -> U221 -> U220 -> U271 -> U272 -> U176 -> U279 -> U184 -> OUT_R_REG_1_,b08
10,1.5,16,2,6,0,0,0,DFF_Q_IN_R_REG_7_,OUT_R_REG_1_,DFF_Q_IN_R_REG_7_ -> U304 -> U221 -> U220 -> U271 -> U272 -> U273 -> U280 -> U184 -> OUT_R_REG_1_,b08
11,1.6363636363636365,17,3,5,1,0,0,DFF_Q_IN_R_REG_7_,OUT_R_REG_0_,DFF_Q_IN_R_REG_7_ -> U222 -> U303 -> U221 -> U220 -> U271 -> U272 -> U176 -> U232 -> U183 -> OUT_R_REG_0_,b08
11,1.4545454545454546,17,2,6,1,0,0,DFF_Q_IN_R_REG_7_,OUT_R_REG_0_,DFF_Q_IN_R_REG_7_ -> U222 -> U303 -> U221 -> U220 -> U271 -> U272 -> U273 -> U281 -> U183 -> OUT_R_REG_0_,b08
10,1.7,16,3,5,0,0,0,DFF_Q_IN_R_REG_7_,OUT_R_REG_0_,DFF_Q_IN_R_REG_7_ -> U304 -> U221 -> U220 -> U271 -> U272 -> U176 -> U232 -> U183 -> OUT_R_REG_0_,b08
10,1.5,16,2,6,0,0,0,DFF_Q_IN_R_REG_7_,OUT_R_REG_0_,DFF_Q_IN_R_REG_7_ -> U304 -> U221 -> U220 -> U271 -> U272 -> U273 -> U281 -> U183 -> OUT_R_REG_0_,b08
4,1.25,4,0,2,0,0,0,DFF_Q_IN_R_REG_6_,IN_R_REG_6_,DFF_Q_IN_R_REG_6_ -> U289 -> U209 -> IN_R_REG_6_,b08
10,1.7,15,1,6,1,0,0,DFF_Q_IN_R_REG_6_,OUT_R_REG_3_,DFF_Q_IN_R_REG_6_ -> U224 -> U314 -> U258 -> U271 -> U272 -> U176 -> U232 -> U186 -> OUT_R_REG_3_,b08
10,1.5,15,1,6,1,0,0,DFF_Q_IN_R_REG_6_,OUT_R_REG_3_,DFF_Q_IN_R_REG_6_ -> U224 -> U314 -> U258 -> U271 -> U272 -> U176 -> U274 -> U186 -> OUT_R_REG_3_,b08
10,1.5,15,0,7,1,0,0,DFF_Q_IN_R_REG_6_,OUT_R_REG_3_,DFF_Q_IN_R_REG_6_ -> U224 -> U314 -> U258 -> U271 -> U272 -> U273 -> U275 -> U186 -> OUT_R_REG_3_,b08
9,1.7777777777777777,14,1,6,0,0,0,DFF_Q_IN_R_REG_6_,OUT_R_REG_3_,DFF_Q_IN_R_REG_6_ -> U313 -> U258 -> U271 -> U272 -> U176 -> U232 -> U186 -> OUT_R_REG_3_,b08
9,1.5555555555555556,14,1,6,0,0,0,DFF_Q_IN_R_REG_6_,OUT_R_REG_3_,DFF_Q_IN_R_REG_6_ -> U313 -> U258 -> U271 -> U272 -> U176 -> U274 -> U186 -> OUT_R_REG_3_,b08
9,1.5555555555555556,14,0,7,0,0,0,DFF_Q_IN_R_REG_6_,OUT_R_REG_3_,DFF_Q_IN_R_REG_6_ -> U313 -> U258 -> U271 -> U272 -> U273 -> U275 -> U186 -> OUT_R_REG_3_,b08
10,1.5,15,1,6,1,0,0,DFF_Q_IN_R_REG_6_,OUT_R_REG_2_,DFF_Q_IN_R_REG_6_ -> U224 -> U314 -> U258 -> U271 -> U272 -> U176 -> U276 -> U185 -> OUT_R_REG_2_,b08
10,1.5,15,0,7,1,0,0,DFF_Q_IN_R_REG_6_,OUT_R_REG_2_,DFF_Q_IN_R_REG_6_ -> U224 -> U314 -> U258 -> U271 -> U272 -> U273 -> U277 -> U185 -> OUT_R_REG_2_,b08
9,1.5555555555555556,14,1,6,0,0,0,DFF_Q_IN_R_REG_6_,OUT_R_REG_2_,DFF_Q_IN_R_REG_6_ -> U313 -> U258 -> U271 -> U272 -> U176 -> U276 -> U185 -> OUT_R_REG_2_,b08
9,1.5555555555555556,14,0,7,0,0,0,DFF_Q_IN_R_REG_6_,OUT_R_REG_2_,DFF_Q_IN_R_REG_6_ -> U313 -> U258 -> U271 -> U272 -> U273 -> U277 -> U185 -> OUT_R_REG_2_,b08
10,1.7,15,1,6,1,0,0,DFF_Q_IN_R_REG_6_,OUT_R_REG_1_,DFF_Q_IN_R_REG_6_ -> U224 -> U314 -> U258 -> U271 -> U272 -> U176 -> U232 -> U184 -> OUT_R_REG_1_,b08
10,1.5,15,1,6,1,0,0,DFF_Q_IN_R_REG_6_,OUT_R_REG_1_,DFF_Q_IN_R_REG_6_ -> U224 -> U314 -> U258 -> U271 -> U272 -> U176 -> U279 -> U184 -> OUT_R_REG_1_,b08
10,1.5,15,0,7,1,0,0,DFF_Q_IN_R_REG_6_,OUT_R_REG_1_,DFF_Q_IN_R_REG_6_ -> U224 -> U314 -> U258 -> U271 -> U272 -> U273 -> U280 -> U184 -> OUT_R_REG_1_,b08
9,1.7777777777777777,14,1,6,0,0,0,DFF_Q_IN_R_REG_6_,OUT_R_REG_1_,DFF_Q_IN_R_REG_6_ -> U313 -> U258 -> U271 -> U272 -> U176 -> U232 -> U184 -> OUT_R_REG_1_,b08
9,1.5555555555555556,14,1,6,0,0,0,DFF_Q_IN_R_REG_6_,OUT_R_REG_1_,DFF_Q_IN_R_REG_6_ -> U313 -> U258 -> U271 -> U272 -> U176 -> U279 -> U184 -> OUT_R_REG_1_,b08
9,1.5555555555555556,14,0,7,0,0,0,DFF_Q_IN_R_REG_6_,OUT_R_REG_1_,DFF_Q_IN_R_REG_6_ -> U313 -> U258 -> U271 -> U272 -> U273 -> U280 -> U184 -> OUT_R_REG_1_,b08
10,1.7,15,1,6,1,0,0,DFF_Q_IN_R_REG_6_,OUT_R_REG_0_,DFF_Q_IN_R_REG_6_ -> U224 -> U314 -> U258 -> U271 -> U272 -> U176 -> U232 -> U183 -> OUT_R_REG_0_,b08
10,1.5,15,0,7,1,0,0,DFF_Q_IN_R_REG_6_,OUT_R_REG_0_,DFF_Q_IN_R_REG_6_ -> U224 -> U314 -> U258 -> U271 -> U272 -> U273 -> U281 -> U183 -> OUT_R_REG_0_,b08
9,1.7777777777777777,14,1,6,0,0,0,DFF_Q_IN_R_REG_6_,OUT_R_REG_0_,DFF_Q_IN_R_REG_6_ -> U313 -> U258 -> U271 -> U272 -> U176 -> U232 -> U183 -> OUT_R_REG_0_,b08
9,1.5555555555555556,14,0,7,0,0,0,DFF_Q_IN_R_REG_6_,OUT_R_REG_0_,DFF_Q_IN_R_REG_6_ -> U313 -> U258 -> U271 -> U272 -> U273 -> U281 -> U183 -> OUT_R_REG_0_,b08
4,1.25,4,0,2,0,0,0,DFF_Q_IN_R_REG_5_,IN_R_REG_5_,DFF_Q_IN_R_REG_5_ -> U291 -> U210 -> IN_R_REG_5_,b08
11,1.6363636363636365,17,3,5,1,0,0,DFF_Q_IN_R_REG_5_,OUT_R_REG_3_,DFF_Q_IN_R_REG_5_ -> U225 -> U305 -> U221 -> U220 -> U271 -> U272 -> U176 -> U232 -> U186 -> OUT_R_REG_3_,b08
11,1.4545454545454546,17,3,5,1,0,0,DFF_Q_IN_R_REG_5_,OUT_R_REG_3_,DFF_Q_IN_R_REG_5_ -> U225 -> U305 -> U221 -> U220 -> U271 -> U272 -> U176 -> U274 -> U186 -> OUT_R_REG_3_,b08
11,1.4545454545454546,17,2,6,1,0,0,DFF_Q_IN_R_REG_5_,OUT_R_REG_3_,DFF_Q_IN_R_REG_5_ -> U225 -> U305 -> U221 -> U220 -> U271 -> U272 -> U273 -> U275 -> U186 -> OUT_R_REG_3_,b08
10,1.7,16,3,5,0,0,0,DFF_Q_IN_R_REG_5_,OUT_R_REG_3_,DFF_Q_IN_R_REG_5_ -> U306 -> U221 -> U220 -> U271 -> U272 -> U176 -> U232 -> U186 -> OUT_R_REG_3_,b08
10,1.5,16,3,5,0,0,0,DFF_Q_IN_R_REG_5_,OUT_R_REG_3_,DFF_Q_IN_R_REG_5_ -> U306 -> U221 -> U220 -> U271 -> U272 -> U176 -> U274 -> U186 -> OUT_R_REG_3_,b08
10,1.5,16,2,6,0,0,0,DFF_Q_IN_R_REG_5_,OUT_R_REG_3_,DFF_Q_IN_R_REG_5_ -> U306 -> U221 -> U220 -> U271 -> U272 -> U273 -> U275 -> U186 -> OUT_R_REG_3_,b08
11,1.4545454545454546,17,3,5,1,0,0,DFF_Q_IN_R_REG_5_,OUT_R_REG_2_,DFF_Q_IN_R_REG_5_ -> U225 -> U305 -> U221 -> U220 -> U271 -> U272 -> U176 -> U276 -> U185 -> OUT_R_REG_2_,b08
11,1.4545454545454546,17,2,6,1,0,0,DFF_Q_IN_R_REG_5_,OUT_R_REG_2_,DFF_Q_IN_R_REG_5_ -> U225 -> U305 -> U221 -> U220 -> U271 -> U272 -> U273 -> U277 -> U185 -> OUT_R_REG_2_,b08
10,1.5,16,3,5,0,0,0,DFF_Q_IN_R_REG_5_,OUT_R_REG_2_,DFF_Q_IN_R_REG_5_ -> U306 -> U221 -> U220 -> U271 -> U272 -> U176 -> U276 -> U185 -> OUT_R_REG_2_,b08
10,1.5,16,2,6,0,0,0,DFF_Q_IN_R_REG_5_,OUT_R_REG_2_,DFF_Q_IN_R_REG_5_ -> U306 -> U221 -> U220 -> U271 -> U272 -> U273 -> U277 -> U185 -> OUT_R_REG_2_,b08
11,1.6363636363636365,17,3,5,1,0,0,DFF_Q_IN_R_REG_5_,OUT_R_REG_1_,DFF_Q_IN_R_REG_5_ -> U225 -> U305 -> U221 -> U220 -> U271 -> U272 -> U176 -> U232 -> U184 -> OUT_R_REG_1_,b08
11,1.4545454545454546,17,3,5,1,0,0,DFF_Q_IN_R_REG_5_,OUT_R_REG_1_,DFF_Q_IN_R_REG_5_ -> U225 -> U305 -> U221 -> U220 -> U271 -> U272 -> U176 -> U279 -> U184 -> OUT_R_REG_1_,b08
11,1.4545454545454546,17,2,6,1,0,0,DFF_Q_IN_R_REG_5_,OUT_R_REG_1_,DFF_Q_IN_R_REG_5_ -> U225 -> U305 -> U221 -> U220 -> U271 -> U272 -> U273 -> U280 -> U184 -> OUT_R_REG_1_,b08
10,1.7,16,3,5,0,0,0,DFF_Q_IN_R_REG_5_,OUT_R_REG_1_,DFF_Q_IN_R_REG_5_ -> U306 -> U221 -> U220 -> U271 -> U272 -> U176 -> U232 -> U184 -> OUT_R_REG_1_,b08
10,1.5,16,3,5,0,0,0,DFF_Q_IN_R_REG_5_,OUT_R_REG_1_,DFF_Q_IN_R_REG_5_ -> U306 -> U221 -> U220 -> U271 -> U272 -> U176 -> U279 -> U184 -> OUT_R_REG_1_,b08
10,1.5,16,2,6,0,0,0,DFF_Q_IN_R_REG_5_,OUT_R_REG_1_,DFF_Q_IN_R_REG_5_ -> U306 -> U221 -> U220 -> U271 -> U272 -> U273 -> U280 -> U184 -> OUT_R_REG_1_,b08
11,1.6363636363636365,17,3,5,1,0,0,DFF_Q_IN_R_REG_5_,OUT_R_REG_0_,DFF_Q_IN_R_REG_5_ -> U225 -> U305 -> U221 -> U220 -> U271 -> U272 -> U176 -> U232 -> U183 -> OUT_R_REG_0_,b08
11,1.4545454545454546,17,2,6,1,0,0,DFF_Q_IN_R_REG_5_,OUT_R_REG_0_,DFF_Q_IN_R_REG_5_ -> U225 -> U305 -> U221 -> U220 -> U271 -> U272 -> U273 -> U281 -> U183 -> OUT_R_REG_0_,b08
10,1.7,16,3,5,0,0,0,DFF_Q_IN_R_REG_5_,OUT_R_REG_0_,DFF_Q_IN_R_REG_5_ -> U306 -> U221 -> U220 -> U271 -> U272 -> U176 -> U232 -> U183 -> OUT_R_REG_0_,b08
10,1.5,16,2,6,0,0,0,DFF_Q_IN_R_REG_5_,OUT_R_REG_0_,DFF_Q_IN_R_REG_5_ -> U306 -> U221 -> U220 -> U271 -> U272 -> U273 -> U281 -> U183 -> OUT_R_REG_0_,b08
4,1.25,4,0,2,0,0,0,DFF_Q_IN_R_REG_4_,IN_R_REG_4_,DFF_Q_IN_R_REG_4_ -> U293 -> U211 -> IN_R_REG_4_,b08
10,1.7,15,1,6,1,0,0,DFF_Q_IN_R_REG_4_,OUT_R_REG_3_,DFF_Q_IN_R_REG_4_ -> U226 -> U316 -> U261 -> U271 -> U272 -> U176 -> U232 -> U186 -> OUT_R_REG_3_,b08
10,1.5,15,1,6,1,0,0,DFF_Q_IN_R_REG_4_,OUT_R_REG_3_,DFF_Q_IN_R_REG_4_ -> U226 -> U316 -> U261 -> U271 -> U272 -> U176 -> U274 -> U186 -> OUT_R_REG_3_,b08
10,1.5,15,0,7,1,0,0,DFF_Q_IN_R_REG_4_,OUT_R_REG_3_,DFF_Q_IN_R_REG_4_ -> U226 -> U316 -> U261 -> U271 -> U272 -> U273 -> U275 -> U186 -> OUT_R_REG_3_,b08
9,1.7777777777777777,14,1,6,0,0,0,DFF_Q_IN_R_REG_4_,OUT_R_REG_3_,DFF_Q_IN_R_REG_4_ -> U315 -> U261 -> U271 -> U272 -> U176 -> U232 -> U186 -> OUT_R_REG_3_,b08
9,1.5555555555555556,14,1,6,0,0,0,DFF_Q_IN_R_REG_4_,OUT_R_REG_3_,DFF_Q_IN_R_REG_4_ -> U315 -> U261 -> U271 -> U272 -> U176 -> U274 -> U186 -> OUT_R_REG_3_,b08
9,1.5555555555555556,14,0,7,0,0,0,DFF_Q_IN_R_REG_4_,OUT_R_REG_3_,DFF_Q_IN_R_REG_4_ -> U315 -> U261 -> U271 -> U272 -> U273 -> U275 -> U186 -> OUT_R_REG_3_,b08
10,1.5,15,1,6,1,0,0,DFF_Q_IN_R_REG_4_,OUT_R_REG_2_,DFF_Q_IN_R_REG_4_ -> U226 -> U316 -> U261 -> U271 -> U272 -> U176 -> U276 -> U185 -> OUT_R_REG_2_,b08
10,1.5,15,0,7,1,0,0,DFF_Q_IN_R_REG_4_,OUT_R_REG_2_,DFF_Q_IN_R_REG_4_ -> U226 -> U316 -> U261 -> U271 -> U272 -> U273 -> U277 -> U185 -> OUT_R_REG_2_,b08
9,1.5555555555555556,14,1,6,0,0,0,DFF_Q_IN_R_REG_4_,OUT_R_REG_2_,DFF_Q_IN_R_REG_4_ -> U315 -> U261 -> U271 -> U272 -> U176 -> U276 -> U185 -> OUT_R_REG_2_,b08
9,1.5555555555555556,14,0,7,0,0,0,DFF_Q_IN_R_REG_4_,OUT_R_REG_2_,DFF_Q_IN_R_REG_4_ -> U315 -> U261 -> U271 -> U272 -> U273 -> U277 -> U185 -> OUT_R_REG_2_,b08
10,1.7,15,1,6,1,0,0,DFF_Q_IN_R_REG_4_,OUT_R_REG_1_,DFF_Q_IN_R_REG_4_ -> U226 -> U316 -> U261 -> U271 -> U272 -> U176 -> U232 -> U184 -> OUT_R_REG_1_,b08
10,1.5,15,1,6,1,0,0,DFF_Q_IN_R_REG_4_,OUT_R_REG_1_,DFF_Q_IN_R_REG_4_ -> U226 -> U316 -> U261 -> U271 -> U272 -> U176 -> U279 -> U184 -> OUT_R_REG_1_,b08
10,1.5,15,0,7,1,0,0,DFF_Q_IN_R_REG_4_,OUT_R_REG_1_,DFF_Q_IN_R_REG_4_ -> U226 -> U316 -> U261 -> U271 -> U272 -> U273 -> U280 -> U184 -> OUT_R_REG_1_,b08
9,1.7777777777777777,14,1,6,0,0,0,DFF_Q_IN_R_REG_4_,OUT_R_REG_1_,DFF_Q_IN_R_REG_4_ -> U315 -> U261 -> U271 -> U272 -> U176 -> U232 -> U184 -> OUT_R_REG_1_,b08
9,1.5555555555555556,14,1,6,0,0,0,DFF_Q_IN_R_REG_4_,OUT_R_REG_1_,DFF_Q_IN_R_REG_4_ -> U315 -> U261 -> U271 -> U272 -> U176 -> U279 -> U184 -> OUT_R_REG_1_,b08
9,1.5555555555555556,14,0,7,0,0,0,DFF_Q_IN_R_REG_4_,OUT_R_REG_1_,DFF_Q_IN_R_REG_4_ -> U315 -> U261 -> U271 -> U272 -> U273 -> U280 -> U184 -> OUT_R_REG_1_,b08
10,1.7,15,1,6,1,0,0,DFF_Q_IN_R_REG_4_,OUT_R_REG_0_,DFF_Q_IN_R_REG_4_ -> U226 -> U316 -> U261 -> U271 -> U272 -> U176 -> U232 -> U183 -> OUT_R_REG_0_,b08
10,1.5,15,0,7,1,0,0,DFF_Q_IN_R_REG_4_,OUT_R_REG_0_,DFF_Q_IN_R_REG_4_ -> U226 -> U316 -> U261 -> U271 -> U272 -> U273 -> U281 -> U183 -> OUT_R_REG_0_,b08
9,1.7777777777777777,14,1,6,0,0,0,DFF_Q_IN_R_REG_4_,OUT_R_REG_0_,DFF_Q_IN_R_REG_4_ -> U315 -> U261 -> U271 -> U272 -> U176 -> U232 -> U183 -> OUT_R_REG_0_,b08
9,1.5555555555555556,14,0,7,0,0,0,DFF_Q_IN_R_REG_4_,OUT_R_REG_0_,DFF_Q_IN_R_REG_4_ -> U315 -> U261 -> U271 -> U272 -> U273 -> U281 -> U183 -> OUT_R_REG_0_,b08
4,1.0,4,0,2,0,0,0,DFF_Q_IN_R_REG_3_,IN_R_REG_3_,DFF_Q_IN_R_REG_3_ -> U295 -> U212 -> IN_R_REG_3_,b08
10,1.6,15,2,5,1,0,0,DFF_Q_IN_R_REG_3_,OUT_R_REG_3_,DFF_Q_IN_R_REG_3_ -> U227 -> U270 -> U220 -> U271 -> U272 -> U176 -> U232 -> U186 -> OUT_R_REG_3_,b08
10,1.4,15,2,5,1,0,0,DFF_Q_IN_R_REG_3_,OUT_R_REG_3_,DFF_Q_IN_R_REG_3_ -> U227 -> U270 -> U220 -> U271 -> U272 -> U176 -> U274 -> U186 -> OUT_R_REG_3_,b08
10,1.4,15,1,6,1,0,0,DFF_Q_IN_R_REG_3_,OUT_R_REG_3_,DFF_Q_IN_R_REG_3_ -> U227 -> U270 -> U220 -> U271 -> U272 -> U273 -> U275 -> U186 -> OUT_R_REG_3_,b08
10,1.4,15,2,5,1,0,0,DFF_Q_IN_R_REG_3_,OUT_R_REG_2_,DFF_Q_IN_R_REG_3_ -> U227 -> U270 -> U220 -> U271 -> U272 -> U176 -> U276 -> U185 -> OUT_R_REG_2_,b08
10,1.4,15,1,6,1,0,0,DFF_Q_IN_R_REG_3_,OUT_R_REG_2_,DFF_Q_IN_R_REG_3_ -> U227 -> U270 -> U220 -> U271 -> U272 -> U273 -> U277 -> U185 -> OUT_R_REG_2_,b08
10,1.6,15,2,5,1,0,0,DFF_Q_IN_R_REG_3_,OUT_R_REG_1_,DFF_Q_IN_R_REG_3_ -> U227 -> U270 -> U220 -> U271 -> U272 -> U176 -> U232 -> U184 -> OUT_R_REG_1_,b08
10,1.4,15,2,5,1,0,0,DFF_Q_IN_R_REG_3_,OUT_R_REG_1_,DFF_Q_IN_R_REG_3_ -> U227 -> U270 -> U220 -> U271 -> U272 -> U176 -> U279 -> U184 -> OUT_R_REG_1_,b08
10,1.4,15,1,6,1,0,0,DFF_Q_IN_R_REG_3_,OUT_R_REG_1_,DFF_Q_IN_R_REG_3_ -> U227 -> U270 -> U220 -> U271 -> U272 -> U273 -> U280 -> U184 -> OUT_R_REG_1_,b08
10,1.6,15,2,5,1,0,0,DFF_Q_IN_R_REG_3_,OUT_R_REG_0_,DFF_Q_IN_R_REG_3_ -> U227 -> U270 -> U220 -> U271 -> U272 -> U176 -> U232 -> U183 -> OUT_R_REG_0_,b08
10,1.4,15,1,6,1,0,0,DFF_Q_IN_R_REG_3_,OUT_R_REG_0_,DFF_Q_IN_R_REG_3_ -> U227 -> U270 -> U220 -> U271 -> U272 -> U273 -> U281 -> U183 -> OUT_R_REG_0_,b08
4,1.25,4,0,2,0,0,0,DFF_Q_IN_R_REG_2_,IN_R_REG_2_,DFF_Q_IN_R_REG_2_ -> U297 -> U213 -> IN_R_REG_2_,b08
10,1.7,15,1,6,1,0,0,DFF_Q_IN_R_REG_2_,OUT_R_REG_3_,DFF_Q_IN_R_REG_2_ -> U228 -> U312 -> U264 -> U271 -> U272 -> U176 -> U232 -> U186 -> OUT_R_REG_3_,b08
10,1.5,15,1,6,1,0,0,DFF_Q_IN_R_REG_2_,OUT_R_REG_3_,DFF_Q_IN_R_REG_2_ -> U228 -> U312 -> U264 -> U271 -> U272 -> U176 -> U274 -> U186 -> OUT_R_REG_3_,b08
10,1.5,15,0,7,1,0,0,DFF_Q_IN_R_REG_2_,OUT_R_REG_3_,DFF_Q_IN_R_REG_2_ -> U228 -> U312 -> U264 -> U271 -> U272 -> U273 -> U275 -> U186 -> OUT_R_REG_3_,b08
9,1.7777777777777777,14,1,6,0,0,0,DFF_Q_IN_R_REG_2_,OUT_R_REG_3_,DFF_Q_IN_R_REG_2_ -> U311 -> U264 -> U271 -> U272 -> U176 -> U232 -> U186 -> OUT_R_REG_3_,b08
9,1.5555555555555556,14,1,6,0,0,0,DFF_Q_IN_R_REG_2_,OUT_R_REG_3_,DFF_Q_IN_R_REG_2_ -> U311 -> U264 -> U271 -> U272 -> U176 -> U274 -> U186 -> OUT_R_REG_3_,b08
9,1.5555555555555556,14,0,7,0,0,0,DFF_Q_IN_R_REG_2_,OUT_R_REG_3_,DFF_Q_IN_R_REG_2_ -> U311 -> U264 -> U271 -> U272 -> U273 -> U275 -> U186 -> OUT_R_REG_3_,b08
10,1.5,15,1,6,1,0,0,DFF_Q_IN_R_REG_2_,OUT_R_REG_2_,DFF_Q_IN_R_REG_2_ -> U228 -> U312 -> U264 -> U271 -> U272 -> U176 -> U276 -> U185 -> OUT_R_REG_2_,b08
10,1.5,15,0,7,1,0,0,DFF_Q_IN_R_REG_2_,OUT_R_REG_2_,DFF_Q_IN_R_REG_2_ -> U228 -> U312 -> U264 -> U271 -> U272 -> U273 -> U277 -> U185 -> OUT_R_REG_2_,b08
9,1.5555555555555556,14,1,6,0,0,0,DFF_Q_IN_R_REG_2_,OUT_R_REG_2_,DFF_Q_IN_R_REG_2_ -> U311 -> U264 -> U271 -> U272 -> U176 -> U276 -> U185 -> OUT_R_REG_2_,b08
9,1.5555555555555556,14,0,7,0,0,0,DFF_Q_IN_R_REG_2_,OUT_R_REG_2_,DFF_Q_IN_R_REG_2_ -> U311 -> U264 -> U271 -> U272 -> U273 -> U277 -> U185 -> OUT_R_REG_2_,b08
10,1.7,15,1,6,1,0,0,DFF_Q_IN_R_REG_2_,OUT_R_REG_1_,DFF_Q_IN_R_REG_2_ -> U228 -> U312 -> U264 -> U271 -> U272 -> U176 -> U232 -> U184 -> OUT_R_REG_1_,b08
10,1.5,15,1,6,1,0,0,DFF_Q_IN_R_REG_2_,OUT_R_REG_1_,DFF_Q_IN_R_REG_2_ -> U228 -> U312 -> U264 -> U271 -> U272 -> U176 -> U279 -> U184 -> OUT_R_REG_1_,b08
10,1.5,15,0,7,1,0,0,DFF_Q_IN_R_REG_2_,OUT_R_REG_1_,DFF_Q_IN_R_REG_2_ -> U228 -> U312 -> U264 -> U271 -> U272 -> U273 -> U280 -> U184 -> OUT_R_REG_1_,b08
9,1.7777777777777777,14,1,6,0,0,0,DFF_Q_IN_R_REG_2_,OUT_R_REG_1_,DFF_Q_IN_R_REG_2_ -> U311 -> U264 -> U271 -> U272 -> U176 -> U232 -> U184 -> OUT_R_REG_1_,b08
9,1.5555555555555556,14,1,6,0,0,0,DFF_Q_IN_R_REG_2_,OUT_R_REG_1_,DFF_Q_IN_R_REG_2_ -> U311 -> U264 -> U271 -> U272 -> U176 -> U279 -> U184 -> OUT_R_REG_1_,b08
9,1.5555555555555556,14,0,7,0,0,0,DFF_Q_IN_R_REG_2_,OUT_R_REG_1_,DFF_Q_IN_R_REG_2_ -> U311 -> U264 -> U271 -> U272 -> U273 -> U280 -> U184 -> OUT_R_REG_1_,b08
10,1.7,15,1,6,1,0,0,DFF_Q_IN_R_REG_2_,OUT_R_REG_0_,DFF_Q_IN_R_REG_2_ -> U228 -> U312 -> U264 -> U271 -> U272 -> U176 -> U232 -> U183 -> OUT_R_REG_0_,b08
10,1.5,15,0,7,1,0,0,DFF_Q_IN_R_REG_2_,OUT_R_REG_0_,DFF_Q_IN_R_REG_2_ -> U228 -> U312 -> U264 -> U271 -> U272 -> U273 -> U281 -> U183 -> OUT_R_REG_0_,b08
9,1.7777777777777777,14,1,6,0,0,0,DFF_Q_IN_R_REG_2_,OUT_R_REG_0_,DFF_Q_IN_R_REG_2_ -> U311 -> U264 -> U271 -> U272 -> U176 -> U232 -> U183 -> OUT_R_REG_0_,b08
9,1.5555555555555556,14,0,7,0,0,0,DFF_Q_IN_R_REG_2_,OUT_R_REG_0_,DFF_Q_IN_R_REG_2_ -> U311 -> U264 -> U271 -> U272 -> U273 -> U281 -> U183 -> OUT_R_REG_0_,b08
4,1.25,4,0,2,0,0,0,DFF_Q_IN_R_REG_1_,IN_R_REG_1_,DFF_Q_IN_R_REG_1_ -> U299 -> U214 -> IN_R_REG_1_,b08
11,1.6363636363636365,17,2,6,1,0,0,DFF_Q_IN_R_REG_1_,OUT_R_REG_3_,DFF_Q_IN_R_REG_1_ -> U229 -> U307 -> U266 -> U220 -> U271 -> U272 -> U176 -> U232 -> U186 -> OUT_R_REG_3_,b08
11,1.4545454545454546,17,2,6,1,0,0,DFF_Q_IN_R_REG_1_,OUT_R_REG_3_,DFF_Q_IN_R_REG_1_ -> U229 -> U307 -> U266 -> U220 -> U271 -> U272 -> U176 -> U274 -> U186 -> OUT_R_REG_3_,b08
11,1.4545454545454546,17,1,7,1,0,0,DFF_Q_IN_R_REG_1_,OUT_R_REG_3_,DFF_Q_IN_R_REG_1_ -> U229 -> U307 -> U266 -> U220 -> U271 -> U272 -> U273 -> U275 -> U186 -> OUT_R_REG_3_,b08
10,1.7,16,2,6,0,0,0,DFF_Q_IN_R_REG_1_,OUT_R_REG_3_,DFF_Q_IN_R_REG_1_ -> U308 -> U266 -> U220 -> U271 -> U272 -> U176 -> U232 -> U186 -> OUT_R_REG_3_,b08
10,1.5,16,2,6,0,0,0,DFF_Q_IN_R_REG_1_,OUT_R_REG_3_,DFF_Q_IN_R_REG_1_ -> U308 -> U266 -> U220 -> U271 -> U272 -> U176 -> U274 -> U186 -> OUT_R_REG_3_,b08
10,1.5,16,1,7,0,0,0,DFF_Q_IN_R_REG_1_,OUT_R_REG_3_,DFF_Q_IN_R_REG_1_ -> U308 -> U266 -> U220 -> U271 -> U272 -> U273 -> U275 -> U186 -> OUT_R_REG_3_,b08
11,1.4545454545454546,17,2,6,1,0,0,DFF_Q_IN_R_REG_1_,OUT_R_REG_2_,DFF_Q_IN_R_REG_1_ -> U229 -> U307 -> U266 -> U220 -> U271 -> U272 -> U176 -> U276 -> U185 -> OUT_R_REG_2_,b08
11,1.4545454545454546,17,1,7,1,0,0,DFF_Q_IN_R_REG_1_,OUT_R_REG_2_,DFF_Q_IN_R_REG_1_ -> U229 -> U307 -> U266 -> U220 -> U271 -> U272 -> U273 -> U277 -> U185 -> OUT_R_REG_2_,b08
10,1.5,16,2,6,0,0,0,DFF_Q_IN_R_REG_1_,OUT_R_REG_2_,DFF_Q_IN_R_REG_1_ -> U308 -> U266 -> U220 -> U271 -> U272 -> U176 -> U276 -> U185 -> OUT_R_REG_2_,b08
10,1.5,16,1,7,0,0,0,DFF_Q_IN_R_REG_1_,OUT_R_REG_2_,DFF_Q_IN_R_REG_1_ -> U308 -> U266 -> U220 -> U271 -> U272 -> U273 -> U277 -> U185 -> OUT_R_REG_2_,b08
11,1.6363636363636365,17,2,6,1,0,0,DFF_Q_IN_R_REG_1_,OUT_R_REG_1_,DFF_Q_IN_R_REG_1_ -> U229 -> U307 -> U266 -> U220 -> U271 -> U272 -> U176 -> U232 -> U184 -> OUT_R_REG_1_,b08
11,1.4545454545454546,17,2,6,1,0,0,DFF_Q_IN_R_REG_1_,OUT_R_REG_1_,DFF_Q_IN_R_REG_1_ -> U229 -> U307 -> U266 -> U220 -> U271 -> U272 -> U176 -> U279 -> U184 -> OUT_R_REG_1_,b08
11,1.4545454545454546,17,1,7,1,0,0,DFF_Q_IN_R_REG_1_,OUT_R_REG_1_,DFF_Q_IN_R_REG_1_ -> U229 -> U307 -> U266 -> U220 -> U271 -> U272 -> U273 -> U280 -> U184 -> OUT_R_REG_1_,b08
10,1.7,16,2,6,0,0,0,DFF_Q_IN_R_REG_1_,OUT_R_REG_1_,DFF_Q_IN_R_REG_1_ -> U308 -> U266 -> U220 -> U271 -> U272 -> U176 -> U232 -> U184 -> OUT_R_REG_1_,b08
10,1.5,16,2,6,0,0,0,DFF_Q_IN_R_REG_1_,OUT_R_REG_1_,DFF_Q_IN_R_REG_1_ -> U308 -> U266 -> U220 -> U271 -> U272 -> U176 -> U279 -> U184 -> OUT_R_REG_1_,b08
10,1.5,16,1,7,0,0,0,DFF_Q_IN_R_REG_1_,OUT_R_REG_1_,DFF_Q_IN_R_REG_1_ -> U308 -> U266 -> U220 -> U271 -> U272 -> U273 -> U280 -> U184 -> OUT_R_REG_1_,b08
11,1.6363636363636365,17,2,6,1,0,0,DFF_Q_IN_R_REG_1_,OUT_R_REG_0_,DFF_Q_IN_R_REG_1_ -> U229 -> U307 -> U266 -> U220 -> U271 -> U272 -> U176 -> U232 -> U183 -> OUT_R_REG_0_,b08
11,1.4545454545454546,17,1,7,1,0,0,DFF_Q_IN_R_REG_1_,OUT_R_REG_0_,DFF_Q_IN_R_REG_1_ -> U229 -> U307 -> U266 -> U220 -> U271 -> U272 -> U273 -> U281 -> U183 -> OUT_R_REG_0_,b08
10,1.7,16,2,6,0,0,0,DFF_Q_IN_R_REG_1_,OUT_R_REG_0_,DFF_Q_IN_R_REG_1_ -> U308 -> U266 -> U220 -> U271 -> U272 -> U176 -> U232 -> U183 -> OUT_R_REG_0_,b08
10,1.5,16,1,7,0,0,0,DFF_Q_IN_R_REG_1_,OUT_R_REG_0_,DFF_Q_IN_R_REG_1_ -> U308 -> U266 -> U220 -> U271 -> U272 -> U273 -> U281 -> U183 -> OUT_R_REG_0_,b08
4,1.25,4,0,2,0,0,0,DFF_Q_IN_R_REG_0_,IN_R_REG_0_,DFF_Q_IN_R_REG_0_ -> U301 -> U215 -> IN_R_REG_0_,b08
11,1.6363636363636365,17,2,6,1,0,0,DFF_Q_IN_R_REG_0_,OUT_R_REG_3_,DFF_Q_IN_R_REG_0_ -> U230 -> U310 -> U269 -> U220 -> U271 -> U272 -> U176 -> U232 -> U186 -> OUT_R_REG_3_,b08
11,1.4545454545454546,17,2,6,1,0,0,DFF_Q_IN_R_REG_0_,OUT_R_REG_3_,DFF_Q_IN_R_REG_0_ -> U230 -> U310 -> U269 -> U220 -> U271 -> U272 -> U176 -> U274 -> U186 -> OUT_R_REG_3_,b08
11,1.4545454545454546,17,1,7,1,0,0,DFF_Q_IN_R_REG_0_,OUT_R_REG_3_,DFF_Q_IN_R_REG_0_ -> U230 -> U310 -> U269 -> U220 -> U271 -> U272 -> U273 -> U275 -> U186 -> OUT_R_REG_3_,b08
10,1.7,16,2,6,0,0,0,DFF_Q_IN_R_REG_0_,OUT_R_REG_3_,DFF_Q_IN_R_REG_0_ -> U309 -> U269 -> U220 -> U271 -> U272 -> U176 -> U232 -> U186 -> OUT_R_REG_3_,b08
10,1.5,16,2,6,0,0,0,DFF_Q_IN_R_REG_0_,OUT_R_REG_3_,DFF_Q_IN_R_REG_0_ -> U309 -> U269 -> U220 -> U271 -> U272 -> U176 -> U274 -> U186 -> OUT_R_REG_3_,b08
10,1.5,16,1,7,0,0,0,DFF_Q_IN_R_REG_0_,OUT_R_REG_3_,DFF_Q_IN_R_REG_0_ -> U309 -> U269 -> U220 -> U271 -> U272 -> U273 -> U275 -> U186 -> OUT_R_REG_3_,b08
11,1.4545454545454546,17,2,6,1,0,0,DFF_Q_IN_R_REG_0_,OUT_R_REG_2_,DFF_Q_IN_R_REG_0_ -> U230 -> U310 -> U269 -> U220 -> U271 -> U272 -> U176 -> U276 -> U185 -> OUT_R_REG_2_,b08
11,1.4545454545454546,17,1,7,1,0,0,DFF_Q_IN_R_REG_0_,OUT_R_REG_2_,DFF_Q_IN_R_REG_0_ -> U230 -> U310 -> U269 -> U220 -> U271 -> U272 -> U273 -> U277 -> U185 -> OUT_R_REG_2_,b08
10,1.5,16,2,6,0,0,0,DFF_Q_IN_R_REG_0_,OUT_R_REG_2_,DFF_Q_IN_R_REG_0_ -> U309 -> U269 -> U220 -> U271 -> U272 -> U176 -> U276 -> U185 -> OUT_R_REG_2_,b08
10,1.5,16,1,7,0,0,0,DFF_Q_IN_R_REG_0_,OUT_R_REG_2_,DFF_Q_IN_R_REG_0_ -> U309 -> U269 -> U220 -> U271 -> U272 -> U273 -> U277 -> U185 -> OUT_R_REG_2_,b08
11,1.6363636363636365,17,2,6,1,0,0,DFF_Q_IN_R_REG_0_,OUT_R_REG_1_,DFF_Q_IN_R_REG_0_ -> U230 -> U310 -> U269 -> U220 -> U271 -> U272 -> U176 -> U232 -> U184 -> OUT_R_REG_1_,b08
11,1.4545454545454546,17,2,6,1,0,0,DFF_Q_IN_R_REG_0_,OUT_R_REG_1_,DFF_Q_IN_R_REG_0_ -> U230 -> U310 -> U269 -> U220 -> U271 -> U272 -> U176 -> U279 -> U184 -> OUT_R_REG_1_,b08
11,1.4545454545454546,17,1,7,1,0,0,DFF_Q_IN_R_REG_0_,OUT_R_REG_1_,DFF_Q_IN_R_REG_0_ -> U230 -> U310 -> U269 -> U220 -> U271 -> U272 -> U273 -> U280 -> U184 -> OUT_R_REG_1_,b08
10,1.7,16,2,6,0,0,0,DFF_Q_IN_R_REG_0_,OUT_R_REG_1_,DFF_Q_IN_R_REG_0_ -> U309 -> U269 -> U220 -> U271 -> U272 -> U176 -> U232 -> U184 -> OUT_R_REG_1_,b08
10,1.5,16,2,6,0,0,0,DFF_Q_IN_R_REG_0_,OUT_R_REG_1_,DFF_Q_IN_R_REG_0_ -> U309 -> U269 -> U220 -> U271 -> U272 -> U176 -> U279 -> U184 -> OUT_R_REG_1_,b08
10,1.5,16,1,7,0,0,0,DFF_Q_IN_R_REG_0_,OUT_R_REG_1_,DFF_Q_IN_R_REG_0_ -> U309 -> U269 -> U220 -> U271 -> U272 -> U273 -> U280 -> U184 -> OUT_R_REG_1_,b08
11,1.6363636363636365,17,2,6,1,0,0,DFF_Q_IN_R_REG_0_,OUT_R_REG_0_,DFF_Q_IN_R_REG_0_ -> U230 -> U310 -> U269 -> U220 -> U271 -> U272 -> U176 -> U232 -> U183 -> OUT_R_REG_0_,b08
11,1.4545454545454546,17,1,7,1,0,0,DFF_Q_IN_R_REG_0_,OUT_R_REG_0_,DFF_Q_IN_R_REG_0_ -> U230 -> U310 -> U269 -> U220 -> U271 -> U272 -> U273 -> U281 -> U183 -> OUT_R_REG_0_,b08
10,1.7,16,2,6,0,0,0,DFF_Q_IN_R_REG_0_,OUT_R_REG_0_,DFF_Q_IN_R_REG_0_ -> U309 -> U269 -> U220 -> U271 -> U272 -> U176 -> U232 -> U183 -> OUT_R_REG_0_,b08
10,1.5,16,1,7,0,0,0,DFF_Q_IN_R_REG_0_,OUT_R_REG_0_,DFF_Q_IN_R_REG_0_ -> U309 -> U269 -> U220 -> U271 -> U272 -> U273 -> U281 -> U183 -> OUT_R_REG_0_,b08
4,1.0,4,0,2,0,0,0,DFF_Q_OUT_R_REG_3_,OUT_R_REG_3_,DFF_Q_OUT_R_REG_3_ -> U275 -> U186 -> OUT_R_REG_3_,b08
4,1.0,4,0,2,0,0,0,DFF_Q_OUT_R_REG_3_,O_REG_3_,DFF_Q_OUT_R_REG_3_ -> U318 -> U216 -> O_REG_3_,b08
4,1.0,4,0,2,0,0,0,DFF_Q_OUT_R_REG_2_,OUT_R_REG_2_,DFF_Q_OUT_R_REG_2_ -> U277 -> U185 -> OUT_R_REG_2_,b08
4,1.0,4,0,2,0,0,0,DFF_Q_OUT_R_REG_2_,O_REG_2_,DFF_Q_OUT_R_REG_2_ -> U320 -> U217 -> O_REG_2_,b08
4,1.0,4,0,2,0,0,0,DFF_Q_OUT_R_REG_1_,OUT_R_REG_1_,DFF_Q_OUT_R_REG_1_ -> U280 -> U184 -> OUT_R_REG_1_,b08
4,1.0,4,0,2,0,0,0,DFF_Q_OUT_R_REG_1_,O_REG_1_,DFF_Q_OUT_R_REG_1_ -> U322 -> U218 -> O_REG_1_,b08
4,1.0,4,0,2,0,0,0,DFF_Q_OUT_R_REG_0_,O_REG_0_,DFF_Q_OUT_R_REG_0_ -> U324 -> U219 -> O_REG_0_,b08
4,1.0,4,0,2,0,0,0,DFF_Q_OUT_R_REG_0_,OUT_R_REG_0_,DFF_Q_OUT_R_REG_0_ -> U281 -> U183 -> OUT_R_REG_0_,b08
4,0.75,4,0,2,0,0,0,DFF_Q_O_REG_3_,O_REG_3_,DFF_Q_O_REG_3_ -> U317 -> U216 -> O_REG_3_,b08
4,0.75,4,0,2,0,0,0,DFF_Q_O_REG_2_,O_REG_2_,DFF_Q_O_REG_2_ -> U319 -> U217 -> O_REG_2_,b08
4,0.75,4,0,2,0,0,0,DFF_Q_O_REG_1_,O_REG_1_,DFF_Q_O_REG_1_ -> U321 -> U218 -> O_REG_1_,b08
4,0.75,4,0,2,0,0,0,X,D_IN_REG_8_,X -> U203 -> U101 -> D_IN_REG_8_,b09
7,3.4285714285714284,9,2,2,1,0,0,DFF_Q_D_IN_REG_0_,D_IN_REG_0_,DFF_Q_D_IN_REG_0_ -> U120 -> U201 -> U90 -> U206 -> U93 -> D_IN_REG_0_,b09
6,3.6666666666666665,7,1,2,1,0,0,DFF_Q_D_IN_REG_0_,D_IN_REG_0_,DFF_Q_D_IN_REG_0_ -> U120 -> U205 -> U206 -> U93 -> D_IN_REG_0_,b09
9,3.5555555555555554,13,1,5,1,0,0,DFF_Q_D_IN_REG_0_,D_OUT_REG_7_,DFF_Q_D_IN_REG_0_ -> U139 -> U151 -> U150 -> U140 -> U88 -> U155 -> U118 -> D_OUT_REG_7_,b09
9,3.5555555555555554,12,0,5,2,0,0,DFF_Q_D_IN_REG_0_,D_OUT_REG_7_,DFF_Q_D_IN_REG_0_ -> U139 -> U151 -> U150 -> U140 -> U154 -> U156 -> U118 -> D_OUT_REG_7_,b09
7,2.857142857142857,10,1,4,0,0,0,DFF_Q_D_IN_REG_0_,D_OUT_REG_7_,DFF_Q_D_IN_REG_0_ -> U225 -> U140 -> U88 -> U155 -> U118 -> D_OUT_REG_7_,b09
7,2.857142857142857,9,0,4,1,0,0,DFF_Q_D_IN_REG_0_,D_OUT_REG_7_,DFF_Q_D_IN_REG_0_ -> U225 -> U140 -> U154 -> U156 -> U118 -> D_OUT_REG_7_,b09
7,2.857142857142857,10,1,3,0,1,0,DFF_Q_D_IN_REG_0_,D_OUT_REG_7_,DFF_Q_D_IN_REG_0_ -> U226 -> U140 -> U88 -> U155 -> U118 -> D_OUT_REG_7_,b09
7,2.857142857142857,9,0,3,1,1,0,DFF_Q_D_IN_REG_0_,D_OUT_REG_7_,DFF_Q_D_IN_REG_0_ -> U226 -> U140 -> U154 -> U156 -> U118 -> D_OUT_REG_7_,b09
9,3.5555555555555554,13,1,5,1,0,0,DFF_Q_D_IN_REG_0_,D_OUT_REG_6_,DFF_Q_D_IN_REG_0_ -> U139 -> U151 -> U150 -> U140 -> U88 -> U158 -> U117 -> D_OUT_REG_6_,b09
9,3.4444444444444446,13,1,5,1,0,0,DFF_Q_D_IN_REG_0_,D_OUT_REG_6_,DFF_Q_D_IN_REG_0_ -> U139 -> U151 -> U150 -> U140 -> U89 -> U157 -> U117 -> D_OUT_REG_6_,b09
9,3.5555555555555554,12,0,5,2,0,0,DFF_Q_D_IN_REG_0_,D_OUT_REG_6_,DFF_Q_D_IN_REG_0_ -> U139 -> U151 -> U150 -> U140 -> U154 -> U159 -> U117 -> D_OUT_REG_6_,b09
7,2.857142857142857,10,1,4,0,0,0,DFF_Q_D_IN_REG_0_,D_OUT_REG_6_,DFF_Q_D_IN_REG_0_ -> U225 -> U140 -> U88 -> U158 -> U117 -> D_OUT_REG_6_,b09
7,2.7142857142857144,10,1,4,0,0,0,DFF_Q_D_IN_REG_0_,D_OUT_REG_6_,DFF_Q_D_IN_REG_0_ -> U225 -> U140 -> U89 -> U157 -> U117 -> D_OUT_REG_6_,b09
7,2.857142857142857,9,0,4,1,0,0,DFF_Q_D_IN_REG_0_,D_OUT_REG_6_,DFF_Q_D_IN_REG_0_ -> U225 -> U140 -> U154 -> U159 -> U117 -> D_OUT_REG_6_,b09
7,2.857142857142857,10,1,3,0,1,0,DFF_Q_D_IN_REG_0_,D_OUT_REG_6_,DFF_Q_D_IN_REG_0_ -> U226 -> U140 -> U88 -> U158 -> U117 -> D_OUT_REG_6_,b09
7,2.7142857142857144,10,1,3,0,1,0,DFF_Q_D_IN_REG_0_,D_OUT_REG_6_,DFF_Q_D_IN_REG_0_ -> U226 -> U140 -> U89 -> U157 -> U117 -> D_OUT_REG_6_,b09
7,2.857142857142857,9,0,3,1,1,0,DFF_Q_D_IN_REG_0_,D_OUT_REG_6_,DFF_Q_D_IN_REG_0_ -> U226 -> U140 -> U154 -> U159 -> U117 -> D_OUT_REG_6_,b09
9,3.5555555555555554,13,1,5,1,0,0,DFF_Q_D_IN_REG_0_,D_OUT_REG_5_,DFF_Q_D_IN_REG_0_ -> U139 -> U151 -> U150 -> U140 -> U88 -> U161 -> U116 -> D_OUT_REG_5_,b09
9,3.4444444444444446,13,1,5,1,0,0,DFF_Q_D_IN_REG_0_,D_OUT_REG_5_,DFF_Q_D_IN_REG_0_ -> U139 -> U151 -> U150 -> U140 -> U89 -> U160 -> U116 -> D_OUT_REG_5_,b09
9,3.5555555555555554,12,0,5,2,0,0,DFF_Q_D_IN_REG_0_,D_OUT_REG_5_,DFF_Q_D_IN_REG_0_ -> U139 -> U151 -> U150 -> U140 -> U154 -> U162 -> U116 -> D_OUT_REG_5_,b09
7,2.857142857142857,10,1,4,0,0,0,DFF_Q_D_IN_REG_0_,D_OUT_REG_5_,DFF_Q_D_IN_REG_0_ -> U225 -> U140 -> U88 -> U161 -> U116 -> D_OUT_REG_5_,b09
7,2.7142857142857144,10,1,4,0,0,0,DFF_Q_D_IN_REG_0_,D_OUT_REG_5_,DFF_Q_D_IN_REG_0_ -> U225 -> U140 -> U89 -> U160 -> U116 -> D_OUT_REG_5_,b09
7,2.857142857142857,9,0,4,1,0,0,DFF_Q_D_IN_REG_0_,D_OUT_REG_5_,DFF_Q_D_IN_REG_0_ -> U225 -> U140 -> U154 -> U162 -> U116 -> D_OUT_REG_5_,b09
7,2.857142857142857,10,1,3,0,1,0,DFF_Q_D_IN_REG_0_,D_OUT_REG_5_,DFF_Q_D_IN_REG_0_ -> U226 -> U140 -> U88 -> U161 -> U116 -> D_OUT_REG_5_,b09
7,2.7142857142857144,10,1,3,0,1,0,DFF_Q_D_IN_REG_0_,D_OUT_REG_5_,DFF_Q_D_IN_REG_0_ -> U226 -> U140 -> U89 -> U160 -> U116 -> D_OUT_REG_5_,b09
7,2.857142857142857,9,0,3,1,1,0,DFF_Q_D_IN_REG_0_,D_OUT_REG_5_,DFF_Q_D_IN_REG_0_ -> U226 -> U140 -> U154 -> U162 -> U116 -> D_OUT_REG_5_,b09
9,3.5555555555555554,13,1,5,1,0,0,DFF_Q_D_IN_REG_0_,D_OUT_REG_4_,DFF_Q_D_IN_REG_0_ -> U139 -> U151 -> U150 -> U140 -> U88 -> U164 -> U115 -> D_OUT_REG_4_,b09
9,3.4444444444444446,13,1,5,1,0,0,DFF_Q_D_IN_REG_0_,D_OUT_REG_4_,DFF_Q_D_IN_REG_0_ -> U139 -> U151 -> U150 -> U140 -> U89 -> U163 -> U115 -> D_OUT_REG_4_,b09
9,3.5555555555555554,12,0,5,2,0,0,DFF_Q_D_IN_REG_0_,D_OUT_REG_4_,DFF_Q_D_IN_REG_0_ -> U139 -> U151 -> U150 -> U140 -> U154 -> U165 -> U115 -> D_OUT_REG_4_,b09
7,2.857142857142857,10,1,4,0,0,0,DFF_Q_D_IN_REG_0_,D_OUT_REG_4_,DFF_Q_D_IN_REG_0_ -> U225 -> U140 -> U88 -> U164 -> U115 -> D_OUT_REG_4_,b09
7,2.7142857142857144,10,1,4,0,0,0,DFF_Q_D_IN_REG_0_,D_OUT_REG_4_,DFF_Q_D_IN_REG_0_ -> U225 -> U140 -> U89 -> U163 -> U115 -> D_OUT_REG_4_,b09
7,2.857142857142857,9,0,4,1,0,0,DFF_Q_D_IN_REG_0_,D_OUT_REG_4_,DFF_Q_D_IN_REG_0_ -> U225 -> U140 -> U154 -> U165 -> U115 -> D_OUT_REG_4_,b09
7,2.857142857142857,10,1,3,0,1,0,DFF_Q_D_IN_REG_0_,D_OUT_REG_4_,DFF_Q_D_IN_REG_0_ -> U226 -> U140 -> U88 -> U164 -> U115 -> D_OUT_REG_4_,b09
7,2.7142857142857144,10,1,3,0,1,0,DFF_Q_D_IN_REG_0_,D_OUT_REG_4_,DFF_Q_D_IN_REG_0_ -> U226 -> U140 -> U89 -> U163 -> U115 -> D_OUT_REG_4_,b09
7,2.857142857142857,9,0,3,1,1,0,DFF_Q_D_IN_REG_0_,D_OUT_REG_4_,DFF_Q_D_IN_REG_0_ -> U226 -> U140 -> U154 -> U165 -> U115 -> D_OUT_REG_4_,b09
9,3.5555555555555554,13,1,5,1,0,0,DFF_Q_D_IN_REG_0_,D_OUT_REG_3_,DFF_Q_D_IN_REG_0_ -> U139 -> U151 -> U150 -> U140 -> U88 -> U167 -> U114 -> D_OUT_REG_3_,b09
9,3.4444444444444446,13,1,5,1,0,0,DFF_Q_D_IN_REG_0_,D_OUT_REG_3_,DFF_Q_D_IN_REG_0_ -> U139 -> U151 -> U150 -> U140 -> U89 -> U166 -> U114 -> D_OUT_REG_3_,b09
9,3.5555555555555554,12,0,5,2,0,0,DFF_Q_D_IN_REG_0_,D_OUT_REG_3_,DFF_Q_D_IN_REG_0_ -> U139 -> U151 -> U150 -> U140 -> U154 -> U168 -> U114 -> D_OUT_REG_3_,b09
7,2.857142857142857,10,1,4,0,0,0,DFF_Q_D_IN_REG_0_,D_OUT_REG_3_,DFF_Q_D_IN_REG_0_ -> U225 -> U140 -> U88 -> U167 -> U114 -> D_OUT_REG_3_,b09
7,2.7142857142857144,10,1,4,0,0,0,DFF_Q_D_IN_REG_0_,D_OUT_REG_3_,DFF_Q_D_IN_REG_0_ -> U225 -> U140 -> U89 -> U166 -> U114 -> D_OUT_REG_3_,b09
7,2.857142857142857,9,0,4,1,0,0,DFF_Q_D_IN_REG_0_,D_OUT_REG_3_,DFF_Q_D_IN_REG_0_ -> U225 -> U140 -> U154 -> U168 -> U114 -> D_OUT_REG_3_,b09
7,2.857142857142857,10,1,3,0,1,0,DFF_Q_D_IN_REG_0_,D_OUT_REG_3_,DFF_Q_D_IN_REG_0_ -> U226 -> U140 -> U88 -> U167 -> U114 -> D_OUT_REG_3_,b09
7,2.7142857142857144,10,1,3,0,1,0,DFF_Q_D_IN_REG_0_,D_OUT_REG_3_,DFF_Q_D_IN_REG_0_ -> U226 -> U140 -> U89 -> U166 -> U114 -> D_OUT_REG_3_,b09
7,2.857142857142857,9,0,3,1,1,0,DFF_Q_D_IN_REG_0_,D_OUT_REG_3_,DFF_Q_D_IN_REG_0_ -> U226 -> U140 -> U154 -> U168 -> U114 -> D_OUT_REG_3_,b09
9,3.5555555555555554,13,1,5,1,0,0,DFF_Q_D_IN_REG_0_,D_OUT_REG_2_,DFF_Q_D_IN_REG_0_ -> U139 -> U151 -> U150 -> U140 -> U88 -> U170 -> U113 -> D_OUT_REG_2_,b09
9,3.4444444444444446,13,1,5,1,0,0,DFF_Q_D_IN_REG_0_,D_OUT_REG_2_,DFF_Q_D_IN_REG_0_ -> U139 -> U151 -> U150 -> U140 -> U89 -> U169 -> U113 -> D_OUT_REG_2_,b09
9,3.5555555555555554,12,0,5,2,0,0,DFF_Q_D_IN_REG_0_,D_OUT_REG_2_,DFF_Q_D_IN_REG_0_ -> U139 -> U151 -> U150 -> U140 -> U154 -> U171 -> U113 -> D_OUT_REG_2_,b09
7,2.857142857142857,10,1,4,0,0,0,DFF_Q_D_IN_REG_0_,D_OUT_REG_2_,DFF_Q_D_IN_REG_0_ -> U225 -> U140 -> U88 -> U170 -> U113 -> D_OUT_REG_2_,b09
7,2.7142857142857144,10,1,4,0,0,0,DFF_Q_D_IN_REG_0_,D_OUT_REG_2_,DFF_Q_D_IN_REG_0_ -> U225 -> U140 -> U89 -> U169 -> U113 -> D_OUT_REG_2_,b09
7,2.857142857142857,9,0,4,1,0,0,DFF_Q_D_IN_REG_0_,D_OUT_REG_2_,DFF_Q_D_IN_REG_0_ -> U225 -> U140 -> U154 -> U171 -> U113 -> D_OUT_REG_2_,b09
7,2.857142857142857,10,1,3,0,1,0,DFF_Q_D_IN_REG_0_,D_OUT_REG_2_,DFF_Q_D_IN_REG_0_ -> U226 -> U140 -> U88 -> U170 -> U113 -> D_OUT_REG_2_,b09
7,2.7142857142857144,10,1,3,0,1,0,DFF_Q_D_IN_REG_0_,D_OUT_REG_2_,DFF_Q_D_IN_REG_0_ -> U226 -> U140 -> U89 -> U169 -> U113 -> D_OUT_REG_2_,b09
7,2.857142857142857,9,0,3,1,1,0,DFF_Q_D_IN_REG_0_,D_OUT_REG_2_,DFF_Q_D_IN_REG_0_ -> U226 -> U140 -> U154 -> U171 -> U113 -> D_OUT_REG_2_,b09
9,3.5555555555555554,13,1,5,1,0,0,DFF_Q_D_IN_REG_0_,D_OUT_REG_1_,DFF_Q_D_IN_REG_0_ -> U139 -> U151 -> U150 -> U140 -> U88 -> U173 -> U112 -> D_OUT_REG_1_,b09
9,3.4444444444444446,13,1,5,1,0,0,DFF_Q_D_IN_REG_0_,D_OUT_REG_1_,DFF_Q_D_IN_REG_0_ -> U139 -> U151 -> U150 -> U140 -> U89 -> U172 -> U112 -> D_OUT_REG_1_,b09
9,3.5555555555555554,12,0,5,2,0,0,DFF_Q_D_IN_REG_0_,D_OUT_REG_1_,DFF_Q_D_IN_REG_0_ -> U139 -> U151 -> U150 -> U140 -> U154 -> U174 -> U112 -> D_OUT_REG_1_,b09
7,2.857142857142857,10,1,4,0,0,0,DFF_Q_D_IN_REG_0_,D_OUT_REG_1_,DFF_Q_D_IN_REG_0_ -> U225 -> U140 -> U88 -> U173 -> U112 -> D_OUT_REG_1_,b09
7,2.7142857142857144,10,1,4,0,0,0,DFF_Q_D_IN_REG_0_,D_OUT_REG_1_,DFF_Q_D_IN_REG_0_ -> U225 -> U140 -> U89 -> U172 -> U112 -> D_OUT_REG_1_,b09
7,2.857142857142857,9,0,4,1,0,0,DFF_Q_D_IN_REG_0_,D_OUT_REG_1_,DFF_Q_D_IN_REG_0_ -> U225 -> U140 -> U154 -> U174 -> U112 -> D_OUT_REG_1_,b09
7,2.857142857142857,10,1,3,0,1,0,DFF_Q_D_IN_REG_0_,D_OUT_REG_1_,DFF_Q_D_IN_REG_0_ -> U226 -> U140 -> U88 -> U173 -> U112 -> D_OUT_REG_1_,b09
7,2.7142857142857144,10,1,3,0,1,0,DFF_Q_D_IN_REG_0_,D_OUT_REG_1_,DFF_Q_D_IN_REG_0_ -> U226 -> U140 -> U89 -> U172 -> U112 -> D_OUT_REG_1_,b09
7,2.857142857142857,9,0,3,1,1,0,DFF_Q_D_IN_REG_0_,D_OUT_REG_1_,DFF_Q_D_IN_REG_0_ -> U226 -> U140 -> U154 -> U174 -> U112 -> D_OUT_REG_1_,b09
9,3.5555555555555554,13,1,5,1,0,0,DFF_Q_D_IN_REG_0_,D_OUT_REG_0_,DFF_Q_D_IN_REG_0_ -> U139 -> U151 -> U150 -> U140 -> U88 -> U176 -> U111 -> D_OUT_REG_0_,b09
9,3.4444444444444446,13,1,5,1,0,0,DFF_Q_D_IN_REG_0_,D_OUT_REG_0_,DFF_Q_D_IN_REG_0_ -> U139 -> U151 -> U150 -> U140 -> U89 -> U175 -> U111 -> D_OUT_REG_0_,b09
9,3.5555555555555554,12,0,5,2,0,0,DFF_Q_D_IN_REG_0_,D_OUT_REG_0_,DFF_Q_D_IN_REG_0_ -> U139 -> U151 -> U150 -> U140 -> U154 -> U177 -> U111 -> D_OUT_REG_0_,b09
7,2.857142857142857,10,1,4,0,0,0,DFF_Q_D_IN_REG_0_,D_OUT_REG_0_,DFF_Q_D_IN_REG_0_ -> U225 -> U140 -> U88 -> U176 -> U111 -> D_OUT_REG_0_,b09
7,2.7142857142857144,10,1,4,0,0,0,DFF_Q_D_IN_REG_0_,D_OUT_REG_0_,DFF_Q_D_IN_REG_0_ -> U225 -> U140 -> U89 -> U175 -> U111 -> D_OUT_REG_0_,b09
7,2.857142857142857,9,0,4,1,0,0,DFF_Q_D_IN_REG_0_,D_OUT_REG_0_,DFF_Q_D_IN_REG_0_ -> U225 -> U140 -> U154 -> U177 -> U111 -> D_OUT_REG_0_,b09
7,2.857142857142857,10,1,3,0,1,0,DFF_Q_D_IN_REG_0_,D_OUT_REG_0_,DFF_Q_D_IN_REG_0_ -> U226 -> U140 -> U88 -> U176 -> U111 -> D_OUT_REG_0_,b09
7,2.7142857142857144,10,1,3,0,1,0,DFF_Q_D_IN_REG_0_,D_OUT_REG_0_,DFF_Q_D_IN_REG_0_ -> U226 -> U140 -> U89 -> U175 -> U111 -> D_OUT_REG_0_,b09
7,2.857142857142857,9,0,3,1,1,0,DFF_Q_D_IN_REG_0_,D_OUT_REG_0_,DFF_Q_D_IN_REG_0_ -> U226 -> U140 -> U154 -> U177 -> U111 -> D_OUT_REG_0_,b09
7,3.2857142857142856,9,0,4,1,0,0,DFF_Q_D_IN_REG_0_,OLD_REG_7_,DFF_Q_D_IN_REG_0_ -> U120 -> U178 -> U179 -> U181 -> U110 -> OLD_REG_7_,b09
6,3.1666666666666665,7,0,3,1,0,0,DFF_Q_D_IN_REG_0_,OLD_REG_7_,DFF_Q_D_IN_REG_0_ -> U139 -> U151 -> U180 -> U110 -> OLD_REG_7_,b09
7,3.2857142857142856,9,0,4,1,0,0,DFF_Q_D_IN_REG_0_,OLD_REG_6_,DFF_Q_D_IN_REG_0_ -> U120 -> U178 -> U179 -> U183 -> U109 -> OLD_REG_6_,b09
6,3.1666666666666665,7,0,3,1,0,0,DFF_Q_D_IN_REG_0_,OLD_REG_6_,DFF_Q_D_IN_REG_0_ -> U139 -> U151 -> U182 -> U109 -> OLD_REG_6_,b09
7,3.2857142857142856,9,0,4,1,0,0,DFF_Q_D_IN_REG_0_,OLD_REG_5_,DFF_Q_D_IN_REG_0_ -> U120 -> U178 -> U179 -> U185 -> U108 -> OLD_REG_5_,b09
6,3.1666666666666665,7,0,3,1,0,0,DFF_Q_D_IN_REG_0_,OLD_REG_5_,DFF_Q_D_IN_REG_0_ -> U139 -> U151 -> U184 -> U108 -> OLD_REG_5_,b09
7,3.2857142857142856,9,0,4,1,0,0,DFF_Q_D_IN_REG_0_,OLD_REG_4_,DFF_Q_D_IN_REG_0_ -> U120 -> U178 -> U179 -> U187 -> U107 -> OLD_REG_4_,b09
6,3.1666666666666665,7,0,3,1,0,0,DFF_Q_D_IN_REG_0_,OLD_REG_4_,DFF_Q_D_IN_REG_0_ -> U139 -> U151 -> U186 -> U107 -> OLD_REG_4_,b09
7,3.2857142857142856,9,0,4,1,0,0,DFF_Q_D_IN_REG_0_,OLD_REG_3_,DFF_Q_D_IN_REG_0_ -> U120 -> U178 -> U179 -> U189 -> U106 -> OLD_REG_3_,b09
6,3.1666666666666665,7,0,3,1,0,0,DFF_Q_D_IN_REG_0_,OLD_REG_3_,DFF_Q_D_IN_REG_0_ -> U139 -> U151 -> U188 -> U106 -> OLD_REG_3_,b09
7,3.2857142857142856,9,0,4,1,0,0,DFF_Q_D_IN_REG_0_,OLD_REG_2_,DFF_Q_D_IN_REG_0_ -> U120 -> U178 -> U179 -> U191 -> U105 -> OLD_REG_2_,b09
6,3.1666666666666665,7,0,3,1,0,0,DFF_Q_D_IN_REG_0_,OLD_REG_2_,DFF_Q_D_IN_REG_0_ -> U139 -> U151 -> U190 -> U105 -> OLD_REG_2_,b09
7,3.2857142857142856,9,0,4,1,0,0,DFF_Q_D_IN_REG_0_,OLD_REG_1_,DFF_Q_D_IN_REG_0_ -> U120 -> U178 -> U179 -> U193 -> U104 -> OLD_REG_1_,b09
6,3.1666666666666665,7,0,3,1,0,0,DFF_Q_D_IN_REG_0_,OLD_REG_1_,DFF_Q_D_IN_REG_0_ -> U139 -> U151 -> U192 -> U104 -> OLD_REG_1_,b09
7,3.2857142857142856,9,0,4,1,0,0,DFF_Q_D_IN_REG_0_,OLD_REG_0_,DFF_Q_D_IN_REG_0_ -> U120 -> U178 -> U179 -> U195 -> U103 -> OLD_REG_0_,b09
6,3.1666666666666665,7,0,3,1,0,0,DFF_Q_D_IN_REG_0_,OLD_REG_0_,DFF_Q_D_IN_REG_0_ -> U139 -> U151 -> U194 -> U103 -> OLD_REG_0_,b09
5,2.8,5,0,2,1,0,0,DFF_Q_D_IN_REG_0_,Y_REG,DFF_Q_D_IN_REG_0_ -> U120 -> U197 -> U102 -> Y_REG,b09
6,3.3333333333333335,7,0,3,1,0,0,DFF_Q_D_IN_REG_0_,Y_REG,DFF_Q_D_IN_REG_0_ -> U139 -> U151 -> U150 -> U102 -> Y_REG,b09
5,1.8,6,0,2,0,1,0,DFF_Q_D_IN_REG_0_,Y_REG,DFF_Q_D_IN_REG_0_ -> U196 -> U198 -> U102 -> Y_REG,b09
4,2.25,4,0,2,0,0,0,DFF_Q_D_IN_REG_0_,STATO_REG_1_,DFF_Q_D_IN_REG_0_ -> U139 -> U92 -> STATO_REG_1_,b09
6,2.5,7,0,3,1,0,0,DFF_Q_D_IN_REG_0_,STATO_REG_0_,DFF_Q_D_IN_REG_0_ -> U120 -> U152 -> U224 -> U91 -> STATO_REG_0_,b09
5,2.8,5,0,2,1,0,0,DFF_Q_D_IN_REG_0_,STATO_REG_0_,DFF_Q_D_IN_REG_0_ -> U120 -> U223 -> U91 -> STATO_REG_0_,b09
8,2.25,11,1,4,1,0,0,DFF_Q_D_IN_REG_0_,D_IN_REG_8_,DFF_Q_D_IN_REG_0_ -> U120 -> U201 -> U90 -> U202 -> U203 -> U101 -> D_IN_REG_8_,b09
4,2.0,4,0,2,0,0,0,DFF_Q_D_IN_REG_0_,D_IN_REG_8_,DFF_Q_D_IN_REG_0_ -> U204 -> U101 -> D_IN_REG_8_,b09
7,3.4285714285714284,9,2,2,1,0,0,DFF_Q_D_IN_REG_0_,D_IN_REG_7_,DFF_Q_D_IN_REG_0_ -> U120 -> U201 -> U90 -> U206 -> U100 -> D_IN_REG_7_,b09
6,3.6666666666666665,7,1,2,1,0,0,DFF_Q_D_IN_REG_0_,D_IN_REG_7_,DFF_Q_D_IN_REG_0_ -> U120 -> U205 -> U206 -> U100 -> D_IN_REG_7_,b09
7,3.4285714285714284,9,2,2,1,0,0,DFF_Q_D_IN_REG_0_,D_IN_REG_6_,DFF_Q_D_IN_REG_0_ -> U120 -> U201 -> U90 -> U206 -> U99 -> D_IN_REG_6_,b09
6,3.6666666666666665,7,1,2,1,0,0,DFF_Q_D_IN_REG_0_,D_IN_REG_6_,DFF_Q_D_IN_REG_0_ -> U120 -> U205 -> U206 -> U99 -> D_IN_REG_6_,b09
7,3.4285714285714284,9,2,2,1,0,0,DFF_Q_D_IN_REG_0_,D_IN_REG_5_,DFF_Q_D_IN_REG_0_ -> U120 -> U201 -> U90 -> U206 -> U98 -> D_IN_REG_5_,b09
6,3.6666666666666665,7,1,2,1,0,0,DFF_Q_D_IN_REG_0_,D_IN_REG_5_,DFF_Q_D_IN_REG_0_ -> U120 -> U205 -> U206 -> U98 -> D_IN_REG_5_,b09
7,3.4285714285714284,9,2,2,1,0,0,DFF_Q_D_IN_REG_0_,D_IN_REG_4_,DFF_Q_D_IN_REG_0_ -> U120 -> U201 -> U90 -> U206 -> U97 -> D_IN_REG_4_,b09
6,3.6666666666666665,7,1,2,1,0,0,DFF_Q_D_IN_REG_0_,D_IN_REG_4_,DFF_Q_D_IN_REG_0_ -> U120 -> U205 -> U206 -> U97 -> D_IN_REG_4_,b09
7,3.4285714285714284,9,2,2,1,0,0,DFF_Q_D_IN_REG_0_,D_IN_REG_3_,DFF_Q_D_IN_REG_0_ -> U120 -> U201 -> U90 -> U206 -> U96 -> D_IN_REG_3_,b09
6,3.6666666666666665,7,1,2,1,0,0,DFF_Q_D_IN_REG_0_,D_IN_REG_3_,DFF_Q_D_IN_REG_0_ -> U120 -> U205 -> U206 -> U96 -> D_IN_REG_3_,b09
7,3.4285714285714284,9,2,2,1,0,0,DFF_Q_D_IN_REG_0_,D_IN_REG_2_,DFF_Q_D_IN_REG_0_ -> U120 -> U201 -> U90 -> U206 -> U95 -> D_IN_REG_2_,b09
6,3.6666666666666665,7,1,2,1,0,0,DFF_Q_D_IN_REG_0_,D_IN_REG_2_,DFF_Q_D_IN_REG_0_ -> U120 -> U205 -> U206 -> U95 -> D_IN_REG_2_,b09
7,3.4285714285714284,9,2,2,1,0,0,DFF_Q_D_IN_REG_0_,D_IN_REG_1_,DFF_Q_D_IN_REG_0_ -> U120 -> U201 -> U90 -> U206 -> U94 -> D_IN_REG_1_,b09
6,3.6666666666666665,7,1,2,1,0,0,DFF_Q_D_IN_REG_0_,D_IN_REG_1_,DFF_Q_D_IN_REG_0_ -> U120 -> U205 -> U206 -> U94 -> D_IN_REG_1_,b09
4,1.0,4,0,2,0,0,0,DFF_Q_D_OUT_REG_7_,D_OUT_REG_7_,DFF_Q_D_OUT_REG_7_ -> U156 -> U118 -> D_OUT_REG_7_,b09
4,1.0,4,0,2,0,0,0,DFF_Q_D_OUT_REG_7_,D_OUT_REG_6_,DFF_Q_D_OUT_REG_7_ -> U157 -> U117 -> D_OUT_REG_6_,b09
4,1.0,4,0,2,0,0,0,DFF_Q_D_OUT_REG_6_,D_OUT_REG_6_,DFF_Q_D_OUT_REG_6_ -> U159 -> U117 -> D_OUT_REG_6_,b09
4,1.0,4,0,2,0,0,0,DFF_Q_D_OUT_REG_6_,D_OUT_REG_5_,DFF_Q_D_OUT_REG_6_ -> U160 -> U116 -> D_OUT_REG_5_,b09
4,1.0,4,0,2,0,0,0,DFF_Q_D_OUT_REG_5_,D_OUT_REG_5_,DFF_Q_D_OUT_REG_5_ -> U162 -> U116 -> D_OUT_REG_5_,b09
4,1.0,4,0,2,0,0,0,DFF_Q_D_OUT_REG_5_,D_OUT_REG_4_,DFF_Q_D_OUT_REG_5_ -> U163 -> U115 -> D_OUT_REG_4_,b09
4,1.0,4,0,2,0,0,0,DFF_Q_D_OUT_REG_4_,D_OUT_REG_4_,DFF_Q_D_OUT_REG_4_ -> U165 -> U115 -> D_OUT_REG_4_,b09
4,1.0,4,0,2,0,0,0,DFF_Q_D_OUT_REG_4_,D_OUT_REG_3_,DFF_Q_D_OUT_REG_4_ -> U166 -> U114 -> D_OUT_REG_3_,b09
4,1.0,4,0,2,0,0,0,DFF_Q_D_OUT_REG_3_,D_OUT_REG_3_,DFF_Q_D_OUT_REG_3_ -> U168 -> U114 -> D_OUT_REG_3_,b09
4,1.0,4,0,2,0,0,0,DFF_Q_D_OUT_REG_3_,D_OUT_REG_2_,DFF_Q_D_OUT_REG_3_ -> U169 -> U113 -> D_OUT_REG_2_,b09
4,1.0,4,0,2,0,0,0,DFF_Q_D_OUT_REG_2_,D_OUT_REG_2_,DFF_Q_D_OUT_REG_2_ -> U171 -> U113 -> D_OUT_REG_2_,b09
4,1.0,4,0,2,0,0,0,DFF_Q_D_OUT_REG_2_,D_OUT_REG_1_,DFF_Q_D_OUT_REG_2_ -> U172 -> U112 -> D_OUT_REG_1_,b09
4,1.0,4,0,2,0,0,0,DFF_Q_D_OUT_REG_1_,D_OUT_REG_1_,DFF_Q_D_OUT_REG_1_ -> U174 -> U112 -> D_OUT_REG_1_,b09
4,1.0,4,0,2,0,0,0,DFF_Q_D_OUT_REG_1_,D_OUT_REG_0_,DFF_Q_D_OUT_REG_1_ -> U175 -> U111 -> D_OUT_REG_0_,b09
4,1.0,4,0,2,0,0,0,DFF_Q_D_OUT_REG_0_,D_OUT_REG_0_,DFF_Q_D_OUT_REG_0_ -> U177 -> U111 -> D_OUT_REG_0_,b09
4,1.0,4,0,2,0,0,0,DFF_Q_D_OUT_REG_0_,Y_REG,DFF_Q_D_OUT_REG_0_ -> U197 -> U102 -> Y_REG,b09
11,2.1818181818181817,17,2,6,1,0,0,DFF_Q_OLD_REG_7_,D_OUT_REG_7_,DFF_Q_OLD_REG_7_ -> U134 -> U219 -> U146 -> U138 -> U150 -> U140 -> U88 -> U155 -> U118 -> D_OUT_REG_7_,b09
11,2.1818181818181817,16,1,6,2,0,0,DFF_Q_OLD_REG_7_,D_OUT_REG_7_,DFF_Q_OLD_REG_7_ -> U134 -> U219 -> U146 -> U138 -> U150 -> U140 -> U154 -> U156 -> U118 -> D_OUT_REG_7_,b09
10,2.3,16,2,6,0,0,0,DFF_Q_OLD_REG_7_,D_OUT_REG_7_,DFF_Q_OLD_REG_7_ -> U220 -> U146 -> U138 -> U150 -> U140 -> U88 -> U155 -> U118 -> D_OUT_REG_7_,b09
10,2.3,15,1,6,1,0,0,DFF_Q_OLD_REG_7_,D_OUT_REG_7_,DFF_Q_OLD_REG_7_ -> U220 -> U146 -> U138 -> U150 -> U140 -> U154 -> U156 -> U118 -> D_OUT_REG_7_,b09
11,2.1818181818181817,17,2,6,1,0,0,DFF_Q_OLD_REG_7_,D_OUT_REG_6_,DFF_Q_OLD_REG_7_ -> U134 -> U219 -> U146 -> U138 -> U150 -> U140 -> U88 -> U158 -> U117 -> D_OUT_REG_6_,b09
11,2.090909090909091,17,2,6,1,0,0,DFF_Q_OLD_REG_7_,D_OUT_REG_6_,DFF_Q_OLD_REG_7_ -> U134 -> U219 -> U146 -> U138 -> U150 -> U140 -> U89 -> U157 -> U117 -> D_OUT_REG_6_,b09
11,2.1818181818181817,16,1,6,2,0,0,DFF_Q_OLD_REG_7_,D_OUT_REG_6_,DFF_Q_OLD_REG_7_ -> U134 -> U219 -> U146 -> U138 -> U150 -> U140 -> U154 -> U159 -> U117 -> D_OUT_REG_6_,b09
10,2.3,16,2,6,0,0,0,DFF_Q_OLD_REG_7_,D_OUT_REG_6_,DFF_Q_OLD_REG_7_ -> U220 -> U146 -> U138 -> U150 -> U140 -> U88 -> U158 -> U117 -> D_OUT_REG_6_,b09
10,2.2,16,2,6,0,0,0,DFF_Q_OLD_REG_7_,D_OUT_REG_6_,DFF_Q_OLD_REG_7_ -> U220 -> U146 -> U138 -> U150 -> U140 -> U89 -> U157 -> U117 -> D_OUT_REG_6_,b09
10,2.3,15,1,6,1,0,0,DFF_Q_OLD_REG_7_,D_OUT_REG_6_,DFF_Q_OLD_REG_7_ -> U220 -> U146 -> U138 -> U150 -> U140 -> U154 -> U159 -> U117 -> D_OUT_REG_6_,b09
11,2.1818181818181817,17,2,6,1,0,0,DFF_Q_OLD_REG_7_,D_OUT_REG_5_,DFF_Q_OLD_REG_7_ -> U134 -> U219 -> U146 -> U138 -> U150 -> U140 -> U88 -> U161 -> U116 -> D_OUT_REG_5_,b09
11,2.090909090909091,17,2,6,1,0,0,DFF_Q_OLD_REG_7_,D_OUT_REG_5_,DFF_Q_OLD_REG_7_ -> U134 -> U219 -> U146 -> U138 -> U150 -> U140 -> U89 -> U160 -> U116 -> D_OUT_REG_5_,b09
11,2.1818181818181817,16,1,6,2,0,0,DFF_Q_OLD_REG_7_,D_OUT_REG_5_,DFF_Q_OLD_REG_7_ -> U134 -> U219 -> U146 -> U138 -> U150 -> U140 -> U154 -> U162 -> U116 -> D_OUT_REG_5_,b09
10,2.3,16,2,6,0,0,0,DFF_Q_OLD_REG_7_,D_OUT_REG_5_,DFF_Q_OLD_REG_7_ -> U220 -> U146 -> U138 -> U150 -> U140 -> U88 -> U161 -> U116 -> D_OUT_REG_5_,b09
10,2.2,16,2,6,0,0,0,DFF_Q_OLD_REG_7_,D_OUT_REG_5_,DFF_Q_OLD_REG_7_ -> U220 -> U146 -> U138 -> U150 -> U140 -> U89 -> U160 -> U116 -> D_OUT_REG_5_,b09
10,2.3,15,1,6,1,0,0,DFF_Q_OLD_REG_7_,D_OUT_REG_5_,DFF_Q_OLD_REG_7_ -> U220 -> U146 -> U138 -> U150 -> U140 -> U154 -> U162 -> U116 -> D_OUT_REG_5_,b09
11,2.1818181818181817,17,2,6,1,0,0,DFF_Q_OLD_REG_7_,D_OUT_REG_4_,DFF_Q_OLD_REG_7_ -> U134 -> U219 -> U146 -> U138 -> U150 -> U140 -> U88 -> U164 -> U115 -> D_OUT_REG_4_,b09
11,2.090909090909091,17,2,6,1,0,0,DFF_Q_OLD_REG_7_,D_OUT_REG_4_,DFF_Q_OLD_REG_7_ -> U134 -> U219 -> U146 -> U138 -> U150 -> U140 -> U89 -> U163 -> U115 -> D_OUT_REG_4_,b09
11,2.1818181818181817,16,1,6,2,0,0,DFF_Q_OLD_REG_7_,D_OUT_REG_4_,DFF_Q_OLD_REG_7_ -> U134 -> U219 -> U146 -> U138 -> U150 -> U140 -> U154 -> U165 -> U115 -> D_OUT_REG_4_,b09
10,2.3,16,2,6,0,0,0,DFF_Q_OLD_REG_7_,D_OUT_REG_4_,DFF_Q_OLD_REG_7_ -> U220 -> U146 -> U138 -> U150 -> U140 -> U88 -> U164 -> U115 -> D_OUT_REG_4_,b09
10,2.2,16,2,6,0,0,0,DFF_Q_OLD_REG_7_,D_OUT_REG_4_,DFF_Q_OLD_REG_7_ -> U220 -> U146 -> U138 -> U150 -> U140 -> U89 -> U163 -> U115 -> D_OUT_REG_4_,b09
10,2.3,15,1,6,1,0,0,DFF_Q_OLD_REG_7_,D_OUT_REG_4_,DFF_Q_OLD_REG_7_ -> U220 -> U146 -> U138 -> U150 -> U140 -> U154 -> U165 -> U115 -> D_OUT_REG_4_,b09
11,2.1818181818181817,17,2,6,1,0,0,DFF_Q_OLD_REG_7_,D_OUT_REG_3_,DFF_Q_OLD_REG_7_ -> U134 -> U219 -> U146 -> U138 -> U150 -> U140 -> U88 -> U167 -> U114 -> D_OUT_REG_3_,b09
11,2.090909090909091,17,2,6,1,0,0,DFF_Q_OLD_REG_7_,D_OUT_REG_3_,DFF_Q_OLD_REG_7_ -> U134 -> U219 -> U146 -> U138 -> U150 -> U140 -> U89 -> U166 -> U114 -> D_OUT_REG_3_,b09
11,2.1818181818181817,16,1,6,2,0,0,DFF_Q_OLD_REG_7_,D_OUT_REG_3_,DFF_Q_OLD_REG_7_ -> U134 -> U219 -> U146 -> U138 -> U150 -> U140 -> U154 -> U168 -> U114 -> D_OUT_REG_3_,b09
10,2.3,16,2,6,0,0,0,DFF_Q_OLD_REG_7_,D_OUT_REG_3_,DFF_Q_OLD_REG_7_ -> U220 -> U146 -> U138 -> U150 -> U140 -> U88 -> U167 -> U114 -> D_OUT_REG_3_,b09
10,2.2,16,2,6,0,0,0,DFF_Q_OLD_REG_7_,D_OUT_REG_3_,DFF_Q_OLD_REG_7_ -> U220 -> U146 -> U138 -> U150 -> U140 -> U89 -> U166 -> U114 -> D_OUT_REG_3_,b09
10,2.3,15,1,6,1,0,0,DFF_Q_OLD_REG_7_,D_OUT_REG_3_,DFF_Q_OLD_REG_7_ -> U220 -> U146 -> U138 -> U150 -> U140 -> U154 -> U168 -> U114 -> D_OUT_REG_3_,b09
11,2.1818181818181817,17,2,6,1,0,0,DFF_Q_OLD_REG_7_,D_OUT_REG_2_,DFF_Q_OLD_REG_7_ -> U134 -> U219 -> U146 -> U138 -> U150 -> U140 -> U88 -> U170 -> U113 -> D_OUT_REG_2_,b09
11,2.090909090909091,17,2,6,1,0,0,DFF_Q_OLD_REG_7_,D_OUT_REG_2_,DFF_Q_OLD_REG_7_ -> U134 -> U219 -> U146 -> U138 -> U150 -> U140 -> U89 -> U169 -> U113 -> D_OUT_REG_2_,b09
11,2.1818181818181817,16,1,6,2,0,0,DFF_Q_OLD_REG_7_,D_OUT_REG_2_,DFF_Q_OLD_REG_7_ -> U134 -> U219 -> U146 -> U138 -> U150 -> U140 -> U154 -> U171 -> U113 -> D_OUT_REG_2_,b09
10,2.3,16,2,6,0,0,0,DFF_Q_OLD_REG_7_,D_OUT_REG_2_,DFF_Q_OLD_REG_7_ -> U220 -> U146 -> U138 -> U150 -> U140 -> U88 -> U170 -> U113 -> D_OUT_REG_2_,b09
10,2.2,16,2,6,0,0,0,DFF_Q_OLD_REG_7_,D_OUT_REG_2_,DFF_Q_OLD_REG_7_ -> U220 -> U146 -> U138 -> U150 -> U140 -> U89 -> U169 -> U113 -> D_OUT_REG_2_,b09
10,2.3,15,1,6,1,0,0,DFF_Q_OLD_REG_7_,D_OUT_REG_2_,DFF_Q_OLD_REG_7_ -> U220 -> U146 -> U138 -> U150 -> U140 -> U154 -> U171 -> U113 -> D_OUT_REG_2_,b09
11,2.1818181818181817,17,2,6,1,0,0,DFF_Q_OLD_REG_7_,D_OUT_REG_1_,DFF_Q_OLD_REG_7_ -> U134 -> U219 -> U146 -> U138 -> U150 -> U140 -> U88 -> U173 -> U112 -> D_OUT_REG_1_,b09
11,2.090909090909091,17,2,6,1,0,0,DFF_Q_OLD_REG_7_,D_OUT_REG_1_,DFF_Q_OLD_REG_7_ -> U134 -> U219 -> U146 -> U138 -> U150 -> U140 -> U89 -> U172 -> U112 -> D_OUT_REG_1_,b09
11,2.1818181818181817,16,1,6,2,0,0,DFF_Q_OLD_REG_7_,D_OUT_REG_1_,DFF_Q_OLD_REG_7_ -> U134 -> U219 -> U146 -> U138 -> U150 -> U140 -> U154 -> U174 -> U112 -> D_OUT_REG_1_,b09
10,2.3,16,2,6,0,0,0,DFF_Q_OLD_REG_7_,D_OUT_REG_1_,DFF_Q_OLD_REG_7_ -> U220 -> U146 -> U138 -> U150 -> U140 -> U88 -> U173 -> U112 -> D_OUT_REG_1_,b09
10,2.2,16,2,6,0,0,0,DFF_Q_OLD_REG_7_,D_OUT_REG_1_,DFF_Q_OLD_REG_7_ -> U220 -> U146 -> U138 -> U150 -> U140 -> U89 -> U172 -> U112 -> D_OUT_REG_1_,b09
10,2.3,15,1,6,1,0,0,DFF_Q_OLD_REG_7_,D_OUT_REG_1_,DFF_Q_OLD_REG_7_ -> U220 -> U146 -> U138 -> U150 -> U140 -> U154 -> U174 -> U112 -> D_OUT_REG_1_,b09
11,2.1818181818181817,17,2,6,1,0,0,DFF_Q_OLD_REG_7_,D_OUT_REG_0_,DFF_Q_OLD_REG_7_ -> U134 -> U219 -> U146 -> U138 -> U150 -> U140 -> U88 -> U176 -> U111 -> D_OUT_REG_0_,b09
11,2.090909090909091,17,2,6,1,0,0,DFF_Q_OLD_REG_7_,D_OUT_REG_0_,DFF_Q_OLD_REG_7_ -> U134 -> U219 -> U146 -> U138 -> U150 -> U140 -> U89 -> U175 -> U111 -> D_OUT_REG_0_,b09
11,2.1818181818181817,16,1,6,2,0,0,DFF_Q_OLD_REG_7_,D_OUT_REG_0_,DFF_Q_OLD_REG_7_ -> U134 -> U219 -> U146 -> U138 -> U150 -> U140 -> U154 -> U177 -> U111 -> D_OUT_REG_0_,b09
10,2.3,16,2,6,0,0,0,DFF_Q_OLD_REG_7_,D_OUT_REG_0_,DFF_Q_OLD_REG_7_ -> U220 -> U146 -> U138 -> U150 -> U140 -> U88 -> U176 -> U111 -> D_OUT_REG_0_,b09
10,2.2,16,2,6,0,0,0,DFF_Q_OLD_REG_7_,D_OUT_REG_0_,DFF_Q_OLD_REG_7_ -> U220 -> U146 -> U138 -> U150 -> U140 -> U89 -> U175 -> U111 -> D_OUT_REG_0_,b09
10,2.3,15,1,6,1,0,0,DFF_Q_OLD_REG_7_,D_OUT_REG_0_,DFF_Q_OLD_REG_7_ -> U220 -> U146 -> U138 -> U150 -> U140 -> U154 -> U177 -> U111 -> D_OUT_REG_0_,b09
4,1.25,4,0,2,0,0,0,DFF_Q_OLD_REG_7_,OLD_REG_7_,DFF_Q_OLD_REG_7_ -> U181 -> U110 -> OLD_REG_7_,b09
8,1.5,11,1,4,1,0,0,DFF_Q_OLD_REG_7_,Y_REG,DFF_Q_OLD_REG_7_ -> U134 -> U219 -> U146 -> U138 -> U150 -> U102 -> Y_REG,b09
7,1.5714285714285714,10,1,4,0,0,0,DFF_Q_OLD_REG_7_,Y_REG,DFF_Q_OLD_REG_7_ -> U220 -> U146 -> U138 -> U150 -> U102 -> Y_REG,b09
9,1.3333333333333333,12,1,4,2,0,0,DFF_Q_OLD_REG_7_,STATO_REG_0_,DFF_Q_OLD_REG_7_ -> U134 -> U219 -> U146 -> U138 -> U147 -> U153 -> U91 -> STATO_REG_0_,b09
8,1.375,11,1,4,1,0,0,DFF_Q_OLD_REG_7_,STATO_REG_0_,DFF_Q_OLD_REG_7_ -> U220 -> U146 -> U138 -> U147 -> U153 -> U91 -> STATO_REG_0_,b09
10,1.3,15,1,6,1,0,0,DFF_Q_OLD_REG_7_,D_IN_REG_8_,DFF_Q_OLD_REG_7_ -> U134 -> U219 -> U146 -> U138 -> U199 -> U200 -> U204 -> U101 -> D_IN_REG_8_,b09
9,1.3333333333333333,14,1,6,0,0,0,DFF_Q_OLD_REG_7_,D_IN_REG_8_,DFF_Q_OLD_REG_7_ -> U220 -> U146 -> U138 -> U199 -> U200 -> U204 -> U101 -> D_IN_REG_8_,b09
11,2.1818181818181817,17,2,6,1,0,0,DFF_Q_OLD_REG_6_,D_OUT_REG_7_,DFF_Q_OLD_REG_6_ -> U136 -> U221 -> U146 -> U138 -> U150 -> U140 -> U88 -> U155 -> U118 -> D_OUT_REG_7_,b09
11,2.1818181818181817,16,1,6,2,0,0,DFF_Q_OLD_REG_6_,D_OUT_REG_7_,DFF_Q_OLD_REG_6_ -> U136 -> U221 -> U146 -> U138 -> U150 -> U140 -> U154 -> U156 -> U118 -> D_OUT_REG_7_,b09
10,2.3,16,2,6,0,0,0,DFF_Q_OLD_REG_6_,D_OUT_REG_7_,DFF_Q_OLD_REG_6_ -> U222 -> U146 -> U138 -> U150 -> U140 -> U88 -> U155 -> U118 -> D_OUT_REG_7_,b09
10,2.3,15,1,6,1,0,0,DFF_Q_OLD_REG_6_,D_OUT_REG_7_,DFF_Q_OLD_REG_6_ -> U222 -> U146 -> U138 -> U150 -> U140 -> U154 -> U156 -> U118 -> D_OUT_REG_7_,b09
11,2.1818181818181817,17,2,6,1,0,0,DFF_Q_OLD_REG_6_,D_OUT_REG_6_,DFF_Q_OLD_REG_6_ -> U136 -> U221 -> U146 -> U138 -> U150 -> U140 -> U88 -> U158 -> U117 -> D_OUT_REG_6_,b09
11,2.090909090909091,17,2,6,1,0,0,DFF_Q_OLD_REG_6_,D_OUT_REG_6_,DFF_Q_OLD_REG_6_ -> U136 -> U221 -> U146 -> U138 -> U150 -> U140 -> U89 -> U157 -> U117 -> D_OUT_REG_6_,b09
11,2.1818181818181817,16,1,6,2,0,0,DFF_Q_OLD_REG_6_,D_OUT_REG_6_,DFF_Q_OLD_REG_6_ -> U136 -> U221 -> U146 -> U138 -> U150 -> U140 -> U154 -> U159 -> U117 -> D_OUT_REG_6_,b09
10,2.3,16,2,6,0,0,0,DFF_Q_OLD_REG_6_,D_OUT_REG_6_,DFF_Q_OLD_REG_6_ -> U222 -> U146 -> U138 -> U150 -> U140 -> U88 -> U158 -> U117 -> D_OUT_REG_6_,b09
10,2.2,16,2,6,0,0,0,DFF_Q_OLD_REG_6_,D_OUT_REG_6_,DFF_Q_OLD_REG_6_ -> U222 -> U146 -> U138 -> U150 -> U140 -> U89 -> U157 -> U117 -> D_OUT_REG_6_,b09
10,2.3,15,1,6,1,0,0,DFF_Q_OLD_REG_6_,D_OUT_REG_6_,DFF_Q_OLD_REG_6_ -> U222 -> U146 -> U138 -> U150 -> U140 -> U154 -> U159 -> U117 -> D_OUT_REG_6_,b09
11,2.1818181818181817,17,2,6,1,0,0,DFF_Q_OLD_REG_6_,D_OUT_REG_5_,DFF_Q_OLD_REG_6_ -> U136 -> U221 -> U146 -> U138 -> U150 -> U140 -> U88 -> U161 -> U116 -> D_OUT_REG_5_,b09
11,2.090909090909091,17,2,6,1,0,0,DFF_Q_OLD_REG_6_,D_OUT_REG_5_,DFF_Q_OLD_REG_6_ -> U136 -> U221 -> U146 -> U138 -> U150 -> U140 -> U89 -> U160 -> U116 -> D_OUT_REG_5_,b09
11,2.1818181818181817,16,1,6,2,0,0,DFF_Q_OLD_REG_6_,D_OUT_REG_5_,DFF_Q_OLD_REG_6_ -> U136 -> U221 -> U146 -> U138 -> U150 -> U140 -> U154 -> U162 -> U116 -> D_OUT_REG_5_,b09
10,2.3,16,2,6,0,0,0,DFF_Q_OLD_REG_6_,D_OUT_REG_5_,DFF_Q_OLD_REG_6_ -> U222 -> U146 -> U138 -> U150 -> U140 -> U88 -> U161 -> U116 -> D_OUT_REG_5_,b09
10,2.2,16,2,6,0,0,0,DFF_Q_OLD_REG_6_,D_OUT_REG_5_,DFF_Q_OLD_REG_6_ -> U222 -> U146 -> U138 -> U150 -> U140 -> U89 -> U160 -> U116 -> D_OUT_REG_5_,b09
10,2.3,15,1,6,1,0,0,DFF_Q_OLD_REG_6_,D_OUT_REG_5_,DFF_Q_OLD_REG_6_ -> U222 -> U146 -> U138 -> U150 -> U140 -> U154 -> U162 -> U116 -> D_OUT_REG_5_,b09
11,2.1818181818181817,17,2,6,1,0,0,DFF_Q_OLD_REG_6_,D_OUT_REG_4_,DFF_Q_OLD_REG_6_ -> U136 -> U221 -> U146 -> U138 -> U150 -> U140 -> U88 -> U164 -> U115 -> D_OUT_REG_4_,b09
11,2.090909090909091,17,2,6,1,0,0,DFF_Q_OLD_REG_6_,D_OUT_REG_4_,DFF_Q_OLD_REG_6_ -> U136 -> U221 -> U146 -> U138 -> U150 -> U140 -> U89 -> U163 -> U115 -> D_OUT_REG_4_,b09
11,2.1818181818181817,16,1,6,2,0,0,DFF_Q_OLD_REG_6_,D_OUT_REG_4_,DFF_Q_OLD_REG_6_ -> U136 -> U221 -> U146 -> U138 -> U150 -> U140 -> U154 -> U165 -> U115 -> D_OUT_REG_4_,b09
10,2.3,16,2,6,0,0,0,DFF_Q_OLD_REG_6_,D_OUT_REG_4_,DFF_Q_OLD_REG_6_ -> U222 -> U146 -> U138 -> U150 -> U140 -> U88 -> U164 -> U115 -> D_OUT_REG_4_,b09
10,2.2,16,2,6,0,0,0,DFF_Q_OLD_REG_6_,D_OUT_REG_4_,DFF_Q_OLD_REG_6_ -> U222 -> U146 -> U138 -> U150 -> U140 -> U89 -> U163 -> U115 -> D_OUT_REG_4_,b09
10,2.3,15,1,6,1,0,0,DFF_Q_OLD_REG_6_,D_OUT_REG_4_,DFF_Q_OLD_REG_6_ -> U222 -> U146 -> U138 -> U150 -> U140 -> U154 -> U165 -> U115 -> D_OUT_REG_4_,b09
11,2.1818181818181817,17,2,6,1,0,0,DFF_Q_OLD_REG_6_,D_OUT_REG_3_,DFF_Q_OLD_REG_6_ -> U136 -> U221 -> U146 -> U138 -> U150 -> U140 -> U88 -> U167 -> U114 -> D_OUT_REG_3_,b09
11,2.090909090909091,17,2,6,1,0,0,DFF_Q_OLD_REG_6_,D_OUT_REG_3_,DFF_Q_OLD_REG_6_ -> U136 -> U221 -> U146 -> U138 -> U150 -> U140 -> U89 -> U166 -> U114 -> D_OUT_REG_3_,b09
11,2.1818181818181817,16,1,6,2,0,0,DFF_Q_OLD_REG_6_,D_OUT_REG_3_,DFF_Q_OLD_REG_6_ -> U136 -> U221 -> U146 -> U138 -> U150 -> U140 -> U154 -> U168 -> U114 -> D_OUT_REG_3_,b09
10,2.3,16,2,6,0,0,0,DFF_Q_OLD_REG_6_,D_OUT_REG_3_,DFF_Q_OLD_REG_6_ -> U222 -> U146 -> U138 -> U150 -> U140 -> U88 -> U167 -> U114 -> D_OUT_REG_3_,b09
10,2.2,16,2,6,0,0,0,DFF_Q_OLD_REG_6_,D_OUT_REG_3_,DFF_Q_OLD_REG_6_ -> U222 -> U146 -> U138 -> U150 -> U140 -> U89 -> U166 -> U114 -> D_OUT_REG_3_,b09
10,2.3,15,1,6,1,0,0,DFF_Q_OLD_REG_6_,D_OUT_REG_3_,DFF_Q_OLD_REG_6_ -> U222 -> U146 -> U138 -> U150 -> U140 -> U154 -> U168 -> U114 -> D_OUT_REG_3_,b09
11,2.1818181818181817,17,2,6,1,0,0,DFF_Q_OLD_REG_6_,D_OUT_REG_2_,DFF_Q_OLD_REG_6_ -> U136 -> U221 -> U146 -> U138 -> U150 -> U140 -> U88 -> U170 -> U113 -> D_OUT_REG_2_,b09
11,2.090909090909091,17,2,6,1,0,0,DFF_Q_OLD_REG_6_,D_OUT_REG_2_,DFF_Q_OLD_REG_6_ -> U136 -> U221 -> U146 -> U138 -> U150 -> U140 -> U89 -> U169 -> U113 -> D_OUT_REG_2_,b09
11,2.1818181818181817,16,1,6,2,0,0,DFF_Q_OLD_REG_6_,D_OUT_REG_2_,DFF_Q_OLD_REG_6_ -> U136 -> U221 -> U146 -> U138 -> U150 -> U140 -> U154 -> U171 -> U113 -> D_OUT_REG_2_,b09
10,2.3,16,2,6,0,0,0,DFF_Q_OLD_REG_6_,D_OUT_REG_2_,DFF_Q_OLD_REG_6_ -> U222 -> U146 -> U138 -> U150 -> U140 -> U88 -> U170 -> U113 -> D_OUT_REG_2_,b09
10,2.2,16,2,6,0,0,0,DFF_Q_OLD_REG_6_,D_OUT_REG_2_,DFF_Q_OLD_REG_6_ -> U222 -> U146 -> U138 -> U150 -> U140 -> U89 -> U169 -> U113 -> D_OUT_REG_2_,b09
10,2.3,15,1,6,1,0,0,DFF_Q_OLD_REG_6_,D_OUT_REG_2_,DFF_Q_OLD_REG_6_ -> U222 -> U146 -> U138 -> U150 -> U140 -> U154 -> U171 -> U113 -> D_OUT_REG_2_,b09
11,2.1818181818181817,17,2,6,1,0,0,DFF_Q_OLD_REG_6_,D_OUT_REG_1_,DFF_Q_OLD_REG_6_ -> U136 -> U221 -> U146 -> U138 -> U150 -> U140 -> U88 -> U173 -> U112 -> D_OUT_REG_1_,b09
11,2.090909090909091,17,2,6,1,0,0,DFF_Q_OLD_REG_6_,D_OUT_REG_1_,DFF_Q_OLD_REG_6_ -> U136 -> U221 -> U146 -> U138 -> U150 -> U140 -> U89 -> U172 -> U112 -> D_OUT_REG_1_,b09
11,2.1818181818181817,16,1,6,2,0,0,DFF_Q_OLD_REG_6_,D_OUT_REG_1_,DFF_Q_OLD_REG_6_ -> U136 -> U221 -> U146 -> U138 -> U150 -> U140 -> U154 -> U174 -> U112 -> D_OUT_REG_1_,b09
10,2.3,16,2,6,0,0,0,DFF_Q_OLD_REG_6_,D_OUT_REG_1_,DFF_Q_OLD_REG_6_ -> U222 -> U146 -> U138 -> U150 -> U140 -> U88 -> U173 -> U112 -> D_OUT_REG_1_,b09
10,2.2,16,2,6,0,0,0,DFF_Q_OLD_REG_6_,D_OUT_REG_1_,DFF_Q_OLD_REG_6_ -> U222 -> U146 -> U138 -> U150 -> U140 -> U89 -> U172 -> U112 -> D_OUT_REG_1_,b09
10,2.3,15,1,6,1,0,0,DFF_Q_OLD_REG_6_,D_OUT_REG_1_,DFF_Q_OLD_REG_6_ -> U222 -> U146 -> U138 -> U150 -> U140 -> U154 -> U174 -> U112 -> D_OUT_REG_1_,b09
11,2.1818181818181817,17,2,6,1,0,0,DFF_Q_OLD_REG_6_,D_OUT_REG_0_,DFF_Q_OLD_REG_6_ -> U136 -> U221 -> U146 -> U138 -> U150 -> U140 -> U88 -> U176 -> U111 -> D_OUT_REG_0_,b09
11,2.090909090909091,17,2,6,1,0,0,DFF_Q_OLD_REG_6_,D_OUT_REG_0_,DFF_Q_OLD_REG_6_ -> U136 -> U221 -> U146 -> U138 -> U150 -> U140 -> U89 -> U175 -> U111 -> D_OUT_REG_0_,b09
11,2.1818181818181817,16,1,6,2,0,0,DFF_Q_OLD_REG_6_,D_OUT_REG_0_,DFF_Q_OLD_REG_6_ -> U136 -> U221 -> U146 -> U138 -> U150 -> U140 -> U154 -> U177 -> U111 -> D_OUT_REG_0_,b09
10,2.3,16,2,6,0,0,0,DFF_Q_OLD_REG_6_,D_OUT_REG_0_,DFF_Q_OLD_REG_6_ -> U222 -> U146 -> U138 -> U150 -> U140 -> U88 -> U176 -> U111 -> D_OUT_REG_0_,b09
10,2.2,16,2,6,0,0,0,DFF_Q_OLD_REG_6_,D_OUT_REG_0_,DFF_Q_OLD_REG_6_ -> U222 -> U146 -> U138 -> U150 -> U140 -> U89 -> U175 -> U111 -> D_OUT_REG_0_,b09
10,2.3,15,1,6,1,0,0,DFF_Q_OLD_REG_6_,D_OUT_REG_0_,DFF_Q_OLD_REG_6_ -> U222 -> U146 -> U138 -> U150 -> U140 -> U154 -> U177 -> U111 -> D_OUT_REG_0_,b09
4,1.25,4,0,2,0,0,0,DFF_Q_OLD_REG_6_,OLD_REG_6_,DFF_Q_OLD_REG_6_ -> U183 -> U109 -> OLD_REG_6_,b09
8,1.5,11,1,4,1,0,0,DFF_Q_OLD_REG_6_,Y_REG,DFF_Q_OLD_REG_6_ -> U136 -> U221 -> U146 -> U138 -> U150 -> U102 -> Y_REG,b09
7,1.5714285714285714,10,1,4,0,0,0,DFF_Q_OLD_REG_6_,Y_REG,DFF_Q_OLD_REG_6_ -> U222 -> U146 -> U138 -> U150 -> U102 -> Y_REG,b09
9,1.3333333333333333,12,1,4,2,0,0,DFF_Q_OLD_REG_6_,STATO_REG_0_,DFF_Q_OLD_REG_6_ -> U136 -> U221 -> U146 -> U138 -> U147 -> U153 -> U91 -> STATO_REG_0_,b09
8,1.375,11,1,4,1,0,0,DFF_Q_OLD_REG_6_,STATO_REG_0_,DFF_Q_OLD_REG_6_ -> U222 -> U146 -> U138 -> U147 -> U153 -> U91 -> STATO_REG_0_,b09
10,1.3,15,1,6,1,0,0,DFF_Q_OLD_REG_6_,D_IN_REG_8_,DFF_Q_OLD_REG_6_ -> U136 -> U221 -> U146 -> U138 -> U199 -> U200 -> U204 -> U101 -> D_IN_REG_8_,b09
9,1.3333333333333333,14,1,6,0,0,0,DFF_Q_OLD_REG_6_,D_IN_REG_8_,DFF_Q_OLD_REG_6_ -> U222 -> U146 -> U138 -> U199 -> U200 -> U204 -> U101 -> D_IN_REG_8_,b09
11,2.1818181818181817,17,2,6,1,0,0,DFF_Q_OLD_REG_5_,D_OUT_REG_7_,DFF_Q_OLD_REG_5_ -> U132 -> U217 -> U145 -> U138 -> U150 -> U140 -> U88 -> U155 -> U118 -> D_OUT_REG_7_,b09
11,2.1818181818181817,16,1,6,2,0,0,DFF_Q_OLD_REG_5_,D_OUT_REG_7_,DFF_Q_OLD_REG_5_ -> U132 -> U217 -> U145 -> U138 -> U150 -> U140 -> U154 -> U156 -> U118 -> D_OUT_REG_7_,b09
10,2.3,16,2,6,0,0,0,DFF_Q_OLD_REG_5_,D_OUT_REG_7_,DFF_Q_OLD_REG_5_ -> U218 -> U145 -> U138 -> U150 -> U140 -> U88 -> U155 -> U118 -> D_OUT_REG_7_,b09
10,2.3,15,1,6,1,0,0,DFF_Q_OLD_REG_5_,D_OUT_REG_7_,DFF_Q_OLD_REG_5_ -> U218 -> U145 -> U138 -> U150 -> U140 -> U154 -> U156 -> U118 -> D_OUT_REG_7_,b09
11,2.1818181818181817,17,2,6,1,0,0,DFF_Q_OLD_REG_5_,D_OUT_REG_6_,DFF_Q_OLD_REG_5_ -> U132 -> U217 -> U145 -> U138 -> U150 -> U140 -> U88 -> U158 -> U117 -> D_OUT_REG_6_,b09
11,2.090909090909091,17,2,6,1,0,0,DFF_Q_OLD_REG_5_,D_OUT_REG_6_,DFF_Q_OLD_REG_5_ -> U132 -> U217 -> U145 -> U138 -> U150 -> U140 -> U89 -> U157 -> U117 -> D_OUT_REG_6_,b09
11,2.1818181818181817,16,1,6,2,0,0,DFF_Q_OLD_REG_5_,D_OUT_REG_6_,DFF_Q_OLD_REG_5_ -> U132 -> U217 -> U145 -> U138 -> U150 -> U140 -> U154 -> U159 -> U117 -> D_OUT_REG_6_,b09
10,2.3,16,2,6,0,0,0,DFF_Q_OLD_REG_5_,D_OUT_REG_6_,DFF_Q_OLD_REG_5_ -> U218 -> U145 -> U138 -> U150 -> U140 -> U88 -> U158 -> U117 -> D_OUT_REG_6_,b09
10,2.2,16,2,6,0,0,0,DFF_Q_OLD_REG_5_,D_OUT_REG_6_,DFF_Q_OLD_REG_5_ -> U218 -> U145 -> U138 -> U150 -> U140 -> U89 -> U157 -> U117 -> D_OUT_REG_6_,b09
10,2.3,15,1,6,1,0,0,DFF_Q_OLD_REG_5_,D_OUT_REG_6_,DFF_Q_OLD_REG_5_ -> U218 -> U145 -> U138 -> U150 -> U140 -> U154 -> U159 -> U117 -> D_OUT_REG_6_,b09
11,2.1818181818181817,17,2,6,1,0,0,DFF_Q_OLD_REG_5_,D_OUT_REG_5_,DFF_Q_OLD_REG_5_ -> U132 -> U217 -> U145 -> U138 -> U150 -> U140 -> U88 -> U161 -> U116 -> D_OUT_REG_5_,b09
11,2.090909090909091,17,2,6,1,0,0,DFF_Q_OLD_REG_5_,D_OUT_REG_5_,DFF_Q_OLD_REG_5_ -> U132 -> U217 -> U145 -> U138 -> U150 -> U140 -> U89 -> U160 -> U116 -> D_OUT_REG_5_,b09
11,2.1818181818181817,16,1,6,2,0,0,DFF_Q_OLD_REG_5_,D_OUT_REG_5_,DFF_Q_OLD_REG_5_ -> U132 -> U217 -> U145 -> U138 -> U150 -> U140 -> U154 -> U162 -> U116 -> D_OUT_REG_5_,b09
10,2.3,16,2,6,0,0,0,DFF_Q_OLD_REG_5_,D_OUT_REG_5_,DFF_Q_OLD_REG_5_ -> U218 -> U145 -> U138 -> U150 -> U140 -> U88 -> U161 -> U116 -> D_OUT_REG_5_,b09
10,2.2,16,2,6,0,0,0,DFF_Q_OLD_REG_5_,D_OUT_REG_5_,DFF_Q_OLD_REG_5_ -> U218 -> U145 -> U138 -> U150 -> U140 -> U89 -> U160 -> U116 -> D_OUT_REG_5_,b09
10,2.3,15,1,6,1,0,0,DFF_Q_OLD_REG_5_,D_OUT_REG_5_,DFF_Q_OLD_REG_5_ -> U218 -> U145 -> U138 -> U150 -> U140 -> U154 -> U162 -> U116 -> D_OUT_REG_5_,b09
11,2.1818181818181817,17,2,6,1,0,0,DFF_Q_OLD_REG_5_,D_OUT_REG_4_,DFF_Q_OLD_REG_5_ -> U132 -> U217 -> U145 -> U138 -> U150 -> U140 -> U88 -> U164 -> U115 -> D_OUT_REG_4_,b09
11,2.090909090909091,17,2,6,1,0,0,DFF_Q_OLD_REG_5_,D_OUT_REG_4_,DFF_Q_OLD_REG_5_ -> U132 -> U217 -> U145 -> U138 -> U150 -> U140 -> U89 -> U163 -> U115 -> D_OUT_REG_4_,b09
11,2.1818181818181817,16,1,6,2,0,0,DFF_Q_OLD_REG_5_,D_OUT_REG_4_,DFF_Q_OLD_REG_5_ -> U132 -> U217 -> U145 -> U138 -> U150 -> U140 -> U154 -> U165 -> U115 -> D_OUT_REG_4_,b09
10,2.3,16,2,6,0,0,0,DFF_Q_OLD_REG_5_,D_OUT_REG_4_,DFF_Q_OLD_REG_5_ -> U218 -> U145 -> U138 -> U150 -> U140 -> U88 -> U164 -> U115 -> D_OUT_REG_4_,b09
10,2.2,16,2,6,0,0,0,DFF_Q_OLD_REG_5_,D_OUT_REG_4_,DFF_Q_OLD_REG_5_ -> U218 -> U145 -> U138 -> U150 -> U140 -> U89 -> U163 -> U115 -> D_OUT_REG_4_,b09
10,2.3,15,1,6,1,0,0,DFF_Q_OLD_REG_5_,D_OUT_REG_4_,DFF_Q_OLD_REG_5_ -> U218 -> U145 -> U138 -> U150 -> U140 -> U154 -> U165 -> U115 -> D_OUT_REG_4_,b09
11,2.1818181818181817,17,2,6,1,0,0,DFF_Q_OLD_REG_5_,D_OUT_REG_3_,DFF_Q_OLD_REG_5_ -> U132 -> U217 -> U145 -> U138 -> U150 -> U140 -> U88 -> U167 -> U114 -> D_OUT_REG_3_,b09
11,2.090909090909091,17,2,6,1,0,0,DFF_Q_OLD_REG_5_,D_OUT_REG_3_,DFF_Q_OLD_REG_5_ -> U132 -> U217 -> U145 -> U138 -> U150 -> U140 -> U89 -> U166 -> U114 -> D_OUT_REG_3_,b09
11,2.1818181818181817,16,1,6,2,0,0,DFF_Q_OLD_REG_5_,D_OUT_REG_3_,DFF_Q_OLD_REG_5_ -> U132 -> U217 -> U145 -> U138 -> U150 -> U140 -> U154 -> U168 -> U114 -> D_OUT_REG_3_,b09
10,2.3,16,2,6,0,0,0,DFF_Q_OLD_REG_5_,D_OUT_REG_3_,DFF_Q_OLD_REG_5_ -> U218 -> U145 -> U138 -> U150 -> U140 -> U88 -> U167 -> U114 -> D_OUT_REG_3_,b09
10,2.2,16,2,6,0,0,0,DFF_Q_OLD_REG_5_,D_OUT_REG_3_,DFF_Q_OLD_REG_5_ -> U218 -> U145 -> U138 -> U150 -> U140 -> U89 -> U166 -> U114 -> D_OUT_REG_3_,b09
10,2.3,15,1,6,1,0,0,DFF_Q_OLD_REG_5_,D_OUT_REG_3_,DFF_Q_OLD_REG_5_ -> U218 -> U145 -> U138 -> U150 -> U140 -> U154 -> U168 -> U114 -> D_OUT_REG_3_,b09
11,2.1818181818181817,17,2,6,1,0,0,DFF_Q_OLD_REG_5_,D_OUT_REG_2_,DFF_Q_OLD_REG_5_ -> U132 -> U217 -> U145 -> U138 -> U150 -> U140 -> U88 -> U170 -> U113 -> D_OUT_REG_2_,b09
11,2.090909090909091,17,2,6,1,0,0,DFF_Q_OLD_REG_5_,D_OUT_REG_2_,DFF_Q_OLD_REG_5_ -> U132 -> U217 -> U145 -> U138 -> U150 -> U140 -> U89 -> U169 -> U113 -> D_OUT_REG_2_,b09
11,2.1818181818181817,16,1,6,2,0,0,DFF_Q_OLD_REG_5_,D_OUT_REG_2_,DFF_Q_OLD_REG_5_ -> U132 -> U217 -> U145 -> U138 -> U150 -> U140 -> U154 -> U171 -> U113 -> D_OUT_REG_2_,b09
10,2.3,16,2,6,0,0,0,DFF_Q_OLD_REG_5_,D_OUT_REG_2_,DFF_Q_OLD_REG_5_ -> U218 -> U145 -> U138 -> U150 -> U140 -> U88 -> U170 -> U113 -> D_OUT_REG_2_,b09
10,2.2,16,2,6,0,0,0,DFF_Q_OLD_REG_5_,D_OUT_REG_2_,DFF_Q_OLD_REG_5_ -> U218 -> U145 -> U138 -> U150 -> U140 -> U89 -> U169 -> U113 -> D_OUT_REG_2_,b09
10,2.3,15,1,6,1,0,0,DFF_Q_OLD_REG_5_,D_OUT_REG_2_,DFF_Q_OLD_REG_5_ -> U218 -> U145 -> U138 -> U150 -> U140 -> U154 -> U171 -> U113 -> D_OUT_REG_2_,b09
11,2.1818181818181817,17,2,6,1,0,0,DFF_Q_OLD_REG_5_,D_OUT_REG_1_,DFF_Q_OLD_REG_5_ -> U132 -> U217 -> U145 -> U138 -> U150 -> U140 -> U88 -> U173 -> U112 -> D_OUT_REG_1_,b09
11,2.090909090909091,17,2,6,1,0,0,DFF_Q_OLD_REG_5_,D_OUT_REG_1_,DFF_Q_OLD_REG_5_ -> U132 -> U217 -> U145 -> U138 -> U150 -> U140 -> U89 -> U172 -> U112 -> D_OUT_REG_1_,b09
11,2.1818181818181817,16,1,6,2,0,0,DFF_Q_OLD_REG_5_,D_OUT_REG_1_,DFF_Q_OLD_REG_5_ -> U132 -> U217 -> U145 -> U138 -> U150 -> U140 -> U154 -> U174 -> U112 -> D_OUT_REG_1_,b09
10,2.3,16,2,6,0,0,0,DFF_Q_OLD_REG_5_,D_OUT_REG_1_,DFF_Q_OLD_REG_5_ -> U218 -> U145 -> U138 -> U150 -> U140 -> U88 -> U173 -> U112 -> D_OUT_REG_1_,b09
10,2.2,16,2,6,0,0,0,DFF_Q_OLD_REG_5_,D_OUT_REG_1_,DFF_Q_OLD_REG_5_ -> U218 -> U145 -> U138 -> U150 -> U140 -> U89 -> U172 -> U112 -> D_OUT_REG_1_,b09
10,2.3,15,1,6,1,0,0,DFF_Q_OLD_REG_5_,D_OUT_REG_1_,DFF_Q_OLD_REG_5_ -> U218 -> U145 -> U138 -> U150 -> U140 -> U154 -> U174 -> U112 -> D_OUT_REG_1_,b09
11,2.1818181818181817,17,2,6,1,0,0,DFF_Q_OLD_REG_5_,D_OUT_REG_0_,DFF_Q_OLD_REG_5_ -> U132 -> U217 -> U145 -> U138 -> U150 -> U140 -> U88 -> U176 -> U111 -> D_OUT_REG_0_,b09
11,2.090909090909091,17,2,6,1,0,0,DFF_Q_OLD_REG_5_,D_OUT_REG_0_,DFF_Q_OLD_REG_5_ -> U132 -> U217 -> U145 -> U138 -> U150 -> U140 -> U89 -> U175 -> U111 -> D_OUT_REG_0_,b09
11,2.1818181818181817,16,1,6,2,0,0,DFF_Q_OLD_REG_5_,D_OUT_REG_0_,DFF_Q_OLD_REG_5_ -> U132 -> U217 -> U145 -> U138 -> U150 -> U140 -> U154 -> U177 -> U111 -> D_OUT_REG_0_,b09
10,2.3,16,2,6,0,0,0,DFF_Q_OLD_REG_5_,D_OUT_REG_0_,DFF_Q_OLD_REG_5_ -> U218 -> U145 -> U138 -> U150 -> U140 -> U88 -> U176 -> U111 -> D_OUT_REG_0_,b09
10,2.2,16,2,6,0,0,0,DFF_Q_OLD_REG_5_,D_OUT_REG_0_,DFF_Q_OLD_REG_5_ -> U218 -> U145 -> U138 -> U150 -> U140 -> U89 -> U175 -> U111 -> D_OUT_REG_0_,b09
10,2.3,15,1,6,1,0,0,DFF_Q_OLD_REG_5_,D_OUT_REG_0_,DFF_Q_OLD_REG_5_ -> U218 -> U145 -> U138 -> U150 -> U140 -> U154 -> U177 -> U111 -> D_OUT_REG_0_,b09
4,1.25,4,0,2,0,0,0,DFF_Q_OLD_REG_5_,OLD_REG_5_,DFF_Q_OLD_REG_5_ -> U185 -> U108 -> OLD_REG_5_,b09
8,1.5,11,1,4,1,0,0,DFF_Q_OLD_REG_5_,Y_REG,DFF_Q_OLD_REG_5_ -> U132 -> U217 -> U145 -> U138 -> U150 -> U102 -> Y_REG,b09
7,1.5714285714285714,10,1,4,0,0,0,DFF_Q_OLD_REG_5_,Y_REG,DFF_Q_OLD_REG_5_ -> U218 -> U145 -> U138 -> U150 -> U102 -> Y_REG,b09
9,1.3333333333333333,12,1,4,2,0,0,DFF_Q_OLD_REG_5_,STATO_REG_0_,DFF_Q_OLD_REG_5_ -> U132 -> U217 -> U145 -> U138 -> U147 -> U153 -> U91 -> STATO_REG_0_,b09
8,1.375,11,1,4,1,0,0,DFF_Q_OLD_REG_5_,STATO_REG_0_,DFF_Q_OLD_REG_5_ -> U218 -> U145 -> U138 -> U147 -> U153 -> U91 -> STATO_REG_0_,b09
10,1.3,15,1,6,1,0,0,DFF_Q_OLD_REG_5_,D_IN_REG_8_,DFF_Q_OLD_REG_5_ -> U132 -> U217 -> U145 -> U138 -> U199 -> U200 -> U204 -> U101 -> D_IN_REG_8_,b09
9,1.3333333333333333,14,1,6,0,0,0,DFF_Q_OLD_REG_5_,D_IN_REG_8_,DFF_Q_OLD_REG_5_ -> U218 -> U145 -> U138 -> U199 -> U200 -> U204 -> U101 -> D_IN_REG_8_,b09
11,2.1818181818181817,17,2,6,1,0,0,DFF_Q_OLD_REG_4_,D_OUT_REG_7_,DFF_Q_OLD_REG_4_ -> U130 -> U215 -> U145 -> U138 -> U150 -> U140 -> U88 -> U155 -> U118 -> D_OUT_REG_7_,b09
11,2.1818181818181817,16,1,6,2,0,0,DFF_Q_OLD_REG_4_,D_OUT_REG_7_,DFF_Q_OLD_REG_4_ -> U130 -> U215 -> U145 -> U138 -> U150 -> U140 -> U154 -> U156 -> U118 -> D_OUT_REG_7_,b09
10,2.3,16,2,6,0,0,0,DFF_Q_OLD_REG_4_,D_OUT_REG_7_,DFF_Q_OLD_REG_4_ -> U216 -> U145 -> U138 -> U150 -> U140 -> U88 -> U155 -> U118 -> D_OUT_REG_7_,b09
10,2.3,15,1,6,1,0,0,DFF_Q_OLD_REG_4_,D_OUT_REG_7_,DFF_Q_OLD_REG_4_ -> U216 -> U145 -> U138 -> U150 -> U140 -> U154 -> U156 -> U118 -> D_OUT_REG_7_,b09
11,2.1818181818181817,17,2,6,1,0,0,DFF_Q_OLD_REG_4_,D_OUT_REG_6_,DFF_Q_OLD_REG_4_ -> U130 -> U215 -> U145 -> U138 -> U150 -> U140 -> U88 -> U158 -> U117 -> D_OUT_REG_6_,b09
11,2.090909090909091,17,2,6,1,0,0,DFF_Q_OLD_REG_4_,D_OUT_REG_6_,DFF_Q_OLD_REG_4_ -> U130 -> U215 -> U145 -> U138 -> U150 -> U140 -> U89 -> U157 -> U117 -> D_OUT_REG_6_,b09
11,2.1818181818181817,16,1,6,2,0,0,DFF_Q_OLD_REG_4_,D_OUT_REG_6_,DFF_Q_OLD_REG_4_ -> U130 -> U215 -> U145 -> U138 -> U150 -> U140 -> U154 -> U159 -> U117 -> D_OUT_REG_6_,b09
10,2.3,16,2,6,0,0,0,DFF_Q_OLD_REG_4_,D_OUT_REG_6_,DFF_Q_OLD_REG_4_ -> U216 -> U145 -> U138 -> U150 -> U140 -> U88 -> U158 -> U117 -> D_OUT_REG_6_,b09
10,2.2,16,2,6,0,0,0,DFF_Q_OLD_REG_4_,D_OUT_REG_6_,DFF_Q_OLD_REG_4_ -> U216 -> U145 -> U138 -> U150 -> U140 -> U89 -> U157 -> U117 -> D_OUT_REG_6_,b09
10,2.3,15,1,6,1,0,0,DFF_Q_OLD_REG_4_,D_OUT_REG_6_,DFF_Q_OLD_REG_4_ -> U216 -> U145 -> U138 -> U150 -> U140 -> U154 -> U159 -> U117 -> D_OUT_REG_6_,b09
11,2.1818181818181817,17,2,6,1,0,0,DFF_Q_OLD_REG_4_,D_OUT_REG_5_,DFF_Q_OLD_REG_4_ -> U130 -> U215 -> U145 -> U138 -> U150 -> U140 -> U88 -> U161 -> U116 -> D_OUT_REG_5_,b09
11,2.090909090909091,17,2,6,1,0,0,DFF_Q_OLD_REG_4_,D_OUT_REG_5_,DFF_Q_OLD_REG_4_ -> U130 -> U215 -> U145 -> U138 -> U150 -> U140 -> U89 -> U160 -> U116 -> D_OUT_REG_5_,b09
11,2.1818181818181817,16,1,6,2,0,0,DFF_Q_OLD_REG_4_,D_OUT_REG_5_,DFF_Q_OLD_REG_4_ -> U130 -> U215 -> U145 -> U138 -> U150 -> U140 -> U154 -> U162 -> U116 -> D_OUT_REG_5_,b09
10,2.3,16,2,6,0,0,0,DFF_Q_OLD_REG_4_,D_OUT_REG_5_,DFF_Q_OLD_REG_4_ -> U216 -> U145 -> U138 -> U150 -> U140 -> U88 -> U161 -> U116 -> D_OUT_REG_5_,b09
10,2.2,16,2,6,0,0,0,DFF_Q_OLD_REG_4_,D_OUT_REG_5_,DFF_Q_OLD_REG_4_ -> U216 -> U145 -> U138 -> U150 -> U140 -> U89 -> U160 -> U116 -> D_OUT_REG_5_,b09
10,2.3,15,1,6,1,0,0,DFF_Q_OLD_REG_4_,D_OUT_REG_5_,DFF_Q_OLD_REG_4_ -> U216 -> U145 -> U138 -> U150 -> U140 -> U154 -> U162 -> U116 -> D_OUT_REG_5_,b09
11,2.1818181818181817,17,2,6,1,0,0,DFF_Q_OLD_REG_4_,D_OUT_REG_4_,DFF_Q_OLD_REG_4_ -> U130 -> U215 -> U145 -> U138 -> U150 -> U140 -> U88 -> U164 -> U115 -> D_OUT_REG_4_,b09
11,2.090909090909091,17,2,6,1,0,0,DFF_Q_OLD_REG_4_,D_OUT_REG_4_,DFF_Q_OLD_REG_4_ -> U130 -> U215 -> U145 -> U138 -> U150 -> U140 -> U89 -> U163 -> U115 -> D_OUT_REG_4_,b09
11,2.1818181818181817,16,1,6,2,0,0,DFF_Q_OLD_REG_4_,D_OUT_REG_4_,DFF_Q_OLD_REG_4_ -> U130 -> U215 -> U145 -> U138 -> U150 -> U140 -> U154 -> U165 -> U115 -> D_OUT_REG_4_,b09
10,2.3,16,2,6,0,0,0,DFF_Q_OLD_REG_4_,D_OUT_REG_4_,DFF_Q_OLD_REG_4_ -> U216 -> U145 -> U138 -> U150 -> U140 -> U88 -> U164 -> U115 -> D_OUT_REG_4_,b09
10,2.2,16,2,6,0,0,0,DFF_Q_OLD_REG_4_,D_OUT_REG_4_,DFF_Q_OLD_REG_4_ -> U216 -> U145 -> U138 -> U150 -> U140 -> U89 -> U163 -> U115 -> D_OUT_REG_4_,b09
10,2.3,15,1,6,1,0,0,DFF_Q_OLD_REG_4_,D_OUT_REG_4_,DFF_Q_OLD_REG_4_ -> U216 -> U145 -> U138 -> U150 -> U140 -> U154 -> U165 -> U115 -> D_OUT_REG_4_,b09
11,2.1818181818181817,17,2,6,1,0,0,DFF_Q_OLD_REG_4_,D_OUT_REG_3_,DFF_Q_OLD_REG_4_ -> U130 -> U215 -> U145 -> U138 -> U150 -> U140 -> U88 -> U167 -> U114 -> D_OUT_REG_3_,b09
11,2.090909090909091,17,2,6,1,0,0,DFF_Q_OLD_REG_4_,D_OUT_REG_3_,DFF_Q_OLD_REG_4_ -> U130 -> U215 -> U145 -> U138 -> U150 -> U140 -> U89 -> U166 -> U114 -> D_OUT_REG_3_,b09
11,2.1818181818181817,16,1,6,2,0,0,DFF_Q_OLD_REG_4_,D_OUT_REG_3_,DFF_Q_OLD_REG_4_ -> U130 -> U215 -> U145 -> U138 -> U150 -> U140 -> U154 -> U168 -> U114 -> D_OUT_REG_3_,b09
10,2.3,16,2,6,0,0,0,DFF_Q_OLD_REG_4_,D_OUT_REG_3_,DFF_Q_OLD_REG_4_ -> U216 -> U145 -> U138 -> U150 -> U140 -> U88 -> U167 -> U114 -> D_OUT_REG_3_,b09
10,2.2,16,2,6,0,0,0,DFF_Q_OLD_REG_4_,D_OUT_REG_3_,DFF_Q_OLD_REG_4_ -> U216 -> U145 -> U138 -> U150 -> U140 -> U89 -> U166 -> U114 -> D_OUT_REG_3_,b09
10,2.3,15,1,6,1,0,0,DFF_Q_OLD_REG_4_,D_OUT_REG_3_,DFF_Q_OLD_REG_4_ -> U216 -> U145 -> U138 -> U150 -> U140 -> U154 -> U168 -> U114 -> D_OUT_REG_3_,b09
11,2.1818181818181817,17,2,6,1,0,0,DFF_Q_OLD_REG_4_,D_OUT_REG_2_,DFF_Q_OLD_REG_4_ -> U130 -> U215 -> U145 -> U138 -> U150 -> U140 -> U88 -> U170 -> U113 -> D_OUT_REG_2_,b09
11,2.090909090909091,17,2,6,1,0,0,DFF_Q_OLD_REG_4_,D_OUT_REG_2_,DFF_Q_OLD_REG_4_ -> U130 -> U215 -> U145 -> U138 -> U150 -> U140 -> U89 -> U169 -> U113 -> D_OUT_REG_2_,b09
11,2.1818181818181817,16,1,6,2,0,0,DFF_Q_OLD_REG_4_,D_OUT_REG_2_,DFF_Q_OLD_REG_4_ -> U130 -> U215 -> U145 -> U138 -> U150 -> U140 -> U154 -> U171 -> U113 -> D_OUT_REG_2_,b09
10,2.3,16,2,6,0,0,0,DFF_Q_OLD_REG_4_,D_OUT_REG_2_,DFF_Q_OLD_REG_4_ -> U216 -> U145 -> U138 -> U150 -> U140 -> U88 -> U170 -> U113 -> D_OUT_REG_2_,b09
10,2.2,16,2,6,0,0,0,DFF_Q_OLD_REG_4_,D_OUT_REG_2_,DFF_Q_OLD_REG_4_ -> U216 -> U145 -> U138 -> U150 -> U140 -> U89 -> U169 -> U113 -> D_OUT_REG_2_,b09
10,2.3,15,1,6,1,0,0,DFF_Q_OLD_REG_4_,D_OUT_REG_2_,DFF_Q_OLD_REG_4_ -> U216 -> U145 -> U138 -> U150 -> U140 -> U154 -> U171 -> U113 -> D_OUT_REG_2_,b09
11,2.1818181818181817,17,2,6,1,0,0,DFF_Q_OLD_REG_4_,D_OUT_REG_1_,DFF_Q_OLD_REG_4_ -> U130 -> U215 -> U145 -> U138 -> U150 -> U140 -> U88 -> U173 -> U112 -> D_OUT_REG_1_,b09
11,2.090909090909091,17,2,6,1,0,0,DFF_Q_OLD_REG_4_,D_OUT_REG_1_,DFF_Q_OLD_REG_4_ -> U130 -> U215 -> U145 -> U138 -> U150 -> U140 -> U89 -> U172 -> U112 -> D_OUT_REG_1_,b09
11,2.1818181818181817,16,1,6,2,0,0,DFF_Q_OLD_REG_4_,D_OUT_REG_1_,DFF_Q_OLD_REG_4_ -> U130 -> U215 -> U145 -> U138 -> U150 -> U140 -> U154 -> U174 -> U112 -> D_OUT_REG_1_,b09
10,2.3,16,2,6,0,0,0,DFF_Q_OLD_REG_4_,D_OUT_REG_1_,DFF_Q_OLD_REG_4_ -> U216 -> U145 -> U138 -> U150 -> U140 -> U88 -> U173 -> U112 -> D_OUT_REG_1_,b09
10,2.2,16,2,6,0,0,0,DFF_Q_OLD_REG_4_,D_OUT_REG_1_,DFF_Q_OLD_REG_4_ -> U216 -> U145 -> U138 -> U150 -> U140 -> U89 -> U172 -> U112 -> D_OUT_REG_1_,b09
10,2.3,15,1,6,1,0,0,DFF_Q_OLD_REG_4_,D_OUT_REG_1_,DFF_Q_OLD_REG_4_ -> U216 -> U145 -> U138 -> U150 -> U140 -> U154 -> U174 -> U112 -> D_OUT_REG_1_,b09
11,2.1818181818181817,17,2,6,1,0,0,DFF_Q_OLD_REG_4_,D_OUT_REG_0_,DFF_Q_OLD_REG_4_ -> U130 -> U215 -> U145 -> U138 -> U150 -> U140 -> U88 -> U176 -> U111 -> D_OUT_REG_0_,b09
11,2.090909090909091,17,2,6,1,0,0,DFF_Q_OLD_REG_4_,D_OUT_REG_0_,DFF_Q_OLD_REG_4_ -> U130 -> U215 -> U145 -> U138 -> U150 -> U140 -> U89 -> U175 -> U111 -> D_OUT_REG_0_,b09
11,2.1818181818181817,16,1,6,2,0,0,DFF_Q_OLD_REG_4_,D_OUT_REG_0_,DFF_Q_OLD_REG_4_ -> U130 -> U215 -> U145 -> U138 -> U150 -> U140 -> U154 -> U177 -> U111 -> D_OUT_REG_0_,b09
10,2.3,16,2,6,0,0,0,DFF_Q_OLD_REG_4_,D_OUT_REG_0_,DFF_Q_OLD_REG_4_ -> U216 -> U145 -> U138 -> U150 -> U140 -> U88 -> U176 -> U111 -> D_OUT_REG_0_,b09
10,2.2,16,2,6,0,0,0,DFF_Q_OLD_REG_4_,D_OUT_REG_0_,DFF_Q_OLD_REG_4_ -> U216 -> U145 -> U138 -> U150 -> U140 -> U89 -> U175 -> U111 -> D_OUT_REG_0_,b09
10,2.3,15,1,6,1,0,0,DFF_Q_OLD_REG_4_,D_OUT_REG_0_,DFF_Q_OLD_REG_4_ -> U216 -> U145 -> U138 -> U150 -> U140 -> U154 -> U177 -> U111 -> D_OUT_REG_0_,b09
4,1.25,4,0,2,0,0,0,DFF_Q_OLD_REG_4_,OLD_REG_4_,DFF_Q_OLD_REG_4_ -> U187 -> U107 -> OLD_REG_4_,b09
8,1.5,11,1,4,1,0,0,DFF_Q_OLD_REG_4_,Y_REG,DFF_Q_OLD_REG_4_ -> U130 -> U215 -> U145 -> U138 -> U150 -> U102 -> Y_REG,b09
7,1.5714285714285714,10,1,4,0,0,0,DFF_Q_OLD_REG_4_,Y_REG,DFF_Q_OLD_REG_4_ -> U216 -> U145 -> U138 -> U150 -> U102 -> Y_REG,b09
9,1.3333333333333333,12,1,4,2,0,0,DFF_Q_OLD_REG_4_,STATO_REG_0_,DFF_Q_OLD_REG_4_ -> U130 -> U215 -> U145 -> U138 -> U147 -> U153 -> U91 -> STATO_REG_0_,b09
8,1.375,11,1,4,1,0,0,DFF_Q_OLD_REG_4_,STATO_REG_0_,DFF_Q_OLD_REG_4_ -> U216 -> U145 -> U138 -> U147 -> U153 -> U91 -> STATO_REG_0_,b09
10,1.3,15,1,6,1,0,0,DFF_Q_OLD_REG_4_,D_IN_REG_8_,DFF_Q_OLD_REG_4_ -> U130 -> U215 -> U145 -> U138 -> U199 -> U200 -> U204 -> U101 -> D_IN_REG_8_,b09
9,1.3333333333333333,14,1,6,0,0,0,DFF_Q_OLD_REG_4_,D_IN_REG_8_,DFF_Q_OLD_REG_4_ -> U216 -> U145 -> U138 -> U199 -> U200 -> U204 -> U101 -> D_IN_REG_8_,b09
11,2.1818181818181817,17,2,6,1,0,0,DFF_Q_OLD_REG_3_,D_OUT_REG_7_,DFF_Q_OLD_REG_3_ -> U128 -> U213 -> U144 -> U138 -> U150 -> U140 -> U88 -> U155 -> U118 -> D_OUT_REG_7_,b09
11,2.1818181818181817,16,1,6,2,0,0,DFF_Q_OLD_REG_3_,D_OUT_REG_7_,DFF_Q_OLD_REG_3_ -> U128 -> U213 -> U144 -> U138 -> U150 -> U140 -> U154 -> U156 -> U118 -> D_OUT_REG_7_,b09
10,2.3,16,2,6,0,0,0,DFF_Q_OLD_REG_3_,D_OUT_REG_7_,DFF_Q_OLD_REG_3_ -> U214 -> U144 -> U138 -> U150 -> U140 -> U88 -> U155 -> U118 -> D_OUT_REG_7_,b09
10,2.3,15,1,6,1,0,0,DFF_Q_OLD_REG_3_,D_OUT_REG_7_,DFF_Q_OLD_REG_3_ -> U214 -> U144 -> U138 -> U150 -> U140 -> U154 -> U156 -> U118 -> D_OUT_REG_7_,b09
11,2.1818181818181817,17,2,6,1,0,0,DFF_Q_OLD_REG_3_,D_OUT_REG_6_,DFF_Q_OLD_REG_3_ -> U128 -> U213 -> U144 -> U138 -> U150 -> U140 -> U88 -> U158 -> U117 -> D_OUT_REG_6_,b09
11,2.090909090909091,17,2,6,1,0,0,DFF_Q_OLD_REG_3_,D_OUT_REG_6_,DFF_Q_OLD_REG_3_ -> U128 -> U213 -> U144 -> U138 -> U150 -> U140 -> U89 -> U157 -> U117 -> D_OUT_REG_6_,b09
11,2.1818181818181817,16,1,6,2,0,0,DFF_Q_OLD_REG_3_,D_OUT_REG_6_,DFF_Q_OLD_REG_3_ -> U128 -> U213 -> U144 -> U138 -> U150 -> U140 -> U154 -> U159 -> U117 -> D_OUT_REG_6_,b09
10,2.3,16,2,6,0,0,0,DFF_Q_OLD_REG_3_,D_OUT_REG_6_,DFF_Q_OLD_REG_3_ -> U214 -> U144 -> U138 -> U150 -> U140 -> U88 -> U158 -> U117 -> D_OUT_REG_6_,b09
10,2.2,16,2,6,0,0,0,DFF_Q_OLD_REG_3_,D_OUT_REG_6_,DFF_Q_OLD_REG_3_ -> U214 -> U144 -> U138 -> U150 -> U140 -> U89 -> U157 -> U117 -> D_OUT_REG_6_,b09
10,2.3,15,1,6,1,0,0,DFF_Q_OLD_REG_3_,D_OUT_REG_6_,DFF_Q_OLD_REG_3_ -> U214 -> U144 -> U138 -> U150 -> U140 -> U154 -> U159 -> U117 -> D_OUT_REG_6_,b09
11,2.1818181818181817,17,2,6,1,0,0,DFF_Q_OLD_REG_3_,D_OUT_REG_5_,DFF_Q_OLD_REG_3_ -> U128 -> U213 -> U144 -> U138 -> U150 -> U140 -> U88 -> U161 -> U116 -> D_OUT_REG_5_,b09
11,2.090909090909091,17,2,6,1,0,0,DFF_Q_OLD_REG_3_,D_OUT_REG_5_,DFF_Q_OLD_REG_3_ -> U128 -> U213 -> U144 -> U138 -> U150 -> U140 -> U89 -> U160 -> U116 -> D_OUT_REG_5_,b09
11,2.1818181818181817,16,1,6,2,0,0,DFF_Q_OLD_REG_3_,D_OUT_REG_5_,DFF_Q_OLD_REG_3_ -> U128 -> U213 -> U144 -> U138 -> U150 -> U140 -> U154 -> U162 -> U116 -> D_OUT_REG_5_,b09
10,2.3,16,2,6,0,0,0,DFF_Q_OLD_REG_3_,D_OUT_REG_5_,DFF_Q_OLD_REG_3_ -> U214 -> U144 -> U138 -> U150 -> U140 -> U88 -> U161 -> U116 -> D_OUT_REG_5_,b09
10,2.2,16,2,6,0,0,0,DFF_Q_OLD_REG_3_,D_OUT_REG_5_,DFF_Q_OLD_REG_3_ -> U214 -> U144 -> U138 -> U150 -> U140 -> U89 -> U160 -> U116 -> D_OUT_REG_5_,b09
10,2.3,15,1,6,1,0,0,DFF_Q_OLD_REG_3_,D_OUT_REG_5_,DFF_Q_OLD_REG_3_ -> U214 -> U144 -> U138 -> U150 -> U140 -> U154 -> U162 -> U116 -> D_OUT_REG_5_,b09
11,2.1818181818181817,17,2,6,1,0,0,DFF_Q_OLD_REG_3_,D_OUT_REG_4_,DFF_Q_OLD_REG_3_ -> U128 -> U213 -> U144 -> U138 -> U150 -> U140 -> U88 -> U164 -> U115 -> D_OUT_REG_4_,b09
11,2.090909090909091,17,2,6,1,0,0,DFF_Q_OLD_REG_3_,D_OUT_REG_4_,DFF_Q_OLD_REG_3_ -> U128 -> U213 -> U144 -> U138 -> U150 -> U140 -> U89 -> U163 -> U115 -> D_OUT_REG_4_,b09
11,2.1818181818181817,16,1,6,2,0,0,DFF_Q_OLD_REG_3_,D_OUT_REG_4_,DFF_Q_OLD_REG_3_ -> U128 -> U213 -> U144 -> U138 -> U150 -> U140 -> U154 -> U165 -> U115 -> D_OUT_REG_4_,b09
10,2.3,16,2,6,0,0,0,DFF_Q_OLD_REG_3_,D_OUT_REG_4_,DFF_Q_OLD_REG_3_ -> U214 -> U144 -> U138 -> U150 -> U140 -> U88 -> U164 -> U115 -> D_OUT_REG_4_,b09
10,2.2,16,2,6,0,0,0,DFF_Q_OLD_REG_3_,D_OUT_REG_4_,DFF_Q_OLD_REG_3_ -> U214 -> U144 -> U138 -> U150 -> U140 -> U89 -> U163 -> U115 -> D_OUT_REG_4_,b09
10,2.3,15,1,6,1,0,0,DFF_Q_OLD_REG_3_,D_OUT_REG_4_,DFF_Q_OLD_REG_3_ -> U214 -> U144 -> U138 -> U150 -> U140 -> U154 -> U165 -> U115 -> D_OUT_REG_4_,b09
11,2.1818181818181817,17,2,6,1,0,0,DFF_Q_OLD_REG_3_,D_OUT_REG_3_,DFF_Q_OLD_REG_3_ -> U128 -> U213 -> U144 -> U138 -> U150 -> U140 -> U88 -> U167 -> U114 -> D_OUT_REG_3_,b09
11,2.090909090909091,17,2,6,1,0,0,DFF_Q_OLD_REG_3_,D_OUT_REG_3_,DFF_Q_OLD_REG_3_ -> U128 -> U213 -> U144 -> U138 -> U150 -> U140 -> U89 -> U166 -> U114 -> D_OUT_REG_3_,b09
11,2.1818181818181817,16,1,6,2,0,0,DFF_Q_OLD_REG_3_,D_OUT_REG_3_,DFF_Q_OLD_REG_3_ -> U128 -> U213 -> U144 -> U138 -> U150 -> U140 -> U154 -> U168 -> U114 -> D_OUT_REG_3_,b09
10,2.3,16,2,6,0,0,0,DFF_Q_OLD_REG_3_,D_OUT_REG_3_,DFF_Q_OLD_REG_3_ -> U214 -> U144 -> U138 -> U150 -> U140 -> U88 -> U167 -> U114 -> D_OUT_REG_3_,b09
10,2.2,16,2,6,0,0,0,DFF_Q_OLD_REG_3_,D_OUT_REG_3_,DFF_Q_OLD_REG_3_ -> U214 -> U144 -> U138 -> U150 -> U140 -> U89 -> U166 -> U114 -> D_OUT_REG_3_,b09
10,2.3,15,1,6,1,0,0,DFF_Q_OLD_REG_3_,D_OUT_REG_3_,DFF_Q_OLD_REG_3_ -> U214 -> U144 -> U138 -> U150 -> U140 -> U154 -> U168 -> U114 -> D_OUT_REG_3_,b09
11,2.1818181818181817,17,2,6,1,0,0,DFF_Q_OLD_REG_3_,D_OUT_REG_2_,DFF_Q_OLD_REG_3_ -> U128 -> U213 -> U144 -> U138 -> U150 -> U140 -> U88 -> U170 -> U113 -> D_OUT_REG_2_,b09
11,2.090909090909091,17,2,6,1,0,0,DFF_Q_OLD_REG_3_,D_OUT_REG_2_,DFF_Q_OLD_REG_3_ -> U128 -> U213 -> U144 -> U138 -> U150 -> U140 -> U89 -> U169 -> U113 -> D_OUT_REG_2_,b09
11,2.1818181818181817,16,1,6,2,0,0,DFF_Q_OLD_REG_3_,D_OUT_REG_2_,DFF_Q_OLD_REG_3_ -> U128 -> U213 -> U144 -> U138 -> U150 -> U140 -> U154 -> U171 -> U113 -> D_OUT_REG_2_,b09
10,2.3,16,2,6,0,0,0,DFF_Q_OLD_REG_3_,D_OUT_REG_2_,DFF_Q_OLD_REG_3_ -> U214 -> U144 -> U138 -> U150 -> U140 -> U88 -> U170 -> U113 -> D_OUT_REG_2_,b09
10,2.2,16,2,6,0,0,0,DFF_Q_OLD_REG_3_,D_OUT_REG_2_,DFF_Q_OLD_REG_3_ -> U214 -> U144 -> U138 -> U150 -> U140 -> U89 -> U169 -> U113 -> D_OUT_REG_2_,b09
10,2.3,15,1,6,1,0,0,DFF_Q_OLD_REG_3_,D_OUT_REG_2_,DFF_Q_OLD_REG_3_ -> U214 -> U144 -> U138 -> U150 -> U140 -> U154 -> U171 -> U113 -> D_OUT_REG_2_,b09
11,2.1818181818181817,17,2,6,1,0,0,DFF_Q_OLD_REG_3_,D_OUT_REG_1_,DFF_Q_OLD_REG_3_ -> U128 -> U213 -> U144 -> U138 -> U150 -> U140 -> U88 -> U173 -> U112 -> D_OUT_REG_1_,b09
11,2.090909090909091,17,2,6,1,0,0,DFF_Q_OLD_REG_3_,D_OUT_REG_1_,DFF_Q_OLD_REG_3_ -> U128 -> U213 -> U144 -> U138 -> U150 -> U140 -> U89 -> U172 -> U112 -> D_OUT_REG_1_,b09
11,2.1818181818181817,16,1,6,2,0,0,DFF_Q_OLD_REG_3_,D_OUT_REG_1_,DFF_Q_OLD_REG_3_ -> U128 -> U213 -> U144 -> U138 -> U150 -> U140 -> U154 -> U174 -> U112 -> D_OUT_REG_1_,b09
10,2.3,16,2,6,0,0,0,DFF_Q_OLD_REG_3_,D_OUT_REG_1_,DFF_Q_OLD_REG_3_ -> U214 -> U144 -> U138 -> U150 -> U140 -> U88 -> U173 -> U112 -> D_OUT_REG_1_,b09
10,2.2,16,2,6,0,0,0,DFF_Q_OLD_REG_3_,D_OUT_REG_1_,DFF_Q_OLD_REG_3_ -> U214 -> U144 -> U138 -> U150 -> U140 -> U89 -> U172 -> U112 -> D_OUT_REG_1_,b09
10,2.3,15,1,6,1,0,0,DFF_Q_OLD_REG_3_,D_OUT_REG_1_,DFF_Q_OLD_REG_3_ -> U214 -> U144 -> U138 -> U150 -> U140 -> U154 -> U174 -> U112 -> D_OUT_REG_1_,b09
11,2.1818181818181817,17,2,6,1,0,0,DFF_Q_OLD_REG_3_,D_OUT_REG_0_,DFF_Q_OLD_REG_3_ -> U128 -> U213 -> U144 -> U138 -> U150 -> U140 -> U88 -> U176 -> U111 -> D_OUT_REG_0_,b09
11,2.090909090909091,17,2,6,1,0,0,DFF_Q_OLD_REG_3_,D_OUT_REG_0_,DFF_Q_OLD_REG_3_ -> U128 -> U213 -> U144 -> U138 -> U150 -> U140 -> U89 -> U175 -> U111 -> D_OUT_REG_0_,b09
11,2.1818181818181817,16,1,6,2,0,0,DFF_Q_OLD_REG_3_,D_OUT_REG_0_,DFF_Q_OLD_REG_3_ -> U128 -> U213 -> U144 -> U138 -> U150 -> U140 -> U154 -> U177 -> U111 -> D_OUT_REG_0_,b09
10,2.3,16,2,6,0,0,0,DFF_Q_OLD_REG_3_,D_OUT_REG_0_,DFF_Q_OLD_REG_3_ -> U214 -> U144 -> U138 -> U150 -> U140 -> U88 -> U176 -> U111 -> D_OUT_REG_0_,b09
10,2.2,16,2,6,0,0,0,DFF_Q_OLD_REG_3_,D_OUT_REG_0_,DFF_Q_OLD_REG_3_ -> U214 -> U144 -> U138 -> U150 -> U140 -> U89 -> U175 -> U111 -> D_OUT_REG_0_,b09
10,2.3,15,1,6,1,0,0,DFF_Q_OLD_REG_3_,D_OUT_REG_0_,DFF_Q_OLD_REG_3_ -> U214 -> U144 -> U138 -> U150 -> U140 -> U154 -> U177 -> U111 -> D_OUT_REG_0_,b09
4,1.25,4,0,2,0,0,0,DFF_Q_OLD_REG_3_,OLD_REG_3_,DFF_Q_OLD_REG_3_ -> U189 -> U106 -> OLD_REG_3_,b09
8,1.5,11,1,4,1,0,0,DFF_Q_OLD_REG_3_,Y_REG,DFF_Q_OLD_REG_3_ -> U128 -> U213 -> U144 -> U138 -> U150 -> U102 -> Y_REG,b09
7,1.5714285714285714,10,1,4,0,0,0,DFF_Q_OLD_REG_3_,Y_REG,DFF_Q_OLD_REG_3_ -> U214 -> U144 -> U138 -> U150 -> U102 -> Y_REG,b09
9,1.3333333333333333,12,1,4,2,0,0,DFF_Q_OLD_REG_3_,STATO_REG_0_,DFF_Q_OLD_REG_3_ -> U128 -> U213 -> U144 -> U138 -> U147 -> U153 -> U91 -> STATO_REG_0_,b09
8,1.375,11,1,4,1,0,0,DFF_Q_OLD_REG_3_,STATO_REG_0_,DFF_Q_OLD_REG_3_ -> U214 -> U144 -> U138 -> U147 -> U153 -> U91 -> STATO_REG_0_,b09
10,1.3,15,1,6,1,0,0,DFF_Q_OLD_REG_3_,D_IN_REG_8_,DFF_Q_OLD_REG_3_ -> U128 -> U213 -> U144 -> U138 -> U199 -> U200 -> U204 -> U101 -> D_IN_REG_8_,b09
9,1.3333333333333333,14,1,6,0,0,0,DFF_Q_OLD_REG_3_,D_IN_REG_8_,DFF_Q_OLD_REG_3_ -> U214 -> U144 -> U138 -> U199 -> U200 -> U204 -> U101 -> D_IN_REG_8_,b09
11,2.1818181818181817,17,2,6,1,0,0,DFF_Q_OLD_REG_2_,D_OUT_REG_7_,DFF_Q_OLD_REG_2_ -> U126 -> U211 -> U144 -> U138 -> U150 -> U140 -> U88 -> U155 -> U118 -> D_OUT_REG_7_,b09
11,2.1818181818181817,16,1,6,2,0,0,DFF_Q_OLD_REG_2_,D_OUT_REG_7_,DFF_Q_OLD_REG_2_ -> U126 -> U211 -> U144 -> U138 -> U150 -> U140 -> U154 -> U156 -> U118 -> D_OUT_REG_7_,b09
10,2.3,16,2,6,0,0,0,DFF_Q_OLD_REG_2_,D_OUT_REG_7_,DFF_Q_OLD_REG_2_ -> U212 -> U144 -> U138 -> U150 -> U140 -> U88 -> U155 -> U118 -> D_OUT_REG_7_,b09
10,2.3,15,1,6,1,0,0,DFF_Q_OLD_REG_2_,D_OUT_REG_7_,DFF_Q_OLD_REG_2_ -> U212 -> U144 -> U138 -> U150 -> U140 -> U154 -> U156 -> U118 -> D_OUT_REG_7_,b09
11,2.1818181818181817,17,2,6,1,0,0,DFF_Q_OLD_REG_2_,D_OUT_REG_6_,DFF_Q_OLD_REG_2_ -> U126 -> U211 -> U144 -> U138 -> U150 -> U140 -> U88 -> U158 -> U117 -> D_OUT_REG_6_,b09
11,2.090909090909091,17,2,6,1,0,0,DFF_Q_OLD_REG_2_,D_OUT_REG_6_,DFF_Q_OLD_REG_2_ -> U126 -> U211 -> U144 -> U138 -> U150 -> U140 -> U89 -> U157 -> U117 -> D_OUT_REG_6_,b09
11,2.1818181818181817,16,1,6,2,0,0,DFF_Q_OLD_REG_2_,D_OUT_REG_6_,DFF_Q_OLD_REG_2_ -> U126 -> U211 -> U144 -> U138 -> U150 -> U140 -> U154 -> U159 -> U117 -> D_OUT_REG_6_,b09
10,2.3,16,2,6,0,0,0,DFF_Q_OLD_REG_2_,D_OUT_REG_6_,DFF_Q_OLD_REG_2_ -> U212 -> U144 -> U138 -> U150 -> U140 -> U88 -> U158 -> U117 -> D_OUT_REG_6_,b09
10,2.2,16,2,6,0,0,0,DFF_Q_OLD_REG_2_,D_OUT_REG_6_,DFF_Q_OLD_REG_2_ -> U212 -> U144 -> U138 -> U150 -> U140 -> U89 -> U157 -> U117 -> D_OUT_REG_6_,b09
10,2.3,15,1,6,1,0,0,DFF_Q_OLD_REG_2_,D_OUT_REG_6_,DFF_Q_OLD_REG_2_ -> U212 -> U144 -> U138 -> U150 -> U140 -> U154 -> U159 -> U117 -> D_OUT_REG_6_,b09
11,2.1818181818181817,17,2,6,1,0,0,DFF_Q_OLD_REG_2_,D_OUT_REG_5_,DFF_Q_OLD_REG_2_ -> U126 -> U211 -> U144 -> U138 -> U150 -> U140 -> U88 -> U161 -> U116 -> D_OUT_REG_5_,b09
11,2.090909090909091,17,2,6,1,0,0,DFF_Q_OLD_REG_2_,D_OUT_REG_5_,DFF_Q_OLD_REG_2_ -> U126 -> U211 -> U144 -> U138 -> U150 -> U140 -> U89 -> U160 -> U116 -> D_OUT_REG_5_,b09
11,2.1818181818181817,16,1,6,2,0,0,DFF_Q_OLD_REG_2_,D_OUT_REG_5_,DFF_Q_OLD_REG_2_ -> U126 -> U211 -> U144 -> U138 -> U150 -> U140 -> U154 -> U162 -> U116 -> D_OUT_REG_5_,b09
10,2.3,16,2,6,0,0,0,DFF_Q_OLD_REG_2_,D_OUT_REG_5_,DFF_Q_OLD_REG_2_ -> U212 -> U144 -> U138 -> U150 -> U140 -> U88 -> U161 -> U116 -> D_OUT_REG_5_,b09
10,2.2,16,2,6,0,0,0,DFF_Q_OLD_REG_2_,D_OUT_REG_5_,DFF_Q_OLD_REG_2_ -> U212 -> U144 -> U138 -> U150 -> U140 -> U89 -> U160 -> U116 -> D_OUT_REG_5_,b09
10,2.3,15,1,6,1,0,0,DFF_Q_OLD_REG_2_,D_OUT_REG_5_,DFF_Q_OLD_REG_2_ -> U212 -> U144 -> U138 -> U150 -> U140 -> U154 -> U162 -> U116 -> D_OUT_REG_5_,b09
11,2.1818181818181817,17,2,6,1,0,0,DFF_Q_OLD_REG_2_,D_OUT_REG_4_,DFF_Q_OLD_REG_2_ -> U126 -> U211 -> U144 -> U138 -> U150 -> U140 -> U88 -> U164 -> U115 -> D_OUT_REG_4_,b09
11,2.090909090909091,17,2,6,1,0,0,DFF_Q_OLD_REG_2_,D_OUT_REG_4_,DFF_Q_OLD_REG_2_ -> U126 -> U211 -> U144 -> U138 -> U150 -> U140 -> U89 -> U163 -> U115 -> D_OUT_REG_4_,b09
11,2.1818181818181817,16,1,6,2,0,0,DFF_Q_OLD_REG_2_,D_OUT_REG_4_,DFF_Q_OLD_REG_2_ -> U126 -> U211 -> U144 -> U138 -> U150 -> U140 -> U154 -> U165 -> U115 -> D_OUT_REG_4_,b09
10,2.3,16,2,6,0,0,0,DFF_Q_OLD_REG_2_,D_OUT_REG_4_,DFF_Q_OLD_REG_2_ -> U212 -> U144 -> U138 -> U150 -> U140 -> U88 -> U164 -> U115 -> D_OUT_REG_4_,b09
10,2.2,16,2,6,0,0,0,DFF_Q_OLD_REG_2_,D_OUT_REG_4_,DFF_Q_OLD_REG_2_ -> U212 -> U144 -> U138 -> U150 -> U140 -> U89 -> U163 -> U115 -> D_OUT_REG_4_,b09
10,2.3,15,1,6,1,0,0,DFF_Q_OLD_REG_2_,D_OUT_REG_4_,DFF_Q_OLD_REG_2_ -> U212 -> U144 -> U138 -> U150 -> U140 -> U154 -> U165 -> U115 -> D_OUT_REG_4_,b09
11,2.1818181818181817,17,2,6,1,0,0,DFF_Q_OLD_REG_2_,D_OUT_REG_3_,DFF_Q_OLD_REG_2_ -> U126 -> U211 -> U144 -> U138 -> U150 -> U140 -> U88 -> U167 -> U114 -> D_OUT_REG_3_,b09
11,2.090909090909091,17,2,6,1,0,0,DFF_Q_OLD_REG_2_,D_OUT_REG_3_,DFF_Q_OLD_REG_2_ -> U126 -> U211 -> U144 -> U138 -> U150 -> U140 -> U89 -> U166 -> U114 -> D_OUT_REG_3_,b09
11,2.1818181818181817,16,1,6,2,0,0,DFF_Q_OLD_REG_2_,D_OUT_REG_3_,DFF_Q_OLD_REG_2_ -> U126 -> U211 -> U144 -> U138 -> U150 -> U140 -> U154 -> U168 -> U114 -> D_OUT_REG_3_,b09
10,2.3,16,2,6,0,0,0,DFF_Q_OLD_REG_2_,D_OUT_REG_3_,DFF_Q_OLD_REG_2_ -> U212 -> U144 -> U138 -> U150 -> U140 -> U88 -> U167 -> U114 -> D_OUT_REG_3_,b09
10,2.2,16,2,6,0,0,0,DFF_Q_OLD_REG_2_,D_OUT_REG_3_,DFF_Q_OLD_REG_2_ -> U212 -> U144 -> U138 -> U150 -> U140 -> U89 -> U166 -> U114 -> D_OUT_REG_3_,b09
10,2.3,15,1,6,1,0,0,DFF_Q_OLD_REG_2_,D_OUT_REG_3_,DFF_Q_OLD_REG_2_ -> U212 -> U144 -> U138 -> U150 -> U140 -> U154 -> U168 -> U114 -> D_OUT_REG_3_,b09
11,2.1818181818181817,17,2,6,1,0,0,DFF_Q_OLD_REG_2_,D_OUT_REG_2_,DFF_Q_OLD_REG_2_ -> U126 -> U211 -> U144 -> U138 -> U150 -> U140 -> U88 -> U170 -> U113 -> D_OUT_REG_2_,b09
11,2.090909090909091,17,2,6,1,0,0,DFF_Q_OLD_REG_2_,D_OUT_REG_2_,DFF_Q_OLD_REG_2_ -> U126 -> U211 -> U144 -> U138 -> U150 -> U140 -> U89 -> U169 -> U113 -> D_OUT_REG_2_,b09
11,2.1818181818181817,16,1,6,2,0,0,DFF_Q_OLD_REG_2_,D_OUT_REG_2_,DFF_Q_OLD_REG_2_ -> U126 -> U211 -> U144 -> U138 -> U150 -> U140 -> U154 -> U171 -> U113 -> D_OUT_REG_2_,b09
10,2.3,16,2,6,0,0,0,DFF_Q_OLD_REG_2_,D_OUT_REG_2_,DFF_Q_OLD_REG_2_ -> U212 -> U144 -> U138 -> U150 -> U140 -> U88 -> U170 -> U113 -> D_OUT_REG_2_,b09
10,2.2,16,2,6,0,0,0,DFF_Q_OLD_REG_2_,D_OUT_REG_2_,DFF_Q_OLD_REG_2_ -> U212 -> U144 -> U138 -> U150 -> U140 -> U89 -> U169 -> U113 -> D_OUT_REG_2_,b09
10,2.3,15,1,6,1,0,0,DFF_Q_OLD_REG_2_,D_OUT_REG_2_,DFF_Q_OLD_REG_2_ -> U212 -> U144 -> U138 -> U150 -> U140 -> U154 -> U171 -> U113 -> D_OUT_REG_2_,b09
11,2.1818181818181817,17,2,6,1,0,0,DFF_Q_OLD_REG_2_,D_OUT_REG_1_,DFF_Q_OLD_REG_2_ -> U126 -> U211 -> U144 -> U138 -> U150 -> U140 -> U88 -> U173 -> U112 -> D_OUT_REG_1_,b09
11,2.090909090909091,17,2,6,1,0,0,DFF_Q_OLD_REG_2_,D_OUT_REG_1_,DFF_Q_OLD_REG_2_ -> U126 -> U211 -> U144 -> U138 -> U150 -> U140 -> U89 -> U172 -> U112 -> D_OUT_REG_1_,b09
11,2.1818181818181817,16,1,6,2,0,0,DFF_Q_OLD_REG_2_,D_OUT_REG_1_,DFF_Q_OLD_REG_2_ -> U126 -> U211 -> U144 -> U138 -> U150 -> U140 -> U154 -> U174 -> U112 -> D_OUT_REG_1_,b09
10,2.3,16,2,6,0,0,0,DFF_Q_OLD_REG_2_,D_OUT_REG_1_,DFF_Q_OLD_REG_2_ -> U212 -> U144 -> U138 -> U150 -> U140 -> U88 -> U173 -> U112 -> D_OUT_REG_1_,b09
10,2.2,16,2,6,0,0,0,DFF_Q_OLD_REG_2_,D_OUT_REG_1_,DFF_Q_OLD_REG_2_ -> U212 -> U144 -> U138 -> U150 -> U140 -> U89 -> U172 -> U112 -> D_OUT_REG_1_,b09
10,2.3,15,1,6,1,0,0,DFF_Q_OLD_REG_2_,D_OUT_REG_1_,DFF_Q_OLD_REG_2_ -> U212 -> U144 -> U138 -> U150 -> U140 -> U154 -> U174 -> U112 -> D_OUT_REG_1_,b09
11,2.1818181818181817,17,2,6,1,0,0,DFF_Q_OLD_REG_2_,D_OUT_REG_0_,DFF_Q_OLD_REG_2_ -> U126 -> U211 -> U144 -> U138 -> U150 -> U140 -> U88 -> U176 -> U111 -> D_OUT_REG_0_,b09
11,2.090909090909091,17,2,6,1,0,0,DFF_Q_OLD_REG_2_,D_OUT_REG_0_,DFF_Q_OLD_REG_2_ -> U126 -> U211 -> U144 -> U138 -> U150 -> U140 -> U89 -> U175 -> U111 -> D_OUT_REG_0_,b09
11,2.1818181818181817,16,1,6,2,0,0,DFF_Q_OLD_REG_2_,D_OUT_REG_0_,DFF_Q_OLD_REG_2_ -> U126 -> U211 -> U144 -> U138 -> U150 -> U140 -> U154 -> U177 -> U111 -> D_OUT_REG_0_,b09
10,2.3,16,2,6,0,0,0,DFF_Q_OLD_REG_2_,D_OUT_REG_0_,DFF_Q_OLD_REG_2_ -> U212 -> U144 -> U138 -> U150 -> U140 -> U88 -> U176 -> U111 -> D_OUT_REG_0_,b09
10,2.2,16,2,6,0,0,0,DFF_Q_OLD_REG_2_,D_OUT_REG_0_,DFF_Q_OLD_REG_2_ -> U212 -> U144 -> U138 -> U150 -> U140 -> U89 -> U175 -> U111 -> D_OUT_REG_0_,b09
10,2.3,15,1,6,1,0,0,DFF_Q_OLD_REG_2_,D_OUT_REG_0_,DFF_Q_OLD_REG_2_ -> U212 -> U144 -> U138 -> U150 -> U140 -> U154 -> U177 -> U111 -> D_OUT_REG_0_,b09
4,1.25,4,0,2,0,0,0,DFF_Q_OLD_REG_2_,OLD_REG_2_,DFF_Q_OLD_REG_2_ -> U191 -> U105 -> OLD_REG_2_,b09
8,1.5,11,1,4,1,0,0,DFF_Q_OLD_REG_2_,Y_REG,DFF_Q_OLD_REG_2_ -> U126 -> U211 -> U144 -> U138 -> U150 -> U102 -> Y_REG,b09
7,1.5714285714285714,10,1,4,0,0,0,DFF_Q_OLD_REG_2_,Y_REG,DFF_Q_OLD_REG_2_ -> U212 -> U144 -> U138 -> U150 -> U102 -> Y_REG,b09
9,1.3333333333333333,12,1,4,2,0,0,DFF_Q_OLD_REG_2_,STATO_REG_0_,DFF_Q_OLD_REG_2_ -> U126 -> U211 -> U144 -> U138 -> U147 -> U153 -> U91 -> STATO_REG_0_,b09
8,1.375,11,1,4,1,0,0,DFF_Q_OLD_REG_2_,STATO_REG_0_,DFF_Q_OLD_REG_2_ -> U212 -> U144 -> U138 -> U147 -> U153 -> U91 -> STATO_REG_0_,b09
10,1.3,15,1,6,1,0,0,DFF_Q_OLD_REG_2_,D_IN_REG_8_,DFF_Q_OLD_REG_2_ -> U126 -> U211 -> U144 -> U138 -> U199 -> U200 -> U204 -> U101 -> D_IN_REG_8_,b09
9,1.3333333333333333,14,1,6,0,0,0,DFF_Q_OLD_REG_2_,D_IN_REG_8_,DFF_Q_OLD_REG_2_ -> U212 -> U144 -> U138 -> U199 -> U200 -> U204 -> U101 -> D_IN_REG_8_,b09
11,2.1818181818181817,17,2,6,1,0,0,DFF_Q_OLD_REG_1_,D_OUT_REG_7_,DFF_Q_OLD_REG_1_ -> U124 -> U209 -> U143 -> U138 -> U150 -> U140 -> U88 -> U155 -> U118 -> D_OUT_REG_7_,b09
11,2.1818181818181817,16,1,6,2,0,0,DFF_Q_OLD_REG_1_,D_OUT_REG_7_,DFF_Q_OLD_REG_1_ -> U124 -> U209 -> U143 -> U138 -> U150 -> U140 -> U154 -> U156 -> U118 -> D_OUT_REG_7_,b09
10,2.3,16,2,6,0,0,0,DFF_Q_OLD_REG_1_,D_OUT_REG_7_,DFF_Q_OLD_REG_1_ -> U210 -> U143 -> U138 -> U150 -> U140 -> U88 -> U155 -> U118 -> D_OUT_REG_7_,b09
10,2.3,15,1,6,1,0,0,DFF_Q_OLD_REG_1_,D_OUT_REG_7_,DFF_Q_OLD_REG_1_ -> U210 -> U143 -> U138 -> U150 -> U140 -> U154 -> U156 -> U118 -> D_OUT_REG_7_,b09
11,2.1818181818181817,17,2,6,1,0,0,DFF_Q_OLD_REG_1_,D_OUT_REG_6_,DFF_Q_OLD_REG_1_ -> U124 -> U209 -> U143 -> U138 -> U150 -> U140 -> U88 -> U158 -> U117 -> D_OUT_REG_6_,b09
11,2.090909090909091,17,2,6,1,0,0,DFF_Q_OLD_REG_1_,D_OUT_REG_6_,DFF_Q_OLD_REG_1_ -> U124 -> U209 -> U143 -> U138 -> U150 -> U140 -> U89 -> U157 -> U117 -> D_OUT_REG_6_,b09
11,2.1818181818181817,16,1,6,2,0,0,DFF_Q_OLD_REG_1_,D_OUT_REG_6_,DFF_Q_OLD_REG_1_ -> U124 -> U209 -> U143 -> U138 -> U150 -> U140 -> U154 -> U159 -> U117 -> D_OUT_REG_6_,b09
10,2.3,16,2,6,0,0,0,DFF_Q_OLD_REG_1_,D_OUT_REG_6_,DFF_Q_OLD_REG_1_ -> U210 -> U143 -> U138 -> U150 -> U140 -> U88 -> U158 -> U117 -> D_OUT_REG_6_,b09
10,2.2,16,2,6,0,0,0,DFF_Q_OLD_REG_1_,D_OUT_REG_6_,DFF_Q_OLD_REG_1_ -> U210 -> U143 -> U138 -> U150 -> U140 -> U89 -> U157 -> U117 -> D_OUT_REG_6_,b09
10,2.3,15,1,6,1,0,0,DFF_Q_OLD_REG_1_,D_OUT_REG_6_,DFF_Q_OLD_REG_1_ -> U210 -> U143 -> U138 -> U150 -> U140 -> U154 -> U159 -> U117 -> D_OUT_REG_6_,b09
11,2.1818181818181817,17,2,6,1,0,0,DFF_Q_OLD_REG_1_,D_OUT_REG_5_,DFF_Q_OLD_REG_1_ -> U124 -> U209 -> U143 -> U138 -> U150 -> U140 -> U88 -> U161 -> U116 -> D_OUT_REG_5_,b09
11,2.090909090909091,17,2,6,1,0,0,DFF_Q_OLD_REG_1_,D_OUT_REG_5_,DFF_Q_OLD_REG_1_ -> U124 -> U209 -> U143 -> U138 -> U150 -> U140 -> U89 -> U160 -> U116 -> D_OUT_REG_5_,b09
11,2.1818181818181817,16,1,6,2,0,0,DFF_Q_OLD_REG_1_,D_OUT_REG_5_,DFF_Q_OLD_REG_1_ -> U124 -> U209 -> U143 -> U138 -> U150 -> U140 -> U154 -> U162 -> U116 -> D_OUT_REG_5_,b09
10,2.3,16,2,6,0,0,0,DFF_Q_OLD_REG_1_,D_OUT_REG_5_,DFF_Q_OLD_REG_1_ -> U210 -> U143 -> U138 -> U150 -> U140 -> U88 -> U161 -> U116 -> D_OUT_REG_5_,b09
10,2.2,16,2,6,0,0,0,DFF_Q_OLD_REG_1_,D_OUT_REG_5_,DFF_Q_OLD_REG_1_ -> U210 -> U143 -> U138 -> U150 -> U140 -> U89 -> U160 -> U116 -> D_OUT_REG_5_,b09
10,2.3,15,1,6,1,0,0,DFF_Q_OLD_REG_1_,D_OUT_REG_5_,DFF_Q_OLD_REG_1_ -> U210 -> U143 -> U138 -> U150 -> U140 -> U154 -> U162 -> U116 -> D_OUT_REG_5_,b09
11,2.1818181818181817,17,2,6,1,0,0,DFF_Q_OLD_REG_1_,D_OUT_REG_4_,DFF_Q_OLD_REG_1_ -> U124 -> U209 -> U143 -> U138 -> U150 -> U140 -> U88 -> U164 -> U115 -> D_OUT_REG_4_,b09
11,2.090909090909091,17,2,6,1,0,0,DFF_Q_OLD_REG_1_,D_OUT_REG_4_,DFF_Q_OLD_REG_1_ -> U124 -> U209 -> U143 -> U138 -> U150 -> U140 -> U89 -> U163 -> U115 -> D_OUT_REG_4_,b09
11,2.1818181818181817,16,1,6,2,0,0,DFF_Q_OLD_REG_1_,D_OUT_REG_4_,DFF_Q_OLD_REG_1_ -> U124 -> U209 -> U143 -> U138 -> U150 -> U140 -> U154 -> U165 -> U115 -> D_OUT_REG_4_,b09
10,2.3,16,2,6,0,0,0,DFF_Q_OLD_REG_1_,D_OUT_REG_4_,DFF_Q_OLD_REG_1_ -> U210 -> U143 -> U138 -> U150 -> U140 -> U88 -> U164 -> U115 -> D_OUT_REG_4_,b09
10,2.2,16,2,6,0,0,0,DFF_Q_OLD_REG_1_,D_OUT_REG_4_,DFF_Q_OLD_REG_1_ -> U210 -> U143 -> U138 -> U150 -> U140 -> U89 -> U163 -> U115 -> D_OUT_REG_4_,b09
10,2.3,15,1,6,1,0,0,DFF_Q_OLD_REG_1_,D_OUT_REG_4_,DFF_Q_OLD_REG_1_ -> U210 -> U143 -> U138 -> U150 -> U140 -> U154 -> U165 -> U115 -> D_OUT_REG_4_,b09
11,2.1818181818181817,17,2,6,1,0,0,DFF_Q_OLD_REG_1_,D_OUT_REG_3_,DFF_Q_OLD_REG_1_ -> U124 -> U209 -> U143 -> U138 -> U150 -> U140 -> U88 -> U167 -> U114 -> D_OUT_REG_3_,b09
11,2.090909090909091,17,2,6,1,0,0,DFF_Q_OLD_REG_1_,D_OUT_REG_3_,DFF_Q_OLD_REG_1_ -> U124 -> U209 -> U143 -> U138 -> U150 -> U140 -> U89 -> U166 -> U114 -> D_OUT_REG_3_,b09
11,2.1818181818181817,16,1,6,2,0,0,DFF_Q_OLD_REG_1_,D_OUT_REG_3_,DFF_Q_OLD_REG_1_ -> U124 -> U209 -> U143 -> U138 -> U150 -> U140 -> U154 -> U168 -> U114 -> D_OUT_REG_3_,b09
10,2.3,16,2,6,0,0,0,DFF_Q_OLD_REG_1_,D_OUT_REG_3_,DFF_Q_OLD_REG_1_ -> U210 -> U143 -> U138 -> U150 -> U140 -> U88 -> U167 -> U114 -> D_OUT_REG_3_,b09
10,2.2,16,2,6,0,0,0,DFF_Q_OLD_REG_1_,D_OUT_REG_3_,DFF_Q_OLD_REG_1_ -> U210 -> U143 -> U138 -> U150 -> U140 -> U89 -> U166 -> U114 -> D_OUT_REG_3_,b09
10,2.3,15,1,6,1,0,0,DFF_Q_OLD_REG_1_,D_OUT_REG_3_,DFF_Q_OLD_REG_1_ -> U210 -> U143 -> U138 -> U150 -> U140 -> U154 -> U168 -> U114 -> D_OUT_REG_3_,b09
11,2.1818181818181817,17,2,6,1,0,0,DFF_Q_OLD_REG_1_,D_OUT_REG_2_,DFF_Q_OLD_REG_1_ -> U124 -> U209 -> U143 -> U138 -> U150 -> U140 -> U88 -> U170 -> U113 -> D_OUT_REG_2_,b09
11,2.090909090909091,17,2,6,1,0,0,DFF_Q_OLD_REG_1_,D_OUT_REG_2_,DFF_Q_OLD_REG_1_ -> U124 -> U209 -> U143 -> U138 -> U150 -> U140 -> U89 -> U169 -> U113 -> D_OUT_REG_2_,b09
11,2.1818181818181817,16,1,6,2,0,0,DFF_Q_OLD_REG_1_,D_OUT_REG_2_,DFF_Q_OLD_REG_1_ -> U124 -> U209 -> U143 -> U138 -> U150 -> U140 -> U154 -> U171 -> U113 -> D_OUT_REG_2_,b09
10,2.3,16,2,6,0,0,0,DFF_Q_OLD_REG_1_,D_OUT_REG_2_,DFF_Q_OLD_REG_1_ -> U210 -> U143 -> U138 -> U150 -> U140 -> U88 -> U170 -> U113 -> D_OUT_REG_2_,b09
10,2.2,16,2,6,0,0,0,DFF_Q_OLD_REG_1_,D_OUT_REG_2_,DFF_Q_OLD_REG_1_ -> U210 -> U143 -> U138 -> U150 -> U140 -> U89 -> U169 -> U113 -> D_OUT_REG_2_,b09
10,2.3,15,1,6,1,0,0,DFF_Q_OLD_REG_1_,D_OUT_REG_2_,DFF_Q_OLD_REG_1_ -> U210 -> U143 -> U138 -> U150 -> U140 -> U154 -> U171 -> U113 -> D_OUT_REG_2_,b09
11,2.1818181818181817,17,2,6,1,0,0,DFF_Q_OLD_REG_1_,D_OUT_REG_1_,DFF_Q_OLD_REG_1_ -> U124 -> U209 -> U143 -> U138 -> U150 -> U140 -> U88 -> U173 -> U112 -> D_OUT_REG_1_,b09
11,2.090909090909091,17,2,6,1,0,0,DFF_Q_OLD_REG_1_,D_OUT_REG_1_,DFF_Q_OLD_REG_1_ -> U124 -> U209 -> U143 -> U138 -> U150 -> U140 -> U89 -> U172 -> U112 -> D_OUT_REG_1_,b09
11,2.1818181818181817,16,1,6,2,0,0,DFF_Q_OLD_REG_1_,D_OUT_REG_1_,DFF_Q_OLD_REG_1_ -> U124 -> U209 -> U143 -> U138 -> U150 -> U140 -> U154 -> U174 -> U112 -> D_OUT_REG_1_,b09
10,2.3,16,2,6,0,0,0,DFF_Q_OLD_REG_1_,D_OUT_REG_1_,DFF_Q_OLD_REG_1_ -> U210 -> U143 -> U138 -> U150 -> U140 -> U88 -> U173 -> U112 -> D_OUT_REG_1_,b09
10,2.2,16,2,6,0,0,0,DFF_Q_OLD_REG_1_,D_OUT_REG_1_,DFF_Q_OLD_REG_1_ -> U210 -> U143 -> U138 -> U150 -> U140 -> U89 -> U172 -> U112 -> D_OUT_REG_1_,b09
10,2.3,15,1,6,1,0,0,DFF_Q_OLD_REG_1_,D_OUT_REG_1_,DFF_Q_OLD_REG_1_ -> U210 -> U143 -> U138 -> U150 -> U140 -> U154 -> U174 -> U112 -> D_OUT_REG_1_,b09
11,2.1818181818181817,17,2,6,1,0,0,DFF_Q_OLD_REG_1_,D_OUT_REG_0_,DFF_Q_OLD_REG_1_ -> U124 -> U209 -> U143 -> U138 -> U150 -> U140 -> U88 -> U176 -> U111 -> D_OUT_REG_0_,b09
11,2.090909090909091,17,2,6,1,0,0,DFF_Q_OLD_REG_1_,D_OUT_REG_0_,DFF_Q_OLD_REG_1_ -> U124 -> U209 -> U143 -> U138 -> U150 -> U140 -> U89 -> U175 -> U111 -> D_OUT_REG_0_,b09
11,2.1818181818181817,16,1,6,2,0,0,DFF_Q_OLD_REG_1_,D_OUT_REG_0_,DFF_Q_OLD_REG_1_ -> U124 -> U209 -> U143 -> U138 -> U150 -> U140 -> U154 -> U177 -> U111 -> D_OUT_REG_0_,b09
10,2.3,16,2,6,0,0,0,DFF_Q_OLD_REG_1_,D_OUT_REG_0_,DFF_Q_OLD_REG_1_ -> U210 -> U143 -> U138 -> U150 -> U140 -> U88 -> U176 -> U111 -> D_OUT_REG_0_,b09
10,2.2,16,2,6,0,0,0,DFF_Q_OLD_REG_1_,D_OUT_REG_0_,DFF_Q_OLD_REG_1_ -> U210 -> U143 -> U138 -> U150 -> U140 -> U89 -> U175 -> U111 -> D_OUT_REG_0_,b09
10,2.3,15,1,6,1,0,0,DFF_Q_OLD_REG_1_,D_OUT_REG_0_,DFF_Q_OLD_REG_1_ -> U210 -> U143 -> U138 -> U150 -> U140 -> U154 -> U177 -> U111 -> D_OUT_REG_0_,b09
4,1.25,4,0,2,0,0,0,DFF_Q_OLD_REG_1_,OLD_REG_1_,DFF_Q_OLD_REG_1_ -> U193 -> U104 -> OLD_REG_1_,b09
8,1.5,11,1,4,1,0,0,DFF_Q_OLD_REG_1_,Y_REG,DFF_Q_OLD_REG_1_ -> U124 -> U209 -> U143 -> U138 -> U150 -> U102 -> Y_REG,b09
7,1.5714285714285714,10,1,4,0,0,0,DFF_Q_OLD_REG_1_,Y_REG,DFF_Q_OLD_REG_1_ -> U210 -> U143 -> U138 -> U150 -> U102 -> Y_REG,b09
9,1.3333333333333333,12,1,4,2,0,0,DFF_Q_OLD_REG_1_,STATO_REG_0_,DFF_Q_OLD_REG_1_ -> U124 -> U209 -> U143 -> U138 -> U147 -> U153 -> U91 -> STATO_REG_0_,b09
8,1.375,11,1,4,1,0,0,DFF_Q_OLD_REG_1_,STATO_REG_0_,DFF_Q_OLD_REG_1_ -> U210 -> U143 -> U138 -> U147 -> U153 -> U91 -> STATO_REG_0_,b09
10,1.3,15,1,6,1,0,0,DFF_Q_OLD_REG_1_,D_IN_REG_8_,DFF_Q_OLD_REG_1_ -> U124 -> U209 -> U143 -> U138 -> U199 -> U200 -> U204 -> U101 -> D_IN_REG_8_,b09
9,1.3333333333333333,14,1,6,0,0,0,DFF_Q_OLD_REG_1_,D_IN_REG_8_,DFF_Q_OLD_REG_1_ -> U210 -> U143 -> U138 -> U199 -> U200 -> U204 -> U101 -> D_IN_REG_8_,b09
11,2.1818181818181817,17,2,6,1,0,0,DFF_Q_OLD_REG_0_,D_OUT_REG_7_,DFF_Q_OLD_REG_0_ -> U122 -> U207 -> U143 -> U138 -> U150 -> U140 -> U88 -> U155 -> U118 -> D_OUT_REG_7_,b09
11,2.1818181818181817,16,1,6,2,0,0,DFF_Q_OLD_REG_0_,D_OUT_REG_7_,DFF_Q_OLD_REG_0_ -> U122 -> U207 -> U143 -> U138 -> U150 -> U140 -> U154 -> U156 -> U118 -> D_OUT_REG_7_,b09
10,2.3,16,2,6,0,0,0,DFF_Q_OLD_REG_0_,D_OUT_REG_7_,DFF_Q_OLD_REG_0_ -> U208 -> U143 -> U138 -> U150 -> U140 -> U88 -> U155 -> U118 -> D_OUT_REG_7_,b09
10,2.3,15,1,6,1,0,0,DFF_Q_OLD_REG_0_,D_OUT_REG_7_,DFF_Q_OLD_REG_0_ -> U208 -> U143 -> U138 -> U150 -> U140 -> U154 -> U156 -> U118 -> D_OUT_REG_7_,b09
11,2.1818181818181817,17,2,6,1,0,0,DFF_Q_OLD_REG_0_,D_OUT_REG_6_,DFF_Q_OLD_REG_0_ -> U122 -> U207 -> U143 -> U138 -> U150 -> U140 -> U88 -> U158 -> U117 -> D_OUT_REG_6_,b09
11,2.090909090909091,17,2,6,1,0,0,DFF_Q_OLD_REG_0_,D_OUT_REG_6_,DFF_Q_OLD_REG_0_ -> U122 -> U207 -> U143 -> U138 -> U150 -> U140 -> U89 -> U157 -> U117 -> D_OUT_REG_6_,b09
11,2.1818181818181817,16,1,6,2,0,0,DFF_Q_OLD_REG_0_,D_OUT_REG_6_,DFF_Q_OLD_REG_0_ -> U122 -> U207 -> U143 -> U138 -> U150 -> U140 -> U154 -> U159 -> U117 -> D_OUT_REG_6_,b09
10,2.3,16,2,6,0,0,0,DFF_Q_OLD_REG_0_,D_OUT_REG_6_,DFF_Q_OLD_REG_0_ -> U208 -> U143 -> U138 -> U150 -> U140 -> U88 -> U158 -> U117 -> D_OUT_REG_6_,b09
10,2.2,16,2,6,0,0,0,DFF_Q_OLD_REG_0_,D_OUT_REG_6_,DFF_Q_OLD_REG_0_ -> U208 -> U143 -> U138 -> U150 -> U140 -> U89 -> U157 -> U117 -> D_OUT_REG_6_,b09
10,2.3,15,1,6,1,0,0,DFF_Q_OLD_REG_0_,D_OUT_REG_6_,DFF_Q_OLD_REG_0_ -> U208 -> U143 -> U138 -> U150 -> U140 -> U154 -> U159 -> U117 -> D_OUT_REG_6_,b09
11,2.1818181818181817,17,2,6,1,0,0,DFF_Q_OLD_REG_0_,D_OUT_REG_5_,DFF_Q_OLD_REG_0_ -> U122 -> U207 -> U143 -> U138 -> U150 -> U140 -> U88 -> U161 -> U116 -> D_OUT_REG_5_,b09
11,2.090909090909091,17,2,6,1,0,0,DFF_Q_OLD_REG_0_,D_OUT_REG_5_,DFF_Q_OLD_REG_0_ -> U122 -> U207 -> U143 -> U138 -> U150 -> U140 -> U89 -> U160 -> U116 -> D_OUT_REG_5_,b09
11,2.1818181818181817,16,1,6,2,0,0,DFF_Q_OLD_REG_0_,D_OUT_REG_5_,DFF_Q_OLD_REG_0_ -> U122 -> U207 -> U143 -> U138 -> U150 -> U140 -> U154 -> U162 -> U116 -> D_OUT_REG_5_,b09
10,2.3,16,2,6,0,0,0,DFF_Q_OLD_REG_0_,D_OUT_REG_5_,DFF_Q_OLD_REG_0_ -> U208 -> U143 -> U138 -> U150 -> U140 -> U88 -> U161 -> U116 -> D_OUT_REG_5_,b09
10,2.2,16,2,6,0,0,0,DFF_Q_OLD_REG_0_,D_OUT_REG_5_,DFF_Q_OLD_REG_0_ -> U208 -> U143 -> U138 -> U150 -> U140 -> U89 -> U160 -> U116 -> D_OUT_REG_5_,b09
10,2.3,15,1,6,1,0,0,DFF_Q_OLD_REG_0_,D_OUT_REG_5_,DFF_Q_OLD_REG_0_ -> U208 -> U143 -> U138 -> U150 -> U140 -> U154 -> U162 -> U116 -> D_OUT_REG_5_,b09
11,2.1818181818181817,17,2,6,1,0,0,DFF_Q_OLD_REG_0_,D_OUT_REG_4_,DFF_Q_OLD_REG_0_ -> U122 -> U207 -> U143 -> U138 -> U150 -> U140 -> U88 -> U164 -> U115 -> D_OUT_REG_4_,b09
11,2.090909090909091,17,2,6,1,0,0,DFF_Q_OLD_REG_0_,D_OUT_REG_4_,DFF_Q_OLD_REG_0_ -> U122 -> U207 -> U143 -> U138 -> U150 -> U140 -> U89 -> U163 -> U115 -> D_OUT_REG_4_,b09
11,2.1818181818181817,16,1,6,2,0,0,DFF_Q_OLD_REG_0_,D_OUT_REG_4_,DFF_Q_OLD_REG_0_ -> U122 -> U207 -> U143 -> U138 -> U150 -> U140 -> U154 -> U165 -> U115 -> D_OUT_REG_4_,b09
10,2.3,16,2,6,0,0,0,DFF_Q_OLD_REG_0_,D_OUT_REG_4_,DFF_Q_OLD_REG_0_ -> U208 -> U143 -> U138 -> U150 -> U140 -> U88 -> U164 -> U115 -> D_OUT_REG_4_,b09
10,2.2,16,2,6,0,0,0,DFF_Q_OLD_REG_0_,D_OUT_REG_4_,DFF_Q_OLD_REG_0_ -> U208 -> U143 -> U138 -> U150 -> U140 -> U89 -> U163 -> U115 -> D_OUT_REG_4_,b09
10,2.3,15,1,6,1,0,0,DFF_Q_OLD_REG_0_,D_OUT_REG_4_,DFF_Q_OLD_REG_0_ -> U208 -> U143 -> U138 -> U150 -> U140 -> U154 -> U165 -> U115 -> D_OUT_REG_4_,b09
11,2.1818181818181817,17,2,6,1,0,0,DFF_Q_OLD_REG_0_,D_OUT_REG_3_,DFF_Q_OLD_REG_0_ -> U122 -> U207 -> U143 -> U138 -> U150 -> U140 -> U88 -> U167 -> U114 -> D_OUT_REG_3_,b09
11,2.090909090909091,17,2,6,1,0,0,DFF_Q_OLD_REG_0_,D_OUT_REG_3_,DFF_Q_OLD_REG_0_ -> U122 -> U207 -> U143 -> U138 -> U150 -> U140 -> U89 -> U166 -> U114 -> D_OUT_REG_3_,b09
11,2.1818181818181817,16,1,6,2,0,0,DFF_Q_OLD_REG_0_,D_OUT_REG_3_,DFF_Q_OLD_REG_0_ -> U122 -> U207 -> U143 -> U138 -> U150 -> U140 -> U154 -> U168 -> U114 -> D_OUT_REG_3_,b09
10,2.3,16,2,6,0,0,0,DFF_Q_OLD_REG_0_,D_OUT_REG_3_,DFF_Q_OLD_REG_0_ -> U208 -> U143 -> U138 -> U150 -> U140 -> U88 -> U167 -> U114 -> D_OUT_REG_3_,b09
10,2.2,16,2,6,0,0,0,DFF_Q_OLD_REG_0_,D_OUT_REG_3_,DFF_Q_OLD_REG_0_ -> U208 -> U143 -> U138 -> U150 -> U140 -> U89 -> U166 -> U114 -> D_OUT_REG_3_,b09
10,2.3,15,1,6,1,0,0,DFF_Q_OLD_REG_0_,D_OUT_REG_3_,DFF_Q_OLD_REG_0_ -> U208 -> U143 -> U138 -> U150 -> U140 -> U154 -> U168 -> U114 -> D_OUT_REG_3_,b09
11,2.1818181818181817,17,2,6,1,0,0,DFF_Q_OLD_REG_0_,D_OUT_REG_2_,DFF_Q_OLD_REG_0_ -> U122 -> U207 -> U143 -> U138 -> U150 -> U140 -> U88 -> U170 -> U113 -> D_OUT_REG_2_,b09
11,2.090909090909091,17,2,6,1,0,0,DFF_Q_OLD_REG_0_,D_OUT_REG_2_,DFF_Q_OLD_REG_0_ -> U122 -> U207 -> U143 -> U138 -> U150 -> U140 -> U89 -> U169 -> U113 -> D_OUT_REG_2_,b09
11,2.1818181818181817,16,1,6,2,0,0,DFF_Q_OLD_REG_0_,D_OUT_REG_2_,DFF_Q_OLD_REG_0_ -> U122 -> U207 -> U143 -> U138 -> U150 -> U140 -> U154 -> U171 -> U113 -> D_OUT_REG_2_,b09
10,2.3,16,2,6,0,0,0,DFF_Q_OLD_REG_0_,D_OUT_REG_2_,DFF_Q_OLD_REG_0_ -> U208 -> U143 -> U138 -> U150 -> U140 -> U88 -> U170 -> U113 -> D_OUT_REG_2_,b09
10,2.2,16,2,6,0,0,0,DFF_Q_OLD_REG_0_,D_OUT_REG_2_,DFF_Q_OLD_REG_0_ -> U208 -> U143 -> U138 -> U150 -> U140 -> U89 -> U169 -> U113 -> D_OUT_REG_2_,b09
10,2.3,15,1,6,1,0,0,DFF_Q_OLD_REG_0_,D_OUT_REG_2_,DFF_Q_OLD_REG_0_ -> U208 -> U143 -> U138 -> U150 -> U140 -> U154 -> U171 -> U113 -> D_OUT_REG_2_,b09
11,2.1818181818181817,17,2,6,1,0,0,DFF_Q_OLD_REG_0_,D_OUT_REG_1_,DFF_Q_OLD_REG_0_ -> U122 -> U207 -> U143 -> U138 -> U150 -> U140 -> U88 -> U173 -> U112 -> D_OUT_REG_1_,b09
11,2.090909090909091,17,2,6,1,0,0,DFF_Q_OLD_REG_0_,D_OUT_REG_1_,DFF_Q_OLD_REG_0_ -> U122 -> U207 -> U143 -> U138 -> U150 -> U140 -> U89 -> U172 -> U112 -> D_OUT_REG_1_,b09
11,2.1818181818181817,16,1,6,2,0,0,DFF_Q_OLD_REG_0_,D_OUT_REG_1_,DFF_Q_OLD_REG_0_ -> U122 -> U207 -> U143 -> U138 -> U150 -> U140 -> U154 -> U174 -> U112 -> D_OUT_REG_1_,b09
10,2.3,16,2,6,0,0,0,DFF_Q_OLD_REG_0_,D_OUT_REG_1_,DFF_Q_OLD_REG_0_ -> U208 -> U143 -> U138 -> U150 -> U140 -> U88 -> U173 -> U112 -> D_OUT_REG_1_,b09
10,2.2,16,2,6,0,0,0,DFF_Q_OLD_REG_0_,D_OUT_REG_1_,DFF_Q_OLD_REG_0_ -> U208 -> U143 -> U138 -> U150 -> U140 -> U89 -> U172 -> U112 -> D_OUT_REG_1_,b09
10,2.3,15,1,6,1,0,0,DFF_Q_OLD_REG_0_,D_OUT_REG_1_,DFF_Q_OLD_REG_0_ -> U208 -> U143 -> U138 -> U150 -> U140 -> U154 -> U174 -> U112 -> D_OUT_REG_1_,b09
11,2.1818181818181817,17,2,6,1,0,0,DFF_Q_OLD_REG_0_,D_OUT_REG_0_,DFF_Q_OLD_REG_0_ -> U122 -> U207 -> U143 -> U138 -> U150 -> U140 -> U88 -> U176 -> U111 -> D_OUT_REG_0_,b09
11,2.090909090909091,17,2,6,1,0,0,DFF_Q_OLD_REG_0_,D_OUT_REG_0_,DFF_Q_OLD_REG_0_ -> U122 -> U207 -> U143 -> U138 -> U150 -> U140 -> U89 -> U175 -> U111 -> D_OUT_REG_0_,b09
11,2.1818181818181817,16,1,6,2,0,0,DFF_Q_OLD_REG_0_,D_OUT_REG_0_,DFF_Q_OLD_REG_0_ -> U122 -> U207 -> U143 -> U138 -> U150 -> U140 -> U154 -> U177 -> U111 -> D_OUT_REG_0_,b09
10,2.3,16,2,6,0,0,0,DFF_Q_OLD_REG_0_,D_OUT_REG_0_,DFF_Q_OLD_REG_0_ -> U208 -> U143 -> U138 -> U150 -> U140 -> U88 -> U176 -> U111 -> D_OUT_REG_0_,b09
10,2.2,16,2,6,0,0,0,DFF_Q_OLD_REG_0_,D_OUT_REG_0_,DFF_Q_OLD_REG_0_ -> U208 -> U143 -> U138 -> U150 -> U140 -> U89 -> U175 -> U111 -> D_OUT_REG_0_,b09
10,2.3,15,1,6,1,0,0,DFF_Q_OLD_REG_0_,D_OUT_REG_0_,DFF_Q_OLD_REG_0_ -> U208 -> U143 -> U138 -> U150 -> U140 -> U154 -> U177 -> U111 -> D_OUT_REG_0_,b09
4,1.25,4,0,2,0,0,0,DFF_Q_OLD_REG_0_,OLD_REG_0_,DFF_Q_OLD_REG_0_ -> U195 -> U103 -> OLD_REG_0_,b09
8,1.5,11,1,4,1,0,0,DFF_Q_OLD_REG_0_,Y_REG,DFF_Q_OLD_REG_0_ -> U122 -> U207 -> U143 -> U138 -> U150 -> U102 -> Y_REG,b09
7,1.5714285714285714,10,1,4,0,0,0,DFF_Q_OLD_REG_0_,Y_REG,DFF_Q_OLD_REG_0_ -> U208 -> U143 -> U138 -> U150 -> U102 -> Y_REG,b09
9,1.3333333333333333,12,1,4,2,0,0,DFF_Q_OLD_REG_0_,STATO_REG_0_,DFF_Q_OLD_REG_0_ -> U122 -> U207 -> U143 -> U138 -> U147 -> U153 -> U91 -> STATO_REG_0_,b09
8,1.375,11,1,4,1,0,0,DFF_Q_OLD_REG_0_,STATO_REG_0_,DFF_Q_OLD_REG_0_ -> U208 -> U143 -> U138 -> U147 -> U153 -> U91 -> STATO_REG_0_,b09
10,1.3,15,1,6,1,0,0,DFF_Q_OLD_REG_0_,D_IN_REG_8_,DFF_Q_OLD_REG_0_ -> U122 -> U207 -> U143 -> U138 -> U199 -> U200 -> U204 -> U101 -> D_IN_REG_8_,b09
9,1.3333333333333333,14,1,6,0,0,0,DFF_Q_OLD_REG_0_,D_IN_REG_8_,DFF_Q_OLD_REG_0_ -> U208 -> U143 -> U138 -> U199 -> U200 -> U204 -> U101 -> D_IN_REG_8_,b09
5,0.8,6,0,2,0,1,0,DFF_Q_Y_REG,Y_REG,DFF_Q_Y_REG -> U196 -> U198 -> U102 -> Y_REG,b09
7,2.7142857142857144,10,3,2,0,0,0,DFF_Q_STATO_REG_1_,D_IN_REG_0_,DFF_Q_STATO_REG_1_ -> U87 -> U201 -> U90 -> U206 -> U93 -> D_IN_REG_0_,b09
8,2.75,10,1,3,2,0,0,DFF_Q_STATO_REG_1_,D_IN_REG_0_,DFF_Q_STATO_REG_1_ -> U137 -> U142 -> U148 -> U205 -> U206 -> U93 -> D_IN_REG_0_,b09
6,3.0,8,2,2,0,0,0,DFF_Q_STATO_REG_1_,D_IN_REG_0_,DFF_Q_STATO_REG_1_ -> U141 -> U90 -> U206 -> U93 -> D_IN_REG_0_,b09
8,2.625,11,1,4,1,0,0,DFF_Q_STATO_REG_1_,D_OUT_REG_7_,DFF_Q_STATO_REG_1_ -> U137 -> U225 -> U140 -> U88 -> U155 -> U118 -> D_OUT_REG_7_,b09
8,2.625,10,0,4,2,0,0,DFF_Q_STATO_REG_1_,D_OUT_REG_7_,DFF_Q_STATO_REG_1_ -> U137 -> U225 -> U140 -> U154 -> U156 -> U118 -> D_OUT_REG_7_,b09
8,2.625,11,1,4,1,0,0,DFF_Q_STATO_REG_1_,D_OUT_REG_6_,DFF_Q_STATO_REG_1_ -> U137 -> U225 -> U140 -> U88 -> U158 -> U117 -> D_OUT_REG_6_,b09
8,2.5,11,1,4,1,0,0,DFF_Q_STATO_REG_1_,D_OUT_REG_6_,DFF_Q_STATO_REG_1_ -> U137 -> U225 -> U140 -> U89 -> U157 -> U117 -> D_OUT_REG_6_,b09
8,2.625,10,0,4,2,0,0,DFF_Q_STATO_REG_1_,D_OUT_REG_6_,DFF_Q_STATO_REG_1_ -> U137 -> U225 -> U140 -> U154 -> U159 -> U117 -> D_OUT_REG_6_,b09
7,2.5714285714285716,9,1,3,1,0,0,DFF_Q_STATO_REG_1_,D_OUT_REG_6_,DFF_Q_STATO_REG_1_ -> U141 -> U149 -> U89 -> U157 -> U117 -> D_OUT_REG_6_,b09
8,2.625,11,1,4,1,0,0,DFF_Q_STATO_REG_1_,D_OUT_REG_5_,DFF_Q_STATO_REG_1_ -> U137 -> U225 -> U140 -> U88 -> U161 -> U116 -> D_OUT_REG_5_,b09
8,2.5,11,1,4,1,0,0,DFF_Q_STATO_REG_1_,D_OUT_REG_5_,DFF_Q_STATO_REG_1_ -> U137 -> U225 -> U140 -> U89 -> U160 -> U116 -> D_OUT_REG_5_,b09
8,2.625,10,0,4,2,0,0,DFF_Q_STATO_REG_1_,D_OUT_REG_5_,DFF_Q_STATO_REG_1_ -> U137 -> U225 -> U140 -> U154 -> U162 -> U116 -> D_OUT_REG_5_,b09
7,2.5714285714285716,9,1,3,1,0,0,DFF_Q_STATO_REG_1_,D_OUT_REG_5_,DFF_Q_STATO_REG_1_ -> U141 -> U149 -> U89 -> U160 -> U116 -> D_OUT_REG_5_,b09
8,2.625,11,1,4,1,0,0,DFF_Q_STATO_REG_1_,D_OUT_REG_4_,DFF_Q_STATO_REG_1_ -> U137 -> U225 -> U140 -> U88 -> U164 -> U115 -> D_OUT_REG_4_,b09
8,2.5,11,1,4,1,0,0,DFF_Q_STATO_REG_1_,D_OUT_REG_4_,DFF_Q_STATO_REG_1_ -> U137 -> U225 -> U140 -> U89 -> U163 -> U115 -> D_OUT_REG_4_,b09
8,2.625,10,0,4,2,0,0,DFF_Q_STATO_REG_1_,D_OUT_REG_4_,DFF_Q_STATO_REG_1_ -> U137 -> U225 -> U140 -> U154 -> U165 -> U115 -> D_OUT_REG_4_,b09
7,2.5714285714285716,9,1,3,1,0,0,DFF_Q_STATO_REG_1_,D_OUT_REG_4_,DFF_Q_STATO_REG_1_ -> U141 -> U149 -> U89 -> U163 -> U115 -> D_OUT_REG_4_,b09
8,2.625,11,1,4,1,0,0,DFF_Q_STATO_REG_1_,D_OUT_REG_3_,DFF_Q_STATO_REG_1_ -> U137 -> U225 -> U140 -> U88 -> U167 -> U114 -> D_OUT_REG_3_,b09
8,2.5,11,1,4,1,0,0,DFF_Q_STATO_REG_1_,D_OUT_REG_3_,DFF_Q_STATO_REG_1_ -> U137 -> U225 -> U140 -> U89 -> U166 -> U114 -> D_OUT_REG_3_,b09
8,2.625,10,0,4,2,0,0,DFF_Q_STATO_REG_1_,D_OUT_REG_3_,DFF_Q_STATO_REG_1_ -> U137 -> U225 -> U140 -> U154 -> U168 -> U114 -> D_OUT_REG_3_,b09
7,2.5714285714285716,9,1,3,1,0,0,DFF_Q_STATO_REG_1_,D_OUT_REG_3_,DFF_Q_STATO_REG_1_ -> U141 -> U149 -> U89 -> U166 -> U114 -> D_OUT_REG_3_,b09
8,2.625,11,1,4,1,0,0,DFF_Q_STATO_REG_1_,D_OUT_REG_2_,DFF_Q_STATO_REG_1_ -> U137 -> U225 -> U140 -> U88 -> U170 -> U113 -> D_OUT_REG_2_,b09
8,2.5,11,1,4,1,0,0,DFF_Q_STATO_REG_1_,D_OUT_REG_2_,DFF_Q_STATO_REG_1_ -> U137 -> U225 -> U140 -> U89 -> U169 -> U113 -> D_OUT_REG_2_,b09
8,2.625,10,0,4,2,0,0,DFF_Q_STATO_REG_1_,D_OUT_REG_2_,DFF_Q_STATO_REG_1_ -> U137 -> U225 -> U140 -> U154 -> U171 -> U113 -> D_OUT_REG_2_,b09
7,2.5714285714285716,9,1,3,1,0,0,DFF_Q_STATO_REG_1_,D_OUT_REG_2_,DFF_Q_STATO_REG_1_ -> U141 -> U149 -> U89 -> U169 -> U113 -> D_OUT_REG_2_,b09
8,2.625,11,1,4,1,0,0,DFF_Q_STATO_REG_1_,D_OUT_REG_1_,DFF_Q_STATO_REG_1_ -> U137 -> U225 -> U140 -> U88 -> U173 -> U112 -> D_OUT_REG_1_,b09
8,2.5,11,1,4,1,0,0,DFF_Q_STATO_REG_1_,D_OUT_REG_1_,DFF_Q_STATO_REG_1_ -> U137 -> U225 -> U140 -> U89 -> U172 -> U112 -> D_OUT_REG_1_,b09
8,2.625,10,0,4,2,0,0,DFF_Q_STATO_REG_1_,D_OUT_REG_1_,DFF_Q_STATO_REG_1_ -> U137 -> U225 -> U140 -> U154 -> U174 -> U112 -> D_OUT_REG_1_,b09
7,2.5714285714285716,9,1,3,1,0,0,DFF_Q_STATO_REG_1_,D_OUT_REG_1_,DFF_Q_STATO_REG_1_ -> U141 -> U149 -> U89 -> U172 -> U112 -> D_OUT_REG_1_,b09
8,2.625,11,1,4,1,0,0,DFF_Q_STATO_REG_1_,D_OUT_REG_0_,DFF_Q_STATO_REG_1_ -> U137 -> U225 -> U140 -> U88 -> U176 -> U111 -> D_OUT_REG_0_,b09
8,2.5,11,1,4,1,0,0,DFF_Q_STATO_REG_1_,D_OUT_REG_0_,DFF_Q_STATO_REG_1_ -> U137 -> U225 -> U140 -> U89 -> U175 -> U111 -> D_OUT_REG_0_,b09
8,2.625,10,0,4,2,0,0,DFF_Q_STATO_REG_1_,D_OUT_REG_0_,DFF_Q_STATO_REG_1_ -> U137 -> U225 -> U140 -> U154 -> U177 -> U111 -> D_OUT_REG_0_,b09
7,2.5714285714285716,9,1,3,1,0,0,DFF_Q_STATO_REG_1_,D_OUT_REG_0_,DFF_Q_STATO_REG_1_ -> U141 -> U149 -> U89 -> U175 -> U111 -> D_OUT_REG_0_,b09
6,2.8333333333333335,8,0,4,0,0,0,DFF_Q_STATO_REG_1_,OLD_REG_7_,DFF_Q_STATO_REG_1_ -> U141 -> U179 -> U181 -> U110 -> OLD_REG_7_,b09
6,2.8333333333333335,8,0,4,0,0,0,DFF_Q_STATO_REG_1_,OLD_REG_6_,DFF_Q_STATO_REG_1_ -> U141 -> U179 -> U183 -> U109 -> OLD_REG_6_,b09
6,2.8333333333333335,8,0,4,0,0,0,DFF_Q_STATO_REG_1_,OLD_REG_5_,DFF_Q_STATO_REG_1_ -> U141 -> U179 -> U185 -> U108 -> OLD_REG_5_,b09
6,2.8333333333333335,8,0,4,0,0,0,DFF_Q_STATO_REG_1_,OLD_REG_4_,DFF_Q_STATO_REG_1_ -> U141 -> U179 -> U187 -> U107 -> OLD_REG_4_,b09
6,2.8333333333333335,8,0,4,0,0,0,DFF_Q_STATO_REG_1_,OLD_REG_3_,DFF_Q_STATO_REG_1_ -> U141 -> U179 -> U189 -> U106 -> OLD_REG_3_,b09
6,2.8333333333333335,8,0,4,0,0,0,DFF_Q_STATO_REG_1_,OLD_REG_2_,DFF_Q_STATO_REG_1_ -> U141 -> U179 -> U191 -> U105 -> OLD_REG_2_,b09
6,2.8333333333333335,8,0,4,0,0,0,DFF_Q_STATO_REG_1_,OLD_REG_1_,DFF_Q_STATO_REG_1_ -> U141 -> U179 -> U193 -> U104 -> OLD_REG_1_,b09
6,2.8333333333333335,8,0,4,0,0,0,DFF_Q_STATO_REG_1_,OLD_REG_0_,DFF_Q_STATO_REG_1_ -> U141 -> U179 -> U195 -> U103 -> OLD_REG_0_,b09
7,2.0,8,0,3,2,0,0,DFF_Q_STATO_REG_1_,Y_REG,DFF_Q_STATO_REG_1_ -> U137 -> U142 -> U148 -> U198 -> U102 -> Y_REG,b09
6,1.8333333333333333,7,0,3,1,0,0,DFF_Q_STATO_REG_1_,Y_REG,DFF_Q_STATO_REG_1_ -> U141 -> U149 -> U197 -> U102 -> Y_REG,b09
4,2.0,3,0,1,1,0,0,DFF_Q_STATO_REG_1_,STATO_REG_1_,DFF_Q_STATO_REG_1_ -> U137 -> U92 -> STATO_REG_1_,b09
5,1.8,6,1,2,0,0,0,DFF_Q_STATO_REG_1_,STATO_REG_0_,DFF_Q_STATO_REG_1_ -> U87 -> U153 -> U91 -> STATO_REG_0_,b09
5,1.4,6,0,3,0,0,0,DFF_Q_STATO_REG_1_,STATO_REG_0_,DFF_Q_STATO_REG_1_ -> U152 -> U224 -> U91 -> STATO_REG_0_,b09
7,1.5714285714285714,10,1,4,0,0,0,DFF_Q_STATO_REG_1_,D_IN_REG_8_,DFF_Q_STATO_REG_1_ -> U87 -> U199 -> U200 -> U204 -> U101 -> D_IN_REG_8_,b09
8,1.625,12,2,4,0,0,0,DFF_Q_STATO_REG_1_,D_IN_REG_8_,DFF_Q_STATO_REG_1_ -> U87 -> U201 -> U90 -> U202 -> U203 -> U101 -> D_IN_REG_8_,b09
7,1.8571428571428572,9,0,4,1,0,0,DFF_Q_STATO_REG_1_,D_IN_REG_8_,DFF_Q_STATO_REG_1_ -> U137 -> U142 -> U200 -> U204 -> U101 -> D_IN_REG_8_,b09
7,1.8571428571428572,9,0,4,1,0,0,DFF_Q_STATO_REG_1_,D_IN_REG_8_,DFF_Q_STATO_REG_1_ -> U137 -> U142 -> U202 -> U203 -> U101 -> D_IN_REG_8_,b09
7,1.7142857142857142,10,1,4,0,0,0,DFF_Q_STATO_REG_1_,D_IN_REG_8_,DFF_Q_STATO_REG_1_ -> U141 -> U90 -> U202 -> U203 -> U101 -> D_IN_REG_8_,b09
7,2.7142857142857144,10,3,2,0,0,0,DFF_Q_STATO_REG_1_,D_IN_REG_7_,DFF_Q_STATO_REG_1_ -> U87 -> U201 -> U90 -> U206 -> U100 -> D_IN_REG_7_,b09
8,2.75,10,1,3,2,0,0,DFF_Q_STATO_REG_1_,D_IN_REG_7_,DFF_Q_STATO_REG_1_ -> U137 -> U142 -> U148 -> U205 -> U206 -> U100 -> D_IN_REG_7_,b09
6,3.0,8,2,2,0,0,0,DFF_Q_STATO_REG_1_,D_IN_REG_7_,DFF_Q_STATO_REG_1_ -> U141 -> U90 -> U206 -> U100 -> D_IN_REG_7_,b09
7,2.7142857142857144,10,3,2,0,0,0,DFF_Q_STATO_REG_1_,D_IN_REG_6_,DFF_Q_STATO_REG_1_ -> U87 -> U201 -> U90 -> U206 -> U99 -> D_IN_REG_6_,b09
8,2.75,10,1,3,2,0,0,DFF_Q_STATO_REG_1_,D_IN_REG_6_,DFF_Q_STATO_REG_1_ -> U137 -> U142 -> U148 -> U205 -> U206 -> U99 -> D_IN_REG_6_,b09
6,3.0,8,2,2,0,0,0,DFF_Q_STATO_REG_1_,D_IN_REG_6_,DFF_Q_STATO_REG_1_ -> U141 -> U90 -> U206 -> U99 -> D_IN_REG_6_,b09
7,2.7142857142857144,10,3,2,0,0,0,DFF_Q_STATO_REG_1_,D_IN_REG_5_,DFF_Q_STATO_REG_1_ -> U87 -> U201 -> U90 -> U206 -> U98 -> D_IN_REG_5_,b09
8,2.75,10,1,3,2,0,0,DFF_Q_STATO_REG_1_,D_IN_REG_5_,DFF_Q_STATO_REG_1_ -> U137 -> U142 -> U148 -> U205 -> U206 -> U98 -> D_IN_REG_5_,b09
6,3.0,8,2,2,0,0,0,DFF_Q_STATO_REG_1_,D_IN_REG_5_,DFF_Q_STATO_REG_1_ -> U141 -> U90 -> U206 -> U98 -> D_IN_REG_5_,b09
7,2.7142857142857144,10,3,2,0,0,0,DFF_Q_STATO_REG_1_,D_IN_REG_4_,DFF_Q_STATO_REG_1_ -> U87 -> U201 -> U90 -> U206 -> U97 -> D_IN_REG_4_,b09
8,2.75,10,1,3,2,0,0,DFF_Q_STATO_REG_1_,D_IN_REG_4_,DFF_Q_STATO_REG_1_ -> U137 -> U142 -> U148 -> U205 -> U206 -> U97 -> D_IN_REG_4_,b09
6,3.0,8,2,2,0,0,0,DFF_Q_STATO_REG_1_,D_IN_REG_4_,DFF_Q_STATO_REG_1_ -> U141 -> U90 -> U206 -> U97 -> D_IN_REG_4_,b09
7,2.7142857142857144,10,3,2,0,0,0,DFF_Q_STATO_REG_1_,D_IN_REG_3_,DFF_Q_STATO_REG_1_ -> U87 -> U201 -> U90 -> U206 -> U96 -> D_IN_REG_3_,b09
8,2.75,10,1,3,2,0,0,DFF_Q_STATO_REG_1_,D_IN_REG_3_,DFF_Q_STATO_REG_1_ -> U137 -> U142 -> U148 -> U205 -> U206 -> U96 -> D_IN_REG_3_,b09
6,3.0,8,2,2,0,0,0,DFF_Q_STATO_REG_1_,D_IN_REG_3_,DFF_Q_STATO_REG_1_ -> U141 -> U90 -> U206 -> U96 -> D_IN_REG_3_,b09
7,2.7142857142857144,10,3,2,0,0,0,DFF_Q_STATO_REG_1_,D_IN_REG_2_,DFF_Q_STATO_REG_1_ -> U87 -> U201 -> U90 -> U206 -> U95 -> D_IN_REG_2_,b09
8,2.75,10,1,3,2,0,0,DFF_Q_STATO_REG_1_,D_IN_REG_2_,DFF_Q_STATO_REG_1_ -> U137 -> U142 -> U148 -> U205 -> U206 -> U95 -> D_IN_REG_2_,b09
6,3.0,8,2,2,0,0,0,DFF_Q_STATO_REG_1_,D_IN_REG_2_,DFF_Q_STATO_REG_1_ -> U141 -> U90 -> U206 -> U95 -> D_IN_REG_2_,b09
7,2.7142857142857144,10,3,2,0,0,0,DFF_Q_STATO_REG_1_,D_IN_REG_1_,DFF_Q_STATO_REG_1_ -> U87 -> U201 -> U90 -> U206 -> U94 -> D_IN_REG_1_,b09
8,2.75,10,1,3,2,0,0,DFF_Q_STATO_REG_1_,D_IN_REG_1_,DFF_Q_STATO_REG_1_ -> U137 -> U142 -> U148 -> U205 -> U206 -> U94 -> D_IN_REG_1_,b09
6,3.0,8,2,2,0,0,0,DFF_Q_STATO_REG_1_,D_IN_REG_1_,DFF_Q_STATO_REG_1_ -> U141 -> U90 -> U206 -> U94 -> D_IN_REG_1_,b09
7,3.2857142857142856,10,3,2,0,0,0,DFF_Q_STATO_REG_0_,D_IN_REG_0_,DFF_Q_STATO_REG_0_ -> U87 -> U201 -> U90 -> U206 -> U93 -> D_IN_REG_0_,b09
7,3.4285714285714284,9,2,2,1,0,0,DFF_Q_STATO_REG_0_,D_IN_REG_0_,DFF_Q_STATO_REG_0_ -> U119 -> U141 -> U90 -> U206 -> U93 -> D_IN_REG_0_,b09
7,3.2857142857142856,9,1,3,1,0,0,DFF_Q_STATO_REG_0_,D_IN_REG_0_,DFF_Q_STATO_REG_0_ -> U142 -> U148 -> U205 -> U206 -> U93 -> D_IN_REG_0_,b09
5,3.6,6,1,2,0,0,0,DFF_Q_STATO_REG_0_,D_OUT_REG_7_,DFF_Q_STATO_REG_0_ -> U88 -> U155 -> U118 -> D_OUT_REG_7_,b09
9,3.7777777777777777,13,1,5,1,0,0,DFF_Q_STATO_REG_0_,D_OUT_REG_7_,DFF_Q_STATO_REG_0_ -> U139 -> U151 -> U150 -> U140 -> U88 -> U155 -> U118 -> D_OUT_REG_7_,b09
9,3.7777777777777777,12,0,5,2,0,0,DFF_Q_STATO_REG_0_,D_OUT_REG_7_,DFF_Q_STATO_REG_0_ -> U139 -> U151 -> U150 -> U140 -> U154 -> U156 -> U118 -> D_OUT_REG_7_,b09
7,3.142857142857143,10,1,3,0,1,0,DFF_Q_STATO_REG_0_,D_OUT_REG_7_,DFF_Q_STATO_REG_0_ -> U226 -> U140 -> U88 -> U155 -> U118 -> D_OUT_REG_7_,b09
7,3.142857142857143,9,0,3,1,1,0,DFF_Q_STATO_REG_0_,D_OUT_REG_7_,DFF_Q_STATO_REG_0_ -> U226 -> U140 -> U154 -> U156 -> U118 -> D_OUT_REG_7_,b09
5,3.6,6,1,2,0,0,0,DFF_Q_STATO_REG_0_,D_OUT_REG_6_,DFF_Q_STATO_REG_0_ -> U88 -> U158 -> U117 -> D_OUT_REG_6_,b09
8,3.0,10,1,3,2,0,0,DFF_Q_STATO_REG_0_,D_OUT_REG_6_,DFF_Q_STATO_REG_0_ -> U119 -> U141 -> U149 -> U89 -> U157 -> U117 -> D_OUT_REG_6_,b09
9,3.7777777777777777,13,1,5,1,0,0,DFF_Q_STATO_REG_0_,D_OUT_REG_6_,DFF_Q_STATO_REG_0_ -> U139 -> U151 -> U150 -> U140 -> U88 -> U158 -> U117 -> D_OUT_REG_6_,b09
9,3.6666666666666665,13,1,5,1,0,0,DFF_Q_STATO_REG_0_,D_OUT_REG_6_,DFF_Q_STATO_REG_0_ -> U139 -> U151 -> U150 -> U140 -> U89 -> U157 -> U117 -> D_OUT_REG_6_,b09
9,3.7777777777777777,12,0,5,2,0,0,DFF_Q_STATO_REG_0_,D_OUT_REG_6_,DFF_Q_STATO_REG_0_ -> U139 -> U151 -> U150 -> U140 -> U154 -> U159 -> U117 -> D_OUT_REG_6_,b09
7,3.142857142857143,10,1,3,0,1,0,DFF_Q_STATO_REG_0_,D_OUT_REG_6_,DFF_Q_STATO_REG_0_ -> U226 -> U140 -> U88 -> U158 -> U117 -> D_OUT_REG_6_,b09
7,3.0,10,1,3,0,1,0,DFF_Q_STATO_REG_0_,D_OUT_REG_6_,DFF_Q_STATO_REG_0_ -> U226 -> U140 -> U89 -> U157 -> U117 -> D_OUT_REG_6_,b09
7,3.142857142857143,9,0,3,1,1,0,DFF_Q_STATO_REG_0_,D_OUT_REG_6_,DFF_Q_STATO_REG_0_ -> U226 -> U140 -> U154 -> U159 -> U117 -> D_OUT_REG_6_,b09
5,3.6,6,1,2,0,0,0,DFF_Q_STATO_REG_0_,D_OUT_REG_5_,DFF_Q_STATO_REG_0_ -> U88 -> U161 -> U116 -> D_OUT_REG_5_,b09
8,3.0,10,1,3,2,0,0,DFF_Q_STATO_REG_0_,D_OUT_REG_5_,DFF_Q_STATO_REG_0_ -> U119 -> U141 -> U149 -> U89 -> U160 -> U116 -> D_OUT_REG_5_,b09
9,3.7777777777777777,13,1,5,1,0,0,DFF_Q_STATO_REG_0_,D_OUT_REG_5_,DFF_Q_STATO_REG_0_ -> U139 -> U151 -> U150 -> U140 -> U88 -> U161 -> U116 -> D_OUT_REG_5_,b09
9,3.6666666666666665,13,1,5,1,0,0,DFF_Q_STATO_REG_0_,D_OUT_REG_5_,DFF_Q_STATO_REG_0_ -> U139 -> U151 -> U150 -> U140 -> U89 -> U160 -> U116 -> D_OUT_REG_5_,b09
9,3.7777777777777777,12,0,5,2,0,0,DFF_Q_STATO_REG_0_,D_OUT_REG_5_,DFF_Q_STATO_REG_0_ -> U139 -> U151 -> U150 -> U140 -> U154 -> U162 -> U116 -> D_OUT_REG_5_,b09
7,3.142857142857143,10,1,3,0,1,0,DFF_Q_STATO_REG_0_,D_OUT_REG_5_,DFF_Q_STATO_REG_0_ -> U226 -> U140 -> U88 -> U161 -> U116 -> D_OUT_REG_5_,b09
7,3.0,10,1,3,0,1,0,DFF_Q_STATO_REG_0_,D_OUT_REG_5_,DFF_Q_STATO_REG_0_ -> U226 -> U140 -> U89 -> U160 -> U116 -> D_OUT_REG_5_,b09
7,3.142857142857143,9,0,3,1,1,0,DFF_Q_STATO_REG_0_,D_OUT_REG_5_,DFF_Q_STATO_REG_0_ -> U226 -> U140 -> U154 -> U162 -> U116 -> D_OUT_REG_5_,b09
5,3.6,6,1,2,0,0,0,DFF_Q_STATO_REG_0_,D_OUT_REG_4_,DFF_Q_STATO_REG_0_ -> U88 -> U164 -> U115 -> D_OUT_REG_4_,b09
8,3.0,10,1,3,2,0,0,DFF_Q_STATO_REG_0_,D_OUT_REG_4_,DFF_Q_STATO_REG_0_ -> U119 -> U141 -> U149 -> U89 -> U163 -> U115 -> D_OUT_REG_4_,b09
9,3.7777777777777777,13,1,5,1,0,0,DFF_Q_STATO_REG_0_,D_OUT_REG_4_,DFF_Q_STATO_REG_0_ -> U139 -> U151 -> U150 -> U140 -> U88 -> U164 -> U115 -> D_OUT_REG_4_,b09
9,3.6666666666666665,13,1,5,1,0,0,DFF_Q_STATO_REG_0_,D_OUT_REG_4_,DFF_Q_STATO_REG_0_ -> U139 -> U151 -> U150 -> U140 -> U89 -> U163 -> U115 -> D_OUT_REG_4_,b09
9,3.7777777777777777,12,0,5,2,0,0,DFF_Q_STATO_REG_0_,D_OUT_REG_4_,DFF_Q_STATO_REG_0_ -> U139 -> U151 -> U150 -> U140 -> U154 -> U165 -> U115 -> D_OUT_REG_4_,b09
7,3.142857142857143,10,1,3,0,1,0,DFF_Q_STATO_REG_0_,D_OUT_REG_4_,DFF_Q_STATO_REG_0_ -> U226 -> U140 -> U88 -> U164 -> U115 -> D_OUT_REG_4_,b09
7,3.0,10,1,3,0,1,0,DFF_Q_STATO_REG_0_,D_OUT_REG_4_,DFF_Q_STATO_REG_0_ -> U226 -> U140 -> U89 -> U163 -> U115 -> D_OUT_REG_4_,b09
7,3.142857142857143,9,0,3,1,1,0,DFF_Q_STATO_REG_0_,D_OUT_REG_4_,DFF_Q_STATO_REG_0_ -> U226 -> U140 -> U154 -> U165 -> U115 -> D_OUT_REG_4_,b09
5,3.6,6,1,2,0,0,0,DFF_Q_STATO_REG_0_,D_OUT_REG_3_,DFF_Q_STATO_REG_0_ -> U88 -> U167 -> U114 -> D_OUT_REG_3_,b09
8,3.0,10,1,3,2,0,0,DFF_Q_STATO_REG_0_,D_OUT_REG_3_,DFF_Q_STATO_REG_0_ -> U119 -> U141 -> U149 -> U89 -> U166 -> U114 -> D_OUT_REG_3_,b09
9,3.7777777777777777,13,1,5,1,0,0,DFF_Q_STATO_REG_0_,D_OUT_REG_3_,DFF_Q_STATO_REG_0_ -> U139 -> U151 -> U150 -> U140 -> U88 -> U167 -> U114 -> D_OUT_REG_3_,b09
9,3.6666666666666665,13,1,5,1,0,0,DFF_Q_STATO_REG_0_,D_OUT_REG_3_,DFF_Q_STATO_REG_0_ -> U139 -> U151 -> U150 -> U140 -> U89 -> U166 -> U114 -> D_OUT_REG_3_,b09
9,3.7777777777777777,12,0,5,2,0,0,DFF_Q_STATO_REG_0_,D_OUT_REG_3_,DFF_Q_STATO_REG_0_ -> U139 -> U151 -> U150 -> U140 -> U154 -> U168 -> U114 -> D_OUT_REG_3_,b09
7,3.142857142857143,10,1,3,0,1,0,DFF_Q_STATO_REG_0_,D_OUT_REG_3_,DFF_Q_STATO_REG_0_ -> U226 -> U140 -> U88 -> U167 -> U114 -> D_OUT_REG_3_,b09
7,3.0,10,1,3,0,1,0,DFF_Q_STATO_REG_0_,D_OUT_REG_3_,DFF_Q_STATO_REG_0_ -> U226 -> U140 -> U89 -> U166 -> U114 -> D_OUT_REG_3_,b09
7,3.142857142857143,9,0,3,1,1,0,DFF_Q_STATO_REG_0_,D_OUT_REG_3_,DFF_Q_STATO_REG_0_ -> U226 -> U140 -> U154 -> U168 -> U114 -> D_OUT_REG_3_,b09
5,3.6,6,1,2,0,0,0,DFF_Q_STATO_REG_0_,D_OUT_REG_2_,DFF_Q_STATO_REG_0_ -> U88 -> U170 -> U113 -> D_OUT_REG_2_,b09
8,3.0,10,1,3,2,0,0,DFF_Q_STATO_REG_0_,D_OUT_REG_2_,DFF_Q_STATO_REG_0_ -> U119 -> U141 -> U149 -> U89 -> U169 -> U113 -> D_OUT_REG_2_,b09
9,3.7777777777777777,13,1,5,1,0,0,DFF_Q_STATO_REG_0_,D_OUT_REG_2_,DFF_Q_STATO_REG_0_ -> U139 -> U151 -> U150 -> U140 -> U88 -> U170 -> U113 -> D_OUT_REG_2_,b09
9,3.6666666666666665,13,1,5,1,0,0,DFF_Q_STATO_REG_0_,D_OUT_REG_2_,DFF_Q_STATO_REG_0_ -> U139 -> U151 -> U150 -> U140 -> U89 -> U169 -> U113 -> D_OUT_REG_2_,b09
9,3.7777777777777777,12,0,5,2,0,0,DFF_Q_STATO_REG_0_,D_OUT_REG_2_,DFF_Q_STATO_REG_0_ -> U139 -> U151 -> U150 -> U140 -> U154 -> U171 -> U113 -> D_OUT_REG_2_,b09
7,3.142857142857143,10,1,3,0,1,0,DFF_Q_STATO_REG_0_,D_OUT_REG_2_,DFF_Q_STATO_REG_0_ -> U226 -> U140 -> U88 -> U170 -> U113 -> D_OUT_REG_2_,b09
7,3.0,10,1,3,0,1,0,DFF_Q_STATO_REG_0_,D_OUT_REG_2_,DFF_Q_STATO_REG_0_ -> U226 -> U140 -> U89 -> U169 -> U113 -> D_OUT_REG_2_,b09
7,3.142857142857143,9,0,3,1,1,0,DFF_Q_STATO_REG_0_,D_OUT_REG_2_,DFF_Q_STATO_REG_0_ -> U226 -> U140 -> U154 -> U171 -> U113 -> D_OUT_REG_2_,b09
5,3.6,6,1,2,0,0,0,DFF_Q_STATO_REG_0_,D_OUT_REG_1_,DFF_Q_STATO_REG_0_ -> U88 -> U173 -> U112 -> D_OUT_REG_1_,b09
8,3.0,10,1,3,2,0,0,DFF_Q_STATO_REG_0_,D_OUT_REG_1_,DFF_Q_STATO_REG_0_ -> U119 -> U141 -> U149 -> U89 -> U172 -> U112 -> D_OUT_REG_1_,b09
9,3.7777777777777777,13,1,5,1,0,0,DFF_Q_STATO_REG_0_,D_OUT_REG_1_,DFF_Q_STATO_REG_0_ -> U139 -> U151 -> U150 -> U140 -> U88 -> U173 -> U112 -> D_OUT_REG_1_,b09
9,3.6666666666666665,13,1,5,1,0,0,DFF_Q_STATO_REG_0_,D_OUT_REG_1_,DFF_Q_STATO_REG_0_ -> U139 -> U151 -> U150 -> U140 -> U89 -> U172 -> U112 -> D_OUT_REG_1_,b09
9,3.7777777777777777,12,0,5,2,0,0,DFF_Q_STATO_REG_0_,D_OUT_REG_1_,DFF_Q_STATO_REG_0_ -> U139 -> U151 -> U150 -> U140 -> U154 -> U174 -> U112 -> D_OUT_REG_1_,b09
7,3.142857142857143,10,1,3,0,1,0,DFF_Q_STATO_REG_0_,D_OUT_REG_1_,DFF_Q_STATO_REG_0_ -> U226 -> U140 -> U88 -> U173 -> U112 -> D_OUT_REG_1_,b09
7,3.0,10,1,3,0,1,0,DFF_Q_STATO_REG_0_,D_OUT_REG_1_,DFF_Q_STATO_REG_0_ -> U226 -> U140 -> U89 -> U172 -> U112 -> D_OUT_REG_1_,b09
7,3.142857142857143,9,0,3,1,1,0,DFF_Q_STATO_REG_0_,D_OUT_REG_1_,DFF_Q_STATO_REG_0_ -> U226 -> U140 -> U154 -> U174 -> U112 -> D_OUT_REG_1_,b09
5,3.6,6,1,2,0,0,0,DFF_Q_STATO_REG_0_,D_OUT_REG_0_,DFF_Q_STATO_REG_0_ -> U88 -> U176 -> U111 -> D_OUT_REG_0_,b09
8,3.0,10,1,3,2,0,0,DFF_Q_STATO_REG_0_,D_OUT_REG_0_,DFF_Q_STATO_REG_0_ -> U119 -> U141 -> U149 -> U89 -> U175 -> U111 -> D_OUT_REG_0_,b09
9,3.7777777777777777,13,1,5,1,0,0,DFF_Q_STATO_REG_0_,D_OUT_REG_0_,DFF_Q_STATO_REG_0_ -> U139 -> U151 -> U150 -> U140 -> U88 -> U176 -> U111 -> D_OUT_REG_0_,b09
9,3.6666666666666665,13,1,5,1,0,0,DFF_Q_STATO_REG_0_,D_OUT_REG_0_,DFF_Q_STATO_REG_0_ -> U139 -> U151 -> U150 -> U140 -> U89 -> U175 -> U111 -> D_OUT_REG_0_,b09
9,3.7777777777777777,12,0,5,2,0,0,DFF_Q_STATO_REG_0_,D_OUT_REG_0_,DFF_Q_STATO_REG_0_ -> U139 -> U151 -> U150 -> U140 -> U154 -> U177 -> U111 -> D_OUT_REG_0_,b09
7,3.142857142857143,10,1,3,0,1,0,DFF_Q_STATO_REG_0_,D_OUT_REG_0_,DFF_Q_STATO_REG_0_ -> U226 -> U140 -> U88 -> U176 -> U111 -> D_OUT_REG_0_,b09
7,3.0,10,1,3,0,1,0,DFF_Q_STATO_REG_0_,D_OUT_REG_0_,DFF_Q_STATO_REG_0_ -> U226 -> U140 -> U89 -> U175 -> U111 -> D_OUT_REG_0_,b09
7,3.142857142857143,9,0,3,1,1,0,DFF_Q_STATO_REG_0_,D_OUT_REG_0_,DFF_Q_STATO_REG_0_ -> U226 -> U140 -> U154 -> U177 -> U111 -> D_OUT_REG_0_,b09
7,3.2857142857142856,9,0,4,1,0,0,DFF_Q_STATO_REG_0_,OLD_REG_7_,DFF_Q_STATO_REG_0_ -> U119 -> U141 -> U179 -> U181 -> U110 -> OLD_REG_7_,b09
6,3.5,7,0,3,1,0,0,DFF_Q_STATO_REG_0_,OLD_REG_7_,DFF_Q_STATO_REG_0_ -> U139 -> U151 -> U180 -> U110 -> OLD_REG_7_,b09
6,3.1666666666666665,8,0,4,0,0,0,DFF_Q_STATO_REG_0_,OLD_REG_7_,DFF_Q_STATO_REG_0_ -> U178 -> U179 -> U181 -> U110 -> OLD_REG_7_,b09
7,3.2857142857142856,9,0,4,1,0,0,DFF_Q_STATO_REG_0_,OLD_REG_6_,DFF_Q_STATO_REG_0_ -> U119 -> U141 -> U179 -> U183 -> U109 -> OLD_REG_6_,b09
6,3.5,7,0,3,1,0,0,DFF_Q_STATO_REG_0_,OLD_REG_6_,DFF_Q_STATO_REG_0_ -> U139 -> U151 -> U182 -> U109 -> OLD_REG_6_,b09
6,3.1666666666666665,8,0,4,0,0,0,DFF_Q_STATO_REG_0_,OLD_REG_6_,DFF_Q_STATO_REG_0_ -> U178 -> U179 -> U183 -> U109 -> OLD_REG_6_,b09
7,3.2857142857142856,9,0,4,1,0,0,DFF_Q_STATO_REG_0_,OLD_REG_5_,DFF_Q_STATO_REG_0_ -> U119 -> U141 -> U179 -> U185 -> U108 -> OLD_REG_5_,b09
6,3.5,7,0,3,1,0,0,DFF_Q_STATO_REG_0_,OLD_REG_5_,DFF_Q_STATO_REG_0_ -> U139 -> U151 -> U184 -> U108 -> OLD_REG_5_,b09
6,3.1666666666666665,8,0,4,0,0,0,DFF_Q_STATO_REG_0_,OLD_REG_5_,DFF_Q_STATO_REG_0_ -> U178 -> U179 -> U185 -> U108 -> OLD_REG_5_,b09
7,3.2857142857142856,9,0,4,1,0,0,DFF_Q_STATO_REG_0_,OLD_REG_4_,DFF_Q_STATO_REG_0_ -> U119 -> U141 -> U179 -> U187 -> U107 -> OLD_REG_4_,b09
6,3.5,7,0,3,1,0,0,DFF_Q_STATO_REG_0_,OLD_REG_4_,DFF_Q_STATO_REG_0_ -> U139 -> U151 -> U186 -> U107 -> OLD_REG_4_,b09
6,3.1666666666666665,8,0,4,0,0,0,DFF_Q_STATO_REG_0_,OLD_REG_4_,DFF_Q_STATO_REG_0_ -> U178 -> U179 -> U187 -> U107 -> OLD_REG_4_,b09
7,3.2857142857142856,9,0,4,1,0,0,DFF_Q_STATO_REG_0_,OLD_REG_3_,DFF_Q_STATO_REG_0_ -> U119 -> U141 -> U179 -> U189 -> U106 -> OLD_REG_3_,b09
6,3.5,7,0,3,1,0,0,DFF_Q_STATO_REG_0_,OLD_REG_3_,DFF_Q_STATO_REG_0_ -> U139 -> U151 -> U188 -> U106 -> OLD_REG_3_,b09
6,3.1666666666666665,8,0,4,0,0,0,DFF_Q_STATO_REG_0_,OLD_REG_3_,DFF_Q_STATO_REG_0_ -> U178 -> U179 -> U189 -> U106 -> OLD_REG_3_,b09
7,3.2857142857142856,9,0,4,1,0,0,DFF_Q_STATO_REG_0_,OLD_REG_2_,DFF_Q_STATO_REG_0_ -> U119 -> U141 -> U179 -> U191 -> U105 -> OLD_REG_2_,b09
6,3.5,7,0,3,1,0,0,DFF_Q_STATO_REG_0_,OLD_REG_2_,DFF_Q_STATO_REG_0_ -> U139 -> U151 -> U190 -> U105 -> OLD_REG_2_,b09
6,3.1666666666666665,8,0,4,0,0,0,DFF_Q_STATO_REG_0_,OLD_REG_2_,DFF_Q_STATO_REG_0_ -> U178 -> U179 -> U191 -> U105 -> OLD_REG_2_,b09
7,3.2857142857142856,9,0,4,1,0,0,DFF_Q_STATO_REG_0_,OLD_REG_1_,DFF_Q_STATO_REG_0_ -> U119 -> U141 -> U179 -> U193 -> U104 -> OLD_REG_1_,b09
6,3.5,7,0,3,1,0,0,DFF_Q_STATO_REG_0_,OLD_REG_1_,DFF_Q_STATO_REG_0_ -> U139 -> U151 -> U192 -> U104 -> OLD_REG_1_,b09
6,3.1666666666666665,8,0,4,0,0,0,DFF_Q_STATO_REG_0_,OLD_REG_1_,DFF_Q_STATO_REG_0_ -> U178 -> U179 -> U193 -> U104 -> OLD_REG_1_,b09
7,3.2857142857142856,9,0,4,1,0,0,DFF_Q_STATO_REG_0_,OLD_REG_0_,DFF_Q_STATO_REG_0_ -> U119 -> U141 -> U179 -> U195 -> U103 -> OLD_REG_0_,b09
6,3.5,7,0,3,1,0,0,DFF_Q_STATO_REG_0_,OLD_REG_0_,DFF_Q_STATO_REG_0_ -> U139 -> U151 -> U194 -> U103 -> OLD_REG_0_,b09
6,3.1666666666666665,8,0,4,0,0,0,DFF_Q_STATO_REG_0_,OLD_REG_0_,DFF_Q_STATO_REG_0_ -> U178 -> U179 -> U195 -> U103 -> OLD_REG_0_,b09
7,2.4285714285714284,8,0,3,2,0,0,DFF_Q_STATO_REG_0_,Y_REG,DFF_Q_STATO_REG_0_ -> U119 -> U141 -> U149 -> U197 -> U102 -> Y_REG,b09
6,3.6666666666666665,7,0,3,1,0,0,DFF_Q_STATO_REG_0_,Y_REG,DFF_Q_STATO_REG_0_ -> U139 -> U151 -> U150 -> U102 -> Y_REG,b09
6,2.5,7,0,3,1,0,0,DFF_Q_STATO_REG_0_,Y_REG,DFF_Q_STATO_REG_0_ -> U142 -> U148 -> U198 -> U102 -> Y_REG,b09
4,2.75,4,0,2,0,0,0,DFF_Q_STATO_REG_0_,STATO_REG_1_,DFF_Q_STATO_REG_0_ -> U139 -> U92 -> STATO_REG_1_,b09
5,2.6,6,1,2,0,0,0,DFF_Q_STATO_REG_0_,STATO_REG_0_,DFF_Q_STATO_REG_0_ -> U87 -> U153 -> U91 -> STATO_REG_0_,b09
5,2.4,5,0,2,1,0,0,DFF_Q_STATO_REG_0_,STATO_REG_0_,DFF_Q_STATO_REG_0_ -> U119 -> U224 -> U91 -> STATO_REG_0_,b09
4,2.5,4,0,2,0,0,0,DFF_Q_STATO_REG_0_,STATO_REG_0_,DFF_Q_STATO_REG_0_ -> U223 -> U91 -> STATO_REG_0_,b09
7,2.142857142857143,10,1,4,0,0,0,DFF_Q_STATO_REG_0_,D_IN_REG_8_,DFF_Q_STATO_REG_0_ -> U87 -> U199 -> U200 -> U204 -> U101 -> D_IN_REG_8_,b09
8,2.125,12,2,4,0,0,0,DFF_Q_STATO_REG_0_,D_IN_REG_8_,DFF_Q_STATO_REG_0_ -> U87 -> U201 -> U90 -> U202 -> U203 -> U101 -> D_IN_REG_8_,b09
8,2.25,11,1,4,1,0,0,DFF_Q_STATO_REG_0_,D_IN_REG_8_,DFF_Q_STATO_REG_0_ -> U119 -> U141 -> U90 -> U202 -> U203 -> U101 -> D_IN_REG_8_,b09
6,2.3333333333333335,8,0,4,0,0,0,DFF_Q_STATO_REG_0_,D_IN_REG_8_,DFF_Q_STATO_REG_0_ -> U142 -> U200 -> U204 -> U101 -> D_IN_REG_8_,b09
6,2.3333333333333335,8,0,4,0,0,0,DFF_Q_STATO_REG_0_,D_IN_REG_8_,DFF_Q_STATO_REG_0_ -> U142 -> U202 -> U203 -> U101 -> D_IN_REG_8_,b09
7,3.2857142857142856,10,3,2,0,0,0,DFF_Q_STATO_REG_0_,D_IN_REG_7_,DFF_Q_STATO_REG_0_ -> U87 -> U201 -> U90 -> U206 -> U100 -> D_IN_REG_7_,b09
7,3.4285714285714284,9,2,2,1,0,0,DFF_Q_STATO_REG_0_,D_IN_REG_7_,DFF_Q_STATO_REG_0_ -> U119 -> U141 -> U90 -> U206 -> U100 -> D_IN_REG_7_,b09
7,3.2857142857142856,9,1,3,1,0,0,DFF_Q_STATO_REG_0_,D_IN_REG_7_,DFF_Q_STATO_REG_0_ -> U142 -> U148 -> U205 -> U206 -> U100 -> D_IN_REG_7_,b09
7,3.2857142857142856,10,3,2,0,0,0,DFF_Q_STATO_REG_0_,D_IN_REG_6_,DFF_Q_STATO_REG_0_ -> U87 -> U201 -> U90 -> U206 -> U99 -> D_IN_REG_6_,b09
7,3.4285714285714284,9,2,2,1,0,0,DFF_Q_STATO_REG_0_,D_IN_REG_6_,DFF_Q_STATO_REG_0_ -> U119 -> U141 -> U90 -> U206 -> U99 -> D_IN_REG_6_,b09
7,3.2857142857142856,9,1,3,1,0,0,DFF_Q_STATO_REG_0_,D_IN_REG_6_,DFF_Q_STATO_REG_0_ -> U142 -> U148 -> U205 -> U206 -> U99 -> D_IN_REG_6_,b09
7,3.2857142857142856,10,3,2,0,0,0,DFF_Q_STATO_REG_0_,D_IN_REG_5_,DFF_Q_STATO_REG_0_ -> U87 -> U201 -> U90 -> U206 -> U98 -> D_IN_REG_5_,b09
7,3.4285714285714284,9,2,2,1,0,0,DFF_Q_STATO_REG_0_,D_IN_REG_5_,DFF_Q_STATO_REG_0_ -> U119 -> U141 -> U90 -> U206 -> U98 -> D_IN_REG_5_,b09
7,3.2857142857142856,9,1,3,1,0,0,DFF_Q_STATO_REG_0_,D_IN_REG_5_,DFF_Q_STATO_REG_0_ -> U142 -> U148 -> U205 -> U206 -> U98 -> D_IN_REG_5_,b09
7,3.2857142857142856,10,3,2,0,0,0,DFF_Q_STATO_REG_0_,D_IN_REG_4_,DFF_Q_STATO_REG_0_ -> U87 -> U201 -> U90 -> U206 -> U97 -> D_IN_REG_4_,b09
7,3.4285714285714284,9,2,2,1,0,0,DFF_Q_STATO_REG_0_,D_IN_REG_4_,DFF_Q_STATO_REG_0_ -> U119 -> U141 -> U90 -> U206 -> U97 -> D_IN_REG_4_,b09
7,3.2857142857142856,9,1,3,1,0,0,DFF_Q_STATO_REG_0_,D_IN_REG_4_,DFF_Q_STATO_REG_0_ -> U142 -> U148 -> U205 -> U206 -> U97 -> D_IN_REG_4_,b09
7,3.2857142857142856,10,3,2,0,0,0,DFF_Q_STATO_REG_0_,D_IN_REG_3_,DFF_Q_STATO_REG_0_ -> U87 -> U201 -> U90 -> U206 -> U96 -> D_IN_REG_3_,b09
7,3.4285714285714284,9,2,2,1,0,0,DFF_Q_STATO_REG_0_,D_IN_REG_3_,DFF_Q_STATO_REG_0_ -> U119 -> U141 -> U90 -> U206 -> U96 -> D_IN_REG_3_,b09
7,3.2857142857142856,9,1,3,1,0,0,DFF_Q_STATO_REG_0_,D_IN_REG_3_,DFF_Q_STATO_REG_0_ -> U142 -> U148 -> U205 -> U206 -> U96 -> D_IN_REG_3_,b09
7,3.2857142857142856,10,3,2,0,0,0,DFF_Q_STATO_REG_0_,D_IN_REG_2_,DFF_Q_STATO_REG_0_ -> U87 -> U201 -> U90 -> U206 -> U95 -> D_IN_REG_2_,b09
7,3.4285714285714284,9,2,2,1,0,0,DFF_Q_STATO_REG_0_,D_IN_REG_2_,DFF_Q_STATO_REG_0_ -> U119 -> U141 -> U90 -> U206 -> U95 -> D_IN_REG_2_,b09
7,3.2857142857142856,9,1,3,1,0,0,DFF_Q_STATO_REG_0_,D_IN_REG_2_,DFF_Q_STATO_REG_0_ -> U142 -> U148 -> U205 -> U206 -> U95 -> D_IN_REG_2_,b09
7,3.2857142857142856,10,3,2,0,0,0,DFF_Q_STATO_REG_0_,D_IN_REG_1_,DFF_Q_STATO_REG_0_ -> U87 -> U201 -> U90 -> U206 -> U94 -> D_IN_REG_1_,b09
7,3.4285714285714284,9,2,2,1,0,0,DFF_Q_STATO_REG_0_,D_IN_REG_1_,DFF_Q_STATO_REG_0_ -> U119 -> U141 -> U90 -> U206 -> U94 -> D_IN_REG_1_,b09
7,3.2857142857142856,9,1,3,1,0,0,DFF_Q_STATO_REG_0_,D_IN_REG_1_,DFF_Q_STATO_REG_0_ -> U142 -> U148 -> U205 -> U206 -> U94 -> D_IN_REG_1_,b09
11,2.3636363636363638,17,2,6,1,0,0,DFF_Q_D_IN_REG_8_,D_OUT_REG_7_,DFF_Q_D_IN_REG_8_ -> U133 -> U220 -> U146 -> U138 -> U150 -> U140 -> U88 -> U155 -> U118 -> D_OUT_REG_7_,b09
11,2.3636363636363638,16,1,6,2,0,0,DFF_Q_D_IN_REG_8_,D_OUT_REG_7_,DFF_Q_D_IN_REG_8_ -> U133 -> U220 -> U146 -> U138 -> U150 -> U140 -> U154 -> U156 -> U118 -> D_OUT_REG_7_,b09
4,1.75,4,0,2,0,0,0,DFF_Q_D_IN_REG_8_,D_OUT_REG_7_,DFF_Q_D_IN_REG_8_ -> U155 -> U118 -> D_OUT_REG_7_,b09
10,2.5,16,2,6,0,0,0,DFF_Q_D_IN_REG_8_,D_OUT_REG_7_,DFF_Q_D_IN_REG_8_ -> U219 -> U146 -> U138 -> U150 -> U140 -> U88 -> U155 -> U118 -> D_OUT_REG_7_,b09
10,2.5,15,1,6,1,0,0,DFF_Q_D_IN_REG_8_,D_OUT_REG_7_,DFF_Q_D_IN_REG_8_ -> U219 -> U146 -> U138 -> U150 -> U140 -> U154 -> U156 -> U118 -> D_OUT_REG_7_,b09
11,2.3636363636363638,17,2,6,1,0,0,DFF_Q_D_IN_REG_8_,D_OUT_REG_6_,DFF_Q_D_IN_REG_8_ -> U133 -> U220 -> U146 -> U138 -> U150 -> U140 -> U88 -> U158 -> U117 -> D_OUT_REG_6_,b09
11,2.272727272727273,17,2,6,1,0,0,DFF_Q_D_IN_REG_8_,D_OUT_REG_6_,DFF_Q_D_IN_REG_8_ -> U133 -> U220 -> U146 -> U138 -> U150 -> U140 -> U89 -> U157 -> U117 -> D_OUT_REG_6_,b09
11,2.3636363636363638,16,1,6,2,0,0,DFF_Q_D_IN_REG_8_,D_OUT_REG_6_,DFF_Q_D_IN_REG_8_ -> U133 -> U220 -> U146 -> U138 -> U150 -> U140 -> U154 -> U159 -> U117 -> D_OUT_REG_6_,b09
10,2.5,16,2,6,0,0,0,DFF_Q_D_IN_REG_8_,D_OUT_REG_6_,DFF_Q_D_IN_REG_8_ -> U219 -> U146 -> U138 -> U150 -> U140 -> U88 -> U158 -> U117 -> D_OUT_REG_6_,b09
10,2.4,16,2,6,0,0,0,DFF_Q_D_IN_REG_8_,D_OUT_REG_6_,DFF_Q_D_IN_REG_8_ -> U219 -> U146 -> U138 -> U150 -> U140 -> U89 -> U157 -> U117 -> D_OUT_REG_6_,b09
10,2.5,15,1,6,1,0,0,DFF_Q_D_IN_REG_8_,D_OUT_REG_6_,DFF_Q_D_IN_REG_8_ -> U219 -> U146 -> U138 -> U150 -> U140 -> U154 -> U159 -> U117 -> D_OUT_REG_6_,b09
11,2.3636363636363638,17,2,6,1,0,0,DFF_Q_D_IN_REG_8_,D_OUT_REG_5_,DFF_Q_D_IN_REG_8_ -> U133 -> U220 -> U146 -> U138 -> U150 -> U140 -> U88 -> U161 -> U116 -> D_OUT_REG_5_,b09
11,2.272727272727273,17,2,6,1,0,0,DFF_Q_D_IN_REG_8_,D_OUT_REG_5_,DFF_Q_D_IN_REG_8_ -> U133 -> U220 -> U146 -> U138 -> U150 -> U140 -> U89 -> U160 -> U116 -> D_OUT_REG_5_,b09
11,2.3636363636363638,16,1,6,2,0,0,DFF_Q_D_IN_REG_8_,D_OUT_REG_5_,DFF_Q_D_IN_REG_8_ -> U133 -> U220 -> U146 -> U138 -> U150 -> U140 -> U154 -> U162 -> U116 -> D_OUT_REG_5_,b09
10,2.5,16,2,6,0,0,0,DFF_Q_D_IN_REG_8_,D_OUT_REG_5_,DFF_Q_D_IN_REG_8_ -> U219 -> U146 -> U138 -> U150 -> U140 -> U88 -> U161 -> U116 -> D_OUT_REG_5_,b09
10,2.4,16,2,6,0,0,0,DFF_Q_D_IN_REG_8_,D_OUT_REG_5_,DFF_Q_D_IN_REG_8_ -> U219 -> U146 -> U138 -> U150 -> U140 -> U89 -> U160 -> U116 -> D_OUT_REG_5_,b09
10,2.5,15,1,6,1,0,0,DFF_Q_D_IN_REG_8_,D_OUT_REG_5_,DFF_Q_D_IN_REG_8_ -> U219 -> U146 -> U138 -> U150 -> U140 -> U154 -> U162 -> U116 -> D_OUT_REG_5_,b09
11,2.3636363636363638,17,2,6,1,0,0,DFF_Q_D_IN_REG_8_,D_OUT_REG_4_,DFF_Q_D_IN_REG_8_ -> U133 -> U220 -> U146 -> U138 -> U150 -> U140 -> U88 -> U164 -> U115 -> D_OUT_REG_4_,b09
11,2.272727272727273,17,2,6,1,0,0,DFF_Q_D_IN_REG_8_,D_OUT_REG_4_,DFF_Q_D_IN_REG_8_ -> U133 -> U220 -> U146 -> U138 -> U150 -> U140 -> U89 -> U163 -> U115 -> D_OUT_REG_4_,b09
11,2.3636363636363638,16,1,6,2,0,0,DFF_Q_D_IN_REG_8_,D_OUT_REG_4_,DFF_Q_D_IN_REG_8_ -> U133 -> U220 -> U146 -> U138 -> U150 -> U140 -> U154 -> U165 -> U115 -> D_OUT_REG_4_,b09
10,2.5,16,2,6,0,0,0,DFF_Q_D_IN_REG_8_,D_OUT_REG_4_,DFF_Q_D_IN_REG_8_ -> U219 -> U146 -> U138 -> U150 -> U140 -> U88 -> U164 -> U115 -> D_OUT_REG_4_,b09
10,2.4,16,2,6,0,0,0,DFF_Q_D_IN_REG_8_,D_OUT_REG_4_,DFF_Q_D_IN_REG_8_ -> U219 -> U146 -> U138 -> U150 -> U140 -> U89 -> U163 -> U115 -> D_OUT_REG_4_,b09
10,2.5,15,1,6,1,0,0,DFF_Q_D_IN_REG_8_,D_OUT_REG_4_,DFF_Q_D_IN_REG_8_ -> U219 -> U146 -> U138 -> U150 -> U140 -> U154 -> U165 -> U115 -> D_OUT_REG_4_,b09
11,2.3636363636363638,17,2,6,1,0,0,DFF_Q_D_IN_REG_8_,D_OUT_REG_3_,DFF_Q_D_IN_REG_8_ -> U133 -> U220 -> U146 -> U138 -> U150 -> U140 -> U88 -> U167 -> U114 -> D_OUT_REG_3_,b09
11,2.272727272727273,17,2,6,1,0,0,DFF_Q_D_IN_REG_8_,D_OUT_REG_3_,DFF_Q_D_IN_REG_8_ -> U133 -> U220 -> U146 -> U138 -> U150 -> U140 -> U89 -> U166 -> U114 -> D_OUT_REG_3_,b09
11,2.3636363636363638,16,1,6,2,0,0,DFF_Q_D_IN_REG_8_,D_OUT_REG_3_,DFF_Q_D_IN_REG_8_ -> U133 -> U220 -> U146 -> U138 -> U150 -> U140 -> U154 -> U168 -> U114 -> D_OUT_REG_3_,b09
10,2.5,16,2,6,0,0,0,DFF_Q_D_IN_REG_8_,D_OUT_REG_3_,DFF_Q_D_IN_REG_8_ -> U219 -> U146 -> U138 -> U150 -> U140 -> U88 -> U167 -> U114 -> D_OUT_REG_3_,b09
10,2.4,16,2,6,0,0,0,DFF_Q_D_IN_REG_8_,D_OUT_REG_3_,DFF_Q_D_IN_REG_8_ -> U219 -> U146 -> U138 -> U150 -> U140 -> U89 -> U166 -> U114 -> D_OUT_REG_3_,b09
10,2.5,15,1,6,1,0,0,DFF_Q_D_IN_REG_8_,D_OUT_REG_3_,DFF_Q_D_IN_REG_8_ -> U219 -> U146 -> U138 -> U150 -> U140 -> U154 -> U168 -> U114 -> D_OUT_REG_3_,b09
11,2.3636363636363638,17,2,6,1,0,0,DFF_Q_D_IN_REG_8_,D_OUT_REG_2_,DFF_Q_D_IN_REG_8_ -> U133 -> U220 -> U146 -> U138 -> U150 -> U140 -> U88 -> U170 -> U113 -> D_OUT_REG_2_,b09
11,2.272727272727273,17,2,6,1,0,0,DFF_Q_D_IN_REG_8_,D_OUT_REG_2_,DFF_Q_D_IN_REG_8_ -> U133 -> U220 -> U146 -> U138 -> U150 -> U140 -> U89 -> U169 -> U113 -> D_OUT_REG_2_,b09
11,2.3636363636363638,16,1,6,2,0,0,DFF_Q_D_IN_REG_8_,D_OUT_REG_2_,DFF_Q_D_IN_REG_8_ -> U133 -> U220 -> U146 -> U138 -> U150 -> U140 -> U154 -> U171 -> U113 -> D_OUT_REG_2_,b09
10,2.5,16,2,6,0,0,0,DFF_Q_D_IN_REG_8_,D_OUT_REG_2_,DFF_Q_D_IN_REG_8_ -> U219 -> U146 -> U138 -> U150 -> U140 -> U88 -> U170 -> U113 -> D_OUT_REG_2_,b09
10,2.4,16,2,6,0,0,0,DFF_Q_D_IN_REG_8_,D_OUT_REG_2_,DFF_Q_D_IN_REG_8_ -> U219 -> U146 -> U138 -> U150 -> U140 -> U89 -> U169 -> U113 -> D_OUT_REG_2_,b09
10,2.5,15,1,6,1,0,0,DFF_Q_D_IN_REG_8_,D_OUT_REG_2_,DFF_Q_D_IN_REG_8_ -> U219 -> U146 -> U138 -> U150 -> U140 -> U154 -> U171 -> U113 -> D_OUT_REG_2_,b09
11,2.3636363636363638,17,2,6,1,0,0,DFF_Q_D_IN_REG_8_,D_OUT_REG_1_,DFF_Q_D_IN_REG_8_ -> U133 -> U220 -> U146 -> U138 -> U150 -> U140 -> U88 -> U173 -> U112 -> D_OUT_REG_1_,b09
11,2.272727272727273,17,2,6,1,0,0,DFF_Q_D_IN_REG_8_,D_OUT_REG_1_,DFF_Q_D_IN_REG_8_ -> U133 -> U220 -> U146 -> U138 -> U150 -> U140 -> U89 -> U172 -> U112 -> D_OUT_REG_1_,b09
11,2.3636363636363638,16,1,6,2,0,0,DFF_Q_D_IN_REG_8_,D_OUT_REG_1_,DFF_Q_D_IN_REG_8_ -> U133 -> U220 -> U146 -> U138 -> U150 -> U140 -> U154 -> U174 -> U112 -> D_OUT_REG_1_,b09
10,2.5,16,2,6,0,0,0,DFF_Q_D_IN_REG_8_,D_OUT_REG_1_,DFF_Q_D_IN_REG_8_ -> U219 -> U146 -> U138 -> U150 -> U140 -> U88 -> U173 -> U112 -> D_OUT_REG_1_,b09
10,2.4,16,2,6,0,0,0,DFF_Q_D_IN_REG_8_,D_OUT_REG_1_,DFF_Q_D_IN_REG_8_ -> U219 -> U146 -> U138 -> U150 -> U140 -> U89 -> U172 -> U112 -> D_OUT_REG_1_,b09
10,2.5,15,1,6,1,0,0,DFF_Q_D_IN_REG_8_,D_OUT_REG_1_,DFF_Q_D_IN_REG_8_ -> U219 -> U146 -> U138 -> U150 -> U140 -> U154 -> U174 -> U112 -> D_OUT_REG_1_,b09
11,2.3636363636363638,17,2,6,1,0,0,DFF_Q_D_IN_REG_8_,D_OUT_REG_0_,DFF_Q_D_IN_REG_8_ -> U133 -> U220 -> U146 -> U138 -> U150 -> U140 -> U88 -> U176 -> U111 -> D_OUT_REG_0_,b09
11,2.272727272727273,17,2,6,1,0,0,DFF_Q_D_IN_REG_8_,D_OUT_REG_0_,DFF_Q_D_IN_REG_8_ -> U133 -> U220 -> U146 -> U138 -> U150 -> U140 -> U89 -> U175 -> U111 -> D_OUT_REG_0_,b09
11,2.3636363636363638,16,1,6,2,0,0,DFF_Q_D_IN_REG_8_,D_OUT_REG_0_,DFF_Q_D_IN_REG_8_ -> U133 -> U220 -> U146 -> U138 -> U150 -> U140 -> U154 -> U177 -> U111 -> D_OUT_REG_0_,b09
10,2.5,16,2,6,0,0,0,DFF_Q_D_IN_REG_8_,D_OUT_REG_0_,DFF_Q_D_IN_REG_8_ -> U219 -> U146 -> U138 -> U150 -> U140 -> U88 -> U176 -> U111 -> D_OUT_REG_0_,b09
10,2.4,16,2,6,0,0,0,DFF_Q_D_IN_REG_8_,D_OUT_REG_0_,DFF_Q_D_IN_REG_8_ -> U219 -> U146 -> U138 -> U150 -> U140 -> U89 -> U175 -> U111 -> D_OUT_REG_0_,b09
10,2.5,15,1,6,1,0,0,DFF_Q_D_IN_REG_8_,D_OUT_REG_0_,DFF_Q_D_IN_REG_8_ -> U219 -> U146 -> U138 -> U150 -> U140 -> U154 -> U177 -> U111 -> D_OUT_REG_0_,b09
4,1.75,4,0,2,0,0,0,DFF_Q_D_IN_REG_8_,OLD_REG_7_,DFF_Q_D_IN_REG_8_ -> U180 -> U110 -> OLD_REG_7_,b09
8,1.75,11,1,4,1,0,0,DFF_Q_D_IN_REG_8_,Y_REG,DFF_Q_D_IN_REG_8_ -> U133 -> U220 -> U146 -> U138 -> U150 -> U102 -> Y_REG,b09
7,1.8571428571428572,10,1,4,0,0,0,DFF_Q_D_IN_REG_8_,Y_REG,DFF_Q_D_IN_REG_8_ -> U219 -> U146 -> U138 -> U150 -> U102 -> Y_REG,b09
9,1.5555555555555556,12,1,4,2,0,0,DFF_Q_D_IN_REG_8_,STATO_REG_0_,DFF_Q_D_IN_REG_8_ -> U133 -> U220 -> U146 -> U138 -> U147 -> U153 -> U91 -> STATO_REG_0_,b09
8,1.625,11,1,4,1,0,0,DFF_Q_D_IN_REG_8_,STATO_REG_0_,DFF_Q_D_IN_REG_8_ -> U219 -> U146 -> U138 -> U147 -> U153 -> U91 -> STATO_REG_0_,b09
10,1.5,15,1,6,1,0,0,DFF_Q_D_IN_REG_8_,D_IN_REG_8_,DFF_Q_D_IN_REG_8_ -> U133 -> U220 -> U146 -> U138 -> U199 -> U200 -> U204 -> U101 -> D_IN_REG_8_,b09
9,1.5555555555555556,14,1,6,0,0,0,DFF_Q_D_IN_REG_8_,D_IN_REG_8_,DFF_Q_D_IN_REG_8_ -> U219 -> U146 -> U138 -> U199 -> U200 -> U204 -> U101 -> D_IN_REG_8_,b09
3,2.0,2,1,0,0,0,0,DFF_Q_D_IN_REG_8_,D_IN_REG_7_,DFF_Q_D_IN_REG_8_ -> U100 -> D_IN_REG_7_,b09
11,2.3636363636363638,17,2,6,1,0,0,DFF_Q_D_IN_REG_7_,D_OUT_REG_7_,DFF_Q_D_IN_REG_7_ -> U135 -> U222 -> U146 -> U138 -> U150 -> U140 -> U88 -> U155 -> U118 -> D_OUT_REG_7_,b09
11,2.3636363636363638,16,1,6,2,0,0,DFF_Q_D_IN_REG_7_,D_OUT_REG_7_,DFF_Q_D_IN_REG_7_ -> U135 -> U222 -> U146 -> U138 -> U150 -> U140 -> U154 -> U156 -> U118 -> D_OUT_REG_7_,b09
10,2.5,16,2,6,0,0,0,DFF_Q_D_IN_REG_7_,D_OUT_REG_7_,DFF_Q_D_IN_REG_7_ -> U221 -> U146 -> U138 -> U150 -> U140 -> U88 -> U155 -> U118 -> D_OUT_REG_7_,b09
10,2.5,15,1,6,1,0,0,DFF_Q_D_IN_REG_7_,D_OUT_REG_7_,DFF_Q_D_IN_REG_7_ -> U221 -> U146 -> U138 -> U150 -> U140 -> U154 -> U156 -> U118 -> D_OUT_REG_7_,b09
11,2.3636363636363638,17,2,6,1,0,0,DFF_Q_D_IN_REG_7_,D_OUT_REG_6_,DFF_Q_D_IN_REG_7_ -> U135 -> U222 -> U146 -> U138 -> U150 -> U140 -> U88 -> U158 -> U117 -> D_OUT_REG_6_,b09
11,2.272727272727273,17,2,6,1,0,0,DFF_Q_D_IN_REG_7_,D_OUT_REG_6_,DFF_Q_D_IN_REG_7_ -> U135 -> U222 -> U146 -> U138 -> U150 -> U140 -> U89 -> U157 -> U117 -> D_OUT_REG_6_,b09
11,2.3636363636363638,16,1,6,2,0,0,DFF_Q_D_IN_REG_7_,D_OUT_REG_6_,DFF_Q_D_IN_REG_7_ -> U135 -> U222 -> U146 -> U138 -> U150 -> U140 -> U154 -> U159 -> U117 -> D_OUT_REG_6_,b09
4,1.75,4,0,2,0,0,0,DFF_Q_D_IN_REG_7_,D_OUT_REG_6_,DFF_Q_D_IN_REG_7_ -> U158 -> U117 -> D_OUT_REG_6_,b09
10,2.5,16,2,6,0,0,0,DFF_Q_D_IN_REG_7_,D_OUT_REG_6_,DFF_Q_D_IN_REG_7_ -> U221 -> U146 -> U138 -> U150 -> U140 -> U88 -> U158 -> U117 -> D_OUT_REG_6_,b09
10,2.4,16,2,6,0,0,0,DFF_Q_D_IN_REG_7_,D_OUT_REG_6_,DFF_Q_D_IN_REG_7_ -> U221 -> U146 -> U138 -> U150 -> U140 -> U89 -> U157 -> U117 -> D_OUT_REG_6_,b09
10,2.5,15,1,6,1,0,0,DFF_Q_D_IN_REG_7_,D_OUT_REG_6_,DFF_Q_D_IN_REG_7_ -> U221 -> U146 -> U138 -> U150 -> U140 -> U154 -> U159 -> U117 -> D_OUT_REG_6_,b09
11,2.3636363636363638,17,2,6,1,0,0,DFF_Q_D_IN_REG_7_,D_OUT_REG_5_,DFF_Q_D_IN_REG_7_ -> U135 -> U222 -> U146 -> U138 -> U150 -> U140 -> U88 -> U161 -> U116 -> D_OUT_REG_5_,b09
11,2.272727272727273,17,2,6,1,0,0,DFF_Q_D_IN_REG_7_,D_OUT_REG_5_,DFF_Q_D_IN_REG_7_ -> U135 -> U222 -> U146 -> U138 -> U150 -> U140 -> U89 -> U160 -> U116 -> D_OUT_REG_5_,b09
11,2.3636363636363638,16,1,6,2,0,0,DFF_Q_D_IN_REG_7_,D_OUT_REG_5_,DFF_Q_D_IN_REG_7_ -> U135 -> U222 -> U146 -> U138 -> U150 -> U140 -> U154 -> U162 -> U116 -> D_OUT_REG_5_,b09
10,2.5,16,2,6,0,0,0,DFF_Q_D_IN_REG_7_,D_OUT_REG_5_,DFF_Q_D_IN_REG_7_ -> U221 -> U146 -> U138 -> U150 -> U140 -> U88 -> U161 -> U116 -> D_OUT_REG_5_,b09
10,2.4,16,2,6,0,0,0,DFF_Q_D_IN_REG_7_,D_OUT_REG_5_,DFF_Q_D_IN_REG_7_ -> U221 -> U146 -> U138 -> U150 -> U140 -> U89 -> U160 -> U116 -> D_OUT_REG_5_,b09
10,2.5,15,1,6,1,0,0,DFF_Q_D_IN_REG_7_,D_OUT_REG_5_,DFF_Q_D_IN_REG_7_ -> U221 -> U146 -> U138 -> U150 -> U140 -> U154 -> U162 -> U116 -> D_OUT_REG_5_,b09
11,2.3636363636363638,17,2,6,1,0,0,DFF_Q_D_IN_REG_7_,D_OUT_REG_4_,DFF_Q_D_IN_REG_7_ -> U135 -> U222 -> U146 -> U138 -> U150 -> U140 -> U88 -> U164 -> U115 -> D_OUT_REG_4_,b09
11,2.272727272727273,17,2,6,1,0,0,DFF_Q_D_IN_REG_7_,D_OUT_REG_4_,DFF_Q_D_IN_REG_7_ -> U135 -> U222 -> U146 -> U138 -> U150 -> U140 -> U89 -> U163 -> U115 -> D_OUT_REG_4_,b09
11,2.3636363636363638,16,1,6,2,0,0,DFF_Q_D_IN_REG_7_,D_OUT_REG_4_,DFF_Q_D_IN_REG_7_ -> U135 -> U222 -> U146 -> U138 -> U150 -> U140 -> U154 -> U165 -> U115 -> D_OUT_REG_4_,b09
10,2.5,16,2,6,0,0,0,DFF_Q_D_IN_REG_7_,D_OUT_REG_4_,DFF_Q_D_IN_REG_7_ -> U221 -> U146 -> U138 -> U150 -> U140 -> U88 -> U164 -> U115 -> D_OUT_REG_4_,b09
10,2.4,16,2,6,0,0,0,DFF_Q_D_IN_REG_7_,D_OUT_REG_4_,DFF_Q_D_IN_REG_7_ -> U221 -> U146 -> U138 -> U150 -> U140 -> U89 -> U163 -> U115 -> D_OUT_REG_4_,b09
10,2.5,15,1,6,1,0,0,DFF_Q_D_IN_REG_7_,D_OUT_REG_4_,DFF_Q_D_IN_REG_7_ -> U221 -> U146 -> U138 -> U150 -> U140 -> U154 -> U165 -> U115 -> D_OUT_REG_4_,b09
11,2.3636363636363638,17,2,6,1,0,0,DFF_Q_D_IN_REG_7_,D_OUT_REG_3_,DFF_Q_D_IN_REG_7_ -> U135 -> U222 -> U146 -> U138 -> U150 -> U140 -> U88 -> U167 -> U114 -> D_OUT_REG_3_,b09
11,2.272727272727273,17,2,6,1,0,0,DFF_Q_D_IN_REG_7_,D_OUT_REG_3_,DFF_Q_D_IN_REG_7_ -> U135 -> U222 -> U146 -> U138 -> U150 -> U140 -> U89 -> U166 -> U114 -> D_OUT_REG_3_,b09
11,2.3636363636363638,16,1,6,2,0,0,DFF_Q_D_IN_REG_7_,D_OUT_REG_3_,DFF_Q_D_IN_REG_7_ -> U135 -> U222 -> U146 -> U138 -> U150 -> U140 -> U154 -> U168 -> U114 -> D_OUT_REG_3_,b09
10,2.5,16,2,6,0,0,0,DFF_Q_D_IN_REG_7_,D_OUT_REG_3_,DFF_Q_D_IN_REG_7_ -> U221 -> U146 -> U138 -> U150 -> U140 -> U88 -> U167 -> U114 -> D_OUT_REG_3_,b09
10,2.4,16,2,6,0,0,0,DFF_Q_D_IN_REG_7_,D_OUT_REG_3_,DFF_Q_D_IN_REG_7_ -> U221 -> U146 -> U138 -> U150 -> U140 -> U89 -> U166 -> U114 -> D_OUT_REG_3_,b09
10,2.5,15,1,6,1,0,0,DFF_Q_D_IN_REG_7_,D_OUT_REG_3_,DFF_Q_D_IN_REG_7_ -> U221 -> U146 -> U138 -> U150 -> U140 -> U154 -> U168 -> U114 -> D_OUT_REG_3_,b09
11,2.3636363636363638,17,2,6,1,0,0,DFF_Q_D_IN_REG_7_,D_OUT_REG_2_,DFF_Q_D_IN_REG_7_ -> U135 -> U222 -> U146 -> U138 -> U150 -> U140 -> U88 -> U170 -> U113 -> D_OUT_REG_2_,b09
11,2.272727272727273,17,2,6,1,0,0,DFF_Q_D_IN_REG_7_,D_OUT_REG_2_,DFF_Q_D_IN_REG_7_ -> U135 -> U222 -> U146 -> U138 -> U150 -> U140 -> U89 -> U169 -> U113 -> D_OUT_REG_2_,b09
11,2.3636363636363638,16,1,6,2,0,0,DFF_Q_D_IN_REG_7_,D_OUT_REG_2_,DFF_Q_D_IN_REG_7_ -> U135 -> U222 -> U146 -> U138 -> U150 -> U140 -> U154 -> U171 -> U113 -> D_OUT_REG_2_,b09
10,2.5,16,2,6,0,0,0,DFF_Q_D_IN_REG_7_,D_OUT_REG_2_,DFF_Q_D_IN_REG_7_ -> U221 -> U146 -> U138 -> U150 -> U140 -> U88 -> U170 -> U113 -> D_OUT_REG_2_,b09
10,2.4,16,2,6,0,0,0,DFF_Q_D_IN_REG_7_,D_OUT_REG_2_,DFF_Q_D_IN_REG_7_ -> U221 -> U146 -> U138 -> U150 -> U140 -> U89 -> U169 -> U113 -> D_OUT_REG_2_,b09
10,2.5,15,1,6,1,0,0,DFF_Q_D_IN_REG_7_,D_OUT_REG_2_,DFF_Q_D_IN_REG_7_ -> U221 -> U146 -> U138 -> U150 -> U140 -> U154 -> U171 -> U113 -> D_OUT_REG_2_,b09
11,2.3636363636363638,17,2,6,1,0,0,DFF_Q_D_IN_REG_7_,D_OUT_REG_1_,DFF_Q_D_IN_REG_7_ -> U135 -> U222 -> U146 -> U138 -> U150 -> U140 -> U88 -> U173 -> U112 -> D_OUT_REG_1_,b09
11,2.272727272727273,17,2,6,1,0,0,DFF_Q_D_IN_REG_7_,D_OUT_REG_1_,DFF_Q_D_IN_REG_7_ -> U135 -> U222 -> U146 -> U138 -> U150 -> U140 -> U89 -> U172 -> U112 -> D_OUT_REG_1_,b09
11,2.3636363636363638,16,1,6,2,0,0,DFF_Q_D_IN_REG_7_,D_OUT_REG_1_,DFF_Q_D_IN_REG_7_ -> U135 -> U222 -> U146 -> U138 -> U150 -> U140 -> U154 -> U174 -> U112 -> D_OUT_REG_1_,b09
10,2.5,16,2,6,0,0,0,DFF_Q_D_IN_REG_7_,D_OUT_REG_1_,DFF_Q_D_IN_REG_7_ -> U221 -> U146 -> U138 -> U150 -> U140 -> U88 -> U173 -> U112 -> D_OUT_REG_1_,b09
10,2.4,16,2,6,0,0,0,DFF_Q_D_IN_REG_7_,D_OUT_REG_1_,DFF_Q_D_IN_REG_7_ -> U221 -> U146 -> U138 -> U150 -> U140 -> U89 -> U172 -> U112 -> D_OUT_REG_1_,b09
10,2.5,15,1,6,1,0,0,DFF_Q_D_IN_REG_7_,D_OUT_REG_1_,DFF_Q_D_IN_REG_7_ -> U221 -> U146 -> U138 -> U150 -> U140 -> U154 -> U174 -> U112 -> D_OUT_REG_1_,b09
11,2.3636363636363638,17,2,6,1,0,0,DFF_Q_D_IN_REG_7_,D_OUT_REG_0_,DFF_Q_D_IN_REG_7_ -> U135 -> U222 -> U146 -> U138 -> U150 -> U140 -> U88 -> U176 -> U111 -> D_OUT_REG_0_,b09
11,2.272727272727273,17,2,6,1,0,0,DFF_Q_D_IN_REG_7_,D_OUT_REG_0_,DFF_Q_D_IN_REG_7_ -> U135 -> U222 -> U146 -> U138 -> U150 -> U140 -> U89 -> U175 -> U111 -> D_OUT_REG_0_,b09
11,2.3636363636363638,16,1,6,2,0,0,DFF_Q_D_IN_REG_7_,D_OUT_REG_0_,DFF_Q_D_IN_REG_7_ -> U135 -> U222 -> U146 -> U138 -> U150 -> U140 -> U154 -> U177 -> U111 -> D_OUT_REG_0_,b09
10,2.5,16,2,6,0,0,0,DFF_Q_D_IN_REG_7_,D_OUT_REG_0_,DFF_Q_D_IN_REG_7_ -> U221 -> U146 -> U138 -> U150 -> U140 -> U88 -> U176 -> U111 -> D_OUT_REG_0_,b09
10,2.4,16,2,6,0,0,0,DFF_Q_D_IN_REG_7_,D_OUT_REG_0_,DFF_Q_D_IN_REG_7_ -> U221 -> U146 -> U138 -> U150 -> U140 -> U89 -> U175 -> U111 -> D_OUT_REG_0_,b09
10,2.5,15,1,6,1,0,0,DFF_Q_D_IN_REG_7_,D_OUT_REG_0_,DFF_Q_D_IN_REG_7_ -> U221 -> U146 -> U138 -> U150 -> U140 -> U154 -> U177 -> U111 -> D_OUT_REG_0_,b09
4,1.75,4,0,2,0,0,0,DFF_Q_D_IN_REG_7_,OLD_REG_6_,DFF_Q_D_IN_REG_7_ -> U182 -> U109 -> OLD_REG_6_,b09
8,1.75,11,1,4,1,0,0,DFF_Q_D_IN_REG_7_,Y_REG,DFF_Q_D_IN_REG_7_ -> U135 -> U222 -> U146 -> U138 -> U150 -> U102 -> Y_REG,b09
7,1.8571428571428572,10,1,4,0,0,0,DFF_Q_D_IN_REG_7_,Y_REG,DFF_Q_D_IN_REG_7_ -> U221 -> U146 -> U138 -> U150 -> U102 -> Y_REG,b09
9,1.5555555555555556,12,1,4,2,0,0,DFF_Q_D_IN_REG_7_,STATO_REG_0_,DFF_Q_D_IN_REG_7_ -> U135 -> U222 -> U146 -> U138 -> U147 -> U153 -> U91 -> STATO_REG_0_,b09
8,1.625,11,1,4,1,0,0,DFF_Q_D_IN_REG_7_,STATO_REG_0_,DFF_Q_D_IN_REG_7_ -> U221 -> U146 -> U138 -> U147 -> U153 -> U91 -> STATO_REG_0_,b09
10,1.5,15,1,6,1,0,0,DFF_Q_D_IN_REG_7_,D_IN_REG_8_,DFF_Q_D_IN_REG_7_ -> U135 -> U222 -> U146 -> U138 -> U199 -> U200 -> U204 -> U101 -> D_IN_REG_8_,b09
9,1.5555555555555556,14,1,6,0,0,0,DFF_Q_D_IN_REG_7_,D_IN_REG_8_,DFF_Q_D_IN_REG_7_ -> U221 -> U146 -> U138 -> U199 -> U200 -> U204 -> U101 -> D_IN_REG_8_,b09
3,2.0,2,1,0,0,0,0,DFF_Q_D_IN_REG_7_,D_IN_REG_6_,DFF_Q_D_IN_REG_7_ -> U99 -> D_IN_REG_6_,b09
11,2.3636363636363638,17,2,6,1,0,0,DFF_Q_D_IN_REG_6_,D_OUT_REG_7_,DFF_Q_D_IN_REG_6_ -> U131 -> U218 -> U145 -> U138 -> U150 -> U140 -> U88 -> U155 -> U118 -> D_OUT_REG_7_,b09
11,2.3636363636363638,16,1,6,2,0,0,DFF_Q_D_IN_REG_6_,D_OUT_REG_7_,DFF_Q_D_IN_REG_6_ -> U131 -> U218 -> U145 -> U138 -> U150 -> U140 -> U154 -> U156 -> U118 -> D_OUT_REG_7_,b09
10,2.5,16,2,6,0,0,0,DFF_Q_D_IN_REG_6_,D_OUT_REG_7_,DFF_Q_D_IN_REG_6_ -> U217 -> U145 -> U138 -> U150 -> U140 -> U88 -> U155 -> U118 -> D_OUT_REG_7_,b09
10,2.5,15,1,6,1,0,0,DFF_Q_D_IN_REG_6_,D_OUT_REG_7_,DFF_Q_D_IN_REG_6_ -> U217 -> U145 -> U138 -> U150 -> U140 -> U154 -> U156 -> U118 -> D_OUT_REG_7_,b09
11,2.3636363636363638,17,2,6,1,0,0,DFF_Q_D_IN_REG_6_,D_OUT_REG_6_,DFF_Q_D_IN_REG_6_ -> U131 -> U218 -> U145 -> U138 -> U150 -> U140 -> U88 -> U158 -> U117 -> D_OUT_REG_6_,b09
11,2.272727272727273,17,2,6,1,0,0,DFF_Q_D_IN_REG_6_,D_OUT_REG_6_,DFF_Q_D_IN_REG_6_ -> U131 -> U218 -> U145 -> U138 -> U150 -> U140 -> U89 -> U157 -> U117 -> D_OUT_REG_6_,b09
11,2.3636363636363638,16,1,6,2,0,0,DFF_Q_D_IN_REG_6_,D_OUT_REG_6_,DFF_Q_D_IN_REG_6_ -> U131 -> U218 -> U145 -> U138 -> U150 -> U140 -> U154 -> U159 -> U117 -> D_OUT_REG_6_,b09
10,2.5,16,2,6,0,0,0,DFF_Q_D_IN_REG_6_,D_OUT_REG_6_,DFF_Q_D_IN_REG_6_ -> U217 -> U145 -> U138 -> U150 -> U140 -> U88 -> U158 -> U117 -> D_OUT_REG_6_,b09
10,2.4,16,2,6,0,0,0,DFF_Q_D_IN_REG_6_,D_OUT_REG_6_,DFF_Q_D_IN_REG_6_ -> U217 -> U145 -> U138 -> U150 -> U140 -> U89 -> U157 -> U117 -> D_OUT_REG_6_,b09
10,2.5,15,1,6,1,0,0,DFF_Q_D_IN_REG_6_,D_OUT_REG_6_,DFF_Q_D_IN_REG_6_ -> U217 -> U145 -> U138 -> U150 -> U140 -> U154 -> U159 -> U117 -> D_OUT_REG_6_,b09
11,2.3636363636363638,17,2,6,1,0,0,DFF_Q_D_IN_REG_6_,D_OUT_REG_5_,DFF_Q_D_IN_REG_6_ -> U131 -> U218 -> U145 -> U138 -> U150 -> U140 -> U88 -> U161 -> U116 -> D_OUT_REG_5_,b09
11,2.272727272727273,17,2,6,1,0,0,DFF_Q_D_IN_REG_6_,D_OUT_REG_5_,DFF_Q_D_IN_REG_6_ -> U131 -> U218 -> U145 -> U138 -> U150 -> U140 -> U89 -> U160 -> U116 -> D_OUT_REG_5_,b09
11,2.3636363636363638,16,1,6,2,0,0,DFF_Q_D_IN_REG_6_,D_OUT_REG_5_,DFF_Q_D_IN_REG_6_ -> U131 -> U218 -> U145 -> U138 -> U150 -> U140 -> U154 -> U162 -> U116 -> D_OUT_REG_5_,b09
4,1.75,4,0,2,0,0,0,DFF_Q_D_IN_REG_6_,D_OUT_REG_5_,DFF_Q_D_IN_REG_6_ -> U161 -> U116 -> D_OUT_REG_5_,b09
10,2.5,16,2,6,0,0,0,DFF_Q_D_IN_REG_6_,D_OUT_REG_5_,DFF_Q_D_IN_REG_6_ -> U217 -> U145 -> U138 -> U150 -> U140 -> U88 -> U161 -> U116 -> D_OUT_REG_5_,b09
10,2.4,16,2,6,0,0,0,DFF_Q_D_IN_REG_6_,D_OUT_REG_5_,DFF_Q_D_IN_REG_6_ -> U217 -> U145 -> U138 -> U150 -> U140 -> U89 -> U160 -> U116 -> D_OUT_REG_5_,b09
10,2.5,15,1,6,1,0,0,DFF_Q_D_IN_REG_6_,D_OUT_REG_5_,DFF_Q_D_IN_REG_6_ -> U217 -> U145 -> U138 -> U150 -> U140 -> U154 -> U162 -> U116 -> D_OUT_REG_5_,b09
11,2.3636363636363638,17,2,6,1,0,0,DFF_Q_D_IN_REG_6_,D_OUT_REG_4_,DFF_Q_D_IN_REG_6_ -> U131 -> U218 -> U145 -> U138 -> U150 -> U140 -> U88 -> U164 -> U115 -> D_OUT_REG_4_,b09
11,2.272727272727273,17,2,6,1,0,0,DFF_Q_D_IN_REG_6_,D_OUT_REG_4_,DFF_Q_D_IN_REG_6_ -> U131 -> U218 -> U145 -> U138 -> U150 -> U140 -> U89 -> U163 -> U115 -> D_OUT_REG_4_,b09
11,2.3636363636363638,16,1,6,2,0,0,DFF_Q_D_IN_REG_6_,D_OUT_REG_4_,DFF_Q_D_IN_REG_6_ -> U131 -> U218 -> U145 -> U138 -> U150 -> U140 -> U154 -> U165 -> U115 -> D_OUT_REG_4_,b09
10,2.5,16,2,6,0,0,0,DFF_Q_D_IN_REG_6_,D_OUT_REG_4_,DFF_Q_D_IN_REG_6_ -> U217 -> U145 -> U138 -> U150 -> U140 -> U88 -> U164 -> U115 -> D_OUT_REG_4_,b09
10,2.4,16,2,6,0,0,0,DFF_Q_D_IN_REG_6_,D_OUT_REG_4_,DFF_Q_D_IN_REG_6_ -> U217 -> U145 -> U138 -> U150 -> U140 -> U89 -> U163 -> U115 -> D_OUT_REG_4_,b09
10,2.5,15,1,6,1,0,0,DFF_Q_D_IN_REG_6_,D_OUT_REG_4_,DFF_Q_D_IN_REG_6_ -> U217 -> U145 -> U138 -> U150 -> U140 -> U154 -> U165 -> U115 -> D_OUT_REG_4_,b09
11,2.3636363636363638,17,2,6,1,0,0,DFF_Q_D_IN_REG_6_,D_OUT_REG_3_,DFF_Q_D_IN_REG_6_ -> U131 -> U218 -> U145 -> U138 -> U150 -> U140 -> U88 -> U167 -> U114 -> D_OUT_REG_3_,b09
11,2.272727272727273,17,2,6,1,0,0,DFF_Q_D_IN_REG_6_,D_OUT_REG_3_,DFF_Q_D_IN_REG_6_ -> U131 -> U218 -> U145 -> U138 -> U150 -> U140 -> U89 -> U166 -> U114 -> D_OUT_REG_3_,b09
11,2.3636363636363638,16,1,6,2,0,0,DFF_Q_D_IN_REG_6_,D_OUT_REG_3_,DFF_Q_D_IN_REG_6_ -> U131 -> U218 -> U145 -> U138 -> U150 -> U140 -> U154 -> U168 -> U114 -> D_OUT_REG_3_,b09
10,2.5,16,2,6,0,0,0,DFF_Q_D_IN_REG_6_,D_OUT_REG_3_,DFF_Q_D_IN_REG_6_ -> U217 -> U145 -> U138 -> U150 -> U140 -> U88 -> U167 -> U114 -> D_OUT_REG_3_,b09
10,2.4,16,2,6,0,0,0,DFF_Q_D_IN_REG_6_,D_OUT_REG_3_,DFF_Q_D_IN_REG_6_ -> U217 -> U145 -> U138 -> U150 -> U140 -> U89 -> U166 -> U114 -> D_OUT_REG_3_,b09
10,2.5,15,1,6,1,0,0,DFF_Q_D_IN_REG_6_,D_OUT_REG_3_,DFF_Q_D_IN_REG_6_ -> U217 -> U145 -> U138 -> U150 -> U140 -> U154 -> U168 -> U114 -> D_OUT_REG_3_,b09
11,2.3636363636363638,17,2,6,1,0,0,DFF_Q_D_IN_REG_6_,D_OUT_REG_2_,DFF_Q_D_IN_REG_6_ -> U131 -> U218 -> U145 -> U138 -> U150 -> U140 -> U88 -> U170 -> U113 -> D_OUT_REG_2_,b09
11,2.272727272727273,17,2,6,1,0,0,DFF_Q_D_IN_REG_6_,D_OUT_REG_2_,DFF_Q_D_IN_REG_6_ -> U131 -> U218 -> U145 -> U138 -> U150 -> U140 -> U89 -> U169 -> U113 -> D_OUT_REG_2_,b09
11,2.3636363636363638,16,1,6,2,0,0,DFF_Q_D_IN_REG_6_,D_OUT_REG_2_,DFF_Q_D_IN_REG_6_ -> U131 -> U218 -> U145 -> U138 -> U150 -> U140 -> U154 -> U171 -> U113 -> D_OUT_REG_2_,b09
10,2.5,16,2,6,0,0,0,DFF_Q_D_IN_REG_6_,D_OUT_REG_2_,DFF_Q_D_IN_REG_6_ -> U217 -> U145 -> U138 -> U150 -> U140 -> U88 -> U170 -> U113 -> D_OUT_REG_2_,b09
10,2.4,16,2,6,0,0,0,DFF_Q_D_IN_REG_6_,D_OUT_REG_2_,DFF_Q_D_IN_REG_6_ -> U217 -> U145 -> U138 -> U150 -> U140 -> U89 -> U169 -> U113 -> D_OUT_REG_2_,b09
10,2.5,15,1,6,1,0,0,DFF_Q_D_IN_REG_6_,D_OUT_REG_2_,DFF_Q_D_IN_REG_6_ -> U217 -> U145 -> U138 -> U150 -> U140 -> U154 -> U171 -> U113 -> D_OUT_REG_2_,b09
11,2.3636363636363638,17,2,6,1,0,0,DFF_Q_D_IN_REG_6_,D_OUT_REG_1_,DFF_Q_D_IN_REG_6_ -> U131 -> U218 -> U145 -> U138 -> U150 -> U140 -> U88 -> U173 -> U112 -> D_OUT_REG_1_,b09
11,2.272727272727273,17,2,6,1,0,0,DFF_Q_D_IN_REG_6_,D_OUT_REG_1_,DFF_Q_D_IN_REG_6_ -> U131 -> U218 -> U145 -> U138 -> U150 -> U140 -> U89 -> U172 -> U112 -> D_OUT_REG_1_,b09
11,2.3636363636363638,16,1,6,2,0,0,DFF_Q_D_IN_REG_6_,D_OUT_REG_1_,DFF_Q_D_IN_REG_6_ -> U131 -> U218 -> U145 -> U138 -> U150 -> U140 -> U154 -> U174 -> U112 -> D_OUT_REG_1_,b09
10,2.5,16,2,6,0,0,0,DFF_Q_D_IN_REG_6_,D_OUT_REG_1_,DFF_Q_D_IN_REG_6_ -> U217 -> U145 -> U138 -> U150 -> U140 -> U88 -> U173 -> U112 -> D_OUT_REG_1_,b09
10,2.4,16,2,6,0,0,0,DFF_Q_D_IN_REG_6_,D_OUT_REG_1_,DFF_Q_D_IN_REG_6_ -> U217 -> U145 -> U138 -> U150 -> U140 -> U89 -> U172 -> U112 -> D_OUT_REG_1_,b09
10,2.5,15,1,6,1,0,0,DFF_Q_D_IN_REG_6_,D_OUT_REG_1_,DFF_Q_D_IN_REG_6_ -> U217 -> U145 -> U138 -> U150 -> U140 -> U154 -> U174 -> U112 -> D_OUT_REG_1_,b09
11,2.3636363636363638,17,2,6,1,0,0,DFF_Q_D_IN_REG_6_,D_OUT_REG_0_,DFF_Q_D_IN_REG_6_ -> U131 -> U218 -> U145 -> U138 -> U150 -> U140 -> U88 -> U176 -> U111 -> D_OUT_REG_0_,b09
11,2.272727272727273,17,2,6,1,0,0,DFF_Q_D_IN_REG_6_,D_OUT_REG_0_,DFF_Q_D_IN_REG_6_ -> U131 -> U218 -> U145 -> U138 -> U150 -> U140 -> U89 -> U175 -> U111 -> D_OUT_REG_0_,b09
11,2.3636363636363638,16,1,6,2,0,0,DFF_Q_D_IN_REG_6_,D_OUT_REG_0_,DFF_Q_D_IN_REG_6_ -> U131 -> U218 -> U145 -> U138 -> U150 -> U140 -> U154 -> U177 -> U111 -> D_OUT_REG_0_,b09
10,2.5,16,2,6,0,0,0,DFF_Q_D_IN_REG_6_,D_OUT_REG_0_,DFF_Q_D_IN_REG_6_ -> U217 -> U145 -> U138 -> U150 -> U140 -> U88 -> U176 -> U111 -> D_OUT_REG_0_,b09
10,2.4,16,2,6,0,0,0,DFF_Q_D_IN_REG_6_,D_OUT_REG_0_,DFF_Q_D_IN_REG_6_ -> U217 -> U145 -> U138 -> U150 -> U140 -> U89 -> U175 -> U111 -> D_OUT_REG_0_,b09
10,2.5,15,1,6,1,0,0,DFF_Q_D_IN_REG_6_,D_OUT_REG_0_,DFF_Q_D_IN_REG_6_ -> U217 -> U145 -> U138 -> U150 -> U140 -> U154 -> U177 -> U111 -> D_OUT_REG_0_,b09
4,1.75,4,0,2,0,0,0,DFF_Q_D_IN_REG_6_,OLD_REG_5_,DFF_Q_D_IN_REG_6_ -> U184 -> U108 -> OLD_REG_5_,b09
8,1.75,11,1,4,1,0,0,DFF_Q_D_IN_REG_6_,Y_REG,DFF_Q_D_IN_REG_6_ -> U131 -> U218 -> U145 -> U138 -> U150 -> U102 -> Y_REG,b09
7,1.8571428571428572,10,1,4,0,0,0,DFF_Q_D_IN_REG_6_,Y_REG,DFF_Q_D_IN_REG_6_ -> U217 -> U145 -> U138 -> U150 -> U102 -> Y_REG,b09
9,1.5555555555555556,12,1,4,2,0,0,DFF_Q_D_IN_REG_6_,STATO_REG_0_,DFF_Q_D_IN_REG_6_ -> U131 -> U218 -> U145 -> U138 -> U147 -> U153 -> U91 -> STATO_REG_0_,b09
8,1.625,11,1,4,1,0,0,DFF_Q_D_IN_REG_6_,STATO_REG_0_,DFF_Q_D_IN_REG_6_ -> U217 -> U145 -> U138 -> U147 -> U153 -> U91 -> STATO_REG_0_,b09
10,1.5,15,1,6,1,0,0,DFF_Q_D_IN_REG_6_,D_IN_REG_8_,DFF_Q_D_IN_REG_6_ -> U131 -> U218 -> U145 -> U138 -> U199 -> U200 -> U204 -> U101 -> D_IN_REG_8_,b09
9,1.5555555555555556,14,1,6,0,0,0,DFF_Q_D_IN_REG_6_,D_IN_REG_8_,DFF_Q_D_IN_REG_6_ -> U217 -> U145 -> U138 -> U199 -> U200 -> U204 -> U101 -> D_IN_REG_8_,b09
3,2.0,2,1,0,0,0,0,DFF_Q_D_IN_REG_6_,D_IN_REG_5_,DFF_Q_D_IN_REG_6_ -> U98 -> D_IN_REG_5_,b09
11,2.3636363636363638,17,2,6,1,0,0,DFF_Q_D_IN_REG_5_,D_OUT_REG_7_,DFF_Q_D_IN_REG_5_ -> U129 -> U216 -> U145 -> U138 -> U150 -> U140 -> U88 -> U155 -> U118 -> D_OUT_REG_7_,b09
11,2.3636363636363638,16,1,6,2,0,0,DFF_Q_D_IN_REG_5_,D_OUT_REG_7_,DFF_Q_D_IN_REG_5_ -> U129 -> U216 -> U145 -> U138 -> U150 -> U140 -> U154 -> U156 -> U118 -> D_OUT_REG_7_,b09
10,2.5,16,2,6,0,0,0,DFF_Q_D_IN_REG_5_,D_OUT_REG_7_,DFF_Q_D_IN_REG_5_ -> U215 -> U145 -> U138 -> U150 -> U140 -> U88 -> U155 -> U118 -> D_OUT_REG_7_,b09
10,2.5,15,1,6,1,0,0,DFF_Q_D_IN_REG_5_,D_OUT_REG_7_,DFF_Q_D_IN_REG_5_ -> U215 -> U145 -> U138 -> U150 -> U140 -> U154 -> U156 -> U118 -> D_OUT_REG_7_,b09
11,2.3636363636363638,17,2,6,1,0,0,DFF_Q_D_IN_REG_5_,D_OUT_REG_6_,DFF_Q_D_IN_REG_5_ -> U129 -> U216 -> U145 -> U138 -> U150 -> U140 -> U88 -> U158 -> U117 -> D_OUT_REG_6_,b09
11,2.272727272727273,17,2,6,1,0,0,DFF_Q_D_IN_REG_5_,D_OUT_REG_6_,DFF_Q_D_IN_REG_5_ -> U129 -> U216 -> U145 -> U138 -> U150 -> U140 -> U89 -> U157 -> U117 -> D_OUT_REG_6_,b09
11,2.3636363636363638,16,1,6,2,0,0,DFF_Q_D_IN_REG_5_,D_OUT_REG_6_,DFF_Q_D_IN_REG_5_ -> U129 -> U216 -> U145 -> U138 -> U150 -> U140 -> U154 -> U159 -> U117 -> D_OUT_REG_6_,b09
10,2.5,16,2,6,0,0,0,DFF_Q_D_IN_REG_5_,D_OUT_REG_6_,DFF_Q_D_IN_REG_5_ -> U215 -> U145 -> U138 -> U150 -> U140 -> U88 -> U158 -> U117 -> D_OUT_REG_6_,b09
10,2.4,16,2,6,0,0,0,DFF_Q_D_IN_REG_5_,D_OUT_REG_6_,DFF_Q_D_IN_REG_5_ -> U215 -> U145 -> U138 -> U150 -> U140 -> U89 -> U157 -> U117 -> D_OUT_REG_6_,b09
10,2.5,15,1,6,1,0,0,DFF_Q_D_IN_REG_5_,D_OUT_REG_6_,DFF_Q_D_IN_REG_5_ -> U215 -> U145 -> U138 -> U150 -> U140 -> U154 -> U159 -> U117 -> D_OUT_REG_6_,b09
11,2.3636363636363638,17,2,6,1,0,0,DFF_Q_D_IN_REG_5_,D_OUT_REG_5_,DFF_Q_D_IN_REG_5_ -> U129 -> U216 -> U145 -> U138 -> U150 -> U140 -> U88 -> U161 -> U116 -> D_OUT_REG_5_,b09
11,2.272727272727273,17,2,6,1,0,0,DFF_Q_D_IN_REG_5_,D_OUT_REG_5_,DFF_Q_D_IN_REG_5_ -> U129 -> U216 -> U145 -> U138 -> U150 -> U140 -> U89 -> U160 -> U116 -> D_OUT_REG_5_,b09
11,2.3636363636363638,16,1,6,2,0,0,DFF_Q_D_IN_REG_5_,D_OUT_REG_5_,DFF_Q_D_IN_REG_5_ -> U129 -> U216 -> U145 -> U138 -> U150 -> U140 -> U154 -> U162 -> U116 -> D_OUT_REG_5_,b09
10,2.5,16,2,6,0,0,0,DFF_Q_D_IN_REG_5_,D_OUT_REG_5_,DFF_Q_D_IN_REG_5_ -> U215 -> U145 -> U138 -> U150 -> U140 -> U88 -> U161 -> U116 -> D_OUT_REG_5_,b09
10,2.4,16,2,6,0,0,0,DFF_Q_D_IN_REG_5_,D_OUT_REG_5_,DFF_Q_D_IN_REG_5_ -> U215 -> U145 -> U138 -> U150 -> U140 -> U89 -> U160 -> U116 -> D_OUT_REG_5_,b09
10,2.5,15,1,6,1,0,0,DFF_Q_D_IN_REG_5_,D_OUT_REG_5_,DFF_Q_D_IN_REG_5_ -> U215 -> U145 -> U138 -> U150 -> U140 -> U154 -> U162 -> U116 -> D_OUT_REG_5_,b09
11,2.3636363636363638,17,2,6,1,0,0,DFF_Q_D_IN_REG_5_,D_OUT_REG_4_,DFF_Q_D_IN_REG_5_ -> U129 -> U216 -> U145 -> U138 -> U150 -> U140 -> U88 -> U164 -> U115 -> D_OUT_REG_4_,b09
11,2.272727272727273,17,2,6,1,0,0,DFF_Q_D_IN_REG_5_,D_OUT_REG_4_,DFF_Q_D_IN_REG_5_ -> U129 -> U216 -> U145 -> U138 -> U150 -> U140 -> U89 -> U163 -> U115 -> D_OUT_REG_4_,b09
11,2.3636363636363638,16,1,6,2,0,0,DFF_Q_D_IN_REG_5_,D_OUT_REG_4_,DFF_Q_D_IN_REG_5_ -> U129 -> U216 -> U145 -> U138 -> U150 -> U140 -> U154 -> U165 -> U115 -> D_OUT_REG_4_,b09
4,1.75,4,0,2,0,0,0,DFF_Q_D_IN_REG_5_,D_OUT_REG_4_,DFF_Q_D_IN_REG_5_ -> U164 -> U115 -> D_OUT_REG_4_,b09
10,2.5,16,2,6,0,0,0,DFF_Q_D_IN_REG_5_,D_OUT_REG_4_,DFF_Q_D_IN_REG_5_ -> U215 -> U145 -> U138 -> U150 -> U140 -> U88 -> U164 -> U115 -> D_OUT_REG_4_,b09
10,2.4,16,2,6,0,0,0,DFF_Q_D_IN_REG_5_,D_OUT_REG_4_,DFF_Q_D_IN_REG_5_ -> U215 -> U145 -> U138 -> U150 -> U140 -> U89 -> U163 -> U115 -> D_OUT_REG_4_,b09
10,2.5,15,1,6,1,0,0,DFF_Q_D_IN_REG_5_,D_OUT_REG_4_,DFF_Q_D_IN_REG_5_ -> U215 -> U145 -> U138 -> U150 -> U140 -> U154 -> U165 -> U115 -> D_OUT_REG_4_,b09
11,2.3636363636363638,17,2,6,1,0,0,DFF_Q_D_IN_REG_5_,D_OUT_REG_3_,DFF_Q_D_IN_REG_5_ -> U129 -> U216 -> U145 -> U138 -> U150 -> U140 -> U88 -> U167 -> U114 -> D_OUT_REG_3_,b09
11,2.272727272727273,17,2,6,1,0,0,DFF_Q_D_IN_REG_5_,D_OUT_REG_3_,DFF_Q_D_IN_REG_5_ -> U129 -> U216 -> U145 -> U138 -> U150 -> U140 -> U89 -> U166 -> U114 -> D_OUT_REG_3_,b09
11,2.3636363636363638,16,1,6,2,0,0,DFF_Q_D_IN_REG_5_,D_OUT_REG_3_,DFF_Q_D_IN_REG_5_ -> U129 -> U216 -> U145 -> U138 -> U150 -> U140 -> U154 -> U168 -> U114 -> D_OUT_REG_3_,b09
10,2.5,16,2,6,0,0,0,DFF_Q_D_IN_REG_5_,D_OUT_REG_3_,DFF_Q_D_IN_REG_5_ -> U215 -> U145 -> U138 -> U150 -> U140 -> U88 -> U167 -> U114 -> D_OUT_REG_3_,b09
10,2.4,16,2,6,0,0,0,DFF_Q_D_IN_REG_5_,D_OUT_REG_3_,DFF_Q_D_IN_REG_5_ -> U215 -> U145 -> U138 -> U150 -> U140 -> U89 -> U166 -> U114 -> D_OUT_REG_3_,b09
10,2.5,15,1,6,1,0,0,DFF_Q_D_IN_REG_5_,D_OUT_REG_3_,DFF_Q_D_IN_REG_5_ -> U215 -> U145 -> U138 -> U150 -> U140 -> U154 -> U168 -> U114 -> D_OUT_REG_3_,b09
11,2.3636363636363638,17,2,6,1,0,0,DFF_Q_D_IN_REG_5_,D_OUT_REG_2_,DFF_Q_D_IN_REG_5_ -> U129 -> U216 -> U145 -> U138 -> U150 -> U140 -> U88 -> U170 -> U113 -> D_OUT_REG_2_,b09
11,2.272727272727273,17,2,6,1,0,0,DFF_Q_D_IN_REG_5_,D_OUT_REG_2_,DFF_Q_D_IN_REG_5_ -> U129 -> U216 -> U145 -> U138 -> U150 -> U140 -> U89 -> U169 -> U113 -> D_OUT_REG_2_,b09
11,2.3636363636363638,16,1,6,2,0,0,DFF_Q_D_IN_REG_5_,D_OUT_REG_2_,DFF_Q_D_IN_REG_5_ -> U129 -> U216 -> U145 -> U138 -> U150 -> U140 -> U154 -> U171 -> U113 -> D_OUT_REG_2_,b09
10,2.5,16,2,6,0,0,0,DFF_Q_D_IN_REG_5_,D_OUT_REG_2_,DFF_Q_D_IN_REG_5_ -> U215 -> U145 -> U138 -> U150 -> U140 -> U88 -> U170 -> U113 -> D_OUT_REG_2_,b09
10,2.4,16,2,6,0,0,0,DFF_Q_D_IN_REG_5_,D_OUT_REG_2_,DFF_Q_D_IN_REG_5_ -> U215 -> U145 -> U138 -> U150 -> U140 -> U89 -> U169 -> U113 -> D_OUT_REG_2_,b09
10,2.5,15,1,6,1,0,0,DFF_Q_D_IN_REG_5_,D_OUT_REG_2_,DFF_Q_D_IN_REG_5_ -> U215 -> U145 -> U138 -> U150 -> U140 -> U154 -> U171 -> U113 -> D_OUT_REG_2_,b09
11,2.3636363636363638,17,2,6,1,0,0,DFF_Q_D_IN_REG_5_,D_OUT_REG_1_,DFF_Q_D_IN_REG_5_ -> U129 -> U216 -> U145 -> U138 -> U150 -> U140 -> U88 -> U173 -> U112 -> D_OUT_REG_1_,b09
11,2.272727272727273,17,2,6,1,0,0,DFF_Q_D_IN_REG_5_,D_OUT_REG_1_,DFF_Q_D_IN_REG_5_ -> U129 -> U216 -> U145 -> U138 -> U150 -> U140 -> U89 -> U172 -> U112 -> D_OUT_REG_1_,b09
11,2.3636363636363638,16,1,6,2,0,0,DFF_Q_D_IN_REG_5_,D_OUT_REG_1_,DFF_Q_D_IN_REG_5_ -> U129 -> U216 -> U145 -> U138 -> U150 -> U140 -> U154 -> U174 -> U112 -> D_OUT_REG_1_,b09
10,2.5,16,2,6,0,0,0,DFF_Q_D_IN_REG_5_,D_OUT_REG_1_,DFF_Q_D_IN_REG_5_ -> U215 -> U145 -> U138 -> U150 -> U140 -> U88 -> U173 -> U112 -> D_OUT_REG_1_,b09
10,2.4,16,2,6,0,0,0,DFF_Q_D_IN_REG_5_,D_OUT_REG_1_,DFF_Q_D_IN_REG_5_ -> U215 -> U145 -> U138 -> U150 -> U140 -> U89 -> U172 -> U112 -> D_OUT_REG_1_,b09
10,2.5,15,1,6,1,0,0,DFF_Q_D_IN_REG_5_,D_OUT_REG_1_,DFF_Q_D_IN_REG_5_ -> U215 -> U145 -> U138 -> U150 -> U140 -> U154 -> U174 -> U112 -> D_OUT_REG_1_,b09
11,2.3636363636363638,17,2,6,1,0,0,DFF_Q_D_IN_REG_5_,D_OUT_REG_0_,DFF_Q_D_IN_REG_5_ -> U129 -> U216 -> U145 -> U138 -> U150 -> U140 -> U88 -> U176 -> U111 -> D_OUT_REG_0_,b09
11,2.272727272727273,17,2,6,1,0,0,DFF_Q_D_IN_REG_5_,D_OUT_REG_0_,DFF_Q_D_IN_REG_5_ -> U129 -> U216 -> U145 -> U138 -> U150 -> U140 -> U89 -> U175 -> U111 -> D_OUT_REG_0_,b09
11,2.3636363636363638,16,1,6,2,0,0,DFF_Q_D_IN_REG_5_,D_OUT_REG_0_,DFF_Q_D_IN_REG_5_ -> U129 -> U216 -> U145 -> U138 -> U150 -> U140 -> U154 -> U177 -> U111 -> D_OUT_REG_0_,b09
10,2.5,16,2,6,0,0,0,DFF_Q_D_IN_REG_5_,D_OUT_REG_0_,DFF_Q_D_IN_REG_5_ -> U215 -> U145 -> U138 -> U150 -> U140 -> U88 -> U176 -> U111 -> D_OUT_REG_0_,b09
10,2.4,16,2,6,0,0,0,DFF_Q_D_IN_REG_5_,D_OUT_REG_0_,DFF_Q_D_IN_REG_5_ -> U215 -> U145 -> U138 -> U150 -> U140 -> U89 -> U175 -> U111 -> D_OUT_REG_0_,b09
10,2.5,15,1,6,1,0,0,DFF_Q_D_IN_REG_5_,D_OUT_REG_0_,DFF_Q_D_IN_REG_5_ -> U215 -> U145 -> U138 -> U150 -> U140 -> U154 -> U177 -> U111 -> D_OUT_REG_0_,b09
4,1.75,4,0,2,0,0,0,DFF_Q_D_IN_REG_5_,OLD_REG_4_,DFF_Q_D_IN_REG_5_ -> U186 -> U107 -> OLD_REG_4_,b09
8,1.75,11,1,4,1,0,0,DFF_Q_D_IN_REG_5_,Y_REG,DFF_Q_D_IN_REG_5_ -> U129 -> U216 -> U145 -> U138 -> U150 -> U102 -> Y_REG,b09
7,1.8571428571428572,10,1,4,0,0,0,DFF_Q_D_IN_REG_5_,Y_REG,DFF_Q_D_IN_REG_5_ -> U215 -> U145 -> U138 -> U150 -> U102 -> Y_REG,b09
9,1.5555555555555556,12,1,4,2,0,0,DFF_Q_D_IN_REG_5_,STATO_REG_0_,DFF_Q_D_IN_REG_5_ -> U129 -> U216 -> U145 -> U138 -> U147 -> U153 -> U91 -> STATO_REG_0_,b09
8,1.625,11,1,4,1,0,0,DFF_Q_D_IN_REG_5_,STATO_REG_0_,DFF_Q_D_IN_REG_5_ -> U215 -> U145 -> U138 -> U147 -> U153 -> U91 -> STATO_REG_0_,b09
10,1.5,15,1,6,1,0,0,DFF_Q_D_IN_REG_5_,D_IN_REG_8_,DFF_Q_D_IN_REG_5_ -> U129 -> U216 -> U145 -> U138 -> U199 -> U200 -> U204 -> U101 -> D_IN_REG_8_,b09
9,1.5555555555555556,14,1,6,0,0,0,DFF_Q_D_IN_REG_5_,D_IN_REG_8_,DFF_Q_D_IN_REG_5_ -> U215 -> U145 -> U138 -> U199 -> U200 -> U204 -> U101 -> D_IN_REG_8_,b09
3,2.0,2,1,0,0,0,0,DFF_Q_D_IN_REG_5_,D_IN_REG_4_,DFF_Q_D_IN_REG_5_ -> U97 -> D_IN_REG_4_,b09
11,2.3636363636363638,17,2,6,1,0,0,DFF_Q_D_IN_REG_4_,D_OUT_REG_7_,DFF_Q_D_IN_REG_4_ -> U127 -> U214 -> U144 -> U138 -> U150 -> U140 -> U88 -> U155 -> U118 -> D_OUT_REG_7_,b09
11,2.3636363636363638,16,1,6,2,0,0,DFF_Q_D_IN_REG_4_,D_OUT_REG_7_,DFF_Q_D_IN_REG_4_ -> U127 -> U214 -> U144 -> U138 -> U150 -> U140 -> U154 -> U156 -> U118 -> D_OUT_REG_7_,b09
10,2.5,16,2,6,0,0,0,DFF_Q_D_IN_REG_4_,D_OUT_REG_7_,DFF_Q_D_IN_REG_4_ -> U213 -> U144 -> U138 -> U150 -> U140 -> U88 -> U155 -> U118 -> D_OUT_REG_7_,b09
10,2.5,15,1,6,1,0,0,DFF_Q_D_IN_REG_4_,D_OUT_REG_7_,DFF_Q_D_IN_REG_4_ -> U213 -> U144 -> U138 -> U150 -> U140 -> U154 -> U156 -> U118 -> D_OUT_REG_7_,b09
11,2.3636363636363638,17,2,6,1,0,0,DFF_Q_D_IN_REG_4_,D_OUT_REG_6_,DFF_Q_D_IN_REG_4_ -> U127 -> U214 -> U144 -> U138 -> U150 -> U140 -> U88 -> U158 -> U117 -> D_OUT_REG_6_,b09
11,2.272727272727273,17,2,6,1,0,0,DFF_Q_D_IN_REG_4_,D_OUT_REG_6_,DFF_Q_D_IN_REG_4_ -> U127 -> U214 -> U144 -> U138 -> U150 -> U140 -> U89 -> U157 -> U117 -> D_OUT_REG_6_,b09
11,2.3636363636363638,16,1,6,2,0,0,DFF_Q_D_IN_REG_4_,D_OUT_REG_6_,DFF_Q_D_IN_REG_4_ -> U127 -> U214 -> U144 -> U138 -> U150 -> U140 -> U154 -> U159 -> U117 -> D_OUT_REG_6_,b09
10,2.5,16,2,6,0,0,0,DFF_Q_D_IN_REG_4_,D_OUT_REG_6_,DFF_Q_D_IN_REG_4_ -> U213 -> U144 -> U138 -> U150 -> U140 -> U88 -> U158 -> U117 -> D_OUT_REG_6_,b09
10,2.4,16,2,6,0,0,0,DFF_Q_D_IN_REG_4_,D_OUT_REG_6_,DFF_Q_D_IN_REG_4_ -> U213 -> U144 -> U138 -> U150 -> U140 -> U89 -> U157 -> U117 -> D_OUT_REG_6_,b09
10,2.5,15,1,6,1,0,0,DFF_Q_D_IN_REG_4_,D_OUT_REG_6_,DFF_Q_D_IN_REG_4_ -> U213 -> U144 -> U138 -> U150 -> U140 -> U154 -> U159 -> U117 -> D_OUT_REG_6_,b09
11,2.3636363636363638,17,2,6,1,0,0,DFF_Q_D_IN_REG_4_,D_OUT_REG_5_,DFF_Q_D_IN_REG_4_ -> U127 -> U214 -> U144 -> U138 -> U150 -> U140 -> U88 -> U161 -> U116 -> D_OUT_REG_5_,b09
11,2.272727272727273,17,2,6,1,0,0,DFF_Q_D_IN_REG_4_,D_OUT_REG_5_,DFF_Q_D_IN_REG_4_ -> U127 -> U214 -> U144 -> U138 -> U150 -> U140 -> U89 -> U160 -> U116 -> D_OUT_REG_5_,b09
11,2.3636363636363638,16,1,6,2,0,0,DFF_Q_D_IN_REG_4_,D_OUT_REG_5_,DFF_Q_D_IN_REG_4_ -> U127 -> U214 -> U144 -> U138 -> U150 -> U140 -> U154 -> U162 -> U116 -> D_OUT_REG_5_,b09
10,2.5,16,2,6,0,0,0,DFF_Q_D_IN_REG_4_,D_OUT_REG_5_,DFF_Q_D_IN_REG_4_ -> U213 -> U144 -> U138 -> U150 -> U140 -> U88 -> U161 -> U116 -> D_OUT_REG_5_,b09
10,2.4,16,2,6,0,0,0,DFF_Q_D_IN_REG_4_,D_OUT_REG_5_,DFF_Q_D_IN_REG_4_ -> U213 -> U144 -> U138 -> U150 -> U140 -> U89 -> U160 -> U116 -> D_OUT_REG_5_,b09
10,2.5,15,1,6,1,0,0,DFF_Q_D_IN_REG_4_,D_OUT_REG_5_,DFF_Q_D_IN_REG_4_ -> U213 -> U144 -> U138 -> U150 -> U140 -> U154 -> U162 -> U116 -> D_OUT_REG_5_,b09
11,2.3636363636363638,17,2,6,1,0,0,DFF_Q_D_IN_REG_4_,D_OUT_REG_4_,DFF_Q_D_IN_REG_4_ -> U127 -> U214 -> U144 -> U138 -> U150 -> U140 -> U88 -> U164 -> U115 -> D_OUT_REG_4_,b09
11,2.272727272727273,17,2,6,1,0,0,DFF_Q_D_IN_REG_4_,D_OUT_REG_4_,DFF_Q_D_IN_REG_4_ -> U127 -> U214 -> U144 -> U138 -> U150 -> U140 -> U89 -> U163 -> U115 -> D_OUT_REG_4_,b09
11,2.3636363636363638,16,1,6,2,0,0,DFF_Q_D_IN_REG_4_,D_OUT_REG_4_,DFF_Q_D_IN_REG_4_ -> U127 -> U214 -> U144 -> U138 -> U150 -> U140 -> U154 -> U165 -> U115 -> D_OUT_REG_4_,b09
10,2.5,16,2,6,0,0,0,DFF_Q_D_IN_REG_4_,D_OUT_REG_4_,DFF_Q_D_IN_REG_4_ -> U213 -> U144 -> U138 -> U150 -> U140 -> U88 -> U164 -> U115 -> D_OUT_REG_4_,b09
10,2.4,16,2,6,0,0,0,DFF_Q_D_IN_REG_4_,D_OUT_REG_4_,DFF_Q_D_IN_REG_4_ -> U213 -> U144 -> U138 -> U150 -> U140 -> U89 -> U163 -> U115 -> D_OUT_REG_4_,b09
10,2.5,15,1,6,1,0,0,DFF_Q_D_IN_REG_4_,D_OUT_REG_4_,DFF_Q_D_IN_REG_4_ -> U213 -> U144 -> U138 -> U150 -> U140 -> U154 -> U165 -> U115 -> D_OUT_REG_4_,b09
11,2.3636363636363638,17,2,6,1,0,0,DFF_Q_D_IN_REG_4_,D_OUT_REG_3_,DFF_Q_D_IN_REG_4_ -> U127 -> U214 -> U144 -> U138 -> U150 -> U140 -> U88 -> U167 -> U114 -> D_OUT_REG_3_,b09
11,2.272727272727273,17,2,6,1,0,0,DFF_Q_D_IN_REG_4_,D_OUT_REG_3_,DFF_Q_D_IN_REG_4_ -> U127 -> U214 -> U144 -> U138 -> U150 -> U140 -> U89 -> U166 -> U114 -> D_OUT_REG_3_,b09
11,2.3636363636363638,16,1,6,2,0,0,DFF_Q_D_IN_REG_4_,D_OUT_REG_3_,DFF_Q_D_IN_REG_4_ -> U127 -> U214 -> U144 -> U138 -> U150 -> U140 -> U154 -> U168 -> U114 -> D_OUT_REG_3_,b09
4,1.75,4,0,2,0,0,0,DFF_Q_D_IN_REG_4_,D_OUT_REG_3_,DFF_Q_D_IN_REG_4_ -> U167 -> U114 -> D_OUT_REG_3_,b09
10,2.5,16,2,6,0,0,0,DFF_Q_D_IN_REG_4_,D_OUT_REG_3_,DFF_Q_D_IN_REG_4_ -> U213 -> U144 -> U138 -> U150 -> U140 -> U88 -> U167 -> U114 -> D_OUT_REG_3_,b09
10,2.4,16,2,6,0,0,0,DFF_Q_D_IN_REG_4_,D_OUT_REG_3_,DFF_Q_D_IN_REG_4_ -> U213 -> U144 -> U138 -> U150 -> U140 -> U89 -> U166 -> U114 -> D_OUT_REG_3_,b09
10,2.5,15,1,6,1,0,0,DFF_Q_D_IN_REG_4_,D_OUT_REG_3_,DFF_Q_D_IN_REG_4_ -> U213 -> U144 -> U138 -> U150 -> U140 -> U154 -> U168 -> U114 -> D_OUT_REG_3_,b09
11,2.3636363636363638,17,2,6,1,0,0,DFF_Q_D_IN_REG_4_,D_OUT_REG_2_,DFF_Q_D_IN_REG_4_ -> U127 -> U214 -> U144 -> U138 -> U150 -> U140 -> U88 -> U170 -> U113 -> D_OUT_REG_2_,b09
11,2.272727272727273,17,2,6,1,0,0,DFF_Q_D_IN_REG_4_,D_OUT_REG_2_,DFF_Q_D_IN_REG_4_ -> U127 -> U214 -> U144 -> U138 -> U150 -> U140 -> U89 -> U169 -> U113 -> D_OUT_REG_2_,b09
11,2.3636363636363638,16,1,6,2,0,0,DFF_Q_D_IN_REG_4_,D_OUT_REG_2_,DFF_Q_D_IN_REG_4_ -> U127 -> U214 -> U144 -> U138 -> U150 -> U140 -> U154 -> U171 -> U113 -> D_OUT_REG_2_,b09
10,2.5,16,2,6,0,0,0,DFF_Q_D_IN_REG_4_,D_OUT_REG_2_,DFF_Q_D_IN_REG_4_ -> U213 -> U144 -> U138 -> U150 -> U140 -> U88 -> U170 -> U113 -> D_OUT_REG_2_,b09
10,2.4,16,2,6,0,0,0,DFF_Q_D_IN_REG_4_,D_OUT_REG_2_,DFF_Q_D_IN_REG_4_ -> U213 -> U144 -> U138 -> U150 -> U140 -> U89 -> U169 -> U113 -> D_OUT_REG_2_,b09
10,2.5,15,1,6,1,0,0,DFF_Q_D_IN_REG_4_,D_OUT_REG_2_,DFF_Q_D_IN_REG_4_ -> U213 -> U144 -> U138 -> U150 -> U140 -> U154 -> U171 -> U113 -> D_OUT_REG_2_,b09
11,2.3636363636363638,17,2,6,1,0,0,DFF_Q_D_IN_REG_4_,D_OUT_REG_1_,DFF_Q_D_IN_REG_4_ -> U127 -> U214 -> U144 -> U138 -> U150 -> U140 -> U88 -> U173 -> U112 -> D_OUT_REG_1_,b09
11,2.272727272727273,17,2,6,1,0,0,DFF_Q_D_IN_REG_4_,D_OUT_REG_1_,DFF_Q_D_IN_REG_4_ -> U127 -> U214 -> U144 -> U138 -> U150 -> U140 -> U89 -> U172 -> U112 -> D_OUT_REG_1_,b09
11,2.3636363636363638,16,1,6,2,0,0,DFF_Q_D_IN_REG_4_,D_OUT_REG_1_,DFF_Q_D_IN_REG_4_ -> U127 -> U214 -> U144 -> U138 -> U150 -> U140 -> U154 -> U174 -> U112 -> D_OUT_REG_1_,b09
10,2.5,16,2,6,0,0,0,DFF_Q_D_IN_REG_4_,D_OUT_REG_1_,DFF_Q_D_IN_REG_4_ -> U213 -> U144 -> U138 -> U150 -> U140 -> U88 -> U173 -> U112 -> D_OUT_REG_1_,b09
10,2.4,16,2,6,0,0,0,DFF_Q_D_IN_REG_4_,D_OUT_REG_1_,DFF_Q_D_IN_REG_4_ -> U213 -> U144 -> U138 -> U150 -> U140 -> U89 -> U172 -> U112 -> D_OUT_REG_1_,b09
10,2.5,15,1,6,1,0,0,DFF_Q_D_IN_REG_4_,D_OUT_REG_1_,DFF_Q_D_IN_REG_4_ -> U213 -> U144 -> U138 -> U150 -> U140 -> U154 -> U174 -> U112 -> D_OUT_REG_1_,b09
11,2.3636363636363638,17,2,6,1,0,0,DFF_Q_D_IN_REG_4_,D_OUT_REG_0_,DFF_Q_D_IN_REG_4_ -> U127 -> U214 -> U144 -> U138 -> U150 -> U140 -> U88 -> U176 -> U111 -> D_OUT_REG_0_,b09
11,2.272727272727273,17,2,6,1,0,0,DFF_Q_D_IN_REG_4_,D_OUT_REG_0_,DFF_Q_D_IN_REG_4_ -> U127 -> U214 -> U144 -> U138 -> U150 -> U140 -> U89 -> U175 -> U111 -> D_OUT_REG_0_,b09
11,2.3636363636363638,16,1,6,2,0,0,DFF_Q_D_IN_REG_4_,D_OUT_REG_0_,DFF_Q_D_IN_REG_4_ -> U127 -> U214 -> U144 -> U138 -> U150 -> U140 -> U154 -> U177 -> U111 -> D_OUT_REG_0_,b09
10,2.5,16,2,6,0,0,0,DFF_Q_D_IN_REG_4_,D_OUT_REG_0_,DFF_Q_D_IN_REG_4_ -> U213 -> U144 -> U138 -> U150 -> U140 -> U88 -> U176 -> U111 -> D_OUT_REG_0_,b09
10,2.4,16,2,6,0,0,0,DFF_Q_D_IN_REG_4_,D_OUT_REG_0_,DFF_Q_D_IN_REG_4_ -> U213 -> U144 -> U138 -> U150 -> U140 -> U89 -> U175 -> U111 -> D_OUT_REG_0_,b09
10,2.5,15,1,6,1,0,0,DFF_Q_D_IN_REG_4_,D_OUT_REG_0_,DFF_Q_D_IN_REG_4_ -> U213 -> U144 -> U138 -> U150 -> U140 -> U154 -> U177 -> U111 -> D_OUT_REG_0_,b09
4,1.75,4,0,2,0,0,0,DFF_Q_D_IN_REG_4_,OLD_REG_3_,DFF_Q_D_IN_REG_4_ -> U188 -> U106 -> OLD_REG_3_,b09
8,1.75,11,1,4,1,0,0,DFF_Q_D_IN_REG_4_,Y_REG,DFF_Q_D_IN_REG_4_ -> U127 -> U214 -> U144 -> U138 -> U150 -> U102 -> Y_REG,b09
7,1.8571428571428572,10,1,4,0,0,0,DFF_Q_D_IN_REG_4_,Y_REG,DFF_Q_D_IN_REG_4_ -> U213 -> U144 -> U138 -> U150 -> U102 -> Y_REG,b09
9,1.5555555555555556,12,1,4,2,0,0,DFF_Q_D_IN_REG_4_,STATO_REG_0_,DFF_Q_D_IN_REG_4_ -> U127 -> U214 -> U144 -> U138 -> U147 -> U153 -> U91 -> STATO_REG_0_,b09
8,1.625,11,1,4,1,0,0,DFF_Q_D_IN_REG_4_,STATO_REG_0_,DFF_Q_D_IN_REG_4_ -> U213 -> U144 -> U138 -> U147 -> U153 -> U91 -> STATO_REG_0_,b09
10,1.5,15,1,6,1,0,0,DFF_Q_D_IN_REG_4_,D_IN_REG_8_,DFF_Q_D_IN_REG_4_ -> U127 -> U214 -> U144 -> U138 -> U199 -> U200 -> U204 -> U101 -> D_IN_REG_8_,b09
9,1.5555555555555556,14,1,6,0,0,0,DFF_Q_D_IN_REG_4_,D_IN_REG_8_,DFF_Q_D_IN_REG_4_ -> U213 -> U144 -> U138 -> U199 -> U200 -> U204 -> U101 -> D_IN_REG_8_,b09
3,2.0,2,1,0,0,0,0,DFF_Q_D_IN_REG_4_,D_IN_REG_3_,DFF_Q_D_IN_REG_4_ -> U96 -> D_IN_REG_3_,b09
11,2.3636363636363638,17,2,6,1,0,0,DFF_Q_D_IN_REG_3_,D_OUT_REG_7_,DFF_Q_D_IN_REG_3_ -> U125 -> U212 -> U144 -> U138 -> U150 -> U140 -> U88 -> U155 -> U118 -> D_OUT_REG_7_,b09
11,2.3636363636363638,16,1,6,2,0,0,DFF_Q_D_IN_REG_3_,D_OUT_REG_7_,DFF_Q_D_IN_REG_3_ -> U125 -> U212 -> U144 -> U138 -> U150 -> U140 -> U154 -> U156 -> U118 -> D_OUT_REG_7_,b09
10,2.5,16,2,6,0,0,0,DFF_Q_D_IN_REG_3_,D_OUT_REG_7_,DFF_Q_D_IN_REG_3_ -> U211 -> U144 -> U138 -> U150 -> U140 -> U88 -> U155 -> U118 -> D_OUT_REG_7_,b09
10,2.5,15,1,6,1,0,0,DFF_Q_D_IN_REG_3_,D_OUT_REG_7_,DFF_Q_D_IN_REG_3_ -> U211 -> U144 -> U138 -> U150 -> U140 -> U154 -> U156 -> U118 -> D_OUT_REG_7_,b09
11,2.3636363636363638,17,2,6,1,0,0,DFF_Q_D_IN_REG_3_,D_OUT_REG_6_,DFF_Q_D_IN_REG_3_ -> U125 -> U212 -> U144 -> U138 -> U150 -> U140 -> U88 -> U158 -> U117 -> D_OUT_REG_6_,b09
11,2.272727272727273,17,2,6,1,0,0,DFF_Q_D_IN_REG_3_,D_OUT_REG_6_,DFF_Q_D_IN_REG_3_ -> U125 -> U212 -> U144 -> U138 -> U150 -> U140 -> U89 -> U157 -> U117 -> D_OUT_REG_6_,b09
11,2.3636363636363638,16,1,6,2,0,0,DFF_Q_D_IN_REG_3_,D_OUT_REG_6_,DFF_Q_D_IN_REG_3_ -> U125 -> U212 -> U144 -> U138 -> U150 -> U140 -> U154 -> U159 -> U117 -> D_OUT_REG_6_,b09
10,2.5,16,2,6,0,0,0,DFF_Q_D_IN_REG_3_,D_OUT_REG_6_,DFF_Q_D_IN_REG_3_ -> U211 -> U144 -> U138 -> U150 -> U140 -> U88 -> U158 -> U117 -> D_OUT_REG_6_,b09
10,2.4,16,2,6,0,0,0,DFF_Q_D_IN_REG_3_,D_OUT_REG_6_,DFF_Q_D_IN_REG_3_ -> U211 -> U144 -> U138 -> U150 -> U140 -> U89 -> U157 -> U117 -> D_OUT_REG_6_,b09
10,2.5,15,1,6,1,0,0,DFF_Q_D_IN_REG_3_,D_OUT_REG_6_,DFF_Q_D_IN_REG_3_ -> U211 -> U144 -> U138 -> U150 -> U140 -> U154 -> U159 -> U117 -> D_OUT_REG_6_,b09
11,2.3636363636363638,17,2,6,1,0,0,DFF_Q_D_IN_REG_3_,D_OUT_REG_5_,DFF_Q_D_IN_REG_3_ -> U125 -> U212 -> U144 -> U138 -> U150 -> U140 -> U88 -> U161 -> U116 -> D_OUT_REG_5_,b09
11,2.272727272727273,17,2,6,1,0,0,DFF_Q_D_IN_REG_3_,D_OUT_REG_5_,DFF_Q_D_IN_REG_3_ -> U125 -> U212 -> U144 -> U138 -> U150 -> U140 -> U89 -> U160 -> U116 -> D_OUT_REG_5_,b09
11,2.3636363636363638,16,1,6,2,0,0,DFF_Q_D_IN_REG_3_,D_OUT_REG_5_,DFF_Q_D_IN_REG_3_ -> U125 -> U212 -> U144 -> U138 -> U150 -> U140 -> U154 -> U162 -> U116 -> D_OUT_REG_5_,b09
10,2.5,16,2,6,0,0,0,DFF_Q_D_IN_REG_3_,D_OUT_REG_5_,DFF_Q_D_IN_REG_3_ -> U211 -> U144 -> U138 -> U150 -> U140 -> U88 -> U161 -> U116 -> D_OUT_REG_5_,b09
10,2.4,16,2,6,0,0,0,DFF_Q_D_IN_REG_3_,D_OUT_REG_5_,DFF_Q_D_IN_REG_3_ -> U211 -> U144 -> U138 -> U150 -> U140 -> U89 -> U160 -> U116 -> D_OUT_REG_5_,b09
10,2.5,15,1,6,1,0,0,DFF_Q_D_IN_REG_3_,D_OUT_REG_5_,DFF_Q_D_IN_REG_3_ -> U211 -> U144 -> U138 -> U150 -> U140 -> U154 -> U162 -> U116 -> D_OUT_REG_5_,b09
11,2.3636363636363638,17,2,6,1,0,0,DFF_Q_D_IN_REG_3_,D_OUT_REG_4_,DFF_Q_D_IN_REG_3_ -> U125 -> U212 -> U144 -> U138 -> U150 -> U140 -> U88 -> U164 -> U115 -> D_OUT_REG_4_,b09
11,2.272727272727273,17,2,6,1,0,0,DFF_Q_D_IN_REG_3_,D_OUT_REG_4_,DFF_Q_D_IN_REG_3_ -> U125 -> U212 -> U144 -> U138 -> U150 -> U140 -> U89 -> U163 -> U115 -> D_OUT_REG_4_,b09
11,2.3636363636363638,16,1,6,2,0,0,DFF_Q_D_IN_REG_3_,D_OUT_REG_4_,DFF_Q_D_IN_REG_3_ -> U125 -> U212 -> U144 -> U138 -> U150 -> U140 -> U154 -> U165 -> U115 -> D_OUT_REG_4_,b09
10,2.5,16,2,6,0,0,0,DFF_Q_D_IN_REG_3_,D_OUT_REG_4_,DFF_Q_D_IN_REG_3_ -> U211 -> U144 -> U138 -> U150 -> U140 -> U88 -> U164 -> U115 -> D_OUT_REG_4_,b09
10,2.4,16,2,6,0,0,0,DFF_Q_D_IN_REG_3_,D_OUT_REG_4_,DFF_Q_D_IN_REG_3_ -> U211 -> U144 -> U138 -> U150 -> U140 -> U89 -> U163 -> U115 -> D_OUT_REG_4_,b09
10,2.5,15,1,6,1,0,0,DFF_Q_D_IN_REG_3_,D_OUT_REG_4_,DFF_Q_D_IN_REG_3_ -> U211 -> U144 -> U138 -> U150 -> U140 -> U154 -> U165 -> U115 -> D_OUT_REG_4_,b09
11,2.3636363636363638,17,2,6,1,0,0,DFF_Q_D_IN_REG_3_,D_OUT_REG_3_,DFF_Q_D_IN_REG_3_ -> U125 -> U212 -> U144 -> U138 -> U150 -> U140 -> U88 -> U167 -> U114 -> D_OUT_REG_3_,b09
11,2.272727272727273,17,2,6,1,0,0,DFF_Q_D_IN_REG_3_,D_OUT_REG_3_,DFF_Q_D_IN_REG_3_ -> U125 -> U212 -> U144 -> U138 -> U150 -> U140 -> U89 -> U166 -> U114 -> D_OUT_REG_3_,b09
11,2.3636363636363638,16,1,6,2,0,0,DFF_Q_D_IN_REG_3_,D_OUT_REG_3_,DFF_Q_D_IN_REG_3_ -> U125 -> U212 -> U144 -> U138 -> U150 -> U140 -> U154 -> U168 -> U114 -> D_OUT_REG_3_,b09
10,2.5,16,2,6,0,0,0,DFF_Q_D_IN_REG_3_,D_OUT_REG_3_,DFF_Q_D_IN_REG_3_ -> U211 -> U144 -> U138 -> U150 -> U140 -> U88 -> U167 -> U114 -> D_OUT_REG_3_,b09
10,2.4,16,2,6,0,0,0,DFF_Q_D_IN_REG_3_,D_OUT_REG_3_,DFF_Q_D_IN_REG_3_ -> U211 -> U144 -> U138 -> U150 -> U140 -> U89 -> U166 -> U114 -> D_OUT_REG_3_,b09
10,2.5,15,1,6,1,0,0,DFF_Q_D_IN_REG_3_,D_OUT_REG_3_,DFF_Q_D_IN_REG_3_ -> U211 -> U144 -> U138 -> U150 -> U140 -> U154 -> U168 -> U114 -> D_OUT_REG_3_,b09
11,2.3636363636363638,17,2,6,1,0,0,DFF_Q_D_IN_REG_3_,D_OUT_REG_2_,DFF_Q_D_IN_REG_3_ -> U125 -> U212 -> U144 -> U138 -> U150 -> U140 -> U88 -> U170 -> U113 -> D_OUT_REG_2_,b09
11,2.272727272727273,17,2,6,1,0,0,DFF_Q_D_IN_REG_3_,D_OUT_REG_2_,DFF_Q_D_IN_REG_3_ -> U125 -> U212 -> U144 -> U138 -> U150 -> U140 -> U89 -> U169 -> U113 -> D_OUT_REG_2_,b09
11,2.3636363636363638,16,1,6,2,0,0,DFF_Q_D_IN_REG_3_,D_OUT_REG_2_,DFF_Q_D_IN_REG_3_ -> U125 -> U212 -> U144 -> U138 -> U150 -> U140 -> U154 -> U171 -> U113 -> D_OUT_REG_2_,b09
4,1.75,4,0,2,0,0,0,DFF_Q_D_IN_REG_3_,D_OUT_REG_2_,DFF_Q_D_IN_REG_3_ -> U170 -> U113 -> D_OUT_REG_2_,b09
10,2.5,16,2,6,0,0,0,DFF_Q_D_IN_REG_3_,D_OUT_REG_2_,DFF_Q_D_IN_REG_3_ -> U211 -> U144 -> U138 -> U150 -> U140 -> U88 -> U170 -> U113 -> D_OUT_REG_2_,b09
10,2.4,16,2,6,0,0,0,DFF_Q_D_IN_REG_3_,D_OUT_REG_2_,DFF_Q_D_IN_REG_3_ -> U211 -> U144 -> U138 -> U150 -> U140 -> U89 -> U169 -> U113 -> D_OUT_REG_2_,b09
10,2.5,15,1,6,1,0,0,DFF_Q_D_IN_REG_3_,D_OUT_REG_2_,DFF_Q_D_IN_REG_3_ -> U211 -> U144 -> U138 -> U150 -> U140 -> U154 -> U171 -> U113 -> D_OUT_REG_2_,b09
11,2.3636363636363638,17,2,6,1,0,0,DFF_Q_D_IN_REG_3_,D_OUT_REG_1_,DFF_Q_D_IN_REG_3_ -> U125 -> U212 -> U144 -> U138 -> U150 -> U140 -> U88 -> U173 -> U112 -> D_OUT_REG_1_,b09
11,2.272727272727273,17,2,6,1,0,0,DFF_Q_D_IN_REG_3_,D_OUT_REG_1_,DFF_Q_D_IN_REG_3_ -> U125 -> U212 -> U144 -> U138 -> U150 -> U140 -> U89 -> U172 -> U112 -> D_OUT_REG_1_,b09
11,2.3636363636363638,16,1,6,2,0,0,DFF_Q_D_IN_REG_3_,D_OUT_REG_1_,DFF_Q_D_IN_REG_3_ -> U125 -> U212 -> U144 -> U138 -> U150 -> U140 -> U154 -> U174 -> U112 -> D_OUT_REG_1_,b09
10,2.5,16,2,6,0,0,0,DFF_Q_D_IN_REG_3_,D_OUT_REG_1_,DFF_Q_D_IN_REG_3_ -> U211 -> U144 -> U138 -> U150 -> U140 -> U88 -> U173 -> U112 -> D_OUT_REG_1_,b09
10,2.4,16,2,6,0,0,0,DFF_Q_D_IN_REG_3_,D_OUT_REG_1_,DFF_Q_D_IN_REG_3_ -> U211 -> U144 -> U138 -> U150 -> U140 -> U89 -> U172 -> U112 -> D_OUT_REG_1_,b09
10,2.5,15,1,6,1,0,0,DFF_Q_D_IN_REG_3_,D_OUT_REG_1_,DFF_Q_D_IN_REG_3_ -> U211 -> U144 -> U138 -> U150 -> U140 -> U154 -> U174 -> U112 -> D_OUT_REG_1_,b09
11,2.3636363636363638,17,2,6,1,0,0,DFF_Q_D_IN_REG_3_,D_OUT_REG_0_,DFF_Q_D_IN_REG_3_ -> U125 -> U212 -> U144 -> U138 -> U150 -> U140 -> U88 -> U176 -> U111 -> D_OUT_REG_0_,b09
11,2.272727272727273,17,2,6,1,0,0,DFF_Q_D_IN_REG_3_,D_OUT_REG_0_,DFF_Q_D_IN_REG_3_ -> U125 -> U212 -> U144 -> U138 -> U150 -> U140 -> U89 -> U175 -> U111 -> D_OUT_REG_0_,b09
11,2.3636363636363638,16,1,6,2,0,0,DFF_Q_D_IN_REG_3_,D_OUT_REG_0_,DFF_Q_D_IN_REG_3_ -> U125 -> U212 -> U144 -> U138 -> U150 -> U140 -> U154 -> U177 -> U111 -> D_OUT_REG_0_,b09
10,2.5,16,2,6,0,0,0,DFF_Q_D_IN_REG_3_,D_OUT_REG_0_,DFF_Q_D_IN_REG_3_ -> U211 -> U144 -> U138 -> U150 -> U140 -> U88 -> U176 -> U111 -> D_OUT_REG_0_,b09
10,2.4,16,2,6,0,0,0,DFF_Q_D_IN_REG_3_,D_OUT_REG_0_,DFF_Q_D_IN_REG_3_ -> U211 -> U144 -> U138 -> U150 -> U140 -> U89 -> U175 -> U111 -> D_OUT_REG_0_,b09
10,2.5,15,1,6,1,0,0,DFF_Q_D_IN_REG_3_,D_OUT_REG_0_,DFF_Q_D_IN_REG_3_ -> U211 -> U144 -> U138 -> U150 -> U140 -> U154 -> U177 -> U111 -> D_OUT_REG_0_,b09
4,1.75,4,0,2,0,0,0,DFF_Q_D_IN_REG_3_,OLD_REG_2_,DFF_Q_D_IN_REG_3_ -> U190 -> U105 -> OLD_REG_2_,b09
8,1.75,11,1,4,1,0,0,DFF_Q_D_IN_REG_3_,Y_REG,DFF_Q_D_IN_REG_3_ -> U125 -> U212 -> U144 -> U138 -> U150 -> U102 -> Y_REG,b09
7,1.8571428571428572,10,1,4,0,0,0,DFF_Q_D_IN_REG_3_,Y_REG,DFF_Q_D_IN_REG_3_ -> U211 -> U144 -> U138 -> U150 -> U102 -> Y_REG,b09
9,1.5555555555555556,12,1,4,2,0,0,DFF_Q_D_IN_REG_3_,STATO_REG_0_,DFF_Q_D_IN_REG_3_ -> U125 -> U212 -> U144 -> U138 -> U147 -> U153 -> U91 -> STATO_REG_0_,b09
8,1.625,11,1,4,1,0,0,DFF_Q_D_IN_REG_3_,STATO_REG_0_,DFF_Q_D_IN_REG_3_ -> U211 -> U144 -> U138 -> U147 -> U153 -> U91 -> STATO_REG_0_,b09
10,1.5,15,1,6,1,0,0,DFF_Q_D_IN_REG_3_,D_IN_REG_8_,DFF_Q_D_IN_REG_3_ -> U125 -> U212 -> U144 -> U138 -> U199 -> U200 -> U204 -> U101 -> D_IN_REG_8_,b09
9,1.5555555555555556,14,1,6,0,0,0,DFF_Q_D_IN_REG_3_,D_IN_REG_8_,DFF_Q_D_IN_REG_3_ -> U211 -> U144 -> U138 -> U199 -> U200 -> U204 -> U101 -> D_IN_REG_8_,b09
3,2.0,2,1,0,0,0,0,DFF_Q_D_IN_REG_3_,D_IN_REG_2_,DFF_Q_D_IN_REG_3_ -> U95 -> D_IN_REG_2_,b09
11,2.3636363636363638,17,2,6,1,0,0,DFF_Q_D_IN_REG_2_,D_OUT_REG_7_,DFF_Q_D_IN_REG_2_ -> U123 -> U210 -> U143 -> U138 -> U150 -> U140 -> U88 -> U155 -> U118 -> D_OUT_REG_7_,b09
11,2.3636363636363638,16,1,6,2,0,0,DFF_Q_D_IN_REG_2_,D_OUT_REG_7_,DFF_Q_D_IN_REG_2_ -> U123 -> U210 -> U143 -> U138 -> U150 -> U140 -> U154 -> U156 -> U118 -> D_OUT_REG_7_,b09
10,2.5,16,2,6,0,0,0,DFF_Q_D_IN_REG_2_,D_OUT_REG_7_,DFF_Q_D_IN_REG_2_ -> U209 -> U143 -> U138 -> U150 -> U140 -> U88 -> U155 -> U118 -> D_OUT_REG_7_,b09
10,2.5,15,1,6,1,0,0,DFF_Q_D_IN_REG_2_,D_OUT_REG_7_,DFF_Q_D_IN_REG_2_ -> U209 -> U143 -> U138 -> U150 -> U140 -> U154 -> U156 -> U118 -> D_OUT_REG_7_,b09
11,2.3636363636363638,17,2,6,1,0,0,DFF_Q_D_IN_REG_2_,D_OUT_REG_6_,DFF_Q_D_IN_REG_2_ -> U123 -> U210 -> U143 -> U138 -> U150 -> U140 -> U88 -> U158 -> U117 -> D_OUT_REG_6_,b09
11,2.272727272727273,17,2,6,1,0,0,DFF_Q_D_IN_REG_2_,D_OUT_REG_6_,DFF_Q_D_IN_REG_2_ -> U123 -> U210 -> U143 -> U138 -> U150 -> U140 -> U89 -> U157 -> U117 -> D_OUT_REG_6_,b09
11,2.3636363636363638,16,1,6,2,0,0,DFF_Q_D_IN_REG_2_,D_OUT_REG_6_,DFF_Q_D_IN_REG_2_ -> U123 -> U210 -> U143 -> U138 -> U150 -> U140 -> U154 -> U159 -> U117 -> D_OUT_REG_6_,b09
10,2.5,16,2,6,0,0,0,DFF_Q_D_IN_REG_2_,D_OUT_REG_6_,DFF_Q_D_IN_REG_2_ -> U209 -> U143 -> U138 -> U150 -> U140 -> U88 -> U158 -> U117 -> D_OUT_REG_6_,b09
10,2.4,16,2,6,0,0,0,DFF_Q_D_IN_REG_2_,D_OUT_REG_6_,DFF_Q_D_IN_REG_2_ -> U209 -> U143 -> U138 -> U150 -> U140 -> U89 -> U157 -> U117 -> D_OUT_REG_6_,b09
10,2.5,15,1,6,1,0,0,DFF_Q_D_IN_REG_2_,D_OUT_REG_6_,DFF_Q_D_IN_REG_2_ -> U209 -> U143 -> U138 -> U150 -> U140 -> U154 -> U159 -> U117 -> D_OUT_REG_6_,b09
11,2.3636363636363638,17,2,6,1,0,0,DFF_Q_D_IN_REG_2_,D_OUT_REG_5_,DFF_Q_D_IN_REG_2_ -> U123 -> U210 -> U143 -> U138 -> U150 -> U140 -> U88 -> U161 -> U116 -> D_OUT_REG_5_,b09
11,2.272727272727273,17,2,6,1,0,0,DFF_Q_D_IN_REG_2_,D_OUT_REG_5_,DFF_Q_D_IN_REG_2_ -> U123 -> U210 -> U143 -> U138 -> U150 -> U140 -> U89 -> U160 -> U116 -> D_OUT_REG_5_,b09
11,2.3636363636363638,16,1,6,2,0,0,DFF_Q_D_IN_REG_2_,D_OUT_REG_5_,DFF_Q_D_IN_REG_2_ -> U123 -> U210 -> U143 -> U138 -> U150 -> U140 -> U154 -> U162 -> U116 -> D_OUT_REG_5_,b09
10,2.5,16,2,6,0,0,0,DFF_Q_D_IN_REG_2_,D_OUT_REG_5_,DFF_Q_D_IN_REG_2_ -> U209 -> U143 -> U138 -> U150 -> U140 -> U88 -> U161 -> U116 -> D_OUT_REG_5_,b09
10,2.4,16,2,6,0,0,0,DFF_Q_D_IN_REG_2_,D_OUT_REG_5_,DFF_Q_D_IN_REG_2_ -> U209 -> U143 -> U138 -> U150 -> U140 -> U89 -> U160 -> U116 -> D_OUT_REG_5_,b09
10,2.5,15,1,6,1,0,0,DFF_Q_D_IN_REG_2_,D_OUT_REG_5_,DFF_Q_D_IN_REG_2_ -> U209 -> U143 -> U138 -> U150 -> U140 -> U154 -> U162 -> U116 -> D_OUT_REG_5_,b09
11,2.3636363636363638,17,2,6,1,0,0,DFF_Q_D_IN_REG_2_,D_OUT_REG_4_,DFF_Q_D_IN_REG_2_ -> U123 -> U210 -> U143 -> U138 -> U150 -> U140 -> U88 -> U164 -> U115 -> D_OUT_REG_4_,b09
11,2.272727272727273,17,2,6,1,0,0,DFF_Q_D_IN_REG_2_,D_OUT_REG_4_,DFF_Q_D_IN_REG_2_ -> U123 -> U210 -> U143 -> U138 -> U150 -> U140 -> U89 -> U163 -> U115 -> D_OUT_REG_4_,b09
11,2.3636363636363638,16,1,6,2,0,0,DFF_Q_D_IN_REG_2_,D_OUT_REG_4_,DFF_Q_D_IN_REG_2_ -> U123 -> U210 -> U143 -> U138 -> U150 -> U140 -> U154 -> U165 -> U115 -> D_OUT_REG_4_,b09
10,2.5,16,2,6,0,0,0,DFF_Q_D_IN_REG_2_,D_OUT_REG_4_,DFF_Q_D_IN_REG_2_ -> U209 -> U143 -> U138 -> U150 -> U140 -> U88 -> U164 -> U115 -> D_OUT_REG_4_,b09
10,2.4,16,2,6,0,0,0,DFF_Q_D_IN_REG_2_,D_OUT_REG_4_,DFF_Q_D_IN_REG_2_ -> U209 -> U143 -> U138 -> U150 -> U140 -> U89 -> U163 -> U115 -> D_OUT_REG_4_,b09
10,2.5,15,1,6,1,0,0,DFF_Q_D_IN_REG_2_,D_OUT_REG_4_,DFF_Q_D_IN_REG_2_ -> U209 -> U143 -> U138 -> U150 -> U140 -> U154 -> U165 -> U115 -> D_OUT_REG_4_,b09
11,2.3636363636363638,17,2,6,1,0,0,DFF_Q_D_IN_REG_2_,D_OUT_REG_3_,DFF_Q_D_IN_REG_2_ -> U123 -> U210 -> U143 -> U138 -> U150 -> U140 -> U88 -> U167 -> U114 -> D_OUT_REG_3_,b09
11,2.272727272727273,17,2,6,1,0,0,DFF_Q_D_IN_REG_2_,D_OUT_REG_3_,DFF_Q_D_IN_REG_2_ -> U123 -> U210 -> U143 -> U138 -> U150 -> U140 -> U89 -> U166 -> U114 -> D_OUT_REG_3_,b09
11,2.3636363636363638,16,1,6,2,0,0,DFF_Q_D_IN_REG_2_,D_OUT_REG_3_,DFF_Q_D_IN_REG_2_ -> U123 -> U210 -> U143 -> U138 -> U150 -> U140 -> U154 -> U168 -> U114 -> D_OUT_REG_3_,b09
10,2.5,16,2,6,0,0,0,DFF_Q_D_IN_REG_2_,D_OUT_REG_3_,DFF_Q_D_IN_REG_2_ -> U209 -> U143 -> U138 -> U150 -> U140 -> U88 -> U167 -> U114 -> D_OUT_REG_3_,b09
10,2.4,16,2,6,0,0,0,DFF_Q_D_IN_REG_2_,D_OUT_REG_3_,DFF_Q_D_IN_REG_2_ -> U209 -> U143 -> U138 -> U150 -> U140 -> U89 -> U166 -> U114 -> D_OUT_REG_3_,b09
10,2.5,15,1,6,1,0,0,DFF_Q_D_IN_REG_2_,D_OUT_REG_3_,DFF_Q_D_IN_REG_2_ -> U209 -> U143 -> U138 -> U150 -> U140 -> U154 -> U168 -> U114 -> D_OUT_REG_3_,b09
11,2.3636363636363638,17,2,6,1,0,0,DFF_Q_D_IN_REG_2_,D_OUT_REG_2_,DFF_Q_D_IN_REG_2_ -> U123 -> U210 -> U143 -> U138 -> U150 -> U140 -> U88 -> U170 -> U113 -> D_OUT_REG_2_,b09
11,2.272727272727273,17,2,6,1,0,0,DFF_Q_D_IN_REG_2_,D_OUT_REG_2_,DFF_Q_D_IN_REG_2_ -> U123 -> U210 -> U143 -> U138 -> U150 -> U140 -> U89 -> U169 -> U113 -> D_OUT_REG_2_,b09
11,2.3636363636363638,16,1,6,2,0,0,DFF_Q_D_IN_REG_2_,D_OUT_REG_2_,DFF_Q_D_IN_REG_2_ -> U123 -> U210 -> U143 -> U138 -> U150 -> U140 -> U154 -> U171 -> U113 -> D_OUT_REG_2_,b09
10,2.5,16,2,6,0,0,0,DFF_Q_D_IN_REG_2_,D_OUT_REG_2_,DFF_Q_D_IN_REG_2_ -> U209 -> U143 -> U138 -> U150 -> U140 -> U88 -> U170 -> U113 -> D_OUT_REG_2_,b09
10,2.4,16,2,6,0,0,0,DFF_Q_D_IN_REG_2_,D_OUT_REG_2_,DFF_Q_D_IN_REG_2_ -> U209 -> U143 -> U138 -> U150 -> U140 -> U89 -> U169 -> U113 -> D_OUT_REG_2_,b09
10,2.5,15,1,6,1,0,0,DFF_Q_D_IN_REG_2_,D_OUT_REG_2_,DFF_Q_D_IN_REG_2_ -> U209 -> U143 -> U138 -> U150 -> U140 -> U154 -> U171 -> U113 -> D_OUT_REG_2_,b09
11,2.3636363636363638,17,2,6,1,0,0,DFF_Q_D_IN_REG_2_,D_OUT_REG_1_,DFF_Q_D_IN_REG_2_ -> U123 -> U210 -> U143 -> U138 -> U150 -> U140 -> U88 -> U173 -> U112 -> D_OUT_REG_1_,b09
11,2.272727272727273,17,2,6,1,0,0,DFF_Q_D_IN_REG_2_,D_OUT_REG_1_,DFF_Q_D_IN_REG_2_ -> U123 -> U210 -> U143 -> U138 -> U150 -> U140 -> U89 -> U172 -> U112 -> D_OUT_REG_1_,b09
11,2.3636363636363638,16,1,6,2,0,0,DFF_Q_D_IN_REG_2_,D_OUT_REG_1_,DFF_Q_D_IN_REG_2_ -> U123 -> U210 -> U143 -> U138 -> U150 -> U140 -> U154 -> U174 -> U112 -> D_OUT_REG_1_,b09
4,1.75,4,0,2,0,0,0,DFF_Q_D_IN_REG_2_,D_OUT_REG_1_,DFF_Q_D_IN_REG_2_ -> U173 -> U112 -> D_OUT_REG_1_,b09
10,2.5,16,2,6,0,0,0,DFF_Q_D_IN_REG_2_,D_OUT_REG_1_,DFF_Q_D_IN_REG_2_ -> U209 -> U143 -> U138 -> U150 -> U140 -> U88 -> U173 -> U112 -> D_OUT_REG_1_,b09
10,2.4,16,2,6,0,0,0,DFF_Q_D_IN_REG_2_,D_OUT_REG_1_,DFF_Q_D_IN_REG_2_ -> U209 -> U143 -> U138 -> U150 -> U140 -> U89 -> U172 -> U112 -> D_OUT_REG_1_,b09
10,2.5,15,1,6,1,0,0,DFF_Q_D_IN_REG_2_,D_OUT_REG_1_,DFF_Q_D_IN_REG_2_ -> U209 -> U143 -> U138 -> U150 -> U140 -> U154 -> U174 -> U112 -> D_OUT_REG_1_,b09
11,2.3636363636363638,17,2,6,1,0,0,DFF_Q_D_IN_REG_2_,D_OUT_REG_0_,DFF_Q_D_IN_REG_2_ -> U123 -> U210 -> U143 -> U138 -> U150 -> U140 -> U88 -> U176 -> U111 -> D_OUT_REG_0_,b09
11,2.272727272727273,17,2,6,1,0,0,DFF_Q_D_IN_REG_2_,D_OUT_REG_0_,DFF_Q_D_IN_REG_2_ -> U123 -> U210 -> U143 -> U138 -> U150 -> U140 -> U89 -> U175 -> U111 -> D_OUT_REG_0_,b09
11,2.3636363636363638,16,1,6,2,0,0,DFF_Q_D_IN_REG_2_,D_OUT_REG_0_,DFF_Q_D_IN_REG_2_ -> U123 -> U210 -> U143 -> U138 -> U150 -> U140 -> U154 -> U177 -> U111 -> D_OUT_REG_0_,b09
10,2.5,16,2,6,0,0,0,DFF_Q_D_IN_REG_2_,D_OUT_REG_0_,DFF_Q_D_IN_REG_2_ -> U209 -> U143 -> U138 -> U150 -> U140 -> U88 -> U176 -> U111 -> D_OUT_REG_0_,b09
10,2.4,16,2,6,0,0,0,DFF_Q_D_IN_REG_2_,D_OUT_REG_0_,DFF_Q_D_IN_REG_2_ -> U209 -> U143 -> U138 -> U150 -> U140 -> U89 -> U175 -> U111 -> D_OUT_REG_0_,b09
10,2.5,15,1,6,1,0,0,DFF_Q_D_IN_REG_2_,D_OUT_REG_0_,DFF_Q_D_IN_REG_2_ -> U209 -> U143 -> U138 -> U150 -> U140 -> U154 -> U177 -> U111 -> D_OUT_REG_0_,b09
4,1.75,4,0,2,0,0,0,DFF_Q_D_IN_REG_2_,OLD_REG_1_,DFF_Q_D_IN_REG_2_ -> U192 -> U104 -> OLD_REG_1_,b09
8,1.75,11,1,4,1,0,0,DFF_Q_D_IN_REG_2_,Y_REG,DFF_Q_D_IN_REG_2_ -> U123 -> U210 -> U143 -> U138 -> U150 -> U102 -> Y_REG,b09
7,1.8571428571428572,10,1,4,0,0,0,DFF_Q_D_IN_REG_2_,Y_REG,DFF_Q_D_IN_REG_2_ -> U209 -> U143 -> U138 -> U150 -> U102 -> Y_REG,b09
9,1.5555555555555556,12,1,4,2,0,0,DFF_Q_D_IN_REG_2_,STATO_REG_0_,DFF_Q_D_IN_REG_2_ -> U123 -> U210 -> U143 -> U138 -> U147 -> U153 -> U91 -> STATO_REG_0_,b09
8,1.625,11,1,4,1,0,0,DFF_Q_D_IN_REG_2_,STATO_REG_0_,DFF_Q_D_IN_REG_2_ -> U209 -> U143 -> U138 -> U147 -> U153 -> U91 -> STATO_REG_0_,b09
10,1.5,15,1,6,1,0,0,DFF_Q_D_IN_REG_2_,D_IN_REG_8_,DFF_Q_D_IN_REG_2_ -> U123 -> U210 -> U143 -> U138 -> U199 -> U200 -> U204 -> U101 -> D_IN_REG_8_,b09
9,1.5555555555555556,14,1,6,0,0,0,DFF_Q_D_IN_REG_2_,D_IN_REG_8_,DFF_Q_D_IN_REG_2_ -> U209 -> U143 -> U138 -> U199 -> U200 -> U204 -> U101 -> D_IN_REG_8_,b09
3,2.0,2,1,0,0,0,0,DFF_Q_D_IN_REG_2_,D_IN_REG_1_,DFF_Q_D_IN_REG_2_ -> U94 -> D_IN_REG_1_,b09
3,2.0,2,1,0,0,0,0,DFF_Q_D_IN_REG_1_,D_IN_REG_0_,DFF_Q_D_IN_REG_1_ -> U93 -> D_IN_REG_0_,b09
11,2.3636363636363638,17,2,6,1,0,0,DFF_Q_D_IN_REG_1_,D_OUT_REG_7_,DFF_Q_D_IN_REG_1_ -> U121 -> U208 -> U143 -> U138 -> U150 -> U140 -> U88 -> U155 -> U118 -> D_OUT_REG_7_,b09
11,2.3636363636363638,16,1,6,2,0,0,DFF_Q_D_IN_REG_1_,D_OUT_REG_7_,DFF_Q_D_IN_REG_1_ -> U121 -> U208 -> U143 -> U138 -> U150 -> U140 -> U154 -> U156 -> U118 -> D_OUT_REG_7_,b09
10,2.5,16,2,6,0,0,0,DFF_Q_D_IN_REG_1_,D_OUT_REG_7_,DFF_Q_D_IN_REG_1_ -> U207 -> U143 -> U138 -> U150 -> U140 -> U88 -> U155 -> U118 -> D_OUT_REG_7_,b09
10,2.5,15,1,6,1,0,0,DFF_Q_D_IN_REG_1_,D_OUT_REG_7_,DFF_Q_D_IN_REG_1_ -> U207 -> U143 -> U138 -> U150 -> U140 -> U154 -> U156 -> U118 -> D_OUT_REG_7_,b09
11,2.3636363636363638,17,2,6,1,0,0,DFF_Q_D_IN_REG_1_,D_OUT_REG_6_,DFF_Q_D_IN_REG_1_ -> U121 -> U208 -> U143 -> U138 -> U150 -> U140 -> U88 -> U158 -> U117 -> D_OUT_REG_6_,b09
11,2.272727272727273,17,2,6,1,0,0,DFF_Q_D_IN_REG_1_,D_OUT_REG_6_,DFF_Q_D_IN_REG_1_ -> U121 -> U208 -> U143 -> U138 -> U150 -> U140 -> U89 -> U157 -> U117 -> D_OUT_REG_6_,b09
11,2.3636363636363638,16,1,6,2,0,0,DFF_Q_D_IN_REG_1_,D_OUT_REG_6_,DFF_Q_D_IN_REG_1_ -> U121 -> U208 -> U143 -> U138 -> U150 -> U140 -> U154 -> U159 -> U117 -> D_OUT_REG_6_,b09
10,2.5,16,2,6,0,0,0,DFF_Q_D_IN_REG_1_,D_OUT_REG_6_,DFF_Q_D_IN_REG_1_ -> U207 -> U143 -> U138 -> U150 -> U140 -> U88 -> U158 -> U117 -> D_OUT_REG_6_,b09
10,2.4,16,2,6,0,0,0,DFF_Q_D_IN_REG_1_,D_OUT_REG_6_,DFF_Q_D_IN_REG_1_ -> U207 -> U143 -> U138 -> U150 -> U140 -> U89 -> U157 -> U117 -> D_OUT_REG_6_,b09
10,2.5,15,1,6,1,0,0,DFF_Q_D_IN_REG_1_,D_OUT_REG_6_,DFF_Q_D_IN_REG_1_ -> U207 -> U143 -> U138 -> U150 -> U140 -> U154 -> U159 -> U117 -> D_OUT_REG_6_,b09
11,2.3636363636363638,17,2,6,1,0,0,DFF_Q_D_IN_REG_1_,D_OUT_REG_5_,DFF_Q_D_IN_REG_1_ -> U121 -> U208 -> U143 -> U138 -> U150 -> U140 -> U88 -> U161 -> U116 -> D_OUT_REG_5_,b09
11,2.272727272727273,17,2,6,1,0,0,DFF_Q_D_IN_REG_1_,D_OUT_REG_5_,DFF_Q_D_IN_REG_1_ -> U121 -> U208 -> U143 -> U138 -> U150 -> U140 -> U89 -> U160 -> U116 -> D_OUT_REG_5_,b09
11,2.3636363636363638,16,1,6,2,0,0,DFF_Q_D_IN_REG_1_,D_OUT_REG_5_,DFF_Q_D_IN_REG_1_ -> U121 -> U208 -> U143 -> U138 -> U150 -> U140 -> U154 -> U162 -> U116 -> D_OUT_REG_5_,b09
10,2.5,16,2,6,0,0,0,DFF_Q_D_IN_REG_1_,D_OUT_REG_5_,DFF_Q_D_IN_REG_1_ -> U207 -> U143 -> U138 -> U150 -> U140 -> U88 -> U161 -> U116 -> D_OUT_REG_5_,b09
10,2.4,16,2,6,0,0,0,DFF_Q_D_IN_REG_1_,D_OUT_REG_5_,DFF_Q_D_IN_REG_1_ -> U207 -> U143 -> U138 -> U150 -> U140 -> U89 -> U160 -> U116 -> D_OUT_REG_5_,b09
10,2.5,15,1,6,1,0,0,DFF_Q_D_IN_REG_1_,D_OUT_REG_5_,DFF_Q_D_IN_REG_1_ -> U207 -> U143 -> U138 -> U150 -> U140 -> U154 -> U162 -> U116 -> D_OUT_REG_5_,b09
11,2.3636363636363638,17,2,6,1,0,0,DFF_Q_D_IN_REG_1_,D_OUT_REG_4_,DFF_Q_D_IN_REG_1_ -> U121 -> U208 -> U143 -> U138 -> U150 -> U140 -> U88 -> U164 -> U115 -> D_OUT_REG_4_,b09
11,2.272727272727273,17,2,6,1,0,0,DFF_Q_D_IN_REG_1_,D_OUT_REG_4_,DFF_Q_D_IN_REG_1_ -> U121 -> U208 -> U143 -> U138 -> U150 -> U140 -> U89 -> U163 -> U115 -> D_OUT_REG_4_,b09
11,2.3636363636363638,16,1,6,2,0,0,DFF_Q_D_IN_REG_1_,D_OUT_REG_4_,DFF_Q_D_IN_REG_1_ -> U121 -> U208 -> U143 -> U138 -> U150 -> U140 -> U154 -> U165 -> U115 -> D_OUT_REG_4_,b09
10,2.5,16,2,6,0,0,0,DFF_Q_D_IN_REG_1_,D_OUT_REG_4_,DFF_Q_D_IN_REG_1_ -> U207 -> U143 -> U138 -> U150 -> U140 -> U88 -> U164 -> U115 -> D_OUT_REG_4_,b09
10,2.4,16,2,6,0,0,0,DFF_Q_D_IN_REG_1_,D_OUT_REG_4_,DFF_Q_D_IN_REG_1_ -> U207 -> U143 -> U138 -> U150 -> U140 -> U89 -> U163 -> U115 -> D_OUT_REG_4_,b09
10,2.5,15,1,6,1,0,0,DFF_Q_D_IN_REG_1_,D_OUT_REG_4_,DFF_Q_D_IN_REG_1_ -> U207 -> U143 -> U138 -> U150 -> U140 -> U154 -> U165 -> U115 -> D_OUT_REG_4_,b09
11,2.3636363636363638,17,2,6,1,0,0,DFF_Q_D_IN_REG_1_,D_OUT_REG_3_,DFF_Q_D_IN_REG_1_ -> U121 -> U208 -> U143 -> U138 -> U150 -> U140 -> U88 -> U167 -> U114 -> D_OUT_REG_3_,b09
11,2.272727272727273,17,2,6,1,0,0,DFF_Q_D_IN_REG_1_,D_OUT_REG_3_,DFF_Q_D_IN_REG_1_ -> U121 -> U208 -> U143 -> U138 -> U150 -> U140 -> U89 -> U166 -> U114 -> D_OUT_REG_3_,b09
11,2.3636363636363638,16,1,6,2,0,0,DFF_Q_D_IN_REG_1_,D_OUT_REG_3_,DFF_Q_D_IN_REG_1_ -> U121 -> U208 -> U143 -> U138 -> U150 -> U140 -> U154 -> U168 -> U114 -> D_OUT_REG_3_,b09
10,2.5,16,2,6,0,0,0,DFF_Q_D_IN_REG_1_,D_OUT_REG_3_,DFF_Q_D_IN_REG_1_ -> U207 -> U143 -> U138 -> U150 -> U140 -> U88 -> U167 -> U114 -> D_OUT_REG_3_,b09
10,2.4,16,2,6,0,0,0,DFF_Q_D_IN_REG_1_,D_OUT_REG_3_,DFF_Q_D_IN_REG_1_ -> U207 -> U143 -> U138 -> U150 -> U140 -> U89 -> U166 -> U114 -> D_OUT_REG_3_,b09
10,2.5,15,1,6,1,0,0,DFF_Q_D_IN_REG_1_,D_OUT_REG_3_,DFF_Q_D_IN_REG_1_ -> U207 -> U143 -> U138 -> U150 -> U140 -> U154 -> U168 -> U114 -> D_OUT_REG_3_,b09
11,2.3636363636363638,17,2,6,1,0,0,DFF_Q_D_IN_REG_1_,D_OUT_REG_2_,DFF_Q_D_IN_REG_1_ -> U121 -> U208 -> U143 -> U138 -> U150 -> U140 -> U88 -> U170 -> U113 -> D_OUT_REG_2_,b09
11,2.272727272727273,17,2,6,1,0,0,DFF_Q_D_IN_REG_1_,D_OUT_REG_2_,DFF_Q_D_IN_REG_1_ -> U121 -> U208 -> U143 -> U138 -> U150 -> U140 -> U89 -> U169 -> U113 -> D_OUT_REG_2_,b09
11,2.3636363636363638,16,1,6,2,0,0,DFF_Q_D_IN_REG_1_,D_OUT_REG_2_,DFF_Q_D_IN_REG_1_ -> U121 -> U208 -> U143 -> U138 -> U150 -> U140 -> U154 -> U171 -> U113 -> D_OUT_REG_2_,b09
10,2.5,16,2,6,0,0,0,DFF_Q_D_IN_REG_1_,D_OUT_REG_2_,DFF_Q_D_IN_REG_1_ -> U207 -> U143 -> U138 -> U150 -> U140 -> U88 -> U170 -> U113 -> D_OUT_REG_2_,b09
10,2.4,16,2,6,0,0,0,DFF_Q_D_IN_REG_1_,D_OUT_REG_2_,DFF_Q_D_IN_REG_1_ -> U207 -> U143 -> U138 -> U150 -> U140 -> U89 -> U169 -> U113 -> D_OUT_REG_2_,b09
10,2.5,15,1,6,1,0,0,DFF_Q_D_IN_REG_1_,D_OUT_REG_2_,DFF_Q_D_IN_REG_1_ -> U207 -> U143 -> U138 -> U150 -> U140 -> U154 -> U171 -> U113 -> D_OUT_REG_2_,b09
11,2.3636363636363638,17,2,6,1,0,0,DFF_Q_D_IN_REG_1_,D_OUT_REG_1_,DFF_Q_D_IN_REG_1_ -> U121 -> U208 -> U143 -> U138 -> U150 -> U140 -> U88 -> U173 -> U112 -> D_OUT_REG_1_,b09
11,2.272727272727273,17,2,6,1,0,0,DFF_Q_D_IN_REG_1_,D_OUT_REG_1_,DFF_Q_D_IN_REG_1_ -> U121 -> U208 -> U143 -> U138 -> U150 -> U140 -> U89 -> U172 -> U112 -> D_OUT_REG_1_,b09
11,2.3636363636363638,16,1,6,2,0,0,DFF_Q_D_IN_REG_1_,D_OUT_REG_1_,DFF_Q_D_IN_REG_1_ -> U121 -> U208 -> U143 -> U138 -> U150 -> U140 -> U154 -> U174 -> U112 -> D_OUT_REG_1_,b09
10,2.5,16,2,6,0,0,0,DFF_Q_D_IN_REG_1_,D_OUT_REG_1_,DFF_Q_D_IN_REG_1_ -> U207 -> U143 -> U138 -> U150 -> U140 -> U88 -> U173 -> U112 -> D_OUT_REG_1_,b09
10,2.4,16,2,6,0,0,0,DFF_Q_D_IN_REG_1_,D_OUT_REG_1_,DFF_Q_D_IN_REG_1_ -> U207 -> U143 -> U138 -> U150 -> U140 -> U89 -> U172 -> U112 -> D_OUT_REG_1_,b09
10,2.5,15,1,6,1,0,0,DFF_Q_D_IN_REG_1_,D_OUT_REG_1_,DFF_Q_D_IN_REG_1_ -> U207 -> U143 -> U138 -> U150 -> U140 -> U154 -> U174 -> U112 -> D_OUT_REG_1_,b09
11,2.3636363636363638,17,2,6,1,0,0,DFF_Q_D_IN_REG_1_,D_OUT_REG_0_,DFF_Q_D_IN_REG_1_ -> U121 -> U208 -> U143 -> U138 -> U150 -> U140 -> U88 -> U176 -> U111 -> D_OUT_REG_0_,b09
11,2.272727272727273,17,2,6,1,0,0,DFF_Q_D_IN_REG_1_,D_OUT_REG_0_,DFF_Q_D_IN_REG_1_ -> U121 -> U208 -> U143 -> U138 -> U150 -> U140 -> U89 -> U175 -> U111 -> D_OUT_REG_0_,b09
11,2.3636363636363638,16,1,6,2,0,0,DFF_Q_D_IN_REG_1_,D_OUT_REG_0_,DFF_Q_D_IN_REG_1_ -> U121 -> U208 -> U143 -> U138 -> U150 -> U140 -> U154 -> U177 -> U111 -> D_OUT_REG_0_,b09
4,1.75,4,0,2,0,0,0,DFF_Q_D_IN_REG_1_,D_OUT_REG_0_,DFF_Q_D_IN_REG_1_ -> U176 -> U111 -> D_OUT_REG_0_,b09
10,2.5,16,2,6,0,0,0,DFF_Q_D_IN_REG_1_,D_OUT_REG_0_,DFF_Q_D_IN_REG_1_ -> U207 -> U143 -> U138 -> U150 -> U140 -> U88 -> U176 -> U111 -> D_OUT_REG_0_,b09
10,2.4,16,2,6,0,0,0,DFF_Q_D_IN_REG_1_,D_OUT_REG_0_,DFF_Q_D_IN_REG_1_ -> U207 -> U143 -> U138 -> U150 -> U140 -> U89 -> U175 -> U111 -> D_OUT_REG_0_,b09
10,2.5,15,1,6,1,0,0,DFF_Q_D_IN_REG_1_,D_OUT_REG_0_,DFF_Q_D_IN_REG_1_ -> U207 -> U143 -> U138 -> U150 -> U140 -> U154 -> U177 -> U111 -> D_OUT_REG_0_,b09
4,1.75,4,0,2,0,0,0,DFF_Q_D_IN_REG_1_,OLD_REG_0_,DFF_Q_D_IN_REG_1_ -> U194 -> U103 -> OLD_REG_0_,b09
8,1.75,11,1,4,1,0,0,DFF_Q_D_IN_REG_1_,Y_REG,DFF_Q_D_IN_REG_1_ -> U121 -> U208 -> U143 -> U138 -> U150 -> U102 -> Y_REG,b09
7,1.8571428571428572,10,1,4,0,0,0,DFF_Q_D_IN_REG_1_,Y_REG,DFF_Q_D_IN_REG_1_ -> U207 -> U143 -> U138 -> U150 -> U102 -> Y_REG,b09
9,1.5555555555555556,12,1,4,2,0,0,DFF_Q_D_IN_REG_1_,STATO_REG_0_,DFF_Q_D_IN_REG_1_ -> U121 -> U208 -> U143 -> U138 -> U147 -> U153 -> U91 -> STATO_REG_0_,b09
8,1.625,11,1,4,1,0,0,DFF_Q_D_IN_REG_1_,STATO_REG_0_,DFF_Q_D_IN_REG_1_ -> U207 -> U143 -> U138 -> U147 -> U153 -> U91 -> STATO_REG_0_,b09
10,1.5,15,1,6,1,0,0,DFF_Q_D_IN_REG_1_,D_IN_REG_8_,DFF_Q_D_IN_REG_1_ -> U121 -> U208 -> U143 -> U138 -> U199 -> U200 -> U204 -> U101 -> D_IN_REG_8_,b09
9,1.5555555555555556,14,1,6,0,0,0,DFF_Q_D_IN_REG_1_,D_IN_REG_8_,DFF_Q_D_IN_REG_1_ -> U207 -> U143 -> U138 -> U199 -> U200 -> U204 -> U101 -> D_IN_REG_8_,b09
4,1.0,4,0,2,0,0,0,R_BUTTON,LAST_R_REG,R_BUTTON -> U365 -> U240 -> LAST_R_REG,b10
7,1.1428571428571428,9,0,4,1,0,0,R_BUTTON,VOTO2_REG,R_BUTTON -> U318 -> U253 -> U319 -> U366 -> U241 -> VOTO2_REG,b10
6,1.1666666666666667,8,0,4,0,0,0,R_BUTTON,VOTO2_REG,R_BUTTON -> U318 -> U253 -> U367 -> U241 -> VOTO2_REG,b10
7,1.1428571428571428,9,0,4,1,0,0,G_BUTTON,VOTO1_REG,G_BUTTON -> U292 -> U249 -> U293 -> U352 -> U238 -> VOTO1_REG,b10
6,1.1666666666666667,8,0,4,0,0,0,G_BUTTON,VOTO1_REG,G_BUTTON -> U292 -> U249 -> U353 -> U238 -> VOTO1_REG,b10
4,1.0,4,0,2,0,0,0,G_BUTTON,LAST_G_REG,G_BUTTON -> U369 -> U242 -> LAST_G_REG,b10
8,1.375,12,0,6,0,0,0,KEY,VOTO0_REG,KEY -> U325 -> U327 -> U328 -> U330 -> U371 -> U243 -> VOTO0_REG,b10
8,1.75,10,0,4,2,0,0,KEY,VOTO1_REG,KEY -> U232 -> U263 -> U249 -> U293 -> U352 -> U238 -> VOTO1_REG,b10
7,1.8571428571428572,9,0,4,1,0,0,KEY,VOTO1_REG,KEY -> U232 -> U263 -> U249 -> U353 -> U238 -> VOTO1_REG,b10
6,1.5,8,0,4,0,0,0,KEY,VOTO1_REG,KEY -> U296 -> U298 -> U353 -> U238 -> VOTO1_REG,b10
10,1.5,14,0,6,2,0,0,KEY,VOTO3_REG,KEY -> U232 -> U302 -> U303 -> U304 -> U250 -> U305 -> U362 -> U239 -> VOTO3_REG,b10
9,1.5555555555555556,13,0,6,1,0,0,KEY,VOTO3_REG,KEY -> U232 -> U302 -> U303 -> U304 -> U250 -> U363 -> U239 -> VOTO3_REG,b10
6,2.0,7,0,3,1,0,0,KEY,LAST_R_REG,KEY -> U252 -> U309 -> U365 -> U240 -> LAST_R_REG,b10
5,2.0,6,0,3,0,0,0,KEY,LAST_R_REG,KEY -> U252 -> U364 -> U240 -> LAST_R_REG,b10
8,1.75,10,0,4,2,0,0,KEY,VOTO2_REG,KEY -> U232 -> U263 -> U253 -> U319 -> U366 -> U241 -> VOTO2_REG,b10
7,1.8571428571428572,9,0,4,1,0,0,KEY,VOTO2_REG,KEY -> U232 -> U263 -> U253 -> U367 -> U241 -> VOTO2_REG,b10
6,1.5,8,0,4,0,0,0,KEY,VOTO2_REG,KEY -> U320 -> U322 -> U367 -> U241 -> VOTO2_REG,b10
6,2.0,7,0,3,1,0,0,KEY,LAST_G_REG,KEY -> U252 -> U309 -> U369 -> U242 -> LAST_G_REG,b10
5,2.0,6,0,3,0,0,0,KEY,LAST_G_REG,KEY -> U252 -> U368 -> U242 -> LAST_G_REG,b10
7,1.7142857142857142,9,0,4,1,0,0,START,VOTO0_REG,START -> U223 -> U255 -> U324 -> U370 -> U243 -> VOTO0_REG,b10
6,1.8333333333333333,8,0,4,0,0,0,START,VOTO0_REG,START -> U223 -> U255 -> U371 -> U243 -> VOTO0_REG,b10
9,1.8888888888888888,13,1,5,1,0,0,START,STATO_REG_3_,START -> U222 -> U335 -> U244 -> U229 -> U278 -> U280 -> U212 -> STATO_REG_3_,b10
8,2.0,11,1,4,1,0,0,START,STATO_REG_3_,START -> U222 -> U335 -> U244 -> U229 -> U279 -> U212 -> STATO_REG_3_,b10
10,1.9,15,1,6,1,0,0,START,STATO_REG_3_,START -> U223 -> U262 -> U273 -> U244 -> U229 -> U278 -> U280 -> U212 -> STATO_REG_3_,b10
9,2.0,13,1,5,1,0,0,START,STATO_REG_3_,START -> U223 -> U262 -> U273 -> U244 -> U229 -> U279 -> U212 -> STATO_REG_3_,b10
9,1.8888888888888888,13,1,5,1,0,0,START,STATO_REG_2_,START -> U222 -> U335 -> U244 -> U229 -> U282 -> U284 -> U211 -> STATO_REG_2_,b10
10,1.9,15,1,6,1,0,0,START,STATO_REG_2_,START -> U223 -> U262 -> U273 -> U244 -> U229 -> U282 -> U284 -> U211 -> STATO_REG_2_,b10
9,2.0,12,1,4,2,0,0,START,STATO_REG_1_,START -> U222 -> U335 -> U244 -> U229 -> U274 -> U332 -> U210 -> STATO_REG_1_,b10
8,2.0,11,1,4,1,0,0,START,STATO_REG_1_,START -> U222 -> U335 -> U244 -> U229 -> U340 -> U210 -> STATO_REG_1_,b10
10,2.0,14,1,5,2,0,0,START,STATO_REG_1_,START -> U223 -> U262 -> U273 -> U244 -> U229 -> U274 -> U332 -> U210 -> STATO_REG_1_,b10
9,2.0,13,1,5,1,0,0,START,STATO_REG_1_,START -> U223 -> U262 -> U273 -> U244 -> U229 -> U340 -> U210 -> STATO_REG_1_,b10
9,2.0,12,1,4,2,0,0,START,STATO_REG_0_,START -> U222 -> U335 -> U244 -> U229 -> U274 -> U342 -> U233 -> STATO_REG_0_,b10
8,2.0,11,1,4,1,0,0,START,STATO_REG_0_,START -> U222 -> U335 -> U244 -> U229 -> U343 -> U233 -> STATO_REG_0_,b10
10,2.0,14,1,5,2,0,0,START,STATO_REG_0_,START -> U223 -> U262 -> U273 -> U244 -> U229 -> U274 -> U342 -> U233 -> STATO_REG_0_,b10
9,2.0,13,1,5,1,0,0,START,STATO_REG_0_,START -> U223 -> U262 -> U273 -> U244 -> U229 -> U343 -> U233 -> STATO_REG_0_,b10
8,2.0,11,1,4,1,0,0,START,VOTO1_REG,START -> U202 -> U263 -> U249 -> U293 -> U352 -> U238 -> VOTO1_REG,b10
7,2.142857142857143,10,1,4,0,0,0,START,VOTO1_REG,START -> U202 -> U263 -> U249 -> U353 -> U238 -> VOTO1_REG,b10
8,1.875,11,1,4,1,0,0,START,VOTO1_REG,START -> U202 -> U292 -> U249 -> U293 -> U352 -> U238 -> VOTO1_REG,b10
7,2.0,10,1,4,0,0,0,START,VOTO1_REG,START -> U202 -> U292 -> U249 -> U353 -> U238 -> VOTO1_REG,b10
8,1.75,11,1,4,1,0,0,START,VOTO1_REG,START -> U291 -> U205 -> U249 -> U293 -> U352 -> U238 -> VOTO1_REG,b10
7,1.8571428571428572,10,1,4,0,0,0,START,VOTO1_REG,START -> U291 -> U205 -> U249 -> U353 -> U238 -> VOTO1_REG,b10
8,1.75,11,1,4,1,0,0,START,VOTO3_REG,START -> U291 -> U205 -> U250 -> U305 -> U362 -> U239 -> VOTO3_REG,b10
7,1.8571428571428572,10,1,4,0,0,0,START,VOTO3_REG,START -> U291 -> U205 -> U250 -> U363 -> U239 -> VOTO3_REG,b10
9,1.4444444444444444,13,0,6,1,0,0,START,VOTO3_REG,START -> U302 -> U303 -> U304 -> U250 -> U305 -> U362 -> U239 -> VOTO3_REG,b10
8,1.5,12,0,6,0,0,0,START,VOTO3_REG,START -> U302 -> U303 -> U304 -> U250 -> U363 -> U239 -> VOTO3_REG,b10
7,2.2857142857142856,9,1,3,1,0,0,START,LAST_R_REG,START -> U202 -> U252 -> U309 -> U365 -> U240 -> LAST_R_REG,b10
6,2.3333333333333335,8,1,3,0,0,0,START,LAST_R_REG,START -> U202 -> U252 -> U364 -> U240 -> LAST_R_REG,b10
8,2.0,11,1,4,1,0,0,START,VOTO2_REG,START -> U202 -> U263 -> U253 -> U319 -> U366 -> U241 -> VOTO2_REG,b10
7,2.142857142857143,10,1,4,0,0,0,START,VOTO2_REG,START -> U202 -> U263 -> U253 -> U367 -> U241 -> VOTO2_REG,b10
8,1.875,11,1,4,1,0,0,START,VOTO2_REG,START -> U202 -> U318 -> U253 -> U319 -> U366 -> U241 -> VOTO2_REG,b10
7,2.0,10,1,4,0,0,0,START,VOTO2_REG,START -> U202 -> U318 -> U253 -> U367 -> U241 -> VOTO2_REG,b10
8,1.75,11,1,4,1,0,0,START,VOTO2_REG,START -> U291 -> U205 -> U253 -> U319 -> U366 -> U241 -> VOTO2_REG,b10
7,1.8571428571428572,10,1,4,0,0,0,START,VOTO2_REG,START -> U291 -> U205 -> U253 -> U367 -> U241 -> VOTO2_REG,b10
7,2.2857142857142856,9,1,3,1,0,0,START,LAST_G_REG,START -> U202 -> U252 -> U309 -> U369 -> U242 -> LAST_G_REG,b10
6,2.3333333333333335,8,1,3,0,0,0,START,LAST_G_REG,START -> U202 -> U252 -> U368 -> U242 -> LAST_G_REG,b10
7,1.0,9,0,4,1,0,0,TEST,STATO_REG_3_,TEST -> U257 -> U276 -> U277 -> U279 -> U212 -> STATO_REG_3_,b10
6,1.0,7,0,3,1,0,0,TEST,SIGN_REG_3_,TEST -> U257 -> U288 -> U289 -> U209 -> SIGN_REG_3_,b10
9,1.3333333333333333,13,2,4,1,0,0,RTS,VOTO0_REG,RTS -> U268 -> U203 -> U204 -> U255 -> U324 -> U370 -> U243 -> VOTO0_REG,b10
8,1.375,12,2,4,0,0,0,RTS,VOTO0_REG,RTS -> U268 -> U203 -> U204 -> U255 -> U371 -> U243 -> VOTO0_REG,b10
8,1.875,11,0,5,1,0,0,RTS,STATO_REG_3_,RTS -> U219 -> U260 -> U229 -> U278 -> U280 -> U212 -> STATO_REG_3_,b10
7,2.0,9,0,4,1,0,0,RTS,STATO_REG_3_,RTS -> U219 -> U260 -> U229 -> U279 -> U212 -> STATO_REG_3_,b10
8,1.75,12,1,5,0,0,0,RTS,STATO_REG_3_,RTS -> U268 -> U203 -> U229 -> U278 -> U280 -> U212 -> STATO_REG_3_,b10
7,1.8571428571428572,10,1,4,0,0,0,RTS,STATO_REG_3_,RTS -> U268 -> U203 -> U229 -> U279 -> U212 -> STATO_REG_3_,b10
8,1.875,11,0,5,1,0,0,RTS,STATO_REG_2_,RTS -> U219 -> U260 -> U229 -> U282 -> U284 -> U211 -> STATO_REG_2_,b10
8,1.75,12,1,5,0,0,0,RTS,STATO_REG_2_,RTS -> U268 -> U203 -> U229 -> U282 -> U284 -> U211 -> STATO_REG_2_,b10
8,2.0,10,0,4,2,0,0,RTS,STATO_REG_1_,RTS -> U219 -> U260 -> U229 -> U274 -> U332 -> U210 -> STATO_REG_1_,b10
7,2.0,9,0,4,1,0,0,RTS,STATO_REG_1_,RTS -> U219 -> U260 -> U229 -> U340 -> U210 -> STATO_REG_1_,b10
8,1.875,11,1,4,1,0,0,RTS,STATO_REG_1_,RTS -> U268 -> U203 -> U229 -> U274 -> U332 -> U210 -> STATO_REG_1_,b10
7,1.8571428571428572,10,1,4,0,0,0,RTS,STATO_REG_1_,RTS -> U268 -> U203 -> U229 -> U340 -> U210 -> STATO_REG_1_,b10
8,2.0,10,0,4,2,0,0,RTS,STATO_REG_0_,RTS -> U219 -> U260 -> U229 -> U274 -> U342 -> U233 -> STATO_REG_0_,b10
7,2.0,9,0,4,1,0,0,RTS,STATO_REG_0_,RTS -> U219 -> U260 -> U229 -> U343 -> U233 -> STATO_REG_0_,b10
8,1.875,11,1,4,1,0,0,RTS,STATO_REG_0_,RTS -> U268 -> U203 -> U229 -> U274 -> U342 -> U233 -> STATO_REG_0_,b10
7,1.8571428571428572,10,1,4,0,0,0,RTS,STATO_REG_0_,RTS -> U268 -> U203 -> U229 -> U343 -> U233 -> STATO_REG_0_,b10
10,1.5,15,3,4,1,0,0,RTS,VOTO1_REG,RTS -> U268 -> U203 -> U204 -> U205 -> U249 -> U293 -> U352 -> U238 -> VOTO1_REG,b10
9,1.5555555555555556,14,3,4,0,0,0,RTS,VOTO1_REG,RTS -> U268 -> U203 -> U204 -> U205 -> U249 -> U353 -> U238 -> VOTO1_REG,b10
5,1.4,5,0,2,1,0,0,RTS,CTR_REG,RTS -> U219 -> U260 -> U208 -> CTR_REG,b10
7,1.1428571428571428,9,0,4,1,0,0,RTS,CTR_REG,RTS -> U219 -> U355 -> U300 -> U301 -> U208 -> CTR_REG,b10
10,1.5,15,3,4,1,0,0,RTS,VOTO3_REG,RTS -> U268 -> U203 -> U204 -> U205 -> U250 -> U305 -> U362 -> U239 -> VOTO3_REG,b10
9,1.5555555555555556,14,3,4,0,0,0,RTS,VOTO3_REG,RTS -> U268 -> U203 -> U204 -> U205 -> U250 -> U363 -> U239 -> VOTO3_REG,b10
10,1.5,15,3,4,1,0,0,RTS,VOTO2_REG,RTS -> U268 -> U203 -> U204 -> U205 -> U253 -> U319 -> U366 -> U241 -> VOTO2_REG,b10
9,1.5555555555555556,14,3,4,0,0,0,RTS,VOTO2_REG,RTS -> U268 -> U203 -> U204 -> U205 -> U253 -> U367 -> U241 -> VOTO2_REG,b10
9,1.8888888888888888,13,1,5,1,0,0,RTR,STATO_REG_3_,RTR -> U216 -> U336 -> U244 -> U229 -> U278 -> U280 -> U212 -> STATO_REG_3_,b10
8,2.0,11,1,4,1,0,0,RTR,STATO_REG_3_,RTR -> U216 -> U336 -> U244 -> U229 -> U279 -> U212 -> STATO_REG_3_,b10
7,3.0,10,0,5,0,0,0,RTR,STATO_REG_3_,RTR -> U246 -> U229 -> U278 -> U280 -> U212 -> STATO_REG_3_,b10
6,3.3333333333333335,8,0,4,0,0,0,RTR,STATO_REG_3_,RTR -> U246 -> U229 -> U279 -> U212 -> STATO_REG_3_,b10
9,1.8888888888888888,14,0,6,0,1,0,RTR,STATO_REG_3_,RTR -> U270 -> U334 -> U272 -> U229 -> U278 -> U280 -> U212 -> STATO_REG_3_,b10
8,2.0,12,0,5,0,1,0,RTR,STATO_REG_3_,RTR -> U270 -> U334 -> U272 -> U229 -> U279 -> U212 -> STATO_REG_3_,b10
9,1.8888888888888888,13,1,5,1,0,0,RTR,STATO_REG_2_,RTR -> U216 -> U336 -> U244 -> U229 -> U282 -> U284 -> U211 -> STATO_REG_2_,b10
7,3.0,10,0,5,0,0,0,RTR,STATO_REG_2_,RTR -> U246 -> U229 -> U282 -> U284 -> U211 -> STATO_REG_2_,b10
9,1.8888888888888888,14,0,6,0,1,0,RTR,STATO_REG_2_,RTR -> U270 -> U334 -> U272 -> U229 -> U282 -> U284 -> U211 -> STATO_REG_2_,b10
9,2.0,12,1,4,2,0,0,RTR,STATO_REG_1_,RTR -> U216 -> U336 -> U244 -> U229 -> U274 -> U332 -> U210 -> STATO_REG_1_,b10
8,2.0,11,1,4,1,0,0,RTR,STATO_REG_1_,RTR -> U216 -> U336 -> U244 -> U229 -> U340 -> U210 -> STATO_REG_1_,b10
7,3.142857142857143,9,0,4,1,0,0,RTR,STATO_REG_1_,RTR -> U246 -> U229 -> U274 -> U332 -> U210 -> STATO_REG_1_,b10
6,3.3333333333333335,8,0,4,0,0,0,RTR,STATO_REG_1_,RTR -> U246 -> U229 -> U340 -> U210 -> STATO_REG_1_,b10
9,2.0,13,0,5,1,1,0,RTR,STATO_REG_1_,RTR -> U270 -> U334 -> U272 -> U229 -> U274 -> U332 -> U210 -> STATO_REG_1_,b10
8,2.0,12,0,5,0,1,0,RTR,STATO_REG_1_,RTR -> U270 -> U334 -> U272 -> U229 -> U340 -> U210 -> STATO_REG_1_,b10
9,2.0,12,1,4,2,0,0,RTR,STATO_REG_0_,RTR -> U216 -> U336 -> U244 -> U229 -> U274 -> U342 -> U233 -> STATO_REG_0_,b10
8,2.0,11,1,4,1,0,0,RTR,STATO_REG_0_,RTR -> U216 -> U336 -> U244 -> U229 -> U343 -> U233 -> STATO_REG_0_,b10
7,3.142857142857143,9,0,4,1,0,0,RTR,STATO_REG_0_,RTR -> U246 -> U229 -> U274 -> U342 -> U233 -> STATO_REG_0_,b10
6,3.3333333333333335,8,0,4,0,0,0,RTR,STATO_REG_0_,RTR -> U246 -> U229 -> U343 -> U233 -> STATO_REG_0_,b10
9,2.0,13,0,5,1,1,0,RTR,STATO_REG_0_,RTR -> U270 -> U334 -> U272 -> U229 -> U274 -> U342 -> U233 -> STATO_REG_0_,b10
8,2.0,12,0,5,0,1,0,RTR,STATO_REG_0_,RTR -> U270 -> U334 -> U272 -> U229 -> U343 -> U233 -> STATO_REG_0_,b10
6,3.0,7,0,3,1,0,0,RTR,V_OUT_REG_3_,RTR -> U246 -> U267 -> U345 -> U234 -> V_OUT_REG_3_,b10
5,2.8,6,0,3,0,0,0,RTR,V_OUT_REG_3_,RTR -> U246 -> U344 -> U234 -> V_OUT_REG_3_,b10
6,3.0,7,0,3,1,0,0,RTR,V_OUT_REG_2_,RTR -> U246 -> U267 -> U347 -> U235 -> V_OUT_REG_2_,b10
5,2.8,6,0,3,0,0,0,RTR,V_OUT_REG_2_,RTR -> U246 -> U346 -> U235 -> V_OUT_REG_2_,b10
6,3.0,7,0,3,1,0,0,RTR,V_OUT_REG_1_,RTR -> U246 -> U267 -> U349 -> U236 -> V_OUT_REG_1_,b10
5,2.8,6,0,3,0,0,0,RTR,V_OUT_REG_1_,RTR -> U246 -> U348 -> U236 -> V_OUT_REG_1_,b10
6,3.0,7,0,3,1,0,0,RTR,V_OUT_REG_0_,RTR -> U246 -> U267 -> U351 -> U237 -> V_OUT_REG_0_,b10
5,2.8,6,0,3,0,0,0,RTR,V_OUT_REG_0_,RTR -> U246 -> U350 -> U237 -> V_OUT_REG_0_,b10
4,3.25,4,0,2,0,0,0,RTR,CTS_REG,RTR -> U246 -> U207 -> CTS_REG,b10
6,1.5,8,0,4,0,0,0,RTR,CTS_REG,RTR -> U311 -> U314 -> U317 -> U207 -> CTS_REG,b10
4,1.75,4,0,2,0,0,0,RTR,CTS_REG,RTR -> U316 -> U207 -> CTS_REG,b10
9,1.5555555555555556,14,0,7,0,0,0,V_IN_3_,STATO_REG_3_,V_IN_3_ -> U331 -> U333 -> U272 -> U229 -> U278 -> U280 -> U212 -> STATO_REG_3_,b10
8,1.625,12,0,6,0,0,0,V_IN_3_,STATO_REG_3_,V_IN_3_ -> U331 -> U333 -> U272 -> U229 -> U279 -> U212 -> STATO_REG_3_,b10
9,1.5555555555555556,14,0,7,0,0,0,V_IN_3_,STATO_REG_2_,V_IN_3_ -> U331 -> U333 -> U272 -> U229 -> U282 -> U284 -> U211 -> STATO_REG_2_,b10
9,1.6666666666666667,13,0,6,1,0,0,V_IN_3_,STATO_REG_1_,V_IN_3_ -> U331 -> U333 -> U272 -> U229 -> U274 -> U332 -> U210 -> STATO_REG_1_,b10
8,1.625,12,0,6,0,0,0,V_IN_3_,STATO_REG_1_,V_IN_3_ -> U331 -> U333 -> U272 -> U229 -> U340 -> U210 -> STATO_REG_1_,b10
9,1.6666666666666667,13,0,6,1,0,0,V_IN_3_,STATO_REG_0_,V_IN_3_ -> U331 -> U333 -> U272 -> U229 -> U274 -> U342 -> U233 -> STATO_REG_0_,b10
8,1.625,12,0,6,0,0,0,V_IN_3_,STATO_REG_0_,V_IN_3_ -> U331 -> U333 -> U272 -> U229 -> U343 -> U233 -> STATO_REG_0_,b10
6,1.0,8,0,4,0,0,0,V_IN_3_,VOTO3_REG,V_IN_3_ -> U307 -> U308 -> U363 -> U239 -> VOTO3_REG,b10
9,1.5555555555555556,14,0,7,0,0,0,V_IN_2_,STATO_REG_3_,V_IN_2_ -> U331 -> U333 -> U272 -> U229 -> U278 -> U280 -> U212 -> STATO_REG_3_,b10
8,1.625,12,0,6,0,0,0,V_IN_2_,STATO_REG_3_,V_IN_2_ -> U331 -> U333 -> U272 -> U229 -> U279 -> U212 -> STATO_REG_3_,b10
9,1.5555555555555556,14,0,7,0,0,0,V_IN_2_,STATO_REG_2_,V_IN_2_ -> U331 -> U333 -> U272 -> U229 -> U282 -> U284 -> U211 -> STATO_REG_2_,b10
9,1.6666666666666667,13,0,6,1,0,0,V_IN_2_,STATO_REG_1_,V_IN_2_ -> U331 -> U333 -> U272 -> U229 -> U274 -> U332 -> U210 -> STATO_REG_1_,b10
8,1.625,12,0,6,0,0,0,V_IN_2_,STATO_REG_1_,V_IN_2_ -> U331 -> U333 -> U272 -> U229 -> U340 -> U210 -> STATO_REG_1_,b10
9,1.6666666666666667,13,0,6,1,0,0,V_IN_2_,STATO_REG_0_,V_IN_2_ -> U331 -> U333 -> U272 -> U229 -> U274 -> U342 -> U233 -> STATO_REG_0_,b10
8,1.625,12,0,6,0,0,0,V_IN_2_,STATO_REG_0_,V_IN_2_ -> U331 -> U333 -> U272 -> U229 -> U343 -> U233 -> STATO_REG_0_,b10
6,1.0,8,0,4,0,0,0,V_IN_2_,VOTO2_REG,V_IN_2_ -> U321 -> U322 -> U367 -> U241 -> VOTO2_REG,b10
9,1.5555555555555556,14,0,7,0,0,0,V_IN_1_,STATO_REG_3_,V_IN_1_ -> U331 -> U333 -> U272 -> U229 -> U278 -> U280 -> U212 -> STATO_REG_3_,b10
8,1.625,12,0,6,0,0,0,V_IN_1_,STATO_REG_3_,V_IN_1_ -> U331 -> U333 -> U272 -> U229 -> U279 -> U212 -> STATO_REG_3_,b10
9,1.5555555555555556,14,0,7,0,0,0,V_IN_1_,STATO_REG_2_,V_IN_1_ -> U331 -> U333 -> U272 -> U229 -> U282 -> U284 -> U211 -> STATO_REG_2_,b10
9,1.6666666666666667,13,0,6,1,0,0,V_IN_1_,STATO_REG_1_,V_IN_1_ -> U331 -> U333 -> U272 -> U229 -> U274 -> U332 -> U210 -> STATO_REG_1_,b10
8,1.625,12,0,6,0,0,0,V_IN_1_,STATO_REG_1_,V_IN_1_ -> U331 -> U333 -> U272 -> U229 -> U340 -> U210 -> STATO_REG_1_,b10
9,1.6666666666666667,13,0,6,1,0,0,V_IN_1_,STATO_REG_0_,V_IN_1_ -> U331 -> U333 -> U272 -> U229 -> U274 -> U342 -> U233 -> STATO_REG_0_,b10
8,1.625,12,0,6,0,0,0,V_IN_1_,STATO_REG_0_,V_IN_1_ -> U331 -> U333 -> U272 -> U229 -> U343 -> U233 -> STATO_REG_0_,b10
6,1.0,8,0,4,0,0,0,V_IN_1_,VOTO1_REG,V_IN_1_ -> U297 -> U298 -> U353 -> U238 -> VOTO1_REG,b10
6,1.0,8,0,4,0,0,0,V_IN_0_,VOTO0_REG,V_IN_0_ -> U329 -> U330 -> U371 -> U243 -> VOTO0_REG,b10
9,1.5555555555555556,14,0,7,0,0,0,V_IN_0_,STATO_REG_3_,V_IN_0_ -> U331 -> U333 -> U272 -> U229 -> U278 -> U280 -> U212 -> STATO_REG_3_,b10
8,1.625,12,0,6,0,0,0,V_IN_0_,STATO_REG_3_,V_IN_0_ -> U331 -> U333 -> U272 -> U229 -> U279 -> U212 -> STATO_REG_3_,b10
9,1.5555555555555556,14,0,7,0,0,0,V_IN_0_,STATO_REG_2_,V_IN_0_ -> U331 -> U333 -> U272 -> U229 -> U282 -> U284 -> U211 -> STATO_REG_2_,b10
9,1.6666666666666667,13,0,6,1,0,0,V_IN_0_,STATO_REG_1_,V_IN_0_ -> U331 -> U333 -> U272 -> U229 -> U274 -> U332 -> U210 -> STATO_REG_1_,b10
8,1.625,12,0,6,0,0,0,V_IN_0_,STATO_REG_1_,V_IN_0_ -> U331 -> U333 -> U272 -> U229 -> U340 -> U210 -> STATO_REG_1_,b10
9,1.6666666666666667,13,0,6,1,0,0,V_IN_0_,STATO_REG_0_,V_IN_0_ -> U331 -> U333 -> U272 -> U229 -> U274 -> U342 -> U233 -> STATO_REG_0_,b10
8,1.625,12,0,6,0,0,0,V_IN_0_,STATO_REG_0_,V_IN_0_ -> U331 -> U333 -> U272 -> U229 -> U343 -> U233 -> STATO_REG_0_,b10
4,1.5,4,0,2,0,0,0,DFF_Q_VOTO0_REG,VOTO0_REG,DFF_Q_VOTO0_REG -> U370 -> U243 -> VOTO0_REG,b10
9,1.5555555555555556,12,0,5,2,0,0,DFF_Q_VOTO0_REG,STATO_REG_3_,DFF_Q_VOTO0_REG -> U248 -> U228 -> U256 -> U275 -> U277 -> U279 -> U212 -> STATO_REG_3_,b10
8,1.5,11,0,5,1,0,0,DFF_Q_VOTO0_REG,STATO_REG_2_,DFF_Q_VOTO0_REG -> U248 -> U228 -> U281 -> U282 -> U284 -> U211 -> STATO_REG_2_,b10
10,1.5,14,0,6,2,0,0,DFF_Q_VOTO0_REG,STATO_REG_0_,DFF_Q_VOTO0_REG -> U248 -> U228 -> U256 -> U285 -> U286 -> U287 -> U343 -> U233 -> STATO_REG_0_,b10
4,1.5,4,0,2,0,0,0,DFF_Q_VOTO0_REG,V_OUT_REG_0_,DFF_Q_VOTO0_REG -> U351 -> U237 -> V_OUT_REG_0_,b10
12,1.3333333333333333,18,0,8,2,0,0,DFF_Q_VOTO0_REG,VOTO3_REG,DFF_Q_VOTO0_REG -> U248 -> U356 -> U245 -> U358 -> U359 -> U361 -> U306 -> U308 -> U363 -> U239 -> VOTO3_REG,b10
11,1.3636363636363635,17,0,8,1,0,0,DFF_Q_VOTO0_REG,VOTO3_REG,DFF_Q_VOTO0_REG -> U248 -> U356 -> U245 -> U360 -> U361 -> U306 -> U308 -> U363 -> U239 -> VOTO3_REG,b10
11,1.2727272727272727,17,0,8,1,0,0,DFF_Q_VOTO0_REG,VOTO3_REG,DFF_Q_VOTO0_REG -> U357 -> U245 -> U358 -> U359 -> U361 -> U306 -> U308 -> U363 -> U239 -> VOTO3_REG,b10
10,1.3,16,0,8,0,0,0,DFF_Q_VOTO0_REG,VOTO3_REG,DFF_Q_VOTO0_REG -> U357 -> U245 -> U360 -> U361 -> U306 -> U308 -> U363 -> U239 -> VOTO3_REG,b10
12,2.75,18,2,5,2,0,1,DFF_Q_STATO_REG_3_,VOTO0_REG,DFF_Q_STATO_REG_3_ -> U200 -> U220 -> U258 -> U269 -> U203 -> U204 -> U255 -> U324 -> U370 -> U243 -> VOTO0_REG,b10
11,2.909090909090909,17,2,5,1,0,1,DFF_Q_STATO_REG_3_,VOTO0_REG,DFF_Q_STATO_REG_3_ -> U200 -> U220 -> U258 -> U269 -> U203 -> U204 -> U255 -> U371 -> U243 -> VOTO0_REG,b10
11,2.6363636363636362,17,0,7,1,0,1,DFF_Q_STATO_REG_3_,VOTO0_REG,DFF_Q_STATO_REG_3_ -> U200 -> U220 -> U258 -> U325 -> U327 -> U328 -> U330 -> U371 -> U243 -> VOTO0_REG,b10
8,2.875,11,0,4,1,0,1,DFF_Q_STATO_REG_3_,VOTO0_REG,DFF_Q_STATO_REG_3_ -> U200 -> U223 -> U255 -> U324 -> U370 -> U243 -> VOTO0_REG,b10
7,3.142857142857143,10,0,4,0,0,1,DFF_Q_STATO_REG_3_,VOTO0_REG,DFF_Q_STATO_REG_3_ -> U200 -> U223 -> U255 -> U371 -> U243 -> VOTO0_REG,b10
9,2.7777777777777777,13,0,6,1,0,0,DFF_Q_STATO_REG_3_,VOTO0_REG,DFF_Q_STATO_REG_3_ -> U221 -> U294 -> U295 -> U329 -> U330 -> U371 -> U243 -> VOTO0_REG,b10
10,2.5,14,0,6,2,0,0,DFF_Q_STATO_REG_3_,VOTO0_REG,DFF_Q_STATO_REG_3_ -> U221 -> U338 -> U339 -> U323 -> U255 -> U324 -> U370 -> U243 -> VOTO0_REG,b10
9,2.6666666666666665,13,0,6,1,0,0,DFF_Q_STATO_REG_3_,VOTO0_REG,DFF_Q_STATO_REG_3_ -> U221 -> U338 -> U339 -> U323 -> U255 -> U371 -> U243 -> VOTO0_REG,b10
8,2.625,11,1,4,1,0,0,DFF_Q_STATO_REG_3_,VOTO0_REG,DFF_Q_STATO_REG_3_ -> U261 -> U204 -> U255 -> U324 -> U370 -> U243 -> VOTO0_REG,b10
7,2.857142857142857,10,1,4,0,0,0,DFF_Q_STATO_REG_3_,VOTO0_REG,DFF_Q_STATO_REG_3_ -> U261 -> U204 -> U255 -> U371 -> U243 -> VOTO0_REG,b10
8,2.75,12,0,6,0,0,0,DFF_Q_STATO_REG_3_,VOTO0_REG,DFF_Q_STATO_REG_3_ -> U261 -> U295 -> U329 -> U330 -> U371 -> U243 -> VOTO0_REG,b10
8,2.25,12,0,6,0,0,0,DFF_Q_STATO_REG_3_,VOTO0_REG,DFF_Q_STATO_REG_3_ -> U326 -> U327 -> U328 -> U330 -> U371 -> U243 -> VOTO0_REG,b10
9,2.3333333333333335,13,0,6,1,0,0,DFF_Q_STATO_REG_3_,VOTO0_REG,DFF_Q_STATO_REG_3_ -> U337 -> U339 -> U323 -> U255 -> U324 -> U370 -> U243 -> VOTO0_REG,b10
8,2.5,12,0,6,0,0,0,DFF_Q_STATO_REG_3_,VOTO0_REG,DFF_Q_STATO_REG_3_ -> U337 -> U339 -> U323 -> U255 -> U371 -> U243 -> VOTO0_REG,b10
11,3.1818181818181817,17,1,6,1,0,1,DFF_Q_STATO_REG_3_,STATO_REG_3_,DFF_Q_STATO_REG_3_ -> U200 -> U220 -> U258 -> U269 -> U203 -> U229 -> U278 -> U280 -> U212 -> STATO_REG_3_,b10
10,3.4,15,1,5,1,0,1,DFF_Q_STATO_REG_3_,STATO_REG_3_,DFF_Q_STATO_REG_3_ -> U200 -> U220 -> U258 -> U269 -> U203 -> U229 -> U279 -> U212 -> STATO_REG_3_,b10
9,3.0,13,0,5,1,0,1,DFF_Q_STATO_REG_3_,STATO_REG_3_,DFF_Q_STATO_REG_3_ -> U200 -> U220 -> U258 -> U276 -> U277 -> U279 -> U212 -> STATO_REG_3_,b10
11,2.727272727272727,17,1,6,1,0,1,DFF_Q_STATO_REG_3_,STATO_REG_3_,DFF_Q_STATO_REG_3_ -> U200 -> U223 -> U262 -> U273 -> U244 -> U229 -> U278 -> U280 -> U212 -> STATO_REG_3_,b10
10,2.9,15,1,5,1,0,1,DFF_Q_STATO_REG_3_,STATO_REG_3_,DFF_Q_STATO_REG_3_ -> U200 -> U223 -> U262 -> U273 -> U244 -> U229 -> U279 -> U212 -> STATO_REG_3_,b10
11,2.8181818181818183,16,1,6,2,0,0,DFF_Q_STATO_REG_3_,STATO_REG_3_,DFF_Q_STATO_REG_3_ -> U221 -> U225 -> U271 -> U335 -> U244 -> U229 -> U278 -> U280 -> U212 -> STATO_REG_3_,b10
10,3.0,14,1,5,2,0,0,DFF_Q_STATO_REG_3_,STATO_REG_3_,DFF_Q_STATO_REG_3_ -> U221 -> U225 -> U271 -> U335 -> U244 -> U229 -> U279 -> U212 -> STATO_REG_3_,b10
7,3.142857142857143,10,0,5,0,0,0,DFF_Q_STATO_REG_3_,STATO_REG_3_,DFF_Q_STATO_REG_3_ -> U272 -> U229 -> U278 -> U280 -> U212 -> STATO_REG_3_,b10
6,3.5,8,0,4,0,0,0,DFF_Q_STATO_REG_3_,STATO_REG_3_,DFF_Q_STATO_REG_3_ -> U272 -> U229 -> U279 -> U212 -> STATO_REG_3_,b10
4,3.5,4,0,2,0,0,0,DFF_Q_STATO_REG_3_,STATO_REG_3_,DFF_Q_STATO_REG_3_ -> U280 -> U212 -> STATO_REG_3_,b10
11,3.1818181818181817,17,1,6,1,0,1,DFF_Q_STATO_REG_3_,STATO_REG_2_,DFF_Q_STATO_REG_3_ -> U200 -> U220 -> U258 -> U269 -> U203 -> U229 -> U282 -> U284 -> U211 -> STATO_REG_2_,b10
11,2.727272727272727,17,1,6,1,0,1,DFF_Q_STATO_REG_3_,STATO_REG_2_,DFF_Q_STATO_REG_3_ -> U200 -> U223 -> U262 -> U273 -> U244 -> U229 -> U282 -> U284 -> U211 -> STATO_REG_2_,b10
11,2.8181818181818183,16,1,6,2,0,0,DFF_Q_STATO_REG_3_,STATO_REG_2_,DFF_Q_STATO_REG_3_ -> U221 -> U225 -> U271 -> U335 -> U244 -> U229 -> U282 -> U284 -> U211 -> STATO_REG_2_,b10
7,3.0,9,0,4,1,0,0,DFF_Q_STATO_REG_3_,STATO_REG_2_,DFF_Q_STATO_REG_3_ -> U221 -> U338 -> U339 -> U283 -> U211 -> STATO_REG_2_,b10
7,3.142857142857143,10,0,5,0,0,0,DFF_Q_STATO_REG_3_,STATO_REG_2_,DFF_Q_STATO_REG_3_ -> U272 -> U229 -> U282 -> U284 -> U211 -> STATO_REG_2_,b10
6,2.8333333333333335,8,0,4,0,0,0,DFF_Q_STATO_REG_3_,STATO_REG_2_,DFF_Q_STATO_REG_3_ -> U337 -> U339 -> U283 -> U211 -> STATO_REG_2_,b10
11,3.272727272727273,16,1,5,2,0,1,DFF_Q_STATO_REG_3_,STATO_REG_1_,DFF_Q_STATO_REG_3_ -> U200 -> U220 -> U258 -> U269 -> U203 -> U229 -> U274 -> U332 -> U210 -> STATO_REG_1_,b10
10,3.4,15,1,5,1,0,1,DFF_Q_STATO_REG_3_,STATO_REG_1_,DFF_Q_STATO_REG_3_ -> U200 -> U220 -> U258 -> U269 -> U203 -> U229 -> U340 -> U210 -> STATO_REG_1_,b10
11,2.8181818181818183,16,1,5,2,0,1,DFF_Q_STATO_REG_3_,STATO_REG_1_,DFF_Q_STATO_REG_3_ -> U200 -> U223 -> U262 -> U273 -> U244 -> U229 -> U274 -> U332 -> U210 -> STATO_REG_1_,b10
10,2.9,15,1,5,1,0,1,DFF_Q_STATO_REG_3_,STATO_REG_1_,DFF_Q_STATO_REG_3_ -> U200 -> U223 -> U262 -> U273 -> U244 -> U229 -> U340 -> U210 -> STATO_REG_1_,b10
11,2.909090909090909,15,1,5,3,0,0,DFF_Q_STATO_REG_3_,STATO_REG_1_,DFF_Q_STATO_REG_3_ -> U221 -> U225 -> U271 -> U335 -> U244 -> U229 -> U274 -> U332 -> U210 -> STATO_REG_1_,b10
10,3.0,14,1,5,2,0,0,DFF_Q_STATO_REG_3_,STATO_REG_1_,DFF_Q_STATO_REG_3_ -> U221 -> U225 -> U271 -> U335 -> U244 -> U229 -> U340 -> U210 -> STATO_REG_1_,b10
7,3.142857142857143,8,0,3,2,0,0,DFF_Q_STATO_REG_3_,STATO_REG_1_,DFF_Q_STATO_REG_3_ -> U221 -> U225 -> U271 -> U341 -> U210 -> STATO_REG_1_,b10
6,3.3333333333333335,7,0,3,1,0,0,DFF_Q_STATO_REG_3_,STATO_REG_1_,DFF_Q_STATO_REG_3_ -> U221 -> U225 -> U340 -> U210 -> STATO_REG_1_,b10
7,3.2857142857142856,9,0,4,1,0,0,DFF_Q_STATO_REG_3_,STATO_REG_1_,DFF_Q_STATO_REG_3_ -> U272 -> U229 -> U274 -> U332 -> U210 -> STATO_REG_1_,b10
6,3.5,8,0,4,0,0,0,DFF_Q_STATO_REG_3_,STATO_REG_1_,DFF_Q_STATO_REG_3_ -> U272 -> U229 -> U340 -> U210 -> STATO_REG_1_,b10
11,3.272727272727273,16,1,5,2,0,1,DFF_Q_STATO_REG_3_,STATO_REG_0_,DFF_Q_STATO_REG_3_ -> U200 -> U220 -> U258 -> U269 -> U203 -> U229 -> U274 -> U342 -> U233 -> STATO_REG_0_,b10
10,3.4,15,1,5,1,0,1,DFF_Q_STATO_REG_3_,STATO_REG_0_,DFF_Q_STATO_REG_3_ -> U200 -> U220 -> U258 -> U269 -> U203 -> U229 -> U343 -> U233 -> STATO_REG_0_,b10
7,3.0,10,0,4,0,0,1,DFF_Q_STATO_REG_3_,STATO_REG_0_,DFF_Q_STATO_REG_3_ -> U200 -> U220 -> U287 -> U343 -> U233 -> STATO_REG_0_,b10
11,2.8181818181818183,16,1,5,2,0,1,DFF_Q_STATO_REG_3_,STATO_REG_0_,DFF_Q_STATO_REG_3_ -> U200 -> U223 -> U262 -> U273 -> U244 -> U229 -> U274 -> U342 -> U233 -> STATO_REG_0_,b10
10,2.9,15,1,5,1,0,1,DFF_Q_STATO_REG_3_,STATO_REG_0_,DFF_Q_STATO_REG_3_ -> U200 -> U223 -> U262 -> U273 -> U244 -> U229 -> U343 -> U233 -> STATO_REG_0_,b10
11,2.909090909090909,15,1,5,3,0,0,DFF_Q_STATO_REG_3_,STATO_REG_0_,DFF_Q_STATO_REG_3_ -> U221 -> U225 -> U271 -> U335 -> U244 -> U229 -> U274 -> U342 -> U233 -> STATO_REG_0_,b10
10,3.0,14,1,5,2,0,0,DFF_Q_STATO_REG_3_,STATO_REG_0_,DFF_Q_STATO_REG_3_ -> U221 -> U225 -> U271 -> U335 -> U244 -> U229 -> U343 -> U233 -> STATO_REG_0_,b10
8,2.625,11,0,5,1,0,0,DFF_Q_STATO_REG_3_,STATO_REG_0_,DFF_Q_STATO_REG_3_ -> U221 -> U285 -> U286 -> U287 -> U343 -> U233 -> STATO_REG_0_,b10
7,3.2857142857142856,9,0,4,1,0,0,DFF_Q_STATO_REG_3_,STATO_REG_0_,DFF_Q_STATO_REG_3_ -> U272 -> U229 -> U274 -> U342 -> U233 -> STATO_REG_0_,b10
6,3.5,8,0,4,0,0,0,DFF_Q_STATO_REG_3_,STATO_REG_0_,DFF_Q_STATO_REG_3_ -> U272 -> U229 -> U343 -> U233 -> STATO_REG_0_,b10
8,3.25,11,0,4,1,0,1,DFF_Q_STATO_REG_3_,SIGN_REG_3_,DFF_Q_STATO_REG_3_ -> U200 -> U220 -> U258 -> U288 -> U289 -> U209 -> SIGN_REG_3_,b10
4,3.5,4,0,2,0,0,0,DFF_Q_STATO_REG_3_,SIGN_REG_3_,DFF_Q_STATO_REG_3_ -> U290 -> U209 -> SIGN_REG_3_,b10
11,3.090909090909091,16,1,5,2,0,1,DFF_Q_STATO_REG_3_,VOTO1_REG,DFF_Q_STATO_REG_3_ -> U200 -> U220 -> U258 -> U202 -> U263 -> U249 -> U293 -> U352 -> U238 -> VOTO1_REG,b10
10,3.3,15,1,5,1,0,1,DFF_Q_STATO_REG_3_,VOTO1_REG,DFF_Q_STATO_REG_3_ -> U200 -> U220 -> U258 -> U202 -> U263 -> U249 -> U353 -> U238 -> VOTO1_REG,b10
11,3.0,16,1,5,2,0,1,DFF_Q_STATO_REG_3_,VOTO1_REG,DFF_Q_STATO_REG_3_ -> U200 -> U220 -> U258 -> U202 -> U292 -> U249 -> U293 -> U352 -> U238 -> VOTO1_REG,b10
10,3.2,15,1,5,1,0,1,DFF_Q_STATO_REG_3_,VOTO1_REG,DFF_Q_STATO_REG_3_ -> U200 -> U220 -> U258 -> U202 -> U292 -> U249 -> U353 -> U238 -> VOTO1_REG,b10
13,2.769230769230769,20,3,5,2,0,1,DFF_Q_STATO_REG_3_,VOTO1_REG,DFF_Q_STATO_REG_3_ -> U200 -> U220 -> U258 -> U269 -> U203 -> U204 -> U205 -> U249 -> U293 -> U352 -> U238 -> VOTO1_REG,b10
12,2.9166666666666665,19,3,5,1,0,1,DFF_Q_STATO_REG_3_,VOTO1_REG,DFF_Q_STATO_REG_3_ -> U200 -> U220 -> U258 -> U269 -> U203 -> U204 -> U205 -> U249 -> U353 -> U238 -> VOTO1_REG,b10
9,2.7777777777777777,13,0,6,1,0,0,DFF_Q_STATO_REG_3_,VOTO1_REG,DFF_Q_STATO_REG_3_ -> U221 -> U294 -> U295 -> U297 -> U298 -> U353 -> U238 -> VOTO1_REG,b10
9,2.6666666666666665,13,2,4,1,0,0,DFF_Q_STATO_REG_3_,VOTO1_REG,DFF_Q_STATO_REG_3_ -> U261 -> U204 -> U205 -> U249 -> U293 -> U352 -> U238 -> VOTO1_REG,b10
8,2.875,12,2,4,0,0,0,DFF_Q_STATO_REG_3_,VOTO1_REG,DFF_Q_STATO_REG_3_ -> U261 -> U204 -> U205 -> U249 -> U353 -> U238 -> VOTO1_REG,b10
8,2.75,12,0,6,0,0,0,DFF_Q_STATO_REG_3_,VOTO1_REG,DFF_Q_STATO_REG_3_ -> U261 -> U295 -> U297 -> U298 -> U353 -> U238 -> VOTO1_REG,b10
6,2.6666666666666665,8,0,4,0,0,0,DFF_Q_STATO_REG_3_,CTR_REG,DFF_Q_STATO_REG_3_ -> U354 -> U300 -> U301 -> U208 -> CTR_REG,b10
13,2.769230769230769,20,3,5,2,0,1,DFF_Q_STATO_REG_3_,VOTO3_REG,DFF_Q_STATO_REG_3_ -> U200 -> U220 -> U258 -> U269 -> U203 -> U204 -> U205 -> U250 -> U305 -> U362 -> U239 -> VOTO3_REG,b10
12,2.9166666666666665,19,3,5,1,0,1,DFF_Q_STATO_REG_3_,VOTO3_REG,DFF_Q_STATO_REG_3_ -> U200 -> U220 -> U258 -> U269 -> U203 -> U204 -> U205 -> U250 -> U363 -> U239 -> VOTO3_REG,b10
8,2.75,11,0,4,1,0,1,DFF_Q_STATO_REG_3_,VOTO3_REG,DFF_Q_STATO_REG_3_ -> U200 -> U304 -> U250 -> U305 -> U362 -> U239 -> VOTO3_REG,b10
7,3.0,10,0,4,0,0,1,DFF_Q_STATO_REG_3_,VOTO3_REG,DFF_Q_STATO_REG_3_ -> U200 -> U304 -> U250 -> U363 -> U239 -> VOTO3_REG,b10
9,2.7777777777777777,13,0,6,1,0,0,DFF_Q_STATO_REG_3_,VOTO3_REG,DFF_Q_STATO_REG_3_ -> U221 -> U294 -> U295 -> U307 -> U308 -> U363 -> U239 -> VOTO3_REG,b10
9,2.6666666666666665,13,2,4,1,0,0,DFF_Q_STATO_REG_3_,VOTO3_REG,DFF_Q_STATO_REG_3_ -> U261 -> U204 -> U205 -> U250 -> U305 -> U362 -> U239 -> VOTO3_REG,b10
8,2.875,12,2,4,0,0,0,DFF_Q_STATO_REG_3_,VOTO3_REG,DFF_Q_STATO_REG_3_ -> U261 -> U204 -> U205 -> U250 -> U363 -> U239 -> VOTO3_REG,b10
8,2.75,12,0,6,0,0,0,DFF_Q_STATO_REG_3_,VOTO3_REG,DFF_Q_STATO_REG_3_ -> U261 -> U295 -> U307 -> U308 -> U363 -> U239 -> VOTO3_REG,b10
10,3.4,14,1,4,2,0,1,DFF_Q_STATO_REG_3_,LAST_R_REG,DFF_Q_STATO_REG_3_ -> U200 -> U220 -> U258 -> U202 -> U252 -> U309 -> U365 -> U240 -> LAST_R_REG,b10
9,3.5555555555555554,13,1,4,1,0,1,DFF_Q_STATO_REG_3_,LAST_R_REG,DFF_Q_STATO_REG_3_ -> U200 -> U220 -> U258 -> U202 -> U252 -> U364 -> U240 -> LAST_R_REG,b10
5,3.6,6,0,2,0,0,1,DFF_Q_STATO_REG_3_,CTS_REG,DFF_Q_STATO_REG_3_ -> U200 -> U316 -> U207 -> CTS_REG,b10
7,2.4285714285714284,10,0,4,0,1,0,DFF_Q_STATO_REG_3_,CTS_REG,DFF_Q_STATO_REG_3_ -> U310 -> U311 -> U314 -> U317 -> U207 -> CTS_REG,b10
6,2.6666666666666665,8,0,4,0,0,0,DFF_Q_STATO_REG_3_,CTS_REG,DFF_Q_STATO_REG_3_ -> U312 -> U314 -> U317 -> U207 -> CTS_REG,b10
4,3.5,4,0,2,0,0,0,DFF_Q_STATO_REG_3_,CTS_REG,DFF_Q_STATO_REG_3_ -> U315 -> U207 -> CTS_REG,b10
11,3.090909090909091,16,1,5,2,0,1,DFF_Q_STATO_REG_3_,VOTO2_REG,DFF_Q_STATO_REG_3_ -> U200 -> U220 -> U258 -> U202 -> U263 -> U253 -> U319 -> U366 -> U241 -> VOTO2_REG,b10
10,3.3,15,1,5,1,0,1,DFF_Q_STATO_REG_3_,VOTO2_REG,DFF_Q_STATO_REG_3_ -> U200 -> U220 -> U258 -> U202 -> U263 -> U253 -> U367 -> U241 -> VOTO2_REG,b10
11,3.0,16,1,5,2,0,1,DFF_Q_STATO_REG_3_,VOTO2_REG,DFF_Q_STATO_REG_3_ -> U200 -> U220 -> U258 -> U202 -> U318 -> U253 -> U319 -> U366 -> U241 -> VOTO2_REG,b10
10,3.2,15,1,5,1,0,1,DFF_Q_STATO_REG_3_,VOTO2_REG,DFF_Q_STATO_REG_3_ -> U200 -> U220 -> U258 -> U202 -> U318 -> U253 -> U367 -> U241 -> VOTO2_REG,b10
13,2.769230769230769,20,3,5,2,0,1,DFF_Q_STATO_REG_3_,VOTO2_REG,DFF_Q_STATO_REG_3_ -> U200 -> U220 -> U258 -> U269 -> U203 -> U204 -> U205 -> U253 -> U319 -> U366 -> U241 -> VOTO2_REG,b10
12,2.9166666666666665,19,3,5,1,0,1,DFF_Q_STATO_REG_3_,VOTO2_REG,DFF_Q_STATO_REG_3_ -> U200 -> U220 -> U258 -> U269 -> U203 -> U204 -> U205 -> U253 -> U367 -> U241 -> VOTO2_REG,b10
9,2.7777777777777777,13,0,6,1,0,0,DFF_Q_STATO_REG_3_,VOTO2_REG,DFF_Q_STATO_REG_3_ -> U221 -> U294 -> U295 -> U321 -> U322 -> U367 -> U241 -> VOTO2_REG,b10
9,2.6666666666666665,13,2,4,1,0,0,DFF_Q_STATO_REG_3_,VOTO2_REG,DFF_Q_STATO_REG_3_ -> U261 -> U204 -> U205 -> U253 -> U319 -> U366 -> U241 -> VOTO2_REG,b10
8,2.875,12,2,4,0,0,0,DFF_Q_STATO_REG_3_,VOTO2_REG,DFF_Q_STATO_REG_3_ -> U261 -> U204 -> U205 -> U253 -> U367 -> U241 -> VOTO2_REG,b10
8,2.75,12,0,6,0,0,0,DFF_Q_STATO_REG_3_,VOTO2_REG,DFF_Q_STATO_REG_3_ -> U261 -> U295 -> U321 -> U322 -> U367 -> U241 -> VOTO2_REG,b10
10,3.4,14,1,4,2,0,1,DFF_Q_STATO_REG_3_,LAST_G_REG,DFF_Q_STATO_REG_3_ -> U200 -> U220 -> U258 -> U202 -> U252 -> U309 -> U369 -> U242 -> LAST_G_REG,b10
9,3.5555555555555554,13,1,4,1,0,1,DFF_Q_STATO_REG_3_,LAST_G_REG,DFF_Q_STATO_REG_3_ -> U200 -> U220 -> U258 -> U202 -> U252 -> U368 -> U242 -> LAST_G_REG,b10
12,2.3333333333333335,18,2,5,2,0,1,DFF_Q_STATO_REG_2_,VOTO0_REG,DFF_Q_STATO_REG_2_ -> U200 -> U220 -> U258 -> U269 -> U203 -> U204 -> U255 -> U324 -> U370 -> U243 -> VOTO0_REG,b10
11,2.4545454545454546,17,2,5,1,0,1,DFF_Q_STATO_REG_2_,VOTO0_REG,DFF_Q_STATO_REG_2_ -> U200 -> U220 -> U258 -> U269 -> U203 -> U204 -> U255 -> U371 -> U243 -> VOTO0_REG,b10
11,2.1818181818181817,17,0,7,1,0,1,DFF_Q_STATO_REG_2_,VOTO0_REG,DFF_Q_STATO_REG_2_ -> U200 -> U220 -> U258 -> U325 -> U327 -> U328 -> U330 -> U371 -> U243 -> VOTO0_REG,b10
8,2.25,11,0,4,1,0,1,DFF_Q_STATO_REG_2_,VOTO0_REG,DFF_Q_STATO_REG_2_ -> U200 -> U223 -> U255 -> U324 -> U370 -> U243 -> VOTO0_REG,b10
7,2.4285714285714284,10,0,4,0,0,1,DFF_Q_STATO_REG_2_,VOTO0_REG,DFF_Q_STATO_REG_2_ -> U200 -> U223 -> U255 -> U371 -> U243 -> VOTO0_REG,b10
12,2.25,18,3,5,2,0,0,DFF_Q_STATO_REG_2_,VOTO0_REG,DFF_Q_STATO_REG_2_ -> U201 -> U218 -> U259 -> U268 -> U203 -> U204 -> U255 -> U324 -> U370 -> U243 -> VOTO0_REG,b10
11,2.3636363636363638,17,3,5,1,0,0,DFF_Q_STATO_REG_2_,VOTO0_REG,DFF_Q_STATO_REG_2_ -> U201 -> U218 -> U259 -> U268 -> U203 -> U204 -> U255 -> U371 -> U243 -> VOTO0_REG,b10
11,2.3636363636363638,17,1,7,1,0,0,DFF_Q_STATO_REG_2_,VOTO0_REG,DFF_Q_STATO_REG_2_ -> U201 -> U218 -> U259 -> U294 -> U295 -> U329 -> U330 -> U371 -> U243 -> VOTO0_REG,b10
10,2.3,13,0,5,3,0,0,DFF_Q_STATO_REG_2_,VOTO0_REG,DFF_Q_STATO_REG_2_ -> U215 -> U231 -> U265 -> U323 -> U255 -> U324 -> U370 -> U243 -> VOTO0_REG,b10
9,2.4444444444444446,12,0,5,2,0,0,DFF_Q_STATO_REG_2_,VOTO0_REG,DFF_Q_STATO_REG_2_ -> U215 -> U231 -> U265 -> U323 -> U255 -> U371 -> U243 -> VOTO0_REG,b10
9,2.2222222222222223,12,1,4,2,0,0,DFF_Q_STATO_REG_2_,VOTO0_REG,DFF_Q_STATO_REG_2_ -> U215 -> U261 -> U204 -> U255 -> U324 -> U370 -> U243 -> VOTO0_REG,b10
8,2.375,11,1,4,1,0,0,DFF_Q_STATO_REG_2_,VOTO0_REG,DFF_Q_STATO_REG_2_ -> U215 -> U261 -> U204 -> U255 -> U371 -> U243 -> VOTO0_REG,b10
9,2.3333333333333335,13,0,6,1,0,0,DFF_Q_STATO_REG_2_,VOTO0_REG,DFF_Q_STATO_REG_2_ -> U215 -> U261 -> U295 -> U329 -> U330 -> U371 -> U243 -> VOTO0_REG,b10
11,2.727272727272727,17,1,6,1,0,1,DFF_Q_STATO_REG_2_,STATO_REG_3_,DFF_Q_STATO_REG_2_ -> U200 -> U220 -> U258 -> U269 -> U203 -> U229 -> U278 -> U280 -> U212 -> STATO_REG_3_,b10
10,2.9,15,1,5,1,0,1,DFF_Q_STATO_REG_2_,STATO_REG_3_,DFF_Q_STATO_REG_2_ -> U200 -> U220 -> U258 -> U269 -> U203 -> U229 -> U279 -> U212 -> STATO_REG_3_,b10
9,2.4444444444444446,13,0,5,1,0,1,DFF_Q_STATO_REG_2_,STATO_REG_3_,DFF_Q_STATO_REG_2_ -> U200 -> U220 -> U258 -> U276 -> U277 -> U279 -> U212 -> STATO_REG_3_,b10
11,2.272727272727273,17,1,6,1,0,1,DFF_Q_STATO_REG_2_,STATO_REG_3_,DFF_Q_STATO_REG_2_ -> U200 -> U223 -> U262 -> U273 -> U244 -> U229 -> U278 -> U280 -> U212 -> STATO_REG_3_,b10
10,2.4,15,1,5,1,0,1,DFF_Q_STATO_REG_2_,STATO_REG_3_,DFF_Q_STATO_REG_2_ -> U200 -> U223 -> U262 -> U273 -> U244 -> U229 -> U279 -> U212 -> STATO_REG_3_,b10
11,2.6363636363636362,17,2,6,1,0,0,DFF_Q_STATO_REG_2_,STATO_REG_3_,DFF_Q_STATO_REG_2_ -> U201 -> U218 -> U259 -> U268 -> U203 -> U229 -> U278 -> U280 -> U212 -> STATO_REG_3_,b10
10,2.8,15,2,5,1,0,0,DFF_Q_STATO_REG_2_,STATO_REG_3_,DFF_Q_STATO_REG_2_ -> U201 -> U218 -> U259 -> U268 -> U203 -> U229 -> U279 -> U212 -> STATO_REG_3_,b10
8,3.375,12,1,5,0,0,0,DFF_Q_STATO_REG_2_,STATO_REG_3_,DFF_Q_STATO_REG_2_ -> U201 -> U246 -> U229 -> U278 -> U280 -> U212 -> STATO_REG_3_,b10
7,3.7142857142857144,10,1,4,0,0,0,DFF_Q_STATO_REG_2_,STATO_REG_3_,DFF_Q_STATO_REG_2_ -> U201 -> U246 -> U229 -> U279 -> U212 -> STATO_REG_3_,b10
7,2.142857142857143,10,1,4,0,0,0,DFF_Q_STATO_REG_2_,STATO_REG_3_,DFF_Q_STATO_REG_2_ -> U201 -> U275 -> U277 -> U279 -> U212 -> STATO_REG_3_,b10
10,2.5,15,0,7,1,0,0,DFF_Q_STATO_REG_2_,STATO_REG_3_,DFF_Q_STATO_REG_2_ -> U215 -> U231 -> U334 -> U272 -> U229 -> U278 -> U280 -> U212 -> STATO_REG_3_,b10
9,2.6666666666666665,13,0,6,1,0,0,DFF_Q_STATO_REG_2_,STATO_REG_3_,DFF_Q_STATO_REG_2_ -> U215 -> U231 -> U334 -> U272 -> U229 -> U279 -> U212 -> STATO_REG_3_,b10
9,2.4444444444444446,13,1,5,1,0,0,DFF_Q_STATO_REG_2_,STATO_REG_3_,DFF_Q_STATO_REG_2_ -> U215 -> U335 -> U244 -> U229 -> U278 -> U280 -> U212 -> STATO_REG_3_,b10
8,2.625,11,1,4,1,0,0,DFF_Q_STATO_REG_2_,STATO_REG_3_,DFF_Q_STATO_REG_2_ -> U215 -> U335 -> U244 -> U229 -> U279 -> U212 -> STATO_REG_3_,b10
7,2.5714285714285716,10,0,5,0,0,0,DFF_Q_STATO_REG_2_,STATO_REG_3_,DFF_Q_STATO_REG_2_ -> U260 -> U229 -> U278 -> U280 -> U212 -> STATO_REG_3_,b10
6,2.8333333333333335,8,0,4,0,0,0,DFF_Q_STATO_REG_2_,STATO_REG_3_,DFF_Q_STATO_REG_2_ -> U260 -> U229 -> U279 -> U212 -> STATO_REG_3_,b10
8,2.25,12,1,5,0,0,0,DFF_Q_STATO_REG_2_,STATO_REG_3_,DFF_Q_STATO_REG_2_ -> U336 -> U244 -> U229 -> U278 -> U280 -> U212 -> STATO_REG_3_,b10
7,2.4285714285714284,10,1,4,0,0,0,DFF_Q_STATO_REG_2_,STATO_REG_3_,DFF_Q_STATO_REG_2_ -> U336 -> U244 -> U229 -> U279 -> U212 -> STATO_REG_3_,b10
11,2.727272727272727,17,1,6,1,0,1,DFF_Q_STATO_REG_2_,STATO_REG_2_,DFF_Q_STATO_REG_2_ -> U200 -> U220 -> U258 -> U269 -> U203 -> U229 -> U282 -> U284 -> U211 -> STATO_REG_2_,b10
11,2.272727272727273,17,1,6,1,0,1,DFF_Q_STATO_REG_2_,STATO_REG_2_,DFF_Q_STATO_REG_2_ -> U200 -> U223 -> U262 -> U273 -> U244 -> U229 -> U282 -> U284 -> U211 -> STATO_REG_2_,b10
5,3.2,6,1,2,0,0,0,DFF_Q_STATO_REG_2_,STATO_REG_2_,DFF_Q_STATO_REG_2_ -> U201 -> U218 -> U211 -> STATO_REG_2_,b10
11,2.6363636363636362,17,2,6,1,0,0,DFF_Q_STATO_REG_2_,STATO_REG_2_,DFF_Q_STATO_REG_2_ -> U201 -> U218 -> U259 -> U268 -> U203 -> U229 -> U282 -> U284 -> U211 -> STATO_REG_2_,b10
8,3.375,12,1,5,0,0,0,DFF_Q_STATO_REG_2_,STATO_REG_2_,DFF_Q_STATO_REG_2_ -> U201 -> U246 -> U229 -> U282 -> U284 -> U211 -> STATO_REG_2_,b10
10,2.5,15,0,7,1,0,0,DFF_Q_STATO_REG_2_,STATO_REG_2_,DFF_Q_STATO_REG_2_ -> U215 -> U231 -> U334 -> U272 -> U229 -> U282 -> U284 -> U211 -> STATO_REG_2_,b10
9,2.4444444444444446,13,1,5,1,0,0,DFF_Q_STATO_REG_2_,STATO_REG_2_,DFF_Q_STATO_REG_2_ -> U215 -> U335 -> U244 -> U229 -> U282 -> U284 -> U211 -> STATO_REG_2_,b10
7,2.5714285714285716,10,0,5,0,0,0,DFF_Q_STATO_REG_2_,STATO_REG_2_,DFF_Q_STATO_REG_2_ -> U260 -> U229 -> U282 -> U284 -> U211 -> STATO_REG_2_,b10
4,2.25,4,0,2,0,0,0,DFF_Q_STATO_REG_2_,STATO_REG_2_,DFF_Q_STATO_REG_2_ -> U284 -> U211 -> STATO_REG_2_,b10
8,2.25,12,1,5,0,0,0,DFF_Q_STATO_REG_2_,STATO_REG_2_,DFF_Q_STATO_REG_2_ -> U336 -> U244 -> U229 -> U282 -> U284 -> U211 -> STATO_REG_2_,b10
11,2.8181818181818183,16,1,5,2,0,1,DFF_Q_STATO_REG_2_,STATO_REG_1_,DFF_Q_STATO_REG_2_ -> U200 -> U220 -> U258 -> U269 -> U203 -> U229 -> U274 -> U332 -> U210 -> STATO_REG_1_,b10
10,2.9,15,1,5,1,0,1,DFF_Q_STATO_REG_2_,STATO_REG_1_,DFF_Q_STATO_REG_2_ -> U200 -> U220 -> U258 -> U269 -> U203 -> U229 -> U340 -> U210 -> STATO_REG_1_,b10
11,2.3636363636363638,16,1,5,2,0,1,DFF_Q_STATO_REG_2_,STATO_REG_1_,DFF_Q_STATO_REG_2_ -> U200 -> U223 -> U262 -> U273 -> U244 -> U229 -> U274 -> U332 -> U210 -> STATO_REG_1_,b10
10,2.4,15,1,5,1,0,1,DFF_Q_STATO_REG_2_,STATO_REG_1_,DFF_Q_STATO_REG_2_ -> U200 -> U223 -> U262 -> U273 -> U244 -> U229 -> U340 -> U210 -> STATO_REG_1_,b10
5,3.2,6,1,2,0,0,0,DFF_Q_STATO_REG_2_,STATO_REG_1_,DFF_Q_STATO_REG_2_ -> U201 -> U218 -> U210 -> STATO_REG_1_,b10
11,2.727272727272727,16,2,5,2,0,0,DFF_Q_STATO_REG_2_,STATO_REG_1_,DFF_Q_STATO_REG_2_ -> U201 -> U218 -> U259 -> U268 -> U203 -> U229 -> U274 -> U332 -> U210 -> STATO_REG_1_,b10
10,2.8,15,2,5,1,0,0,DFF_Q_STATO_REG_2_,STATO_REG_1_,DFF_Q_STATO_REG_2_ -> U201 -> U218 -> U259 -> U268 -> U203 -> U229 -> U340 -> U210 -> STATO_REG_1_,b10
8,3.5,11,1,4,1,0,0,DFF_Q_STATO_REG_2_,STATO_REG_1_,DFF_Q_STATO_REG_2_ -> U201 -> U246 -> U229 -> U274 -> U332 -> U210 -> STATO_REG_1_,b10
7,3.7142857142857144,10,1,4,0,0,0,DFF_Q_STATO_REG_2_,STATO_REG_1_,DFF_Q_STATO_REG_2_ -> U201 -> U246 -> U229 -> U340 -> U210 -> STATO_REG_1_,b10
10,2.6,14,0,6,2,0,0,DFF_Q_STATO_REG_2_,STATO_REG_1_,DFF_Q_STATO_REG_2_ -> U215 -> U231 -> U334 -> U272 -> U229 -> U274 -> U332 -> U210 -> STATO_REG_1_,b10
9,2.6666666666666665,13,0,6,1,0,0,DFF_Q_STATO_REG_2_,STATO_REG_1_,DFF_Q_STATO_REG_2_ -> U215 -> U231 -> U334 -> U272 -> U229 -> U340 -> U210 -> STATO_REG_1_,b10
9,2.5555555555555554,12,1,4,2,0,0,DFF_Q_STATO_REG_2_,STATO_REG_1_,DFF_Q_STATO_REG_2_ -> U215 -> U335 -> U244 -> U229 -> U274 -> U332 -> U210 -> STATO_REG_1_,b10
8,2.625,11,1,4,1,0,0,DFF_Q_STATO_REG_2_,STATO_REG_1_,DFF_Q_STATO_REG_2_ -> U215 -> U335 -> U244 -> U229 -> U340 -> U210 -> STATO_REG_1_,b10
7,2.7142857142857144,9,0,4,1,0,0,DFF_Q_STATO_REG_2_,STATO_REG_1_,DFF_Q_STATO_REG_2_ -> U260 -> U229 -> U274 -> U332 -> U210 -> STATO_REG_1_,b10
6,2.8333333333333335,8,0,4,0,0,0,DFF_Q_STATO_REG_2_,STATO_REG_1_,DFF_Q_STATO_REG_2_ -> U260 -> U229 -> U340 -> U210 -> STATO_REG_1_,b10
8,2.375,11,1,4,1,0,0,DFF_Q_STATO_REG_2_,STATO_REG_1_,DFF_Q_STATO_REG_2_ -> U336 -> U244 -> U229 -> U274 -> U332 -> U210 -> STATO_REG_1_,b10
7,2.4285714285714284,10,1,4,0,0,0,DFF_Q_STATO_REG_2_,STATO_REG_1_,DFF_Q_STATO_REG_2_ -> U336 -> U244 -> U229 -> U340 -> U210 -> STATO_REG_1_,b10
11,2.8181818181818183,16,1,5,2,0,1,DFF_Q_STATO_REG_2_,STATO_REG_0_,DFF_Q_STATO_REG_2_ -> U200 -> U220 -> U258 -> U269 -> U203 -> U229 -> U274 -> U342 -> U233 -> STATO_REG_0_,b10
10,2.9,15,1,5,1,0,1,DFF_Q_STATO_REG_2_,STATO_REG_0_,DFF_Q_STATO_REG_2_ -> U200 -> U220 -> U258 -> U269 -> U203 -> U229 -> U343 -> U233 -> STATO_REG_0_,b10
7,2.2857142857142856,10,0,4,0,0,1,DFF_Q_STATO_REG_2_,STATO_REG_0_,DFF_Q_STATO_REG_2_ -> U200 -> U220 -> U287 -> U343 -> U233 -> STATO_REG_0_,b10
11,2.3636363636363638,16,1,5,2,0,1,DFF_Q_STATO_REG_2_,STATO_REG_0_,DFF_Q_STATO_REG_2_ -> U200 -> U223 -> U262 -> U273 -> U244 -> U229 -> U274 -> U342 -> U233 -> STATO_REG_0_,b10
10,2.4,15,1,5,1,0,1,DFF_Q_STATO_REG_2_,STATO_REG_0_,DFF_Q_STATO_REG_2_ -> U200 -> U223 -> U262 -> U273 -> U244 -> U229 -> U343 -> U233 -> STATO_REG_0_,b10
11,2.727272727272727,16,2,5,2,0,0,DFF_Q_STATO_REG_2_,STATO_REG_0_,DFF_Q_STATO_REG_2_ -> U201 -> U218 -> U259 -> U268 -> U203 -> U229 -> U274 -> U342 -> U233 -> STATO_REG_0_,b10
10,2.8,15,2,5,1,0,0,DFF_Q_STATO_REG_2_,STATO_REG_0_,DFF_Q_STATO_REG_2_ -> U201 -> U218 -> U259 -> U268 -> U203 -> U229 -> U343 -> U233 -> STATO_REG_0_,b10
7,2.5714285714285716,10,1,4,0,0,0,DFF_Q_STATO_REG_2_,STATO_REG_0_,DFF_Q_STATO_REG_2_ -> U201 -> U218 -> U287 -> U343 -> U233 -> STATO_REG_0_,b10
8,3.5,11,1,4,1,0,0,DFF_Q_STATO_REG_2_,STATO_REG_0_,DFF_Q_STATO_REG_2_ -> U201 -> U246 -> U229 -> U274 -> U342 -> U233 -> STATO_REG_0_,b10
7,3.7142857142857144,10,1,4,0,0,0,DFF_Q_STATO_REG_2_,STATO_REG_0_,DFF_Q_STATO_REG_2_ -> U201 -> U246 -> U229 -> U343 -> U233 -> STATO_REG_0_,b10
10,2.6,14,0,6,2,0,0,DFF_Q_STATO_REG_2_,STATO_REG_0_,DFF_Q_STATO_REG_2_ -> U215 -> U231 -> U334 -> U272 -> U229 -> U274 -> U342 -> U233 -> STATO_REG_0_,b10
9,2.6666666666666665,13,0,6,1,0,0,DFF_Q_STATO_REG_2_,STATO_REG_0_,DFF_Q_STATO_REG_2_ -> U215 -> U231 -> U334 -> U272 -> U229 -> U343 -> U233 -> STATO_REG_0_,b10
9,2.5555555555555554,12,1,4,2,0,0,DFF_Q_STATO_REG_2_,STATO_REG_0_,DFF_Q_STATO_REG_2_ -> U215 -> U335 -> U244 -> U229 -> U274 -> U342 -> U233 -> STATO_REG_0_,b10
8,2.625,11,1,4,1,0,0,DFF_Q_STATO_REG_2_,STATO_REG_0_,DFF_Q_STATO_REG_2_ -> U215 -> U335 -> U244 -> U229 -> U343 -> U233 -> STATO_REG_0_,b10
7,2.7142857142857144,9,0,4,1,0,0,DFF_Q_STATO_REG_2_,STATO_REG_0_,DFF_Q_STATO_REG_2_ -> U260 -> U229 -> U274 -> U342 -> U233 -> STATO_REG_0_,b10
6,2.8333333333333335,8,0,4,0,0,0,DFF_Q_STATO_REG_2_,STATO_REG_0_,DFF_Q_STATO_REG_2_ -> U260 -> U229 -> U343 -> U233 -> STATO_REG_0_,b10
8,2.375,11,1,4,1,0,0,DFF_Q_STATO_REG_2_,STATO_REG_0_,DFF_Q_STATO_REG_2_ -> U336 -> U244 -> U229 -> U274 -> U342 -> U233 -> STATO_REG_0_,b10
7,2.4285714285714284,10,1,4,0,0,0,DFF_Q_STATO_REG_2_,STATO_REG_0_,DFF_Q_STATO_REG_2_ -> U336 -> U244 -> U229 -> U343 -> U233 -> STATO_REG_0_,b10
7,3.4285714285714284,9,1,3,1,0,0,DFF_Q_STATO_REG_2_,V_OUT_REG_3_,DFF_Q_STATO_REG_2_ -> U201 -> U246 -> U267 -> U345 -> U234 -> V_OUT_REG_3_,b10
6,3.3333333333333335,8,1,3,0,0,0,DFF_Q_STATO_REG_2_,V_OUT_REG_3_,DFF_Q_STATO_REG_2_ -> U201 -> U246 -> U344 -> U234 -> V_OUT_REG_3_,b10
7,3.4285714285714284,9,1,3,1,0,0,DFF_Q_STATO_REG_2_,V_OUT_REG_2_,DFF_Q_STATO_REG_2_ -> U201 -> U246 -> U267 -> U347 -> U235 -> V_OUT_REG_2_,b10
6,3.3333333333333335,8,1,3,0,0,0,DFF_Q_STATO_REG_2_,V_OUT_REG_2_,DFF_Q_STATO_REG_2_ -> U201 -> U246 -> U346 -> U235 -> V_OUT_REG_2_,b10
7,3.4285714285714284,9,1,3,1,0,0,DFF_Q_STATO_REG_2_,V_OUT_REG_1_,DFF_Q_STATO_REG_2_ -> U201 -> U246 -> U267 -> U349 -> U236 -> V_OUT_REG_1_,b10
6,3.3333333333333335,8,1,3,0,0,0,DFF_Q_STATO_REG_2_,V_OUT_REG_1_,DFF_Q_STATO_REG_2_ -> U201 -> U246 -> U348 -> U236 -> V_OUT_REG_1_,b10
7,3.4285714285714284,9,1,3,1,0,0,DFF_Q_STATO_REG_2_,V_OUT_REG_0_,DFF_Q_STATO_REG_2_ -> U201 -> U246 -> U267 -> U351 -> U237 -> V_OUT_REG_0_,b10
6,3.3333333333333335,8,1,3,0,0,0,DFF_Q_STATO_REG_2_,V_OUT_REG_0_,DFF_Q_STATO_REG_2_ -> U201 -> U246 -> U350 -> U237 -> V_OUT_REG_0_,b10
8,2.625,11,0,4,1,0,1,DFF_Q_STATO_REG_2_,SIGN_REG_3_,DFF_Q_STATO_REG_2_ -> U200 -> U220 -> U258 -> U288 -> U289 -> U209 -> SIGN_REG_3_,b10
11,2.6363636363636362,16,1,5,2,0,1,DFF_Q_STATO_REG_2_,VOTO1_REG,DFF_Q_STATO_REG_2_ -> U200 -> U220 -> U258 -> U202 -> U263 -> U249 -> U293 -> U352 -> U238 -> VOTO1_REG,b10
10,2.8,15,1,5,1,0,1,DFF_Q_STATO_REG_2_,VOTO1_REG,DFF_Q_STATO_REG_2_ -> U200 -> U220 -> U258 -> U202 -> U263 -> U249 -> U353 -> U238 -> VOTO1_REG,b10
11,2.5454545454545454,16,1,5,2,0,1,DFF_Q_STATO_REG_2_,VOTO1_REG,DFF_Q_STATO_REG_2_ -> U200 -> U220 -> U258 -> U202 -> U292 -> U249 -> U293 -> U352 -> U238 -> VOTO1_REG,b10
10,2.7,15,1,5,1,0,1,DFF_Q_STATO_REG_2_,VOTO1_REG,DFF_Q_STATO_REG_2_ -> U200 -> U220 -> U258 -> U202 -> U292 -> U249 -> U353 -> U238 -> VOTO1_REG,b10
13,2.3846153846153846,20,3,5,2,0,1,DFF_Q_STATO_REG_2_,VOTO1_REG,DFF_Q_STATO_REG_2_ -> U200 -> U220 -> U258 -> U269 -> U203 -> U204 -> U205 -> U249 -> U293 -> U352 -> U238 -> VOTO1_REG,b10
12,2.5,19,3,5,1,0,1,DFF_Q_STATO_REG_2_,VOTO1_REG,DFF_Q_STATO_REG_2_ -> U200 -> U220 -> U258 -> U269 -> U203 -> U204 -> U205 -> U249 -> U353 -> U238 -> VOTO1_REG,b10
13,2.3076923076923075,20,4,5,2,0,0,DFF_Q_STATO_REG_2_,VOTO1_REG,DFF_Q_STATO_REG_2_ -> U201 -> U218 -> U259 -> U268 -> U203 -> U204 -> U205 -> U249 -> U293 -> U352 -> U238 -> VOTO1_REG,b10
12,2.4166666666666665,19,4,5,1,0,0,DFF_Q_STATO_REG_2_,VOTO1_REG,DFF_Q_STATO_REG_2_ -> U201 -> U218 -> U259 -> U268 -> U203 -> U204 -> U205 -> U249 -> U353 -> U238 -> VOTO1_REG,b10
11,2.3636363636363638,17,1,7,1,0,0,DFF_Q_STATO_REG_2_,VOTO1_REG,DFF_Q_STATO_REG_2_ -> U201 -> U218 -> U259 -> U294 -> U295 -> U297 -> U298 -> U353 -> U238 -> VOTO1_REG,b10
9,2.3333333333333335,12,0,5,2,0,0,DFF_Q_STATO_REG_2_,VOTO1_REG,DFF_Q_STATO_REG_2_ -> U215 -> U231 -> U265 -> U296 -> U298 -> U353 -> U238 -> VOTO1_REG,b10
10,2.3,14,2,4,2,0,0,DFF_Q_STATO_REG_2_,VOTO1_REG,DFF_Q_STATO_REG_2_ -> U215 -> U261 -> U204 -> U205 -> U249 -> U293 -> U352 -> U238 -> VOTO1_REG,b10
9,2.4444444444444446,13,2,4,1,0,0,DFF_Q_STATO_REG_2_,VOTO1_REG,DFF_Q_STATO_REG_2_ -> U215 -> U261 -> U204 -> U205 -> U249 -> U353 -> U238 -> VOTO1_REG,b10
9,2.3333333333333335,13,0,6,1,0,0,DFF_Q_STATO_REG_2_,VOTO1_REG,DFF_Q_STATO_REG_2_ -> U215 -> U261 -> U295 -> U297 -> U298 -> U353 -> U238 -> VOTO1_REG,b10
9,2.2222222222222223,12,1,4,2,0,0,DFF_Q_STATO_REG_2_,VOTO1_REG,DFF_Q_STATO_REG_2_ -> U215 -> U291 -> U205 -> U249 -> U293 -> U352 -> U238 -> VOTO1_REG,b10
8,2.375,11,1,4,1,0,0,DFF_Q_STATO_REG_2_,VOTO1_REG,DFF_Q_STATO_REG_2_ -> U215 -> U291 -> U205 -> U249 -> U353 -> U238 -> VOTO1_REG,b10
8,2.375,11,1,4,1,0,0,DFF_Q_STATO_REG_2_,CTR_REG,DFF_Q_STATO_REG_2_ -> U215 -> U231 -> U206 -> U300 -> U301 -> U208 -> CTR_REG,b10
4,2.5,4,0,2,0,0,0,DFF_Q_STATO_REG_2_,CTR_REG,DFF_Q_STATO_REG_2_ -> U260 -> U208 -> CTR_REG,b10
7,1.8571428571428572,10,1,4,0,0,0,DFF_Q_STATO_REG_2_,CTR_REG,DFF_Q_STATO_REG_2_ -> U299 -> U206 -> U300 -> U301 -> U208 -> CTR_REG,b10
13,2.3846153846153846,20,3,5,2,0,1,DFF_Q_STATO_REG_2_,VOTO3_REG,DFF_Q_STATO_REG_2_ -> U200 -> U220 -> U258 -> U269 -> U203 -> U204 -> U205 -> U250 -> U305 -> U362 -> U239 -> VOTO3_REG,b10
12,2.5,19,3,5,1,0,1,DFF_Q_STATO_REG_2_,VOTO3_REG,DFF_Q_STATO_REG_2_ -> U200 -> U220 -> U258 -> U269 -> U203 -> U204 -> U205 -> U250 -> U363 -> U239 -> VOTO3_REG,b10
8,2.125,11,0,4,1,0,1,DFF_Q_STATO_REG_2_,VOTO3_REG,DFF_Q_STATO_REG_2_ -> U200 -> U304 -> U250 -> U305 -> U362 -> U239 -> VOTO3_REG,b10
7,2.2857142857142856,10,0,4,0,0,1,DFF_Q_STATO_REG_2_,VOTO3_REG,DFF_Q_STATO_REG_2_ -> U200 -> U304 -> U250 -> U363 -> U239 -> VOTO3_REG,b10
13,2.3076923076923075,20,4,5,2,0,0,DFF_Q_STATO_REG_2_,VOTO3_REG,DFF_Q_STATO_REG_2_ -> U201 -> U218 -> U259 -> U268 -> U203 -> U204 -> U205 -> U250 -> U305 -> U362 -> U239 -> VOTO3_REG,b10
12,2.4166666666666665,19,4,5,1,0,0,DFF_Q_STATO_REG_2_,VOTO3_REG,DFF_Q_STATO_REG_2_ -> U201 -> U218 -> U259 -> U268 -> U203 -> U204 -> U205 -> U250 -> U363 -> U239 -> VOTO3_REG,b10
11,2.3636363636363638,17,1,7,1,0,0,DFF_Q_STATO_REG_2_,VOTO3_REG,DFF_Q_STATO_REG_2_ -> U201 -> U218 -> U259 -> U294 -> U295 -> U307 -> U308 -> U363 -> U239 -> VOTO3_REG,b10
10,2.3,14,2,4,2,0,0,DFF_Q_STATO_REG_2_,VOTO3_REG,DFF_Q_STATO_REG_2_ -> U215 -> U261 -> U204 -> U205 -> U250 -> U305 -> U362 -> U239 -> VOTO3_REG,b10
9,2.4444444444444446,13,2,4,1,0,0,DFF_Q_STATO_REG_2_,VOTO3_REG,DFF_Q_STATO_REG_2_ -> U215 -> U261 -> U204 -> U205 -> U250 -> U363 -> U239 -> VOTO3_REG,b10
9,2.3333333333333335,13,0,6,1,0,0,DFF_Q_STATO_REG_2_,VOTO3_REG,DFF_Q_STATO_REG_2_ -> U215 -> U261 -> U295 -> U307 -> U308 -> U363 -> U239 -> VOTO3_REG,b10
9,2.2222222222222223,12,1,4,2,0,0,DFF_Q_STATO_REG_2_,VOTO3_REG,DFF_Q_STATO_REG_2_ -> U215 -> U291 -> U205 -> U250 -> U305 -> U362 -> U239 -> VOTO3_REG,b10
8,2.375,11,1,4,1,0,0,DFF_Q_STATO_REG_2_,VOTO3_REG,DFF_Q_STATO_REG_2_ -> U215 -> U291 -> U205 -> U250 -> U363 -> U239 -> VOTO3_REG,b10
10,2.9,14,1,4,2,0,1,DFF_Q_STATO_REG_2_,LAST_R_REG,DFF_Q_STATO_REG_2_ -> U200 -> U220 -> U258 -> U202 -> U252 -> U309 -> U365 -> U240 -> LAST_R_REG,b10
9,3.0,13,1,4,1,0,1,DFF_Q_STATO_REG_2_,LAST_R_REG,DFF_Q_STATO_REG_2_ -> U200 -> U220 -> U258 -> U202 -> U252 -> U364 -> U240 -> LAST_R_REG,b10
5,2.6,6,0,2,0,0,1,DFF_Q_STATO_REG_2_,CTS_REG,DFF_Q_STATO_REG_2_ -> U200 -> U316 -> U207 -> CTS_REG,b10
5,3.8,6,1,2,0,0,0,DFF_Q_STATO_REG_2_,CTS_REG,DFF_Q_STATO_REG_2_ -> U201 -> U246 -> U207 -> CTS_REG,b10
5,2.6,6,1,2,0,0,0,DFF_Q_STATO_REG_2_,CTS_REG,DFF_Q_STATO_REG_2_ -> U201 -> U315 -> U207 -> CTS_REG,b10
8,2.375,11,1,4,1,0,0,DFF_Q_STATO_REG_2_,CTS_REG,DFF_Q_STATO_REG_2_ -> U215 -> U231 -> U206 -> U314 -> U317 -> U207 -> CTS_REG,b10
7,1.8571428571428572,10,1,4,0,0,0,DFF_Q_STATO_REG_2_,CTS_REG,DFF_Q_STATO_REG_2_ -> U299 -> U206 -> U314 -> U317 -> U207 -> CTS_REG,b10
11,2.6363636363636362,16,1,5,2,0,1,DFF_Q_STATO_REG_2_,VOTO2_REG,DFF_Q_STATO_REG_2_ -> U200 -> U220 -> U258 -> U202 -> U263 -> U253 -> U319 -> U366 -> U241 -> VOTO2_REG,b10
10,2.8,15,1,5,1,0,1,DFF_Q_STATO_REG_2_,VOTO2_REG,DFF_Q_STATO_REG_2_ -> U200 -> U220 -> U258 -> U202 -> U263 -> U253 -> U367 -> U241 -> VOTO2_REG,b10
11,2.5454545454545454,16,1,5,2,0,1,DFF_Q_STATO_REG_2_,VOTO2_REG,DFF_Q_STATO_REG_2_ -> U200 -> U220 -> U258 -> U202 -> U318 -> U253 -> U319 -> U366 -> U241 -> VOTO2_REG,b10
10,2.7,15,1,5,1,0,1,DFF_Q_STATO_REG_2_,VOTO2_REG,DFF_Q_STATO_REG_2_ -> U200 -> U220 -> U258 -> U202 -> U318 -> U253 -> U367 -> U241 -> VOTO2_REG,b10
13,2.3846153846153846,20,3,5,2,0,1,DFF_Q_STATO_REG_2_,VOTO2_REG,DFF_Q_STATO_REG_2_ -> U200 -> U220 -> U258 -> U269 -> U203 -> U204 -> U205 -> U253 -> U319 -> U366 -> U241 -> VOTO2_REG,b10
12,2.5,19,3,5,1,0,1,DFF_Q_STATO_REG_2_,VOTO2_REG,DFF_Q_STATO_REG_2_ -> U200 -> U220 -> U258 -> U269 -> U203 -> U204 -> U205 -> U253 -> U367 -> U241 -> VOTO2_REG,b10
13,2.3076923076923075,20,4,5,2,0,0,DFF_Q_STATO_REG_2_,VOTO2_REG,DFF_Q_STATO_REG_2_ -> U201 -> U218 -> U259 -> U268 -> U203 -> U204 -> U205 -> U253 -> U319 -> U366 -> U241 -> VOTO2_REG,b10
12,2.4166666666666665,19,4,5,1,0,0,DFF_Q_STATO_REG_2_,VOTO2_REG,DFF_Q_STATO_REG_2_ -> U201 -> U218 -> U259 -> U268 -> U203 -> U204 -> U205 -> U253 -> U367 -> U241 -> VOTO2_REG,b10
11,2.3636363636363638,17,1,7,1,0,0,DFF_Q_STATO_REG_2_,VOTO2_REG,DFF_Q_STATO_REG_2_ -> U201 -> U218 -> U259 -> U294 -> U295 -> U321 -> U322 -> U367 -> U241 -> VOTO2_REG,b10
9,2.3333333333333335,12,0,5,2,0,0,DFF_Q_STATO_REG_2_,VOTO2_REG,DFF_Q_STATO_REG_2_ -> U215 -> U231 -> U265 -> U320 -> U322 -> U367 -> U241 -> VOTO2_REG,b10
10,2.3,14,2,4,2,0,0,DFF_Q_STATO_REG_2_,VOTO2_REG,DFF_Q_STATO_REG_2_ -> U215 -> U261 -> U204 -> U205 -> U253 -> U319 -> U366 -> U241 -> VOTO2_REG,b10
9,2.4444444444444446,13,2,4,1,0,0,DFF_Q_STATO_REG_2_,VOTO2_REG,DFF_Q_STATO_REG_2_ -> U215 -> U261 -> U204 -> U205 -> U253 -> U367 -> U241 -> VOTO2_REG,b10
9,2.3333333333333335,13,0,6,1,0,0,DFF_Q_STATO_REG_2_,VOTO2_REG,DFF_Q_STATO_REG_2_ -> U215 -> U261 -> U295 -> U321 -> U322 -> U367 -> U241 -> VOTO2_REG,b10
9,2.2222222222222223,12,1,4,2,0,0,DFF_Q_STATO_REG_2_,VOTO2_REG,DFF_Q_STATO_REG_2_ -> U215 -> U291 -> U205 -> U253 -> U319 -> U366 -> U241 -> VOTO2_REG,b10
8,2.375,11,1,4,1,0,0,DFF_Q_STATO_REG_2_,VOTO2_REG,DFF_Q_STATO_REG_2_ -> U215 -> U291 -> U205 -> U253 -> U367 -> U241 -> VOTO2_REG,b10
10,2.9,14,1,4,2,0,1,DFF_Q_STATO_REG_2_,LAST_G_REG,DFF_Q_STATO_REG_2_ -> U200 -> U220 -> U258 -> U202 -> U252 -> U309 -> U369 -> U242 -> LAST_G_REG,b10
9,3.0,13,1,4,1,0,1,DFF_Q_STATO_REG_2_,LAST_G_REG,DFF_Q_STATO_REG_2_ -> U200 -> U220 -> U258 -> U202 -> U252 -> U368 -> U242 -> LAST_G_REG,b10
11,3.3636363636363638,15,1,5,3,0,0,DFF_Q_STATO_REG_1_,VOTO0_REG,DFF_Q_STATO_REG_1_ -> U217 -> U214 -> U264 -> U261 -> U204 -> U255 -> U324 -> U370 -> U243 -> VOTO0_REG,b10
10,3.6,14,1,5,2,0,0,DFF_Q_STATO_REG_1_,VOTO0_REG,DFF_Q_STATO_REG_1_ -> U217 -> U214 -> U264 -> U261 -> U204 -> U255 -> U371 -> U243 -> VOTO0_REG,b10
11,3.4545454545454546,16,0,7,2,0,0,DFF_Q_STATO_REG_1_,VOTO0_REG,DFF_Q_STATO_REG_1_ -> U217 -> U214 -> U264 -> U261 -> U295 -> U329 -> U330 -> U371 -> U243 -> VOTO0_REG,b10
10,3.1,14,2,4,2,0,0,DFF_Q_STATO_REG_1_,VOTO0_REG,DFF_Q_STATO_REG_1_ -> U217 -> U269 -> U203 -> U204 -> U255 -> U324 -> U370 -> U243 -> VOTO0_REG,b10
9,3.3333333333333335,13,2,4,1,0,0,DFF_Q_STATO_REG_1_,VOTO0_REG,DFF_Q_STATO_REG_1_ -> U217 -> U269 -> U203 -> U204 -> U255 -> U371 -> U243 -> VOTO0_REG,b10
11,2.5454545454545454,16,2,5,2,0,0,DFF_Q_STATO_REG_1_,VOTO0_REG,DFF_Q_STATO_REG_1_ -> U218 -> U259 -> U268 -> U203 -> U204 -> U255 -> U324 -> U370 -> U243 -> VOTO0_REG,b10
10,2.7,15,2,5,1,0,0,DFF_Q_STATO_REG_1_,VOTO0_REG,DFF_Q_STATO_REG_1_ -> U218 -> U259 -> U268 -> U203 -> U204 -> U255 -> U371 -> U243 -> VOTO0_REG,b10
10,2.7,15,0,7,1,0,0,DFF_Q_STATO_REG_1_,VOTO0_REG,DFF_Q_STATO_REG_1_ -> U218 -> U259 -> U294 -> U295 -> U329 -> U330 -> U371 -> U243 -> VOTO0_REG,b10
9,2.6666666666666665,12,0,5,2,0,0,DFF_Q_STATO_REG_1_,VOTO0_REG,DFF_Q_STATO_REG_1_ -> U231 -> U265 -> U323 -> U255 -> U324 -> U370 -> U243 -> VOTO0_REG,b10
8,2.875,11,0,5,1,0,0,DFF_Q_STATO_REG_1_,VOTO0_REG,DFF_Q_STATO_REG_1_ -> U231 -> U265 -> U323 -> U255 -> U371 -> U243 -> VOTO0_REG,b10
6,2.6666666666666665,8,0,4,0,0,0,DFF_Q_STATO_REG_1_,VOTO0_REG,DFF_Q_STATO_REG_1_ -> U328 -> U330 -> U371 -> U243 -> VOTO0_REG,b10
10,3.9,14,0,6,2,0,0,DFF_Q_STATO_REG_1_,STATO_REG_3_,DFF_Q_STATO_REG_1_ -> U217 -> U214 -> U264 -> U260 -> U229 -> U278 -> U280 -> U212 -> STATO_REG_3_,b10
9,4.222222222222222,12,0,5,2,0,0,DFF_Q_STATO_REG_1_,STATO_REG_3_,DFF_Q_STATO_REG_1_ -> U217 -> U214 -> U264 -> U260 -> U229 -> U279 -> U212 -> STATO_REG_3_,b10
8,4.625,11,0,5,1,0,0,DFF_Q_STATO_REG_1_,STATO_REG_3_,DFF_Q_STATO_REG_1_ -> U217 -> U246 -> U229 -> U278 -> U280 -> U212 -> STATO_REG_3_,b10
7,5.142857142857143,9,0,4,1,0,0,DFF_Q_STATO_REG_1_,STATO_REG_3_,DFF_Q_STATO_REG_1_ -> U217 -> U246 -> U229 -> U279 -> U212 -> STATO_REG_3_,b10
9,3.6666666666666665,13,1,5,1,0,0,DFF_Q_STATO_REG_1_,STATO_REG_3_,DFF_Q_STATO_REG_1_ -> U217 -> U269 -> U203 -> U229 -> U278 -> U280 -> U212 -> STATO_REG_3_,b10
8,4.0,11,1,4,1,0,0,DFF_Q_STATO_REG_1_,STATO_REG_3_,DFF_Q_STATO_REG_1_ -> U217 -> U269 -> U203 -> U229 -> U279 -> U212 -> STATO_REG_3_,b10
5,4.6,5,0,2,1,0,0,DFF_Q_STATO_REG_1_,STATO_REG_3_,DFF_Q_STATO_REG_1_ -> U217 -> U279 -> U212 -> STATO_REG_3_,b10
10,3.0,15,1,6,1,0,0,DFF_Q_STATO_REG_1_,STATO_REG_3_,DFF_Q_STATO_REG_1_ -> U218 -> U259 -> U268 -> U203 -> U229 -> U278 -> U280 -> U212 -> STATO_REG_3_,b10
9,3.2222222222222223,13,1,5,1,0,0,DFF_Q_STATO_REG_1_,STATO_REG_3_,DFF_Q_STATO_REG_1_ -> U218 -> U259 -> U268 -> U203 -> U229 -> U279 -> U212 -> STATO_REG_3_,b10
10,2.7,15,1,6,1,0,0,DFF_Q_STATO_REG_1_,STATO_REG_3_,DFF_Q_STATO_REG_1_ -> U224 -> U266 -> U336 -> U244 -> U229 -> U278 -> U280 -> U212 -> STATO_REG_3_,b10
9,2.888888888888889,13,1,5,1,0,0,DFF_Q_STATO_REG_1_,STATO_REG_3_,DFF_Q_STATO_REG_1_ -> U224 -> U266 -> U336 -> U244 -> U229 -> U279 -> U212 -> STATO_REG_3_,b10
10,2.7,15,1,6,1,0,0,DFF_Q_STATO_REG_1_,STATO_REG_3_,DFF_Q_STATO_REG_1_ -> U225 -> U271 -> U335 -> U244 -> U229 -> U278 -> U280 -> U212 -> STATO_REG_3_,b10
9,2.888888888888889,13,1,5,1,0,0,DFF_Q_STATO_REG_1_,STATO_REG_3_,DFF_Q_STATO_REG_1_ -> U225 -> U271 -> U335 -> U244 -> U229 -> U279 -> U212 -> STATO_REG_3_,b10
9,2.888888888888889,14,0,7,0,0,0,DFF_Q_STATO_REG_1_,STATO_REG_3_,DFF_Q_STATO_REG_1_ -> U231 -> U334 -> U272 -> U229 -> U278 -> U280 -> U212 -> STATO_REG_3_,b10
8,3.125,12,0,6,0,0,0,DFF_Q_STATO_REG_1_,STATO_REG_3_,DFF_Q_STATO_REG_1_ -> U231 -> U334 -> U272 -> U229 -> U279 -> U212 -> STATO_REG_3_,b10
9,2.6666666666666665,14,0,6,0,1,0,DFF_Q_STATO_REG_1_,STATO_REG_3_,DFF_Q_STATO_REG_1_ -> U270 -> U334 -> U272 -> U229 -> U278 -> U280 -> U212 -> STATO_REG_3_,b10
8,2.875,12,0,5,0,1,0,DFF_Q_STATO_REG_1_,STATO_REG_3_,DFF_Q_STATO_REG_1_ -> U270 -> U334 -> U272 -> U229 -> U279 -> U212 -> STATO_REG_3_,b10
10,3.9,14,0,6,2,0,0,DFF_Q_STATO_REG_1_,STATO_REG_2_,DFF_Q_STATO_REG_1_ -> U217 -> U214 -> U264 -> U260 -> U229 -> U282 -> U284 -> U211 -> STATO_REG_2_,b10
7,3.7142857142857144,9,0,4,1,0,0,DFF_Q_STATO_REG_1_,STATO_REG_2_,DFF_Q_STATO_REG_1_ -> U217 -> U214 -> U282 -> U284 -> U211 -> STATO_REG_2_,b10
8,4.625,11,0,5,1,0,0,DFF_Q_STATO_REG_1_,STATO_REG_2_,DFF_Q_STATO_REG_1_ -> U217 -> U246 -> U229 -> U282 -> U284 -> U211 -> STATO_REG_2_,b10
9,3.6666666666666665,13,1,5,1,0,0,DFF_Q_STATO_REG_1_,STATO_REG_2_,DFF_Q_STATO_REG_1_ -> U217 -> U269 -> U203 -> U229 -> U282 -> U284 -> U211 -> STATO_REG_2_,b10
4,4.25,4,0,2,0,0,0,DFF_Q_STATO_REG_1_,STATO_REG_2_,DFF_Q_STATO_REG_1_ -> U218 -> U211 -> STATO_REG_2_,b10
10,3.0,15,1,6,1,0,0,DFF_Q_STATO_REG_1_,STATO_REG_2_,DFF_Q_STATO_REG_1_ -> U218 -> U259 -> U268 -> U203 -> U229 -> U282 -> U284 -> U211 -> STATO_REG_2_,b10
10,2.7,15,1,6,1,0,0,DFF_Q_STATO_REG_1_,STATO_REG_2_,DFF_Q_STATO_REG_1_ -> U224 -> U266 -> U336 -> U244 -> U229 -> U282 -> U284 -> U211 -> STATO_REG_2_,b10
10,2.7,15,1,6,1,0,0,DFF_Q_STATO_REG_1_,STATO_REG_2_,DFF_Q_STATO_REG_1_ -> U225 -> U271 -> U335 -> U244 -> U229 -> U282 -> U284 -> U211 -> STATO_REG_2_,b10
9,2.888888888888889,14,0,7,0,0,0,DFF_Q_STATO_REG_1_,STATO_REG_2_,DFF_Q_STATO_REG_1_ -> U231 -> U334 -> U272 -> U229 -> U282 -> U284 -> U211 -> STATO_REG_2_,b10
9,2.6666666666666665,14,0,6,0,1,0,DFF_Q_STATO_REG_1_,STATO_REG_2_,DFF_Q_STATO_REG_1_ -> U270 -> U334 -> U272 -> U229 -> U282 -> U284 -> U211 -> STATO_REG_2_,b10
4,3.5,4,0,2,0,0,0,DFF_Q_STATO_REG_1_,STATO_REG_2_,DFF_Q_STATO_REG_1_ -> U283 -> U211 -> STATO_REG_2_,b10
10,4.0,13,0,5,3,0,0,DFF_Q_STATO_REG_1_,STATO_REG_1_,DFF_Q_STATO_REG_1_ -> U217 -> U214 -> U264 -> U260 -> U229 -> U274 -> U332 -> U210 -> STATO_REG_1_,b10
9,4.222222222222222,12,0,5,2,0,0,DFF_Q_STATO_REG_1_,STATO_REG_1_,DFF_Q_STATO_REG_1_ -> U217 -> U214 -> U264 -> U260 -> U229 -> U340 -> U210 -> STATO_REG_1_,b10
8,4.75,10,0,4,2,0,0,DFF_Q_STATO_REG_1_,STATO_REG_1_,DFF_Q_STATO_REG_1_ -> U217 -> U246 -> U229 -> U274 -> U332 -> U210 -> STATO_REG_1_,b10
7,5.142857142857143,9,0,4,1,0,0,DFF_Q_STATO_REG_1_,STATO_REG_1_,DFF_Q_STATO_REG_1_ -> U217 -> U246 -> U229 -> U340 -> U210 -> STATO_REG_1_,b10
9,3.7777777777777777,12,1,4,2,0,0,DFF_Q_STATO_REG_1_,STATO_REG_1_,DFF_Q_STATO_REG_1_ -> U217 -> U269 -> U203 -> U229 -> U274 -> U332 -> U210 -> STATO_REG_1_,b10
8,4.0,11,1,4,1,0,0,DFF_Q_STATO_REG_1_,STATO_REG_1_,DFF_Q_STATO_REG_1_ -> U217 -> U269 -> U203 -> U229 -> U340 -> U210 -> STATO_REG_1_,b10
4,4.25,4,0,2,0,0,0,DFF_Q_STATO_REG_1_,STATO_REG_1_,DFF_Q_STATO_REG_1_ -> U218 -> U210 -> STATO_REG_1_,b10
10,3.1,14,1,5,2,0,0,DFF_Q_STATO_REG_1_,STATO_REG_1_,DFF_Q_STATO_REG_1_ -> U218 -> U259 -> U268 -> U203 -> U229 -> U274 -> U332 -> U210 -> STATO_REG_1_,b10
9,3.2222222222222223,13,1,5,1,0,0,DFF_Q_STATO_REG_1_,STATO_REG_1_,DFF_Q_STATO_REG_1_ -> U218 -> U259 -> U268 -> U203 -> U229 -> U340 -> U210 -> STATO_REG_1_,b10
10,2.8,14,1,5,2,0,0,DFF_Q_STATO_REG_1_,STATO_REG_1_,DFF_Q_STATO_REG_1_ -> U224 -> U266 -> U336 -> U244 -> U229 -> U274 -> U332 -> U210 -> STATO_REG_1_,b10
9,2.888888888888889,13,1,5,1,0,0,DFF_Q_STATO_REG_1_,STATO_REG_1_,DFF_Q_STATO_REG_1_ -> U224 -> U266 -> U336 -> U244 -> U229 -> U340 -> U210 -> STATO_REG_1_,b10
10,2.8,14,1,5,2,0,0,DFF_Q_STATO_REG_1_,STATO_REG_1_,DFF_Q_STATO_REG_1_ -> U225 -> U271 -> U335 -> U244 -> U229 -> U274 -> U332 -> U210 -> STATO_REG_1_,b10
9,2.888888888888889,13,1,5,1,0,0,DFF_Q_STATO_REG_1_,STATO_REG_1_,DFF_Q_STATO_REG_1_ -> U225 -> U271 -> U335 -> U244 -> U229 -> U340 -> U210 -> STATO_REG_1_,b10
6,3.0,7,0,3,1,0,0,DFF_Q_STATO_REG_1_,STATO_REG_1_,DFF_Q_STATO_REG_1_ -> U225 -> U271 -> U341 -> U210 -> STATO_REG_1_,b10
5,3.2,6,0,3,0,0,0,DFF_Q_STATO_REG_1_,STATO_REG_1_,DFF_Q_STATO_REG_1_ -> U225 -> U340 -> U210 -> STATO_REG_1_,b10
9,3.0,13,0,6,1,0,0,DFF_Q_STATO_REG_1_,STATO_REG_1_,DFF_Q_STATO_REG_1_ -> U231 -> U334 -> U272 -> U229 -> U274 -> U332 -> U210 -> STATO_REG_1_,b10
8,3.125,12,0,6,0,0,0,DFF_Q_STATO_REG_1_,STATO_REG_1_,DFF_Q_STATO_REG_1_ -> U231 -> U334 -> U272 -> U229 -> U340 -> U210 -> STATO_REG_1_,b10
9,2.7777777777777777,13,0,5,1,1,0,DFF_Q_STATO_REG_1_,STATO_REG_1_,DFF_Q_STATO_REG_1_ -> U270 -> U334 -> U272 -> U229 -> U274 -> U332 -> U210 -> STATO_REG_1_,b10
8,2.875,12,0,5,0,1,0,DFF_Q_STATO_REG_1_,STATO_REG_1_,DFF_Q_STATO_REG_1_ -> U270 -> U334 -> U272 -> U229 -> U340 -> U210 -> STATO_REG_1_,b10
4,3.5,4,0,2,0,0,0,DFF_Q_STATO_REG_1_,STATO_REG_1_,DFF_Q_STATO_REG_1_ -> U332 -> U210 -> STATO_REG_1_,b10
10,4.0,13,0,5,3,0,0,DFF_Q_STATO_REG_1_,STATO_REG_0_,DFF_Q_STATO_REG_1_ -> U217 -> U214 -> U264 -> U260 -> U229 -> U274 -> U342 -> U233 -> STATO_REG_0_,b10
9,4.222222222222222,12,0,5,2,0,0,DFF_Q_STATO_REG_1_,STATO_REG_0_,DFF_Q_STATO_REG_1_ -> U217 -> U214 -> U264 -> U260 -> U229 -> U343 -> U233 -> STATO_REG_0_,b10
8,4.75,10,0,4,2,0,0,DFF_Q_STATO_REG_1_,STATO_REG_0_,DFF_Q_STATO_REG_1_ -> U217 -> U246 -> U229 -> U274 -> U342 -> U233 -> STATO_REG_0_,b10
7,5.142857142857143,9,0,4,1,0,0,DFF_Q_STATO_REG_1_,STATO_REG_0_,DFF_Q_STATO_REG_1_ -> U217 -> U246 -> U229 -> U343 -> U233 -> STATO_REG_0_,b10
9,3.7777777777777777,12,1,4,2,0,0,DFF_Q_STATO_REG_1_,STATO_REG_0_,DFF_Q_STATO_REG_1_ -> U217 -> U269 -> U203 -> U229 -> U274 -> U342 -> U233 -> STATO_REG_0_,b10
8,4.0,11,1,4,1,0,0,DFF_Q_STATO_REG_1_,STATO_REG_0_,DFF_Q_STATO_REG_1_ -> U217 -> U269 -> U203 -> U229 -> U343 -> U233 -> STATO_REG_0_,b10
7,3.5714285714285716,9,0,4,1,0,0,DFF_Q_STATO_REG_1_,STATO_REG_0_,DFF_Q_STATO_REG_1_ -> U217 -> U286 -> U287 -> U343 -> U233 -> STATO_REG_0_,b10
10,3.1,14,1,5,2,0,0,DFF_Q_STATO_REG_1_,STATO_REG_0_,DFF_Q_STATO_REG_1_ -> U218 -> U259 -> U268 -> U203 -> U229 -> U274 -> U342 -> U233 -> STATO_REG_0_,b10
9,3.2222222222222223,13,1,5,1,0,0,DFF_Q_STATO_REG_1_,STATO_REG_0_,DFF_Q_STATO_REG_1_ -> U218 -> U259 -> U268 -> U203 -> U229 -> U343 -> U233 -> STATO_REG_0_,b10
6,3.1666666666666665,8,0,4,0,0,0,DFF_Q_STATO_REG_1_,STATO_REG_0_,DFF_Q_STATO_REG_1_ -> U218 -> U287 -> U343 -> U233 -> STATO_REG_0_,b10
10,2.8,14,1,5,2,0,0,DFF_Q_STATO_REG_1_,STATO_REG_0_,DFF_Q_STATO_REG_1_ -> U224 -> U266 -> U336 -> U244 -> U229 -> U274 -> U342 -> U233 -> STATO_REG_0_,b10
9,2.888888888888889,13,1,5,1,0,0,DFF_Q_STATO_REG_1_,STATO_REG_0_,DFF_Q_STATO_REG_1_ -> U224 -> U266 -> U336 -> U244 -> U229 -> U343 -> U233 -> STATO_REG_0_,b10
10,2.8,14,1,5,2,0,0,DFF_Q_STATO_REG_1_,STATO_REG_0_,DFF_Q_STATO_REG_1_ -> U225 -> U271 -> U335 -> U244 -> U229 -> U274 -> U342 -> U233 -> STATO_REG_0_,b10
9,2.888888888888889,13,1,5,1,0,0,DFF_Q_STATO_REG_1_,STATO_REG_0_,DFF_Q_STATO_REG_1_ -> U225 -> U271 -> U335 -> U244 -> U229 -> U343 -> U233 -> STATO_REG_0_,b10
9,3.0,13,0,6,1,0,0,DFF_Q_STATO_REG_1_,STATO_REG_0_,DFF_Q_STATO_REG_1_ -> U231 -> U334 -> U272 -> U229 -> U274 -> U342 -> U233 -> STATO_REG_0_,b10
8,3.125,12,0,6,0,0,0,DFF_Q_STATO_REG_1_,STATO_REG_0_,DFF_Q_STATO_REG_1_ -> U231 -> U334 -> U272 -> U229 -> U343 -> U233 -> STATO_REG_0_,b10
9,2.7777777777777777,13,0,5,1,1,0,DFF_Q_STATO_REG_1_,STATO_REG_0_,DFF_Q_STATO_REG_1_ -> U270 -> U334 -> U272 -> U229 -> U274 -> U342 -> U233 -> STATO_REG_0_,b10
8,2.875,12,0,5,0,1,0,DFF_Q_STATO_REG_1_,STATO_REG_0_,DFF_Q_STATO_REG_1_ -> U270 -> U334 -> U272 -> U229 -> U343 -> U233 -> STATO_REG_0_,b10
7,4.857142857142857,8,0,3,2,0,0,DFF_Q_STATO_REG_1_,V_OUT_REG_3_,DFF_Q_STATO_REG_1_ -> U217 -> U246 -> U267 -> U345 -> U234 -> V_OUT_REG_3_,b10
6,5.0,7,0,3,1,0,0,DFF_Q_STATO_REG_1_,V_OUT_REG_3_,DFF_Q_STATO_REG_1_ -> U217 -> U246 -> U344 -> U234 -> V_OUT_REG_3_,b10
7,4.857142857142857,8,0,3,2,0,0,DFF_Q_STATO_REG_1_,V_OUT_REG_2_,DFF_Q_STATO_REG_1_ -> U217 -> U246 -> U267 -> U347 -> U235 -> V_OUT_REG_2_,b10
6,5.0,7,0,3,1,0,0,DFF_Q_STATO_REG_1_,V_OUT_REG_2_,DFF_Q_STATO_REG_1_ -> U217 -> U246 -> U346 -> U235 -> V_OUT_REG_2_,b10
7,4.857142857142857,8,0,3,2,0,0,DFF_Q_STATO_REG_1_,V_OUT_REG_1_,DFF_Q_STATO_REG_1_ -> U217 -> U246 -> U267 -> U349 -> U236 -> V_OUT_REG_1_,b10
6,5.0,7,0,3,1,0,0,DFF_Q_STATO_REG_1_,V_OUT_REG_1_,DFF_Q_STATO_REG_1_ -> U217 -> U246 -> U348 -> U236 -> V_OUT_REG_1_,b10
7,4.857142857142857,8,0,3,2,0,0,DFF_Q_STATO_REG_1_,V_OUT_REG_0_,DFF_Q_STATO_REG_1_ -> U217 -> U246 -> U267 -> U351 -> U237 -> V_OUT_REG_0_,b10
6,5.0,7,0,3,1,0,0,DFF_Q_STATO_REG_1_,V_OUT_REG_0_,DFF_Q_STATO_REG_1_ -> U217 -> U246 -> U350 -> U237 -> V_OUT_REG_0_,b10
6,4.0,7,0,3,1,0,0,DFF_Q_STATO_REG_1_,SIGN_REG_3_,DFF_Q_STATO_REG_1_ -> U217 -> U288 -> U289 -> U209 -> SIGN_REG_3_,b10
12,3.3333333333333335,17,2,5,3,0,0,DFF_Q_STATO_REG_1_,VOTO1_REG,DFF_Q_STATO_REG_1_ -> U217 -> U214 -> U264 -> U261 -> U204 -> U205 -> U249 -> U293 -> U352 -> U238 -> VOTO1_REG,b10
11,3.5454545454545454,16,2,5,2,0,0,DFF_Q_STATO_REG_1_,VOTO1_REG,DFF_Q_STATO_REG_1_ -> U217 -> U214 -> U264 -> U261 -> U204 -> U205 -> U249 -> U353 -> U238 -> VOTO1_REG,b10
11,3.4545454545454546,16,0,7,2,0,0,DFF_Q_STATO_REG_1_,VOTO1_REG,DFF_Q_STATO_REG_1_ -> U217 -> U214 -> U264 -> U261 -> U295 -> U297 -> U298 -> U353 -> U238 -> VOTO1_REG,b10
11,3.3636363636363638,15,1,5,3,0,0,DFF_Q_STATO_REG_1_,VOTO1_REG,DFF_Q_STATO_REG_1_ -> U217 -> U214 -> U264 -> U291 -> U205 -> U249 -> U293 -> U352 -> U238 -> VOTO1_REG,b10
10,3.6,14,1,5,2,0,0,DFF_Q_STATO_REG_1_,VOTO1_REG,DFF_Q_STATO_REG_1_ -> U217 -> U214 -> U264 -> U291 -> U205 -> U249 -> U353 -> U238 -> VOTO1_REG,b10
11,3.090909090909091,16,3,4,2,0,0,DFF_Q_STATO_REG_1_,VOTO1_REG,DFF_Q_STATO_REG_1_ -> U217 -> U269 -> U203 -> U204 -> U205 -> U249 -> U293 -> U352 -> U238 -> VOTO1_REG,b10
10,3.3,15,3,4,1,0,0,DFF_Q_STATO_REG_1_,VOTO1_REG,DFF_Q_STATO_REG_1_ -> U217 -> U269 -> U203 -> U204 -> U205 -> U249 -> U353 -> U238 -> VOTO1_REG,b10
12,2.5833333333333335,18,3,5,2,0,0,DFF_Q_STATO_REG_1_,VOTO1_REG,DFF_Q_STATO_REG_1_ -> U218 -> U259 -> U268 -> U203 -> U204 -> U205 -> U249 -> U293 -> U352 -> U238 -> VOTO1_REG,b10
11,2.727272727272727,17,3,5,1,0,0,DFF_Q_STATO_REG_1_,VOTO1_REG,DFF_Q_STATO_REG_1_ -> U218 -> U259 -> U268 -> U203 -> U204 -> U205 -> U249 -> U353 -> U238 -> VOTO1_REG,b10
10,2.7,15,0,7,1,0,0,DFF_Q_STATO_REG_1_,VOTO1_REG,DFF_Q_STATO_REG_1_ -> U218 -> U259 -> U294 -> U295 -> U297 -> U298 -> U353 -> U238 -> VOTO1_REG,b10
8,2.75,11,0,5,1,0,0,DFF_Q_STATO_REG_1_,VOTO1_REG,DFF_Q_STATO_REG_1_ -> U231 -> U265 -> U296 -> U298 -> U353 -> U238 -> VOTO1_REG,b10
7,4.428571428571429,8,0,3,2,0,0,DFF_Q_STATO_REG_1_,CTR_REG,DFF_Q_STATO_REG_1_ -> U217 -> U214 -> U264 -> U260 -> U208 -> CTR_REG,b10
8,3.375,11,1,4,1,0,0,DFF_Q_STATO_REG_1_,CTR_REG,DFF_Q_STATO_REG_1_ -> U217 -> U299 -> U206 -> U300 -> U301 -> U208 -> CTR_REG,b10
7,3.5714285714285716,9,0,4,1,0,0,DFF_Q_STATO_REG_1_,CTR_REG,DFF_Q_STATO_REG_1_ -> U217 -> U354 -> U300 -> U301 -> U208 -> CTR_REG,b10
7,2.857142857142857,10,1,4,0,0,0,DFF_Q_STATO_REG_1_,CTR_REG,DFF_Q_STATO_REG_1_ -> U231 -> U206 -> U300 -> U301 -> U208 -> CTR_REG,b10
6,2.6666666666666665,8,0,4,0,0,0,DFF_Q_STATO_REG_1_,CTR_REG,DFF_Q_STATO_REG_1_ -> U355 -> U300 -> U301 -> U208 -> CTR_REG,b10
12,3.3333333333333335,17,2,5,3,0,0,DFF_Q_STATO_REG_1_,VOTO3_REG,DFF_Q_STATO_REG_1_ -> U217 -> U214 -> U264 -> U261 -> U204 -> U205 -> U250 -> U305 -> U362 -> U239 -> VOTO3_REG,b10
11,3.5454545454545454,16,2,5,2,0,0,DFF_Q_STATO_REG_1_,VOTO3_REG,DFF_Q_STATO_REG_1_ -> U217 -> U214 -> U264 -> U261 -> U204 -> U205 -> U250 -> U363 -> U239 -> VOTO3_REG,b10
11,3.4545454545454546,16,0,7,2,0,0,DFF_Q_STATO_REG_1_,VOTO3_REG,DFF_Q_STATO_REG_1_ -> U217 -> U214 -> U264 -> U261 -> U295 -> U307 -> U308 -> U363 -> U239 -> VOTO3_REG,b10
11,3.3636363636363638,15,1,5,3,0,0,DFF_Q_STATO_REG_1_,VOTO3_REG,DFF_Q_STATO_REG_1_ -> U217 -> U214 -> U264 -> U291 -> U205 -> U250 -> U305 -> U362 -> U239 -> VOTO3_REG,b10
10,3.6,14,1,5,2,0,0,DFF_Q_STATO_REG_1_,VOTO3_REG,DFF_Q_STATO_REG_1_ -> U217 -> U214 -> U264 -> U291 -> U205 -> U250 -> U363 -> U239 -> VOTO3_REG,b10
11,3.090909090909091,16,3,4,2,0,0,DFF_Q_STATO_REG_1_,VOTO3_REG,DFF_Q_STATO_REG_1_ -> U217 -> U269 -> U203 -> U204 -> U205 -> U250 -> U305 -> U362 -> U239 -> VOTO3_REG,b10
10,3.3,15,3,4,1,0,0,DFF_Q_STATO_REG_1_,VOTO3_REG,DFF_Q_STATO_REG_1_ -> U217 -> U269 -> U203 -> U204 -> U205 -> U250 -> U363 -> U239 -> VOTO3_REG,b10
12,2.5833333333333335,18,3,5,2,0,0,DFF_Q_STATO_REG_1_,VOTO3_REG,DFF_Q_STATO_REG_1_ -> U218 -> U259 -> U268 -> U203 -> U204 -> U205 -> U250 -> U305 -> U362 -> U239 -> VOTO3_REG,b10
11,2.727272727272727,17,3,5,1,0,0,DFF_Q_STATO_REG_1_,VOTO3_REG,DFF_Q_STATO_REG_1_ -> U218 -> U259 -> U268 -> U203 -> U204 -> U205 -> U250 -> U363 -> U239 -> VOTO3_REG,b10
10,2.7,15,0,7,1,0,0,DFF_Q_STATO_REG_1_,VOTO3_REG,DFF_Q_STATO_REG_1_ -> U218 -> U259 -> U294 -> U295 -> U307 -> U308 -> U363 -> U239 -> VOTO3_REG,b10
8,2.5,11,0,5,1,0,0,DFF_Q_STATO_REG_1_,VOTO3_REG,DFF_Q_STATO_REG_1_ -> U224 -> U266 -> U306 -> U308 -> U363 -> U239 -> VOTO3_REG,b10
9,2.3333333333333335,13,0,6,1,0,0,DFF_Q_STATO_REG_1_,VOTO3_REG,DFF_Q_STATO_REG_1_ -> U224 -> U303 -> U304 -> U250 -> U305 -> U362 -> U239 -> VOTO3_REG,b10
8,2.5,12,0,6,0,0,0,DFF_Q_STATO_REG_1_,VOTO3_REG,DFF_Q_STATO_REG_1_ -> U224 -> U303 -> U304 -> U250 -> U363 -> U239 -> VOTO3_REG,b10
6,3.1666666666666665,7,0,3,1,0,0,DFF_Q_STATO_REG_1_,LAST_R_REG,DFF_Q_STATO_REG_1_ -> U252 -> U309 -> U365 -> U240 -> LAST_R_REG,b10
5,3.4,6,0,3,0,0,0,DFF_Q_STATO_REG_1_,LAST_R_REG,DFF_Q_STATO_REG_1_ -> U252 -> U364 -> U240 -> LAST_R_REG,b10
9,3.5555555555555554,12,0,5,2,0,0,DFF_Q_STATO_REG_1_,CTS_REG,DFF_Q_STATO_REG_1_ -> U217 -> U214 -> U264 -> U312 -> U314 -> U317 -> U207 -> CTS_REG,b10
7,4.285714285714286,8,0,3,2,0,0,DFF_Q_STATO_REG_1_,CTS_REG,DFF_Q_STATO_REG_1_ -> U217 -> U214 -> U264 -> U316 -> U207 -> CTS_REG,b10
5,5.8,5,0,2,1,0,0,DFF_Q_STATO_REG_1_,CTS_REG,DFF_Q_STATO_REG_1_ -> U217 -> U246 -> U207 -> CTS_REG,b10
8,3.375,11,1,4,1,0,0,DFF_Q_STATO_REG_1_,CTS_REG,DFF_Q_STATO_REG_1_ -> U217 -> U299 -> U206 -> U314 -> U317 -> U207 -> CTS_REG,b10
5,4.6,5,0,2,1,0,0,DFF_Q_STATO_REG_1_,CTS_REG,DFF_Q_STATO_REG_1_ -> U217 -> U315 -> U207 -> CTS_REG,b10
7,2.857142857142857,10,1,4,0,0,0,DFF_Q_STATO_REG_1_,CTS_REG,DFF_Q_STATO_REG_1_ -> U231 -> U206 -> U314 -> U317 -> U207 -> CTS_REG,b10
6,2.6666666666666665,8,0,4,0,0,0,DFF_Q_STATO_REG_1_,CTS_REG,DFF_Q_STATO_REG_1_ -> U313 -> U314 -> U317 -> U207 -> CTS_REG,b10
12,3.3333333333333335,17,2,5,3,0,0,DFF_Q_STATO_REG_1_,VOTO2_REG,DFF_Q_STATO_REG_1_ -> U217 -> U214 -> U264 -> U261 -> U204 -> U205 -> U253 -> U319 -> U366 -> U241 -> VOTO2_REG,b10
11,3.5454545454545454,16,2,5,2,0,0,DFF_Q_STATO_REG_1_,VOTO2_REG,DFF_Q_STATO_REG_1_ -> U217 -> U214 -> U264 -> U261 -> U204 -> U205 -> U253 -> U367 -> U241 -> VOTO2_REG,b10
11,3.4545454545454546,16,0,7,2,0,0,DFF_Q_STATO_REG_1_,VOTO2_REG,DFF_Q_STATO_REG_1_ -> U217 -> U214 -> U264 -> U261 -> U295 -> U321 -> U322 -> U367 -> U241 -> VOTO2_REG,b10
11,3.3636363636363638,15,1,5,3,0,0,DFF_Q_STATO_REG_1_,VOTO2_REG,DFF_Q_STATO_REG_1_ -> U217 -> U214 -> U264 -> U291 -> U205 -> U253 -> U319 -> U366 -> U241 -> VOTO2_REG,b10
10,3.6,14,1,5,2,0,0,DFF_Q_STATO_REG_1_,VOTO2_REG,DFF_Q_STATO_REG_1_ -> U217 -> U214 -> U264 -> U291 -> U205 -> U253 -> U367 -> U241 -> VOTO2_REG,b10
11,3.090909090909091,16,3,4,2,0,0,DFF_Q_STATO_REG_1_,VOTO2_REG,DFF_Q_STATO_REG_1_ -> U217 -> U269 -> U203 -> U204 -> U205 -> U253 -> U319 -> U366 -> U241 -> VOTO2_REG,b10
10,3.3,15,3,4,1,0,0,DFF_Q_STATO_REG_1_,VOTO2_REG,DFF_Q_STATO_REG_1_ -> U217 -> U269 -> U203 -> U204 -> U205 -> U253 -> U367 -> U241 -> VOTO2_REG,b10
12,2.5833333333333335,18,3,5,2,0,0,DFF_Q_STATO_REG_1_,VOTO2_REG,DFF_Q_STATO_REG_1_ -> U218 -> U259 -> U268 -> U203 -> U204 -> U205 -> U253 -> U319 -> U366 -> U241 -> VOTO2_REG,b10
11,2.727272727272727,17,3,5,1,0,0,DFF_Q_STATO_REG_1_,VOTO2_REG,DFF_Q_STATO_REG_1_ -> U218 -> U259 -> U268 -> U203 -> U204 -> U205 -> U253 -> U367 -> U241 -> VOTO2_REG,b10
10,2.7,15,0,7,1,0,0,DFF_Q_STATO_REG_1_,VOTO2_REG,DFF_Q_STATO_REG_1_ -> U218 -> U259 -> U294 -> U295 -> U321 -> U322 -> U367 -> U241 -> VOTO2_REG,b10
8,2.75,11,0,5,1,0,0,DFF_Q_STATO_REG_1_,VOTO2_REG,DFF_Q_STATO_REG_1_ -> U231 -> U265 -> U320 -> U322 -> U367 -> U241 -> VOTO2_REG,b10
6,3.1666666666666665,7,0,3,1,0,0,DFF_Q_STATO_REG_1_,LAST_G_REG,DFF_Q_STATO_REG_1_ -> U252 -> U309 -> U369 -> U242 -> LAST_G_REG,b10
5,3.4,6,0,3,0,0,0,DFF_Q_STATO_REG_1_,LAST_G_REG,DFF_Q_STATO_REG_1_ -> U252 -> U368 -> U242 -> LAST_G_REG,b10
13,3.076923076923077,19,3,5,3,0,0,DFF_Q_STATO_REG_0_,VOTO0_REG,DFF_Q_STATO_REG_0_ -> U213 -> U201 -> U218 -> U259 -> U268 -> U203 -> U204 -> U255 -> U324 -> U370 -> U243 -> VOTO0_REG,b10
12,3.25,18,3,5,2,0,0,DFF_Q_STATO_REG_0_,VOTO0_REG,DFF_Q_STATO_REG_0_ -> U213 -> U201 -> U218 -> U259 -> U268 -> U203 -> U204 -> U255 -> U371 -> U243 -> VOTO0_REG,b10
12,3.25,18,1,7,2,0,0,DFF_Q_STATO_REG_0_,VOTO0_REG,DFF_Q_STATO_REG_0_ -> U213 -> U201 -> U218 -> U259 -> U294 -> U295 -> U329 -> U330 -> U371 -> U243 -> VOTO0_REG,b10
12,3.0833333333333335,17,2,5,3,0,0,DFF_Q_STATO_REG_0_,VOTO0_REG,DFF_Q_STATO_REG_0_ -> U213 -> U220 -> U258 -> U269 -> U203 -> U204 -> U255 -> U324 -> U370 -> U243 -> VOTO0_REG,b10
11,3.272727272727273,16,2,5,2,0,0,DFF_Q_STATO_REG_0_,VOTO0_REG,DFF_Q_STATO_REG_0_ -> U213 -> U220 -> U258 -> U269 -> U203 -> U204 -> U255 -> U371 -> U243 -> VOTO0_REG,b10
11,3.0,16,0,7,2,0,0,DFF_Q_STATO_REG_0_,VOTO0_REG,DFF_Q_STATO_REG_0_ -> U213 -> U220 -> U258 -> U325 -> U327 -> U328 -> U330 -> U371 -> U243 -> VOTO0_REG,b10
10,2.9,14,0,6,2,0,0,DFF_Q_STATO_REG_0_,VOTO0_REG,DFF_Q_STATO_REG_0_ -> U213 -> U337 -> U339 -> U323 -> U255 -> U324 -> U370 -> U243 -> VOTO0_REG,b10
9,3.111111111111111,13,0,6,1,0,0,DFF_Q_STATO_REG_0_,VOTO0_REG,DFF_Q_STATO_REG_0_ -> U213 -> U337 -> U339 -> U323 -> U255 -> U371 -> U243 -> VOTO0_REG,b10
10,2.6,14,1,5,2,0,0,DFF_Q_STATO_REG_0_,VOTO0_REG,DFF_Q_STATO_REG_0_ -> U214 -> U264 -> U261 -> U204 -> U255 -> U324 -> U370 -> U243 -> VOTO0_REG,b10
9,2.7777777777777777,13,1,5,1,0,0,DFF_Q_STATO_REG_0_,VOTO0_REG,DFF_Q_STATO_REG_0_ -> U214 -> U264 -> U261 -> U204 -> U255 -> U371 -> U243 -> VOTO0_REG,b10
10,2.7,15,0,7,1,0,0,DFF_Q_STATO_REG_0_,VOTO0_REG,DFF_Q_STATO_REG_0_ -> U214 -> U264 -> U261 -> U295 -> U329 -> U330 -> U371 -> U243 -> VOTO0_REG,b10
9,2.111111111111111,13,0,6,1,0,0,DFF_Q_STATO_REG_0_,VOTO0_REG,DFF_Q_STATO_REG_0_ -> U338 -> U339 -> U323 -> U255 -> U324 -> U370 -> U243 -> VOTO0_REG,b10
8,2.25,12,0,6,0,0,0,DFF_Q_STATO_REG_0_,VOTO0_REG,DFF_Q_STATO_REG_0_ -> U338 -> U339 -> U323 -> U255 -> U371 -> U243 -> VOTO0_REG,b10
12,3.5,18,2,6,2,0,0,DFF_Q_STATO_REG_0_,STATO_REG_3_,DFF_Q_STATO_REG_0_ -> U213 -> U201 -> U218 -> U259 -> U268 -> U203 -> U229 -> U278 -> U280 -> U212 -> STATO_REG_3_,b10
11,3.727272727272727,16,2,5,2,0,0,DFF_Q_STATO_REG_0_,STATO_REG_3_,DFF_Q_STATO_REG_0_ -> U213 -> U201 -> U218 -> U259 -> U268 -> U203 -> U229 -> U279 -> U212 -> STATO_REG_3_,b10
9,4.444444444444445,13,1,5,1,0,0,DFF_Q_STATO_REG_0_,STATO_REG_3_,DFF_Q_STATO_REG_0_ -> U213 -> U201 -> U246 -> U229 -> U278 -> U280 -> U212 -> STATO_REG_3_,b10
8,4.875,11,1,4,1,0,0,DFF_Q_STATO_REG_0_,STATO_REG_3_,DFF_Q_STATO_REG_0_ -> U213 -> U201 -> U246 -> U229 -> U279 -> U212 -> STATO_REG_3_,b10
8,3.5,11,1,4,1,0,0,DFF_Q_STATO_REG_0_,STATO_REG_3_,DFF_Q_STATO_REG_0_ -> U213 -> U201 -> U275 -> U277 -> U279 -> U212 -> STATO_REG_3_,b10
11,3.5454545454545454,16,1,6,2,0,0,DFF_Q_STATO_REG_0_,STATO_REG_3_,DFF_Q_STATO_REG_0_ -> U213 -> U220 -> U258 -> U269 -> U203 -> U229 -> U278 -> U280 -> U212 -> STATO_REG_3_,b10
10,3.8,14,1,5,2,0,0,DFF_Q_STATO_REG_0_,STATO_REG_3_,DFF_Q_STATO_REG_0_ -> U213 -> U220 -> U258 -> U269 -> U203 -> U229 -> U279 -> U212 -> STATO_REG_3_,b10
9,3.4444444444444446,12,0,5,2,0,0,DFF_Q_STATO_REG_0_,STATO_REG_3_,DFF_Q_STATO_REG_0_ -> U213 -> U220 -> U258 -> U276 -> U277 -> U279 -> U212 -> STATO_REG_3_,b10
6,3.8333333333333335,7,0,3,1,0,0,DFF_Q_STATO_REG_0_,STATO_REG_3_,DFF_Q_STATO_REG_0_ -> U213 -> U278 -> U280 -> U212 -> STATO_REG_3_,b10
9,3.4444444444444446,13,0,6,1,0,0,DFF_Q_STATO_REG_0_,STATO_REG_3_,DFF_Q_STATO_REG_0_ -> U213 -> U334 -> U272 -> U229 -> U278 -> U280 -> U212 -> STATO_REG_3_,b10
8,3.75,11,0,5,1,0,0,DFF_Q_STATO_REG_0_,STATO_REG_3_,DFF_Q_STATO_REG_0_ -> U213 -> U334 -> U272 -> U229 -> U279 -> U212 -> STATO_REG_3_,b10
9,3.111111111111111,13,0,6,1,0,0,DFF_Q_STATO_REG_0_,STATO_REG_3_,DFF_Q_STATO_REG_0_ -> U214 -> U264 -> U260 -> U229 -> U278 -> U280 -> U212 -> STATO_REG_3_,b10
8,3.375,11,0,5,1,0,0,DFF_Q_STATO_REG_0_,STATO_REG_3_,DFF_Q_STATO_REG_0_ -> U214 -> U264 -> U260 -> U229 -> U279 -> U212 -> STATO_REG_3_,b10
10,2.5,15,1,6,1,0,0,DFF_Q_STATO_REG_0_,STATO_REG_3_,DFF_Q_STATO_REG_0_ -> U224 -> U266 -> U336 -> U244 -> U229 -> U278 -> U280 -> U212 -> STATO_REG_3_,b10
9,2.6666666666666665,13,1,5,1,0,0,DFF_Q_STATO_REG_0_,STATO_REG_3_,DFF_Q_STATO_REG_0_ -> U224 -> U266 -> U336 -> U244 -> U229 -> U279 -> U212 -> STATO_REG_3_,b10
8,2.625,12,1,5,0,0,0,DFF_Q_STATO_REG_0_,STATO_REG_3_,DFF_Q_STATO_REG_0_ -> U273 -> U244 -> U229 -> U278 -> U280 -> U212 -> STATO_REG_3_,b10
7,2.857142857142857,10,1,4,0,0,0,DFF_Q_STATO_REG_0_,STATO_REG_3_,DFF_Q_STATO_REG_0_ -> U273 -> U244 -> U229 -> U279 -> U212 -> STATO_REG_3_,b10
8,2.625,12,0,6,0,0,0,DFF_Q_STATO_REG_0_,STATO_REG_3_,DFF_Q_STATO_REG_0_ -> U333 -> U272 -> U229 -> U278 -> U280 -> U212 -> STATO_REG_3_,b10
7,2.857142857142857,10,0,5,0,0,0,DFF_Q_STATO_REG_0_,STATO_REG_3_,DFF_Q_STATO_REG_0_ -> U333 -> U272 -> U229 -> U279 -> U212 -> STATO_REG_3_,b10
6,4.833333333333333,7,1,2,1,0,0,DFF_Q_STATO_REG_0_,STATO_REG_2_,DFF_Q_STATO_REG_0_ -> U213 -> U201 -> U218 -> U211 -> STATO_REG_2_,b10
12,3.5,18,2,6,2,0,0,DFF_Q_STATO_REG_0_,STATO_REG_2_,DFF_Q_STATO_REG_0_ -> U213 -> U201 -> U218 -> U259 -> U268 -> U203 -> U229 -> U282 -> U284 -> U211 -> STATO_REG_2_,b10
9,4.444444444444445,13,1,5,1,0,0,DFF_Q_STATO_REG_0_,STATO_REG_2_,DFF_Q_STATO_REG_0_ -> U213 -> U201 -> U246 -> U229 -> U282 -> U284 -> U211 -> STATO_REG_2_,b10
11,3.5454545454545454,16,1,6,2,0,0,DFF_Q_STATO_REG_0_,STATO_REG_2_,DFF_Q_STATO_REG_0_ -> U213 -> U220 -> U258 -> U269 -> U203 -> U229 -> U282 -> U284 -> U211 -> STATO_REG_2_,b10
7,3.4285714285714284,9,0,4,1,0,0,DFF_Q_STATO_REG_0_,STATO_REG_2_,DFF_Q_STATO_REG_0_ -> U213 -> U281 -> U282 -> U284 -> U211 -> STATO_REG_2_,b10
9,3.4444444444444446,13,0,6,1,0,0,DFF_Q_STATO_REG_0_,STATO_REG_2_,DFF_Q_STATO_REG_0_ -> U213 -> U334 -> U272 -> U229 -> U282 -> U284 -> U211 -> STATO_REG_2_,b10
7,3.5714285714285716,9,0,4,1,0,0,DFF_Q_STATO_REG_0_,STATO_REG_2_,DFF_Q_STATO_REG_0_ -> U213 -> U337 -> U339 -> U283 -> U211 -> STATO_REG_2_,b10
9,3.111111111111111,13,0,6,1,0,0,DFF_Q_STATO_REG_0_,STATO_REG_2_,DFF_Q_STATO_REG_0_ -> U214 -> U264 -> U260 -> U229 -> U282 -> U284 -> U211 -> STATO_REG_2_,b10
6,2.5,8,0,4,0,0,0,DFF_Q_STATO_REG_0_,STATO_REG_2_,DFF_Q_STATO_REG_0_ -> U214 -> U282 -> U284 -> U211 -> STATO_REG_2_,b10
10,2.5,15,1,6,1,0,0,DFF_Q_STATO_REG_0_,STATO_REG_2_,DFF_Q_STATO_REG_0_ -> U224 -> U266 -> U336 -> U244 -> U229 -> U282 -> U284 -> U211 -> STATO_REG_2_,b10
8,2.625,12,1,5,0,0,0,DFF_Q_STATO_REG_0_,STATO_REG_2_,DFF_Q_STATO_REG_0_ -> U273 -> U244 -> U229 -> U282 -> U284 -> U211 -> STATO_REG_2_,b10
8,2.625,12,0,6,0,0,0,DFF_Q_STATO_REG_0_,STATO_REG_2_,DFF_Q_STATO_REG_0_ -> U333 -> U272 -> U229 -> U282 -> U284 -> U211 -> STATO_REG_2_,b10
6,2.5,8,0,4,0,0,0,DFF_Q_STATO_REG_0_,STATO_REG_2_,DFF_Q_STATO_REG_0_ -> U338 -> U339 -> U283 -> U211 -> STATO_REG_2_,b10
6,4.833333333333333,7,1,2,1,0,0,DFF_Q_STATO_REG_0_,STATO_REG_1_,DFF_Q_STATO_REG_0_ -> U213 -> U201 -> U218 -> U210 -> STATO_REG_1_,b10
12,3.5833333333333335,17,2,5,3,0,0,DFF_Q_STATO_REG_0_,STATO_REG_1_,DFF_Q_STATO_REG_0_ -> U213 -> U201 -> U218 -> U259 -> U268 -> U203 -> U229 -> U274 -> U332 -> U210 -> STATO_REG_1_,b10
11,3.727272727272727,16,2,5,2,0,0,DFF_Q_STATO_REG_0_,STATO_REG_1_,DFF_Q_STATO_REG_0_ -> U213 -> U201 -> U218 -> U259 -> U268 -> U203 -> U229 -> U340 -> U210 -> STATO_REG_1_,b10
9,4.555555555555555,12,1,4,2,0,0,DFF_Q_STATO_REG_0_,STATO_REG_1_,DFF_Q_STATO_REG_0_ -> U213 -> U201 -> U246 -> U229 -> U274 -> U332 -> U210 -> STATO_REG_1_,b10
8,4.875,11,1,4,1,0,0,DFF_Q_STATO_REG_0_,STATO_REG_1_,DFF_Q_STATO_REG_0_ -> U213 -> U201 -> U246 -> U229 -> U340 -> U210 -> STATO_REG_1_,b10
11,3.6363636363636362,15,1,5,3,0,0,DFF_Q_STATO_REG_0_,STATO_REG_1_,DFF_Q_STATO_REG_0_ -> U213 -> U220 -> U258 -> U269 -> U203 -> U229 -> U274 -> U332 -> U210 -> STATO_REG_1_,b10
10,3.8,14,1,5,2,0,0,DFF_Q_STATO_REG_0_,STATO_REG_1_,DFF_Q_STATO_REG_0_ -> U213 -> U220 -> U258 -> U269 -> U203 -> U229 -> U340 -> U210 -> STATO_REG_1_,b10
9,3.5555555555555554,12,0,5,2,0,0,DFF_Q_STATO_REG_0_,STATO_REG_1_,DFF_Q_STATO_REG_0_ -> U213 -> U334 -> U272 -> U229 -> U274 -> U332 -> U210 -> STATO_REG_1_,b10
8,3.75,11,0,5,1,0,0,DFF_Q_STATO_REG_0_,STATO_REG_1_,DFF_Q_STATO_REG_0_ -> U213 -> U334 -> U272 -> U229 -> U340 -> U210 -> STATO_REG_1_,b10
5,4.4,5,0,2,1,0,0,DFF_Q_STATO_REG_0_,STATO_REG_1_,DFF_Q_STATO_REG_0_ -> U213 -> U341 -> U210 -> STATO_REG_1_,b10
9,3.2222222222222223,12,0,5,2,0,0,DFF_Q_STATO_REG_0_,STATO_REG_1_,DFF_Q_STATO_REG_0_ -> U214 -> U264 -> U260 -> U229 -> U274 -> U332 -> U210 -> STATO_REG_1_,b10
8,3.375,11,0,5,1,0,0,DFF_Q_STATO_REG_0_,STATO_REG_1_,DFF_Q_STATO_REG_0_ -> U214 -> U264 -> U260 -> U229 -> U340 -> U210 -> STATO_REG_1_,b10
10,2.6,14,1,5,2,0,0,DFF_Q_STATO_REG_0_,STATO_REG_1_,DFF_Q_STATO_REG_0_ -> U224 -> U266 -> U336 -> U244 -> U229 -> U274 -> U332 -> U210 -> STATO_REG_1_,b10
9,2.6666666666666665,13,1,5,1,0,0,DFF_Q_STATO_REG_0_,STATO_REG_1_,DFF_Q_STATO_REG_0_ -> U224 -> U266 -> U336 -> U244 -> U229 -> U340 -> U210 -> STATO_REG_1_,b10
8,2.75,11,1,4,1,0,0,DFF_Q_STATO_REG_0_,STATO_REG_1_,DFF_Q_STATO_REG_0_ -> U273 -> U244 -> U229 -> U274 -> U332 -> U210 -> STATO_REG_1_,b10
7,2.857142857142857,10,1,4,0,0,0,DFF_Q_STATO_REG_0_,STATO_REG_1_,DFF_Q_STATO_REG_0_ -> U273 -> U244 -> U229 -> U340 -> U210 -> STATO_REG_1_,b10
8,2.75,11,0,5,1,0,0,DFF_Q_STATO_REG_0_,STATO_REG_1_,DFF_Q_STATO_REG_0_ -> U333 -> U272 -> U229 -> U274 -> U332 -> U210 -> STATO_REG_1_,b10
7,2.857142857142857,10,0,5,0,0,0,DFF_Q_STATO_REG_0_,STATO_REG_1_,DFF_Q_STATO_REG_0_ -> U333 -> U272 -> U229 -> U340 -> U210 -> STATO_REG_1_,b10
4,3.0,4,0,2,0,0,0,DFF_Q_STATO_REG_0_,STATO_REG_1_,DFF_Q_STATO_REG_0_ -> U340 -> U210 -> STATO_REG_1_,b10
12,3.5833333333333335,17,2,5,3,0,0,DFF_Q_STATO_REG_0_,STATO_REG_0_,DFF_Q_STATO_REG_0_ -> U213 -> U201 -> U218 -> U259 -> U268 -> U203 -> U229 -> U274 -> U342 -> U233 -> STATO_REG_0_,b10
11,3.727272727272727,16,2,5,2,0,0,DFF_Q_STATO_REG_0_,STATO_REG_0_,DFF_Q_STATO_REG_0_ -> U213 -> U201 -> U218 -> U259 -> U268 -> U203 -> U229 -> U343 -> U233 -> STATO_REG_0_,b10
8,3.875,11,1,4,1,0,0,DFF_Q_STATO_REG_0_,STATO_REG_0_,DFF_Q_STATO_REG_0_ -> U213 -> U201 -> U218 -> U287 -> U343 -> U233 -> STATO_REG_0_,b10
9,4.555555555555555,12,1,4,2,0,0,DFF_Q_STATO_REG_0_,STATO_REG_0_,DFF_Q_STATO_REG_0_ -> U213 -> U201 -> U246 -> U229 -> U274 -> U342 -> U233 -> STATO_REG_0_,b10
8,4.875,11,1,4,1,0,0,DFF_Q_STATO_REG_0_,STATO_REG_0_,DFF_Q_STATO_REG_0_ -> U213 -> U201 -> U246 -> U229 -> U343 -> U233 -> STATO_REG_0_,b10
11,3.6363636363636362,15,1,5,3,0,0,DFF_Q_STATO_REG_0_,STATO_REG_0_,DFF_Q_STATO_REG_0_ -> U213 -> U220 -> U258 -> U269 -> U203 -> U229 -> U274 -> U342 -> U233 -> STATO_REG_0_,b10
10,3.8,14,1,5,2,0,0,DFF_Q_STATO_REG_0_,STATO_REG_0_,DFF_Q_STATO_REG_0_ -> U213 -> U220 -> U258 -> U269 -> U203 -> U229 -> U343 -> U233 -> STATO_REG_0_,b10
7,3.5714285714285716,9,0,4,1,0,0,DFF_Q_STATO_REG_0_,STATO_REG_0_,DFF_Q_STATO_REG_0_ -> U213 -> U220 -> U287 -> U343 -> U233 -> STATO_REG_0_,b10
7,3.4285714285714284,9,0,4,1,0,0,DFF_Q_STATO_REG_0_,STATO_REG_0_,DFF_Q_STATO_REG_0_ -> U213 -> U286 -> U287 -> U343 -> U233 -> STATO_REG_0_,b10
9,3.5555555555555554,12,0,5,2,0,0,DFF_Q_STATO_REG_0_,STATO_REG_0_,DFF_Q_STATO_REG_0_ -> U213 -> U334 -> U272 -> U229 -> U274 -> U342 -> U233 -> STATO_REG_0_,b10
8,3.75,11,0,5,1,0,0,DFF_Q_STATO_REG_0_,STATO_REG_0_,DFF_Q_STATO_REG_0_ -> U213 -> U334 -> U272 -> U229 -> U343 -> U233 -> STATO_REG_0_,b10
9,3.2222222222222223,12,0,5,2,0,0,DFF_Q_STATO_REG_0_,STATO_REG_0_,DFF_Q_STATO_REG_0_ -> U214 -> U264 -> U260 -> U229 -> U274 -> U342 -> U233 -> STATO_REG_0_,b10
8,3.375,11,0,5,1,0,0,DFF_Q_STATO_REG_0_,STATO_REG_0_,DFF_Q_STATO_REG_0_ -> U214 -> U264 -> U260 -> U229 -> U343 -> U233 -> STATO_REG_0_,b10
10,2.6,14,1,5,2,0,0,DFF_Q_STATO_REG_0_,STATO_REG_0_,DFF_Q_STATO_REG_0_ -> U224 -> U266 -> U336 -> U244 -> U229 -> U274 -> U342 -> U233 -> STATO_REG_0_,b10
9,2.6666666666666665,13,1,5,1,0,0,DFF_Q_STATO_REG_0_,STATO_REG_0_,DFF_Q_STATO_REG_0_ -> U224 -> U266 -> U336 -> U244 -> U229 -> U343 -> U233 -> STATO_REG_0_,b10
8,2.75,11,1,4,1,0,0,DFF_Q_STATO_REG_0_,STATO_REG_0_,DFF_Q_STATO_REG_0_ -> U273 -> U244 -> U229 -> U274 -> U342 -> U233 -> STATO_REG_0_,b10
7,2.857142857142857,10,1,4,0,0,0,DFF_Q_STATO_REG_0_,STATO_REG_0_,DFF_Q_STATO_REG_0_ -> U273 -> U244 -> U229 -> U343 -> U233 -> STATO_REG_0_,b10
8,2.75,11,0,5,1,0,0,DFF_Q_STATO_REG_0_,STATO_REG_0_,DFF_Q_STATO_REG_0_ -> U333 -> U272 -> U229 -> U274 -> U342 -> U233 -> STATO_REG_0_,b10
7,2.857142857142857,10,0,5,0,0,0,DFF_Q_STATO_REG_0_,STATO_REG_0_,DFF_Q_STATO_REG_0_ -> U333 -> U272 -> U229 -> U343 -> U233 -> STATO_REG_0_,b10
4,3.0,4,0,2,0,0,0,DFF_Q_STATO_REG_0_,STATO_REG_0_,DFF_Q_STATO_REG_0_ -> U342 -> U233 -> STATO_REG_0_,b10
8,4.625,10,1,3,2,0,0,DFF_Q_STATO_REG_0_,V_OUT_REG_3_,DFF_Q_STATO_REG_0_ -> U213 -> U201 -> U246 -> U267 -> U345 -> U234 -> V_OUT_REG_3_,b10
7,4.714285714285714,9,1,3,1,0,0,DFF_Q_STATO_REG_0_,V_OUT_REG_3_,DFF_Q_STATO_REG_0_ -> U213 -> U201 -> U246 -> U344 -> U234 -> V_OUT_REG_3_,b10
8,4.625,10,1,3,2,0,0,DFF_Q_STATO_REG_0_,V_OUT_REG_2_,DFF_Q_STATO_REG_0_ -> U213 -> U201 -> U246 -> U267 -> U347 -> U235 -> V_OUT_REG_2_,b10
7,4.714285714285714,9,1,3,1,0,0,DFF_Q_STATO_REG_0_,V_OUT_REG_2_,DFF_Q_STATO_REG_0_ -> U213 -> U201 -> U246 -> U346 -> U235 -> V_OUT_REG_2_,b10
8,4.625,10,1,3,2,0,0,DFF_Q_STATO_REG_0_,V_OUT_REG_1_,DFF_Q_STATO_REG_0_ -> U213 -> U201 -> U246 -> U267 -> U349 -> U236 -> V_OUT_REG_1_,b10
7,4.714285714285714,9,1,3,1,0,0,DFF_Q_STATO_REG_0_,V_OUT_REG_1_,DFF_Q_STATO_REG_0_ -> U213 -> U201 -> U246 -> U348 -> U236 -> V_OUT_REG_1_,b10
8,4.625,10,1,3,2,0,0,DFF_Q_STATO_REG_0_,V_OUT_REG_0_,DFF_Q_STATO_REG_0_ -> U213 -> U201 -> U246 -> U267 -> U351 -> U237 -> V_OUT_REG_0_,b10
7,4.714285714285714,9,1,3,1,0,0,DFF_Q_STATO_REG_0_,V_OUT_REG_0_,DFF_Q_STATO_REG_0_ -> U213 -> U201 -> U246 -> U350 -> U237 -> V_OUT_REG_0_,b10
8,3.75,10,0,4,2,0,0,DFF_Q_STATO_REG_0_,SIGN_REG_3_,DFF_Q_STATO_REG_0_ -> U213 -> U220 -> U258 -> U288 -> U289 -> U209 -> SIGN_REG_3_,b10
4,3.0,4,0,2,0,0,0,DFF_Q_STATO_REG_0_,SIGN_REG_3_,DFF_Q_STATO_REG_0_ -> U290 -> U209 -> SIGN_REG_3_,b10
14,3.0714285714285716,21,4,5,3,0,0,DFF_Q_STATO_REG_0_,VOTO1_REG,DFF_Q_STATO_REG_0_ -> U213 -> U201 -> U218 -> U259 -> U268 -> U203 -> U204 -> U205 -> U249 -> U293 -> U352 -> U238 -> VOTO1_REG,b10
13,3.230769230769231,20,4,5,2,0,0,DFF_Q_STATO_REG_0_,VOTO1_REG,DFF_Q_STATO_REG_0_ -> U213 -> U201 -> U218 -> U259 -> U268 -> U203 -> U204 -> U205 -> U249 -> U353 -> U238 -> VOTO1_REG,b10
12,3.25,18,1,7,2,0,0,DFF_Q_STATO_REG_0_,VOTO1_REG,DFF_Q_STATO_REG_0_ -> U213 -> U201 -> U218 -> U259 -> U294 -> U295 -> U297 -> U298 -> U353 -> U238 -> VOTO1_REG,b10
11,3.4545454545454546,15,1,5,3,0,0,DFF_Q_STATO_REG_0_,VOTO1_REG,DFF_Q_STATO_REG_0_ -> U213 -> U220 -> U258 -> U202 -> U263 -> U249 -> U293 -> U352 -> U238 -> VOTO1_REG,b10
10,3.7,14,1,5,2,0,0,DFF_Q_STATO_REG_0_,VOTO1_REG,DFF_Q_STATO_REG_0_ -> U213 -> U220 -> U258 -> U202 -> U263 -> U249 -> U353 -> U238 -> VOTO1_REG,b10
11,3.3636363636363638,15,1,5,3,0,0,DFF_Q_STATO_REG_0_,VOTO1_REG,DFF_Q_STATO_REG_0_ -> U213 -> U220 -> U258 -> U202 -> U292 -> U249 -> U293 -> U352 -> U238 -> VOTO1_REG,b10
10,3.6,14,1,5,2,0,0,DFF_Q_STATO_REG_0_,VOTO1_REG,DFF_Q_STATO_REG_0_ -> U213 -> U220 -> U258 -> U202 -> U292 -> U249 -> U353 -> U238 -> VOTO1_REG,b10
13,3.076923076923077,19,3,5,3,0,0,DFF_Q_STATO_REG_0_,VOTO1_REG,DFF_Q_STATO_REG_0_ -> U213 -> U220 -> U258 -> U269 -> U203 -> U204 -> U205 -> U249 -> U293 -> U352 -> U238 -> VOTO1_REG,b10
12,3.25,18,3,5,2,0,0,DFF_Q_STATO_REG_0_,VOTO1_REG,DFF_Q_STATO_REG_0_ -> U213 -> U220 -> U258 -> U269 -> U203 -> U204 -> U205 -> U249 -> U353 -> U238 -> VOTO1_REG,b10
11,2.6363636363636362,16,2,5,2,0,0,DFF_Q_STATO_REG_0_,VOTO1_REG,DFF_Q_STATO_REG_0_ -> U214 -> U264 -> U261 -> U204 -> U205 -> U249 -> U293 -> U352 -> U238 -> VOTO1_REG,b10
10,2.8,15,2,5,1,0,0,DFF_Q_STATO_REG_0_,VOTO1_REG,DFF_Q_STATO_REG_0_ -> U214 -> U264 -> U261 -> U204 -> U205 -> U249 -> U353 -> U238 -> VOTO1_REG,b10
10,2.7,15,0,7,1,0,0,DFF_Q_STATO_REG_0_,VOTO1_REG,DFF_Q_STATO_REG_0_ -> U214 -> U264 -> U261 -> U295 -> U297 -> U298 -> U353 -> U238 -> VOTO1_REG,b10
10,2.6,14,1,5,2,0,0,DFF_Q_STATO_REG_0_,VOTO1_REG,DFF_Q_STATO_REG_0_ -> U214 -> U264 -> U291 -> U205 -> U249 -> U293 -> U352 -> U238 -> VOTO1_REG,b10
9,2.7777777777777777,13,1,5,1,0,0,DFF_Q_STATO_REG_0_,VOTO1_REG,DFF_Q_STATO_REG_0_ -> U214 -> U264 -> U291 -> U205 -> U249 -> U353 -> U238 -> VOTO1_REG,b10
6,3.8333333333333335,7,0,3,1,0,0,DFF_Q_STATO_REG_0_,CTR_REG,DFF_Q_STATO_REG_0_ -> U213 -> U300 -> U301 -> U208 -> CTR_REG,b10
6,3.3333333333333335,7,0,3,1,0,0,DFF_Q_STATO_REG_0_,CTR_REG,DFF_Q_STATO_REG_0_ -> U214 -> U264 -> U260 -> U208 -> CTR_REG,b10
14,3.0714285714285716,21,4,5,3,0,0,DFF_Q_STATO_REG_0_,VOTO3_REG,DFF_Q_STATO_REG_0_ -> U213 -> U201 -> U218 -> U259 -> U268 -> U203 -> U204 -> U205 -> U250 -> U305 -> U362 -> U239 -> VOTO3_REG,b10
13,3.230769230769231,20,4,5,2,0,0,DFF_Q_STATO_REG_0_,VOTO3_REG,DFF_Q_STATO_REG_0_ -> U213 -> U201 -> U218 -> U259 -> U268 -> U203 -> U204 -> U205 -> U250 -> U363 -> U239 -> VOTO3_REG,b10
12,3.25,18,1,7,2,0,0,DFF_Q_STATO_REG_0_,VOTO3_REG,DFF_Q_STATO_REG_0_ -> U213 -> U201 -> U218 -> U259 -> U294 -> U295 -> U307 -> U308 -> U363 -> U239 -> VOTO3_REG,b10
13,3.076923076923077,19,3,5,3,0,0,DFF_Q_STATO_REG_0_,VOTO3_REG,DFF_Q_STATO_REG_0_ -> U213 -> U220 -> U258 -> U269 -> U203 -> U204 -> U205 -> U250 -> U305 -> U362 -> U239 -> VOTO3_REG,b10
12,3.25,18,3,5,2,0,0,DFF_Q_STATO_REG_0_,VOTO3_REG,DFF_Q_STATO_REG_0_ -> U213 -> U220 -> U258 -> U269 -> U203 -> U204 -> U205 -> U250 -> U363 -> U239 -> VOTO3_REG,b10
11,2.6363636363636362,16,2,5,2,0,0,DFF_Q_STATO_REG_0_,VOTO3_REG,DFF_Q_STATO_REG_0_ -> U214 -> U264 -> U261 -> U204 -> U205 -> U250 -> U305 -> U362 -> U239 -> VOTO3_REG,b10
10,2.8,15,2,5,1,0,0,DFF_Q_STATO_REG_0_,VOTO3_REG,DFF_Q_STATO_REG_0_ -> U214 -> U264 -> U261 -> U204 -> U205 -> U250 -> U363 -> U239 -> VOTO3_REG,b10
10,2.7,15,0,7,1,0,0,DFF_Q_STATO_REG_0_,VOTO3_REG,DFF_Q_STATO_REG_0_ -> U214 -> U264 -> U261 -> U295 -> U307 -> U308 -> U363 -> U239 -> VOTO3_REG,b10
10,2.6,14,1,5,2,0,0,DFF_Q_STATO_REG_0_,VOTO3_REG,DFF_Q_STATO_REG_0_ -> U214 -> U264 -> U291 -> U205 -> U250 -> U305 -> U362 -> U239 -> VOTO3_REG,b10
9,2.7777777777777777,13,1,5,1,0,0,DFF_Q_STATO_REG_0_,VOTO3_REG,DFF_Q_STATO_REG_0_ -> U214 -> U264 -> U291 -> U205 -> U250 -> U363 -> U239 -> VOTO3_REG,b10
8,2.25,11,0,5,1,0,0,DFF_Q_STATO_REG_0_,VOTO3_REG,DFF_Q_STATO_REG_0_ -> U224 -> U266 -> U306 -> U308 -> U363 -> U239 -> VOTO3_REG,b10
9,2.111111111111111,13,0,6,1,0,0,DFF_Q_STATO_REG_0_,VOTO3_REG,DFF_Q_STATO_REG_0_ -> U224 -> U303 -> U304 -> U250 -> U305 -> U362 -> U239 -> VOTO3_REG,b10
8,2.25,12,0,6,0,0,0,DFF_Q_STATO_REG_0_,VOTO3_REG,DFF_Q_STATO_REG_0_ -> U224 -> U303 -> U304 -> U250 -> U363 -> U239 -> VOTO3_REG,b10
10,3.8,13,1,4,3,0,0,DFF_Q_STATO_REG_0_,LAST_R_REG,DFF_Q_STATO_REG_0_ -> U213 -> U220 -> U258 -> U202 -> U252 -> U309 -> U365 -> U240 -> LAST_R_REG,b10
9,4.0,12,1,4,2,0,0,DFF_Q_STATO_REG_0_,LAST_R_REG,DFF_Q_STATO_REG_0_ -> U213 -> U220 -> U258 -> U202 -> U252 -> U364 -> U240 -> LAST_R_REG,b10
6,5.333333333333333,7,1,2,1,0,0,DFF_Q_STATO_REG_0_,CTS_REG,DFF_Q_STATO_REG_0_ -> U213 -> U201 -> U246 -> U207 -> CTS_REG,b10
6,4.333333333333333,7,1,2,1,0,0,DFF_Q_STATO_REG_0_,CTS_REG,DFF_Q_STATO_REG_0_ -> U213 -> U201 -> U315 -> U207 -> CTS_REG,b10
7,3.4285714285714284,9,0,4,1,0,0,DFF_Q_STATO_REG_0_,CTS_REG,DFF_Q_STATO_REG_0_ -> U213 -> U313 -> U314 -> U317 -> U207 -> CTS_REG,b10
8,2.625,11,0,5,1,0,0,DFF_Q_STATO_REG_0_,CTS_REG,DFF_Q_STATO_REG_0_ -> U214 -> U264 -> U312 -> U314 -> U317 -> U207 -> CTS_REG,b10
6,3.1666666666666665,7,0,3,1,0,0,DFF_Q_STATO_REG_0_,CTS_REG,DFF_Q_STATO_REG_0_ -> U214 -> U264 -> U316 -> U207 -> CTS_REG,b10
7,2.142857142857143,10,0,4,0,1,0,DFF_Q_STATO_REG_0_,CTS_REG,DFF_Q_STATO_REG_0_ -> U310 -> U311 -> U314 -> U317 -> U207 -> CTS_REG,b10
14,3.0714285714285716,21,4,5,3,0,0,DFF_Q_STATO_REG_0_,VOTO2_REG,DFF_Q_STATO_REG_0_ -> U213 -> U201 -> U218 -> U259 -> U268 -> U203 -> U204 -> U205 -> U253 -> U319 -> U366 -> U241 -> VOTO2_REG,b10
13,3.230769230769231,20,4,5,2,0,0,DFF_Q_STATO_REG_0_,VOTO2_REG,DFF_Q_STATO_REG_0_ -> U213 -> U201 -> U218 -> U259 -> U268 -> U203 -> U204 -> U205 -> U253 -> U367 -> U241 -> VOTO2_REG,b10
12,3.25,18,1,7,2,0,0,DFF_Q_STATO_REG_0_,VOTO2_REG,DFF_Q_STATO_REG_0_ -> U213 -> U201 -> U218 -> U259 -> U294 -> U295 -> U321 -> U322 -> U367 -> U241 -> VOTO2_REG,b10
11,3.4545454545454546,15,1,5,3,0,0,DFF_Q_STATO_REG_0_,VOTO2_REG,DFF_Q_STATO_REG_0_ -> U213 -> U220 -> U258 -> U202 -> U263 -> U253 -> U319 -> U366 -> U241 -> VOTO2_REG,b10
10,3.7,14,1,5,2,0,0,DFF_Q_STATO_REG_0_,VOTO2_REG,DFF_Q_STATO_REG_0_ -> U213 -> U220 -> U258 -> U202 -> U263 -> U253 -> U367 -> U241 -> VOTO2_REG,b10
11,3.3636363636363638,15,1,5,3,0,0,DFF_Q_STATO_REG_0_,VOTO2_REG,DFF_Q_STATO_REG_0_ -> U213 -> U220 -> U258 -> U202 -> U318 -> U253 -> U319 -> U366 -> U241 -> VOTO2_REG,b10
10,3.6,14,1,5,2,0,0,DFF_Q_STATO_REG_0_,VOTO2_REG,DFF_Q_STATO_REG_0_ -> U213 -> U220 -> U258 -> U202 -> U318 -> U253 -> U367 -> U241 -> VOTO2_REG,b10
13,3.076923076923077,19,3,5,3,0,0,DFF_Q_STATO_REG_0_,VOTO2_REG,DFF_Q_STATO_REG_0_ -> U213 -> U220 -> U258 -> U269 -> U203 -> U204 -> U205 -> U253 -> U319 -> U366 -> U241 -> VOTO2_REG,b10
12,3.25,18,3,5,2,0,0,DFF_Q_STATO_REG_0_,VOTO2_REG,DFF_Q_STATO_REG_0_ -> U213 -> U220 -> U258 -> U269 -> U203 -> U204 -> U205 -> U253 -> U367 -> U241 -> VOTO2_REG,b10
11,2.6363636363636362,16,2,5,2,0,0,DFF_Q_STATO_REG_0_,VOTO2_REG,DFF_Q_STATO_REG_0_ -> U214 -> U264 -> U261 -> U204 -> U205 -> U253 -> U319 -> U366 -> U241 -> VOTO2_REG,b10
10,2.8,15,2,5,1,0,0,DFF_Q_STATO_REG_0_,VOTO2_REG,DFF_Q_STATO_REG_0_ -> U214 -> U264 -> U261 -> U204 -> U205 -> U253 -> U367 -> U241 -> VOTO2_REG,b10
10,2.7,15,0,7,1,0,0,DFF_Q_STATO_REG_0_,VOTO2_REG,DFF_Q_STATO_REG_0_ -> U214 -> U264 -> U261 -> U295 -> U321 -> U322 -> U367 -> U241 -> VOTO2_REG,b10
10,2.6,14,1,5,2,0,0,DFF_Q_STATO_REG_0_,VOTO2_REG,DFF_Q_STATO_REG_0_ -> U214 -> U264 -> U291 -> U205 -> U253 -> U319 -> U366 -> U241 -> VOTO2_REG,b10
9,2.7777777777777777,13,1,5,1,0,0,DFF_Q_STATO_REG_0_,VOTO2_REG,DFF_Q_STATO_REG_0_ -> U214 -> U264 -> U291 -> U205 -> U253 -> U367 -> U241 -> VOTO2_REG,b10
10,3.8,13,1,4,3,0,0,DFF_Q_STATO_REG_0_,LAST_G_REG,DFF_Q_STATO_REG_0_ -> U213 -> U220 -> U258 -> U202 -> U252 -> U309 -> U369 -> U242 -> LAST_G_REG,b10
9,4.0,12,1,4,2,0,0,DFF_Q_STATO_REG_0_,LAST_G_REG,DFF_Q_STATO_REG_0_ -> U213 -> U220 -> U258 -> U202 -> U252 -> U368 -> U242 -> LAST_G_REG,b10
4,0.75,4,0,2,0,0,0,DFF_Q_V_OUT_REG_3_,V_OUT_REG_3_,DFF_Q_V_OUT_REG_3_ -> U344 -> U234 -> V_OUT_REG_3_,b10
4,0.75,4,0,2,0,0,0,DFF_Q_V_OUT_REG_2_,V_OUT_REG_2_,DFF_Q_V_OUT_REG_2_ -> U346 -> U235 -> V_OUT_REG_2_,b10
4,0.75,4,0,2,0,0,0,DFF_Q_V_OUT_REG_1_,V_OUT_REG_1_,DFF_Q_V_OUT_REG_1_ -> U348 -> U236 -> V_OUT_REG_1_,b10
4,0.75,4,0,2,0,0,0,DFF_Q_V_OUT_REG_0_,V_OUT_REG_0_,DFF_Q_V_OUT_REG_0_ -> U350 -> U237 -> V_OUT_REG_0_,b10
9,1.0,13,0,6,1,0,0,DFF_Q_SIGN_REG_3_,VOTO0_REG,DFF_Q_SIGN_REG_3_ -> U230 -> U326 -> U327 -> U328 -> U330 -> U371 -> U243 -> VOTO0_REG,b10
4,1.0,4,0,2,0,0,0,DFF_Q_SIGN_REG_3_,SIGN_REG_3_,DFF_Q_SIGN_REG_3_ -> U289 -> U209 -> SIGN_REG_3_,b10
8,1.625,11,0,5,1,0,0,DFF_Q_VOTO1_REG,STATO_REG_3_,DFF_Q_VOTO1_REG -> U228 -> U256 -> U275 -> U277 -> U279 -> U212 -> STATO_REG_3_,b10
7,1.5714285714285714,10,0,5,0,0,0,DFF_Q_VOTO1_REG,STATO_REG_2_,DFF_Q_VOTO1_REG -> U228 -> U281 -> U282 -> U284 -> U211 -> STATO_REG_2_,b10
9,1.5555555555555556,13,0,6,1,0,0,DFF_Q_VOTO1_REG,STATO_REG_0_,DFF_Q_VOTO1_REG -> U228 -> U256 -> U285 -> U286 -> U287 -> U343 -> U233 -> STATO_REG_0_,b10
4,1.75,4,0,2,0,0,0,DFF_Q_VOTO1_REG,V_OUT_REG_1_,DFF_Q_VOTO1_REG -> U349 -> U236 -> V_OUT_REG_1_,b10
7,1.5714285714285714,9,0,4,1,0,0,DFF_Q_VOTO1_REG,VOTO1_REG,DFF_Q_VOTO1_REG -> U226 -> U296 -> U298 -> U353 -> U238 -> VOTO1_REG,b10
4,1.75,4,0,2,0,0,0,DFF_Q_VOTO1_REG,VOTO1_REG,DFF_Q_VOTO1_REG -> U352 -> U238 -> VOTO1_REG,b10
9,1.4444444444444444,13,0,6,1,0,0,DFF_Q_VOTO1_REG,VOTO3_REG,DFF_Q_VOTO1_REG -> U226 -> U360 -> U361 -> U306 -> U308 -> U363 -> U239 -> VOTO3_REG,b10
8,1.375,12,0,6,0,0,0,DFF_Q_VOTO1_REG,VOTO3_REG,DFF_Q_VOTO1_REG -> U359 -> U361 -> U306 -> U308 -> U363 -> U239 -> VOTO3_REG,b10
4,0.75,4,0,2,0,0,0,DFF_Q_CTR_REG,CTR_REG,DFF_Q_CTR_REG -> U301 -> U208 -> CTR_REG,b10
9,1.3333333333333333,12,0,5,2,0,0,DFF_Q_VOTO3_REG,STATO_REG_3_,DFF_Q_VOTO3_REG -> U247 -> U228 -> U256 -> U275 -> U277 -> U279 -> U212 -> STATO_REG_3_,b10
8,1.25,11,0,5,1,0,0,DFF_Q_VOTO3_REG,STATO_REG_2_,DFF_Q_VOTO3_REG -> U247 -> U228 -> U281 -> U282 -> U284 -> U211 -> STATO_REG_2_,b10
10,1.3,14,0,6,2,0,0,DFF_Q_VOTO3_REG,STATO_REG_0_,DFF_Q_VOTO3_REG -> U247 -> U228 -> U256 -> U285 -> U286 -> U287 -> U343 -> U233 -> STATO_REG_0_,b10
4,1.25,4,0,2,0,0,0,DFF_Q_VOTO3_REG,V_OUT_REG_3_,DFF_Q_VOTO3_REG -> U345 -> U234 -> V_OUT_REG_3_,b10
4,1.25,4,0,2,0,0,0,DFF_Q_VOTO3_REG,VOTO3_REG,DFF_Q_VOTO3_REG -> U362 -> U239 -> VOTO3_REG,b10
4,1.0,4,0,2,0,0,0,DFF_Q_LAST_R_REG,LAST_R_REG,DFF_Q_LAST_R_REG -> U364 -> U240 -> LAST_R_REG,b10
8,1.125,10,0,4,2,0,0,DFF_Q_LAST_R_REG,VOTO2_REG,DFF_Q_LAST_R_REG -> U251 -> U318 -> U253 -> U319 -> U366 -> U241 -> VOTO2_REG,b10
7,1.1428571428571428,9,0,4,1,0,0,DFF_Q_LAST_R_REG,VOTO2_REG,DFF_Q_LAST_R_REG -> U251 -> U318 -> U253 -> U367 -> U241 -> VOTO2_REG,b10
4,0.75,4,0,2,0,0,0,DFF_Q_CTS_REG,CTS_REG,DFF_Q_CTS_REG -> U317 -> U207 -> CTS_REG,b10
8,1.625,11,0,5,1,0,0,DFF_Q_VOTO2_REG,STATO_REG_3_,DFF_Q_VOTO2_REG -> U228 -> U256 -> U275 -> U277 -> U279 -> U212 -> STATO_REG_3_,b10
7,1.5714285714285714,10,0,5,0,0,0,DFF_Q_VOTO2_REG,STATO_REG_2_,DFF_Q_VOTO2_REG -> U228 -> U281 -> U282 -> U284 -> U211 -> STATO_REG_2_,b10
9,1.5555555555555556,13,0,6,1,0,0,DFF_Q_VOTO2_REG,STATO_REG_0_,DFF_Q_VOTO2_REG -> U228 -> U256 -> U285 -> U286 -> U287 -> U343 -> U233 -> STATO_REG_0_,b10
4,1.75,4,0,2,0,0,0,DFF_Q_VOTO2_REG,V_OUT_REG_2_,DFF_Q_VOTO2_REG -> U347 -> U235 -> V_OUT_REG_2_,b10
12,1.4166666666666667,18,0,8,2,0,0,DFF_Q_VOTO2_REG,VOTO3_REG,DFF_Q_VOTO2_REG -> U227 -> U357 -> U245 -> U358 -> U359 -> U361 -> U306 -> U308 -> U363 -> U239 -> VOTO3_REG,b10
11,1.4545454545454546,17,0,8,1,0,0,DFF_Q_VOTO2_REG,VOTO3_REG,DFF_Q_VOTO2_REG -> U227 -> U357 -> U245 -> U360 -> U361 -> U306 -> U308 -> U363 -> U239 -> VOTO3_REG,b10
11,1.3636363636363635,17,0,8,1,0,0,DFF_Q_VOTO2_REG,VOTO3_REG,DFF_Q_VOTO2_REG -> U356 -> U245 -> U358 -> U359 -> U361 -> U306 -> U308 -> U363 -> U239 -> VOTO3_REG,b10
10,1.4,16,0,8,0,0,0,DFF_Q_VOTO2_REG,VOTO3_REG,DFF_Q_VOTO2_REG -> U356 -> U245 -> U360 -> U361 -> U306 -> U308 -> U363 -> U239 -> VOTO3_REG,b10
7,1.5714285714285714,9,0,4,1,0,0,DFF_Q_VOTO2_REG,VOTO2_REG,DFF_Q_VOTO2_REG -> U227 -> U320 -> U322 -> U367 -> U241 -> VOTO2_REG,b10
4,1.75,4,0,2,0,0,0,DFF_Q_VOTO2_REG,VOTO2_REG,DFF_Q_VOTO2_REG -> U366 -> U241 -> VOTO2_REG,b10
8,1.125,10,0,4,2,0,0,DFF_Q_LAST_G_REG,VOTO1_REG,DFF_Q_LAST_G_REG -> U254 -> U292 -> U249 -> U293 -> U352 -> U238 -> VOTO1_REG,b10
7,1.1428571428571428,9,0,4,1,0,0,DFF_Q_LAST_G_REG,VOTO1_REG,DFF_Q_LAST_G_REG -> U254 -> U292 -> U249 -> U353 -> U238 -> VOTO1_REG,b10
4,1.0,4,0,2,0,0,0,DFF_Q_LAST_G_REG,LAST_G_REG,DFF_Q_LAST_G_REG -> U368 -> U242 -> LAST_G_REG,b10
